Workbook

Sheet Data
A1: Chase Daily 2013 -2025
A2: Last edit 2/04/25 | E2: Average------ | G2: --- | H2: --- | I2: ---] | J2: Maximum ------- | L2: --- | M2: --- | N2: ---] | O2: Minimum------ | Q2: --- | R2: --- | S2: ---] | T2: Ave | U2: Max | V2: Midnight | X2: Ave | Y2: Max | Z2: MidNight
A3: Date | B3: Key1 | C3: ClrSky | D3: Solar | E3: Tair | F3: RH | G3: Ta1.5m | H3: Ta0.2m | I3: Tsoil | J3: Tair | K3: RH | L3: Ta1.5m | M3: Ta0.2m | N3: Tsoil | O3: Tair | P3: RH | Q3: Ta1.5m | R3: Ta0.2m | S3: Tsoil | T3: Wind | U3: Wind | V3: SnowD | W3: PPT | X3: Vapres | Y3: Vpd | Z3: BatV | AA3: Year | AB3: Month | AC3: Day | AD3: Season | AE3: DoY
C4: MJ/m2/d | D4: MJ/m2/d | E4: C | F4: % | G4: C | H4: C | I4: C | J4: C | K4: % | L4: C | M4: C | N4: C | O4: C | P4: % | Q4: C | R4: C | S4: C | T4: m/s | U4: m/s | V4: m | W4: mm | X4: kPa | Y4: kPa | Z4: V
A6: 41275 | B6: =AA6*1000+AE6 -> 2013001 | C6: 4.62 | D6: NA | E6: NA | F6: NA | G6: NA | H6: NA | I6: NA | J6: NA | K6: NA | L6: NA | M6: NA | N6: NA | O6: NA | P6: NA | Q6: NA | R6: NA | S6: NA | T6: NA | U6: NA | V6: NA | W6: NA | X6: NA | Y6: NA | Z6: NA | AA6: 2013 | AB6: 1 | AC6: 1 | AD6: 1 | AE6: 1
A7: 41276 | B7: =AA7*1000+AE7 -> 2013002 | C7: 4.66 | D7: NA | E7: NA | F7: NA | G7: NA | H7: NA | I7: NA | J7: NA | K7: NA | L7: NA | M7: NA | N7: NA | O7: NA | P7: NA | Q7: NA | R7: NA | S7: NA | T7: NA | U7: NA | V7: NA | W7: NA | X7: NA | Y7: NA | Z7: NA | AA7: 2013 | AB7: 1 | AC7: 2 | AD7: 1 | AE7: 2
A8: 41277 | B8: =AA8*1000+AE8 -> 2013003 | C8: 4.7 | D8: NA | E8: NA | F8: NA | G8: NA | H8: NA | I8: NA | J8: NA | K8: NA | L8: NA | M8: NA | N8: NA | O8: NA | P8: NA | Q8: NA | R8: NA | S8: NA | T8: NA | U8: NA | V8: NA | W8: NA | X8: NA | Y8: NA | Z8: NA | AA8: 2013 | AB8: 1 | AC8: 3 | AD8: 1 | AE8: 3
A9: 41278 | B9: =AA9*1000+AE9 -> 2013004 | C9: 4.75 | D9: NA | E9: NA | F9: NA | G9: NA | H9: NA | I9: NA | J9: NA | K9: NA | L9: NA | M9: NA | N9: NA | O9: NA | P9: NA | Q9: NA | R9: NA | S9: NA | T9: NA | U9: NA | V9: NA | W9: NA | X9: NA | Y9: NA | Z9: NA | AA9: 2013 | AB9: 1 | AC9: 4 | AD9: 1 | AE9: 4
A10: 41279 | B10: =AA10*1000+AE10 -> 2013005 | C10: 4.79 | D10: NA | E10: NA | F10: NA | G10: NA | H10: NA | I10: NA | J10: NA | K10: NA | L10: NA | M10: NA | N10: NA | O10: NA | P10: NA | Q10: NA | R10: NA | S10: NA | T10: NA | U10: NA | V10: NA | W10: NA | X10: NA | Y10: NA | Z10: NA | AA10: 2013 | AB10: 1 | AC10: 5 | AD10: 1 | AE10: 5
A11: 41280 | B11: =AA11*1000+AE11 -> 2013006 | C11: 4.85 | D11: NA | E11: NA | F11: NA | G11: NA | H11: NA | I11: NA | J11: NA | K11: NA | L11: NA | M11: NA | N11: NA | O11: NA | P11: NA | Q11: NA | R11: NA | S11: NA | T11: NA | U11: NA | V11: NA | W11: NA | X11: NA | Y11: NA | Z11: NA | AA11: 2013 | AB11: 1 | AC11: 6 | AD11: 1 | AE11: 6
A12: 41281 | B12: =AA12*1000+AE12 -> 2013007 | C12: 4.91 | D12: NA | E12: NA | F12: NA | G12: NA | H12: NA | I12: NA | J12: NA | K12: NA | L12: NA | M12: NA | N12: NA | O12: NA | P12: NA | Q12: NA | R12: NA | S12: NA | T12: NA | U12: NA | V12: NA | W12: NA | X12: NA | Y12: NA | Z12: 12.97 | AA12: 2013 | AB12: 1 | AC12: 7 | AD12: 1 | AE12: 7
A13: 41282 | B13: =AA13*1000+AE13 -> 2013008 | C13: 4.97 | D13: 0.41 | E13: -4.1 | F13: 81 | G13: -4.5 | H13: -1.3 | I13: 1.1 | J13: -0.2 | K13: 91.7 | L13: -1.6 | M13: -1.2 | N13: 1.4 | O13: -6.4 | P13: 58.4 | Q13: -7.3 | R13: -1.6 | S13: 0.7 | T13: 1.64 | U13: 5.43 | V13: 0.713 | W13: 7.7 | X13: 0.35 | Y13: 0.25 | Z13: 12.96 | AA13: 2013 | AB13: 1 | AC13: 8 | AD13: 1 | AE13: 8
A14: 41283 | B14: =AA14*1000+AE14 -> 2013009 | C14: 5.03 | D14: 0.31 | E14: -1.5 | F14: 83.4 | G14: -2 | H14: -1.2 | I14: 1.1 | J14: 0.4 | K14: 94.4 | L14: 0.3 | M14: -1 | N14: 1.2 | O14: -5 | P14: 73.6 | Q14: -5.9 | R14: -1.4 | S14: 0.7 | T14: 1.69 | U14: 4.98 | V14: 0.726 | W14: 1.7 | X14: 0.463 | Y14: 0.166 | Z14: 12.93 | AA14: 2013 | AB14: 1 | AC14: 9 | AD14: 1 | AE14: 9
A15: 41284 | B15: =AA15*1000+AE15 -> 2013010 | C15: 5.09 | D15: 0.6 | E15: -9.1 | F15: 83.4 | G15: -9.6 | H15: -1.3 | I15: 1.1 | J15: -2.6 | K15: 91.6 | L15: -4.8 | M15: -0.8 | N15: 1.6 | O15: -12.8 | P15: 55.2 | Q15: -13.6 | R15: -1.7 | S15: 0.7 | T15: 0.87 | U15: 3.24 | V15: 0.704 | W15: 0 | X15: 0.278 | Y15: 0.226 | Z15: 13.02 | AA15: 2013 | AB15: 1 | AC15: 10 | AD15: 1 | AE15: 10
A16: 41285 | B16: =AA16*1000+AE16 -> 2013011 | C16: 5.16 | D16: 1.24 | E16: -13.3 | F16: 80.8 | G16: -14.4 | H16: -1.9 | I16: 1 | J16: -4.8 | K16: 88.8 | L16: -7.4 | M16: -1.4 | N16: 1.6 | O16: -18 | P16: 51.9 | Q16: -19.6 | R16: -2.5 | S16: 0.3 | T16: 0.49 | U16: 2.03 | V16: 0.67 | W16: 0 | X16: 0.222 | Y16: 0.206 | Z16: 13.17 | AA16: 2013 | AB16: 1 | AC16: 11 | AD16: 1 | AE16: 11
A17: 41286 | B17: =AA17*1000+AE17 -> 2013012 | C17: 5.24 | D17: 0.95 | E17: -13.8 | F17: 80.6 | G17: -14.8 | H17: -2.6 | I17: 1 | J17: -5 | K17: 86.7 | L17: -10.3 | M17: -1.9 | N17: 1.6 | O17: -18.3 | P17: 53.1 | Q17: -19.8 | R17: -3.2 | S17: 0.4 | T17: 0.25 | U17: 1.95 | V17: 0.665 | W17: 0 | X17: 0.224 | Y17: 0.198 | Z17: 13.2 | AA17: 2013 | AB17: 1 | AC17: 12 | AD17: 1 | AE17: 12
A18: 41287 | B18: =AA18*1000+AE18 -> 2013013 | C18: 5.32 | D18: 0.53 | E18: -12.9 | F18: 83.9 | G18: -13.5 | H18: -2.8 | I18: 1.1 | J18: -8.7 | K18: 90.5 | L18: -9.9 | M18: -2.5 | N18: 1.5 | O18: -17.2 | P18: 73.7 | Q18: -18.5 | R18: -3.1 | S18: 0.6 | T18: 0.31 | U18: 1.55 | V18: 0.667 | W18: 0.3 | X18: 0.234 | Y18: 0.084 | Z18: 13.12 | AA18: 2013 | AB18: 1 | AC18: 13 | AD18: 1 | AE18: 13
A19: 41288 | B19: =AA19*1000+AE19 -> 2013014 | C19: 5.39 | D19: 0.28 | E19: -7.3 | F19: 87.2 | G19: -7.9 | H19: -2.5 | I19: 1.1 | J19: -4.3 | K19: 91.5 | L19: -4.4 | M19: -2.3 | N19: 1.4 | O19: -11.1 | P19: 78.5 | Q19: -11.8 | R19: -2.8 | S19: 0.8 | T19: 0.37 | U19: 2.06 | V19: 0.668 | W19: 0.1 | X19: 0.349 | Y19: 0.096 | Z19: 13.03 | AA19: 2013 | AB19: 1 | AC19: 14 | AD19: 1 | AE19: 14
A20: 41289 | B20: =AA20*1000+AE20 -> 2013015 | C20: 5.48 | D20: 1.16 | E20: -3 | F20: 76.7 | G20: -4.3 | H20: -2.1 | I20: 1 | J20: 8.6 | K20: 93 | L20: 3.2 | M20: -1.7 | N20: 1.4 | O20: -7.2 | P20: 34.5 | Q20: -9 | R20: -2.4 | S20: 0.3 | T20: 0.65 | U20: 2.18 | V20: 0.643 | W20: 0 | X20: 0.385 | Y20: 0.73 | Z20: 13.23 | AA20: 2013 | AB20: 1 | AC20: 15 | AD20: 1 | AE20: 15
A21: 41290 | B21: =AA21*1000+AE21 -> 2013016 | C21: 5.57 | D21: 2.77 | E21: 0 | F21: 66.4 | G21: -0.6 | H21: -1.6 | I21: 1.1 | J21: 9.3 | K21: 91.2 | L21: 5.2 | M21: -1.1 | N21: 1.4 | O21: -7.3 | P21: 36 | Q21: -8.7 | R21: -2.4 | S21: 0.1 | T21: 0.55 | U21: 2.11 | V21: 0.645 | W21: 0.3 | X21: 0.422 | Y21: 0.749 | Z21: 13.21 | AA21: 2013 | AB21: 1 | AC21: 16 | AD21: 1 | AE21: 16
A22: 41291 | B22: =AA22*1000+AE22 -> 2013017 | C22: 5.66 | D22: 1.64 | E22: -0.1 | F22: 69.2 | G22: -0.5 | H22: -1.2 | I22: 1 | J22: 2.5 | K22: 92.1 | L22: 2.1 | M22: -1 | N22: 1.3 | O22: -3.7 | P22: 43.6 | Q22: -4.7 | R22: -1.4 | S22: 0.8 | T22: 0.98 | U22: 3.84 | V22: 0.625 | W22: 0 | X22: 0.319 | Y22: 0.412 | Z22: 13.08 | AA22: 2013 | AB22: 1 | AC22: 17 | AD22: 1 | AE22: 17
A23: 41292 | B23: =AA23*1000+AE23 -> 2013018 | C23: 5.75 | D23: 5.48 | E23: 1.2 | F23: 51.4 | G23: 0.1 | H23: -1 | I23: 1 | J23: 10.4 | K23: 75.2 | L23: 5.6 | M23: -0.7 | N23: 1.4 | O23: -3.2 | P23: 27.3 | Q23: -4.2 | R23: -1.7 | S23: 0.1 | T23: 0.64 | U23: 2.48 | V23: 0.614 | W23: 0 | X23: 0.344 | Y23: 0.916 | Z23: 13.21 | AA23: 2013 | AB23: 1 | AC23: 18 | AD23: 1 | AE23: 18
A24: 41293 | B24: =AA24*1000+AE24 -> 2013019 | C24: 5.85 | D24: 5.04 | E24: -1.1 | F24: 64.3 | G24: -1.8 | H24: -1.3 | I24: 1 | J24: 8.3 | K24: 79.8 | L24: 4.3 | M24: -0.8 | N24: 1.6 | O24: -5.4 | P24: 32.1 | Q24: -6.2 | R24: -1.9 | S24: 0.5 | T24: 0.38 | U24: 2.44 | V24: 0.615 | W24: 0.1 | X24: 0.351 | Y24: 0.743 | Z24: 13.21 | AA24: 2013 | AB24: 1 | AC24: 19 | AD24: 1 | AE24: 19
... A643: 41912 | B643: =AA643*1000+AE643 -> 2014273 | C643: 15.22 | D643: 7.74 | E643: 5.5 | F643: 85 | G643: 4.9 | H643: 4.7 | I643: 8.9 | J643: 11.3 | K643: 93.6 | L643: 13.2 | M643: 15.4 | N643: 9.9 | O643: 2.2 | P643: 56.5 | Q643: 1 | R643: -0.7 | S643: 8 | T643: 0.66 | U643: 3.41 | V643: 0 | W643: 4.3 | X643: 0.756 | Y643: 0.582 | Z643: 13.01 | AA643: 2014 | AB643: 9 | AC643: 30 | AD643: 4 | AE643: 273
A644: 41913 | B644: =AA644*1000+AE644 -> 2014274 | C644: 14.97 | D644: 10.75 | E644: 5.8 | F644: 77.4 | G644: NA | H644: 5.1 | I644: 8.3 | J644: 13.3 | K644: 93.8 | L644: NA | M644: 16.9 | N644: 9.6 | O644: -0.6 | P644: 45.2 | Q644: NA | R644: -2.1 | S644: 7.2 | T644: 0.93 | U644: 3.04 | V644: 0 | W644: 4.1 | X644: 0.69 | Y644: 0.838 | Z644: 12.99 | AA644: 2014 | AB644: 10 | AC644: 1 | AD644: 4 | AE644: 274
A645: 41914 | B645: =AA645*1000+AE645 -> 2014275 | C645: 14.74 | D645: 14.68 | E645: 3.2 | F645: 61.6 | G645: NA | H645: 2 | I645: 7.6 | J645: 11.1 | K645: 92.2 | L645: NA | M645: 16.8 | N645: 8.7 | O645: -3.6 | P645: 26.6 | Q645: NA | R645: -5.4 | S645: 6.5 | T645: 0.72 | U645: 2.75 | V645: 0 | W645: 0.1 | X645: 0.352 | Y645: 0.971 | Z645: 13.03 | AA645: 2014 | AB645: 10 | AC645: 2 | AD645: 4 | AE645: 275
A646: 41915 | B646: =AA646*1000+AE646 -> 2014276 | C646: 14.5 | D646: 4.27 | E646: 5.8 | F646: 66.6 | G646: NA | H646: 4.8 | I646: 7.3 | J646: 10.9 | K646: 91 | L646: NA | M646: 12.3 | N646: 7.8 | O646: 1.2 | P646: 36.3 | Q646: NA | R646: -2.2 | S646: 6.7 | T646: 0.54 | U646: 2.68 | V646: 0 | W646: 5 | X646: 0.473 | Y646: 0.83 | Z646: 12.96 | AA646: 2014 | AB646: 10 | AC646: 3 | AD646: 4 | AE646: 276
A647: 41916 | B647: =AA647*1000+AE647 -> 2014277 | C647: 14.26 | D647: 12.29 | E647: 11.2 | F647: 76.5 | G647: NA | H647: 9.8 | I647: 8.5 | J647: 19.2 | K647: 92.9 | L647: NA | M647: 22.1 | N647: 10.4 | O647: 4.6 | P647: 51.9 | Q647: NA | R647: 2.4 | S647: 6.8 | T647: 0.57 | U647: 2.69 | V647: 0 | W647: 0.1 | X647: 1.154 | Y647: 1.068 | Z647: 13.09 | AA647: 2014 | AB647: 10 | AC647: 4 | AD647: 4 | AE647: 277
A648: 41917 | B648: =AA648*1000+AE648 -> 2014278 | C648: 14.02 | D648: 12.76 | E648: 11.8 | F648: 73.8 | G648: NA | H648: 10.2 | I648: 9.5 | J648: 18.8 | K648: 93.6 | L648: NA | M648: 24.6 | N648: 11.1 | O648: 6.5 | P648: 46.4 | Q648: NA | R648: 3 | S648: 8 | T648: 0.46 | U648: 2.49 | V648: 0 | W648: 0.1 | X648: 1.01 | Y648: 1.166 | Z648: 13.05 | AA648: 2014 | AB648: 10 | AC648: 5 | AD648: 4 | AE648: 278
A649: 41918 | B649: =AA649*1000+AE649 -> 2014279 | C649: 13.79 | D649: 5.02 | E649: 11.4 | F649: 81.2 | G649: NA | H649: 10.4 | I649: 9.8 | J649: 15.3 | K649: 92.4 | L649: NA | M649: 16.9 | N649: 10.6 | O649: 8.9 | P649: 65.2 | Q649: NA | R649: 5.9 | S649: 8.9 | T649: 0.22 | U649: 2.08 | V649: 0 | W649: 1.6 | X649: 1.134 | Y649: 0.605 | Z649: 13.02 | AA649: 2014 | AB649: 10 | AC649: 6 | AD649: 4 | AE649: 279
A650: 41919 | B650: =AA650*1000+AE650 -> 2014280 | C650: 13.55 | D650: 8.55 | E650: 12.2 | F650: 76 | G650: NA | H650: 11.2 | I650: 10.4 | J650: 19.5 | K650: 92 | L650: NA | M650: 25.2 | N650: 11.7 | O650: 8.3 | P650: 51.1 | Q650: NA | R650: 5.2 | S650: 9.4 | T650: 0.3 | U650: 2.28 | V650: 0 | W650: 0 | X650: 1.16 | Y650: 1.109 | Z650: 13.03 | AA650: 2014 | AB650: 10 | AC650: 7 | AD650: 4 | AE650: 280
A651: 41920 | B651: =AA651*1000+AE651 -> 2014281 | C651: 13.32 | D651: 9.58 | E651: 11 | F651: 69.3 | G651: NA | H651: 8.7 | I651: 9.8 | J651: 19.7 | K651: 92.8 | L651: NA | M651: 24.9 | N651: 11 | O651: 6.1 | P651: 36.6 | Q651: NA | R651: 2.8 | S651: 9 | T651: 0.25 | U651: 2.09 | V651: 0 | W651: 0 | X651: 0.842 | Y651: 1.457 | Z651: 13.08 | AA651: 2014 | AB651: 10 | AC651: 8 | AD651: 4 | AE651: 281
A652: 41921 | B652: =AA652*1000+AE652 -> 2014282 | C652: 13.09 | D652: 10.97 | E652: 11 | F652: 69.8 | G652: NA | H652: 8.7 | I652: 9.1 | J652: 20.5 | K652: 93.7 | L652: NA | M652: 24.5 | N652: 10.3 | O652: 5.5 | P652: 31 | Q652: NA | R652: 1.4 | S652: 8 | T652: 0.2 | U652: 1.75 | V652: 0 | W652: 0.1 | X652: 0.744 | Y652: 1.658 | Z652: 13.07 | AA652: 2014 | AB652: 10 | AC652: 9 | AD652: 4 | AE652: 282
A653: 41922 | B653: =AA653*1000+AE653 -> 2014283 | C653: 12.87 | D653: 9.84 | E653: 12 | F653: 56.4 | G653: NA | H653: 10 | I653: 9 | J653: 19.4 | K653: 78.3 | L653: NA | M653: 25.3 | N653: 10.2 | O653: 6.6 | P653: 29 | Q653: NA | R653: 1.7 | S653: 7.8 | T653: 1.15 | U653: 4.34 | V653: 0 | W653: 0.1 | X653: 0.653 | Y653: 1.597 | Z653: 13.02 | AA653: 2014 | AB653: 10 | AC653: 10 | AD653: 4 | AE653: 283
A654: 41923 | B654: =AA654*1000+AE654 -> 2014284 | C654: 12.64 | D654: 7.17 | E654: 7.4 | F654: 70.1 | G654: NA | H654: 6.7 | I654: 8.4 | J654: 13 | K654: 91.2 | L654: NA | M654: 17.7 | N654: 9.1 | O654: 3 | P654: 48.8 | Q654: NA | R654: -0.9 | S654: 7.7 | T654: 1.19 | U654: 3.89 | V654: 0 | W654: 1.3 | X654: 0.729 | Y654: 0.765 | Z654: 13.02 | AA654: 2014 | AB654: 10 | AC654: 11 | AD654: 4 | AE654: 284
A655: 41924 | B655: =AA655*1000+AE655 -> 2014285 | C655: 12.42 | D655: 7.9 | E655: 6 | F655: 76.5 | G655: NA | H655: 5.3 | I655: 8 | J655: 11.6 | K655: 92.8 | L655: NA | M655: 15.7 | N655: 8.9 | O655: 2.7 | P655: 48.9 | Q655: NA | R655: -0.1 | S655: 7.1 | T655: 0.78 | U655: 3.55 | V655: 0 | W655: 1.1 | X655: 0.666 | Y655: 0.695 | Z655: 12.98 | AA655: 2014 | AB655: 10 | AC655: 12 | AD655: 4 | AE655: 285
... A1448: 42717 | B1448: =AA1448*1000+AE1448 -> 2016348 | C1448: 4.47 | D1448: 0.3 | E1448: -19 | F1448: 78.3 | G1448: NA | H1448: -7.4 | I1448: 0.5 | J1448: -15 | K1448: 82.6 | L1448: NA | M1448: -6.2 | N1448: 0.8 | O1448: -22.8 | P1448: 72.9 | Q1448: NA | R1448: -9.2 | S1448: 0 | T1448: 0 | U1448: 0.98 | V1448: 0 | W1448: 0 | X1448: 0.139 | Y1448: 0.052 | Z1448: 12.74 | AA1448: 2016 | AB1448: 12 | AC1448: 13 | AD1448: 1 | AE1448: 348
A1449: 42718 | B1449: =AA1449*1000+AE1449 -> 2016349 | C1449: 4.45 | D1449: 0.71 | E1449: -18.6 | F1449: 78.7 | G1449: NA | H1449: -8.9 | I1449: 0.4 | J1449: -12 | K1449: 85.4 | L1449: NA | M1449: -7.3 | N1449: 1.1 | O1449: -22.6 | P1449: 68.1 | Q1449: NA | R1449: -9.8 | S1449: -0.2 | T1449: 0.03 | U1449: 1.18 | V1449: NA | W1449: 0 | X1449: 0.166 | Y1449: 0.078 | Z1449: 13.04 | AA1449: 2016 | AB1449: 12 | AC1449: 14 | AD1449: 1 | AE1449: 349
A1450: 42719 | B1450: =AA1450*1000+AE1450 -> 2016350 | C1450: 4.44 | D1450: 0.73 | E1450: -21 | F1450: 76.6 | G1450: NA | H1450: -9.7 | I1450: 0.2 | J1450: -14.3 | K1450: 83.2 | L1450: NA | M1450: -7.8 | N1450: 0.8 | O1450: -24.7 | P1450: 67.9 | Q1450: NA | R1450: -10.7 | S1450: -0.4 | T1450: 0.03 | U1450: 1.08 | V1450: NA | W1450: 0 | X1450: 0.137 | Y1450: 0.065 | Z1450: 13.05 | AA1450: 2016 | AB1450: 12 | AC1450: 15 | AD1450: 1 | AE1450: 350
A1451: 42720 | B1451: =AA1451*1000+AE1451 -> 2016351 | C1451: 4.43 | D1451: 0.96 | E1451: -21.7 | F1451: 74.4 | G1451: NA | H1451: -9.9 | I1451: 0 | J1451: -16.3 | K1451: 81.2 | L1451: NA | M1451: -8.2 | N1451: 1 | O1451: -24.7 | P1451: 63.6 | Q1451: NA | R1451: -11.6 | S1451: -0.5 | T1451: 0.17 | U1451: 1.7 | V1451: NA | W1451: 0 | X1451: 0.109 | Y1451: 0.062 | Z1451: 13.04 | AA1451: 2016 | AB1451: 12 | AC1451: 16 | AD1451: 1 | AE1451: 351
A1452: 42721 | B1452: =AA1452*1000+AE1452 -> 2016352 | C1452: 4.42 | D1452: 0.38 | E1452: -17.4 | F1452: 78.2 | G1452: NA | H1452: -8.9 | I1452: 0.2 | J1452: -12.1 | K1452: 87.8 | L1452: NA | M1452: -6.6 | N1452: 0.5 | O1452: -24 | P1452: 66.5 | Q1452: NA | R1452: -11.7 | S1452: 0 | T1452: 0.07 | U1452: 1.08 | V1452: NA | W1452: 0 | X1452: 0.161 | Y1452: 0.081 | Z1452: 12.98 | AA1452: 2016 | AB1452: 12 | AC1452: 17 | AD1452: 1 | AE1452: 352
A1453: 42722 | B1453: =AA1453*1000+AE1453 -> 2016353 | C1453: 4.41 | D1453: 0.56 | E1453: -9 | F1453: 82.9 | G1453: NA | H1453: -5 | I1453: 0.2 | J1453: -3.9 | K1453: 91.7 | L1453: NA | M1453: -3.6 | N1453: 0.9 | O1453: -14.7 | P1453: 65.9 | Q1453: NA | R1453: -6.7 | S1453: -0.2 | T1453: 0.38 | U1453: 1.89 | V1453: NA | W1453: 0 | X1453: 0.302 | Y1453: 0.156 | Z1453: 13.01 | AA1453: 2016 | AB1453: 12 | AC1453: 18 | AD1453: 1 | AE1453: 353
A1454: 42723 | B1454: =AA1454*1000+AE1454 -> 2016354 | C1454: 4.41 | D1454: 0.74 | E1454: -4.7 | F1454: 81.4 | G1454: NA | H1454: -2.7 | I1454: 0.2 | J1454: -0.1 | K1454: 89.2 | L1454: NA | M1454: -1.4 | N1454: 0.7 | O1454: -7.1 | P1454: 68.6 | Q1454: NA | R1454: -3.6 | S1454: -0.3 | T1454: 0.8 | U1454: 2.59 | V1454: NA | W1454: 1.5 | X1454: 0.415 | Y1454: 0.19 | Z1454: 13.04 | AA1454: 2016 | AB1454: 12 | AC1454: 19 | AD1454: 1 | AE1454: 354
A1455: 42724 | B1455: =AA1455*1000+AE1455 -> 2016355 | C1455: 4.41 | D1455: 0.27 | E1455: -2.8 | F1455: 82.1 | G1455: NA | H1455: -1.9 | I1455: 0.3 | J1455: -0.1 | K1455: 91.6 | L1455: NA | M1455: -1.3 | N1455: 0.6 | O1455: -5.4 | P1455: 66.6 | Q1455: NA | R1455: -2.7 | S1455: 0.1 | T1455: 1.41 | U1455: 4.08 | V1455: NA | W1455: 0 | X1455: 0.403 | Y1455: 0.202 | Z1455: 12.92 | AA1455: 2016 | AB1455: 12 | AC1455: 20 | AD1455: 1 | AE1455: 355
A1456: 42725 | B1456: =AA1456*1000+AE1456 -> 2016356 | C1456: 4.41 | D1456: 0.27 | E1456: -2.8 | F1456: 68.3 | G1456: NA | H1456: -1.9 | I1456: 0.4 | J1456: -0.4 | K1456: 92.6 | L1456: NA | M1456: -1.6 | N1456: 0.7 | O1456: -7.2 | P1456: 52.9 | Q1456: NA | R1456: -2.3 | S1456: 0 | T1456: 1.08 | U1456: 3.48 | V1456: NA | W1456: 0 | X1456: 0.314 | Y1456: 0.28 | Z1456: 12.88 | AA1456: 2016 | AB1456: 12 | AC1456: 21 | AD1456: 1 | AE1456: 356
A1457: 42726 | B1457: =AA1457*1000+AE1457 -> 2016357 | C1457: 4.42 | D1457: 0.37 | E1457: -3.9 | F1457: 67.9 | G1457: NA | H1457: -2.3 | I1457: 0.4 | J1457: -1.6 | K1457: 92.4 | L1457: NA | M1457: -2 | N1457: 0.9 | O1457: -7.5 | P1457: 52 | Q1457: NA | R1457: -3 | S1457: 0.1 | T1457: 0.76 | U1457: 3.04 | V1457: NA | W1457: 0 | X1457: 0.283 | Y1457: 0.261 | Z1457: 12.83 | AA1457: 2016 | AB1457: 12 | AC1457: 22 | AD1457: 1 | AE1457: 357
A1458: 42727 | B1458: =AA1458*1000+AE1458 -> 2016358 | C1458: 4.43 | D1458: 0.14 | E1458: -5.3 | F1458: 87.6 | G1458: NA | H1458: -2.7 | I1458: 0.4 | J1458: -3.5 | K1458: 92.9 | L1458: NA | M1458: -2.1 | N1458: 0.7 | O1458: -8 | P1458: 81.8 | Q1458: NA | R1458: -3.3 | S1458: 0.2 | T1458: 0.2 | U1458: 1.64 | V1458: NA | W1458: 0 | X1458: 0.387 | Y1458: 0.086 | Z1458: 12.78 | AA1458: 2016 | AB1458: 12 | AC1458: 23 | AD1458: 1 | AE1458: 358
A1459: 42728 | B1459: =AA1459*1000+AE1459 -> 2016359 | C1459: 4.44 | D1459: 0.2 | E1459: -8.7 | F1459: 86.7 | G1459: NA | H1459: -2.5 | I1459: 0.3 | J1459: -6.4 | K1459: 91.1 | L1459: NA | M1459: -2.2 | N1459: 0.5 | O1459: -13.3 | P1459: 79 | Q1459: NA | R1459: -3.2 | S1459: -0.1 | T1459: 0 | U1459: 0.35 | V1459: NA | W1459: 0 | X1459: 0.3 | Y1459: 0.08 | Z1459: 12.77 | AA1459: 2016 | AB1459: 12 | AC1459: 24 | AD1459: 1 | AE1459: 359
A1460: 42729 | B1460: =AA1460*1000+AE1460 -> 2016360 | C1460: 4.46 | D1460: 0.23 | E1460: -11.4 | F1460: 83.9 | G1460: NA | H1460: -3.4 | I1460: 0.4 | J1460: -8.6 | K1460: 87.3 | L1460: NA | M1460: -2.9 | N1460: 0.6 | O1460: -14 | P1460: 75.3 | Q1460: NA | R1460: -3.9 | S1460: 0.1 | T1460: 0 | U1460: 0.23 | V1460: NA | W1460: 0 | X1460: 0.241 | Y1460: 0.079 | Z1460: 12.76 | AA1460: 2016 | AB1460: 12 | AC1460: 25 | AD1460: 1 | AE1460: 360
... A1942: 43211 | B1942: =AA1942*1000+AE1942 -> 2018111 | C1942: 25.98 | D1942: 14.07 | E1942: 2.3 | F1942: 72.9 | G1942: NA | H1942: 0 | I1942: 0.2 | J1942: 9.2 | K1942: 93.4 | L1942: NA | M1942: 0.8 | N1942: 1 | O1942: -2.6 | P1942: 38.5 | Q1942: NA | R1942: -0.6 | S1942: -0.5 | T1942: 1.35 | U1942: 5.14 | V1942: NA | W1942: 22.2 | X1942: 0.448 | Y1942: 0.717 | Z1942: 12.92 | AA1942: 2018 | AB1942: 4 | AC1942: 21 | AD1942: 2 | AE1942: 111
A1943: 43212 | B1943: =AA1943*1000+AE1943 -> 2018112 | C1943: 26.21 | D1943: 19.69 | E1943: 2.1 | F1943: 56.1 | G1943: NA | H1943: 0 | I1943: 0.2 | J1943: 13.3 | K1943: 92.4 | L1943: NA | M1943: 0.6 | N1943: 0.9 | O1943: -4.7 | P1943: 18.9 | Q1943: NA | R1943: -0.6 | S1943: -0.5 | T1943: 0.57 | U1943: 3.04 | V1943: 0.3 | W1943: 13.3 | X1943: 0.288 | Y1943: 1.237 | Z1943: 12.95 | AA1943: 2018 | AB1943: 4 | AC1943: 22 | AD1943: 2 | AE1943: 112
A1944: 43213 | B1944: =AA1944*1000+AE1944 -> 2018113 | C1944: 26.43 | D1944: 24.26 | E1944: 6.1 | F1944: 41.4 | G1944: NA | H1944: -0.2 | I1944: 0.2 | J1944: 16.2 | K1944: 74 | L1944: NA | M1944: 0.7 | N1944: 1.2 | O1944: -3.2 | P1944: 16.9 | Q1944: NA | R1944: -0.8 | S1944: -0.5 | T1944: 0.3 | U1944: 2.05 | V1944: 0.2 | W1944: 30.4 | X1944: 0.311 | Y1944: 1.533 | Z1944: 12.95 | AA1944: 2018 | AB1944: 4 | AC1944: 23 | AD1944: 2 | AE1944: 113
A1945: 43214 | B1945: =AA1945*1000+AE1945 -> 2018114 | C1945: 26.66 | D1945: 21.98 | E1945: 10.4 | F1945: 30.9 | G1945: NA | H1945: 0.1 | I1945: 0.2 | J1945: 19.5 | K1945: 56 | L1945: NA | M1945: 0.7 | N1945: 0.9 | O1945: 2.4 | P1945: 14 | Q1945: NA | R1945: -0.3 | S1945: -0.4 | T1945: 0.53 | U1945: 2.79 | V1945: 0.1 | W1945: 9.2 | X1945: 0.319 | Y1945: 1.953 | Z1945: 12.95 | AA1945: 2018 | AB1945: 4 | AC1945: 24 | AD1945: 2 | AE1945: 114
A1946: 43215 | B1946: =AA1946*1000+AE1946 -> 2018115 | C1946: 26.88 | D1946: 24.27 | E1946: 9 | F1946: 37.8 | G1946: NA | H1946: 0.4 | I1946: 0.1 | J1946: 18.4 | K1946: 65 | L1946: NA | M1946: 2.3 | N1946: 0.9 | O1946: 1.4 | P1946: 18.4 | Q1946: NA | R1946: -0.5 | S1946: -0.6 | T1946: 0.58 | U1946: 3.11 | V1946: 0.1 | W1946: 0 | X1946: 0.389 | Y1946: 1.724 | Z1946: 12.94 | AA1946: 2018 | AB1946: 4 | AC1946: 25 | AD1946: 2 | AE1946: 115
A1947: 43216 | B1947: =AA1947*1000+AE1947 -> 2018116 | C1947: 27.1 | D1947: 24.31 | E1947: 12.2 | F1947: 37.2 | G1947: NA | H1947: 3.7 | I1947: 0 | J1947: 23.3 | K1947: 58.6 | L1947: NA | M1947: 16.7 | N1947: 1 | O1947: 3 | P1947: 19 | Q1947: NA | R1947: -1.1 | S1947: -0.7 | T1947: 0.26 | U1947: 1.88 | V1947: 0.1 | W1947: 0 | X1947: 0.542 | Y1947: 2.318 | Z1947: 12.95 | AA1947: 2018 | AB1947: 4 | AC1947: 26 | AD1947: 2 | AE1947: 116
A1948: 43217 | B1948: =AA1948*1000+AE1948 -> 2018117 | C1948: 27.31 | D1948: 24.47 | E1948: 14.8 | F1948: 35.4 | G1948: NA | H1948: 8 | I1948: 0 | J1948: 24.8 | K1948: 56.4 | L1948: NA | M1948: 22.4 | N1948: 0.9 | O1948: 6 | P1948: 14.2 | Q1948: NA | R1948: 0.8 | S1948: -0.7 | T1948: 0.28 | U1948: 1.89 | V1948: 0.1 | W1948: 0 | X1948: 0.442 | Y1948: 2.677 | Z1948: 12.97 | AA1948: 2018 | AB1948: 4 | AC1948: 27 | AD1948: 2 | AE1948: 117
A1949: 43218 | B1949: =AA1949*1000+AE1949 -> 2018118 | C1949: 27.53 | D1949: 8.32 | E1949: 7.2 | F1949: 72.9 | G1949: NA | H1949: 4.4 | I1949: 0.1 | J1949: 12.8 | K1949: 91.9 | L1949: NA | M1949: 10.7 | N1949: 0.6 | O1949: 3 | P1949: 40.1 | Q1949: NA | R1949: 0.6 | S1949: -0.2 | T1949: 0.13 | U1949: 2.49 | V1949: 0.1 | W1949: 0.8 | X1949: 0.592 | Y1949: 0.883 | Z1949: 12.91 | AA1949: 2018 | AB1949: 4 | AC1949: 28 | AD1949: 2 | AE1949: 118
A1950: 43219 | B1950: =AA1950*1000+AE1950 -> 2018119 | C1950: 27.74 | D1950: 8.49 | E1950: 2.7 | F1950: 87.1 | G1950: NA | H1950: 1.5 | I1950: 0 | J1950: 6.8 | K1950: 93.4 | L1950: NA | M1950: 5 | N1950: 0.4 | O1950: 0.6 | P1950: 68.9 | Q1950: NA | R1950: 0 | S1950: -0.1 | T1950: 0.22 | U1950: 1.71 | V1950: 0.1 | W1950: 8.4 | X1950: 0.681 | Y1950: 0.307 | Z1950: 12.94 | AA1950: 2018 | AB1950: 4 | AC1950: 29 | AD1950: 2 | AE1950: 119
A1951: 43220 | B1951: =AA1951*1000+AE1951 -> 2018120 | C1951: 27.94 | D1951: 16.94 | E1951: 6 | F1951: 67.9 | G1951: NA | H1951: 4.5 | I1951: 0.1 | J1951: 15.7 | K1951: 94 | L1951: NA | M1951: 18.4 | N1951: 0.9 | O1951: 0.6 | P1951: 27.1 | Q1951: NA | R1951: -0.1 | S1951: -0.4 | T1951: 0.44 | U1951: 2.88 | V1951: 0 | W1951: 0 | X1951: 0.482 | Y1951: 1.297 | Z1951: 12.99 | AA1951: 2018 | AB1951: 4 | AC1951: 30 | AD1951: 2 | AE1951: 120
A1952: 43221 | B1952: =AA1952*1000+AE1952 -> 2018121 | C1952: 28.15 | D1952: 17.62 | E1952: 6.7 | F1952: 53.5 | G1952: NA | H1952: 5 | I1952: 0.1 | J1952: 15.7 | K1952: 88.8 | L1952: NA | M1952: 19.3 | N1952: 1.2 | O1952: 0.8 | P1952: 24.9 | Q1952: NA | R1952: -0.9 | S1952: -0.6 | T1952: 0.65 | U1952: 2.71 | V1952: 0 | W1952: 0 | X1952: 0.443 | Y1952: 1.333 | Z1952: 12.99 | AA1952: 2018 | AB1952: 5 | AC1952: 1 | AD1952: 2 | AE1952: 121
A1953: 43222 | B1953: =AA1953*1000+AE1953 -> 2018122 | C1953: 28.33 | D1953: 18.86 | E1953: 10.2 | F1953: 49.1 | G1953: NA | H1953: 8.2 | I1953: 0.1 | J1953: 19 | K1953: 74.2 | L1953: NA | M1953: 22.4 | N1953: 0.8 | O1953: 3.4 | P1953: 26.3 | Q1953: NA | R1953: 1.1 | S1953: -0.6 | T1953: 0.49 | U1953: 2.65 | V1953: 0 | W1953: 0 | X1953: 0.577 | Y1953: 1.619 | Z1953: 13.02 | AA1953: 2018 | AB1953: 5 | AC1953: 2 | AD1953: 2 | AE1953: 122
A1954: 43223 | B1954: =AA1954*1000+AE1954 -> 2018123 | C1954: 28.52 | D1954: 20.38 | E1954: 11.8 | F1954: 51.5 | G1954: NA | H1954: 9.8 | I1954: 0.1 | J1954: 20.7 | K1954: 77.9 | L1954: NA | M1954: 23.8 | N1954: 0.8 | O1954: 4.1 | P1954: 25.7 | Q1954: NA | R1954: 1 | S1954: -0.5 | T1954: 0.42 | U1954: 2.66 | V1954: 0 | W1954: 0 | X1954: 0.628 | Y1954: 1.819 | Z1954: 13.03 | AA1954: 2018 | AB1954: 5 | AC1954: 3 | AD1954: 2 | AE1954: 123
... A1990: 43259 | B1990: =AA1990*1000+AE1990 -> 2018159 | C1990: 32.7 | D1990: 10.06 | E1990: 11.1 | F1990: 68.8 | G1990: NA | H1990: 12.5 | I1990: 10.3 | J1990: 22.2 | K1990: 92 | L1990: NA | M1990: 29.2 | N1990: 11.4 | O1990: 2.9 | P1990: 29.8 | Q1990: NA | R1990: 1.4 | S1990: 8.5 | T1990: 0.26 | U1990: 4.44 | V1990: 0 | W1990: 6.6 | X1990: 0.797 | Y1990: 1.881 | Z1990: 13.04 | AA1990: 2018 | AB1990: 6 | AC1990: 8 | AD1990: 3 | AE1990: 159
A1991: 43260 | B1991: =AA1991*1000+AE1991 -> 2018160 | C1991: 32.75 | D1991: 11.68 | E1991: 8.5 | F1991: 74.1 | G1991: 7.9 | H1991: 9.4 | I1991: 10.1 | J1991: 13.8 | K1991: 92.5 | L1991: 16.4 | M1991: 16.9 | N1991: 11.4 | O1991: 3.3 | P1991: 39.1 | Q1991: 2.5 | R1991: 3.7 | S1991: 9.2 | T1991: 0.24 | U1991: 1.93 | V1991: 0 | W1991: 7.8 | X1991: 0.616 | Y1991: 0.959 | Z1991: 13.03 | AA1991: 2018 | AB1991: 6 | AC1991: 9 | AD1991: 3 | AE1991: 160
A1992: 43261 | B1992: =AA1992*1000+AE1992 -> 2018161 | C1992: 32.79 | D1992: 11.28 | E1992: 3 | F1992: 87.5 | G1992: 2.6 | H1992: 3.7 | I1992: 6.8 | J1992: 9.2 | K1992: 93.9 | L1992: 10.7 | M1992: 12.2 | N1992: 9.8 | O1992: 0.4 | P1992: 55.7 | Q1992: -0.1 | R1992: 0.2 | S1992: 4.9 | T1992: 0.96 | U1992: 3.38 | V1992: 0 | W1992: 25.2 | X1992: 0.648 | Y1992: 0.516 | Z1992: 13.04 | AA1992: 2018 | AB1992: 6 | AC1992: 10 | AD1992: 3 | AE1992: 161
A1993: 43262 | B1993: =AA1993*1000+AE1993 -> 2018162 | C1993: 32.82 | D1993: 16.56 | E1993: 4.9 | F1993: 79.1 | G1993: 4.3 | H1993: 6 | I1993: 7.5 | J1993: 12 | K1993: 94.2 | L1993: 13.9 | M1993: 15.4 | N1993: 9.7 | O1993: 0.3 | P1993: 46.4 | Q1993: -0.3 | R1993: -0.4 | S1993: 5.9 | T1993: 0.64 | U1993: 3.79 | V1993: 0 | W1993: 8 | X1993: 0.652 | Y1993: 0.753 | Z1993: 13.03 | AA1993: 2018 | AB1993: 6 | AC1993: 11 | AD1993: 3 | AE1993: 162
A1994: 43263 | B1994: =AA1994*1000+AE1994 -> 2018163 | C1994: 32.85 | D1994: 22.63 | E1994: 8.2 | F1994: 65.5 | G1994: 7.5 | H1994: 8.3 | I1994: 8.4 | J1994: 16.7 | K1994: 94.9 | L1994: 18.6 | M1994: 22.4 | N1994: 10.3 | O1994: -0.5 | P1994: 31.7 | Q1994: -0.9 | R1994: -1.6 | S1994: 6.8 | T1994: 0.4 | U1994: 2.86 | V1994: 0 | W1994: 0.7 | X1994: 0.603 | Y1994: 1.298 | Z1994: 13.07 | AA1994: 2018 | AB1994: 6 | AC1994: 12 | AD1994: 3 | AE1994: 163
A1995: 43264 | B1995: =AA1995*1000+AE1995 -> 2018164 | C1995: 32.88 | D1995: 13.54 | E1995: 8.1 | F1995: 76.1 | G1995: 7.5 | H1995: 8.7 | I1995: 9.3 | J1995: 15.1 | K1995: 92 | L1995: 18.6 | M1995: 18.1 | N1995: 11.5 | O1995: 4.2 | P1995: 42.9 | Q1995: 3.7 | R1995: 3.4 | S1995: 8.1 | T1995: 0.44 | U1995: 2.84 | V1995: 0 | W1995: 5.9 | X1995: 0.737 | Y1995: 0.981 | Z1995: 13.02 | AA1995: 2018 | AB1995: 6 | AC1995: 13 | AD1995: 3 | AE1995: 164
A1996: 43265 | B1996: =AA1996*1000+AE1996 -> 2018165 | C1996: 32.9 | D1996: 9.66 | E1996: 7.3 | F1996: 88 | G1996: 6.8 | H1996: 8.1 | I1996: 9.3 | J1996: 13.1 | K1996: 92.5 | L1996: 13.2 | M1996: 14.6 | N1996: 10.3 | O1996: 3.7 | P1996: 67.4 | Q1996: 3.3 | R1996: 3.8 | S1996: 8.5 | T1996: 0.3 | U1996: 2.16 | V1996: 0 | W1996: 9.4 | X1996: 1.015 | Y1996: 0.492 | Z1996: 13 | AA1996: 2018 | AB1996: 6 | AC1996: 14 | AD1996: 3 | AE1996: 165
A1997: 43266 | B1997: =AA1997*1000+AE1997 -> 2018166 | C1997: 32.92 | D1997: 13.25 | E1997: 9 | F1997: 79.6 | G1997: 8.3 | H1997: 9.9 | I1997: 9.7 | J1997: 15.5 | K1997: 93.1 | L1997: 17.3 | M1997: 17.3 | N1997: 11.7 | O1997: 4.4 | P1997: 48.9 | Q1997: 4.1 | R1997: 3.5 | S1997: 8.8 | T1997: 0.15 | U1997: 2.15 | V1997: 0 | W1997: 0.2 | X1997: 0.859 | Y1997: 0.897 | Z1997: 13.05 | AA1997: 2018 | AB1997: 6 | AC1997: 15 | AD1997: 3 | AE1997: 166
A1998: 43267 | B1998: =AA1998*1000+AE1998 -> 2018167 | C1998: 32.93 | D1998: 30.08 | E1998: 14 | F1998: 55.7 | G1998: 13.1 | H1998: 15 | I1998: 10.4 | J1998: 23.5 | K1998: 93.8 | L1998: 24.3 | M1998: 31.9 | N1998: 13.2 | O1998: 4.2 | P1998: 24.4 | Q1998: 3.8 | R1998: 2.8 | S1998: 8.5 | T1998: 0.33 | U1998: 2.23 | V1998: 0 | W1998: 0.1 | X1998: 0.705 | Y1998: 2.187 | Z1998: 13.03 | AA1998: 2018 | AB1998: 6 | AC1998: 16 | AD1998: 3 | AE1998: 167
A1999: 43268 | B1999: =AA1999*1000+AE1999 -> 2018168 | C1999: 32.94 | D1999: 30.83 | E1999: 16.8 | F1999: 36.3 | G1999: 15.8 | H1999: 17.4 | I1999: 11.6 | J1999: 26.2 | K1999: 74.6 | L1999: 27 | M1999: 34.8 | N1999: 14 | O1999: 6.7 | P1999: 13.8 | Q1999: 6.3 | R1999: 4.2 | S1999: 9.5 | T1999: 0.28 | U1999: 2.19 | V1999: 0 | W1999: 0 | X1999: 0.47 | Y1999: 2.926 | Z1999: 13.03 | AA1999: 2018 | AB1999: 6 | AC1999: 17 | AD1999: 3 | AE1999: 168
A2000: 43269 | B2000: =AA2000*1000+AE2000 -> 2018169 | C2000: 32.94 | D2000: 30.78 | E2000: 19.8 | F2000: 31.8 | G2000: 18.7 | H2000: 19.9 | I2000: 12.4 | J2000: 29.5 | K2000: 59.2 | L2000: 29.2 | M2000: 37.7 | N2000: 14.8 | O2000: 10 | P2000: 13 | Q2000: 9.8 | R2000: 6.2 | S2000: 10.3 | T2000: 0.22 | U2000: 2.31 | V2000: 0 | W2000: 0 | X2000: 0.538 | Y2000: 3.591 | Z2000: 13.04 | AA2000: 2018 | AB2000: 6 | AC2000: 18 | AD2000: 3 | AE2000: 169
A2001: 43270 | B2001: =AA2001*1000+AE2001 -> 2018170 | C2001: 32.94 | D2001: 30.2 | E2001: 20.8 | F2001: 37.8 | G2001: 19.7 | H2001: 21.6 | I2001: 13.2 | J2001: 29.5 | K2001: 66.4 | L2001: 31 | M2001: 38.8 | N2001: 15.7 | O2001: 11.6 | P2001: 10.7 | Q2001: 11.3 | R2001: 8.6 | S2001: 11.1 | T2001: 0.21 | U2001: 1.6 | V2001: 0 | W2001: 0 | X2001: 0.441 | Y2001: 3.688 | Z2001: 13.03 | AA2001: 2018 | AB2001: 6 | AC2001: 19 | AD2001: 3 | AE2001: 170
A2002: 43271 | B2002: =AA2002*1000+AE2002 -> 2018171 | C2002: 32.94 | D2002: 26.54 | E2002: 20.4 | F2002: 46.8 | G2002: 19.3 | H2002: 20.9 | I2002: 13.6 | J2002: 31 | K2002: 75.7 | L2002: 32.8 | M2002: 37.5 | N2002: 16 | O2002: 12.2 | P2002: 19.6 | Q2002: 12 | R2002: 9.8 | S2002: 11.8 | T2002: 0.18 | U2002: 2.18 | V2002: 0 | W2002: 0 | X2002: 0.881 | Y2002: 3.612 | Z2002: 13 | AA2002: 2018 | AB2002: 6 | AC2002: 20 | AD2002: 3 | AE2002: 171
... A2984: 44253 | B2984: =AA2984*1000+AE2984 -> 2021057 | C2984: 12.3 | D2984: 5.41 | E2984: -4.1 | F2984: 74.1 | G2984: -4.7 | H2984: -1.3 | I2984: 0.5 | J2984: 0.3 | K2984: 90.5 | L2984: 0.3 | M2984: -0.7 | N2984: 1.2 | O2984: -7.9 | P2984: 51.5 | Q2984: -8.6 | R2984: -1.6 | S2984: 0.1 | T2984: 1.4 | U2984: 3.05 | V2984: 0.717 | W2984: 8.1 | X2984: 0.321 | Y2984: 0.303 | Z2984: 12.96 | AA2984: 2021 | AB2984: 2 | AC2984: 26 | AD2984: 1 | AE2984: 57
A2985: 44254 | B2985: =AA2985*1000+AE2985 -> 2021058 | C2985: 12.53 | D2985: 9.71 | E2985: -4.3 | F2985: 56 | G2985: NA | H2985: -1.3 | I2985: 0.5 | J2985: 1.8 | K2985: 83.4 | L2985: NA | M2985: -0.5 | N2985: 1.3 | O2985: -9.6 | P2985: 22.5 | Q2985: NA | R2985: -1.8 | S2985: -0.2 | T2985: 1.3 | U2985: 3.18 | V2985: 0.688 | W2985: 0 | X2985: 0.156 | Y2985: 0.539 | Z2985: 12.95 | AA2985: 2021 | AB2985: 2 | AC2985: 27 | AD2985: 1 | AE2985: 58
A2986: 44255 | B2986: =AA2986*1000+AE2986 -> 2021059 | C2986: 12.77 | D2986: 5.38 | E2986: -0.4 | F2986: 78.6 | G2986: NA | H2986: -0.9 | I2986: 0.6 | J2986: 6.3 | K2986: 91.6 | L2986: NA | M2986: -0.2 | N2986: 1.3 | O2986: -4.6 | P2986: 54.4 | Q2986: NA | R2986: -1.3 | S2986: 0.3 | T2986: 0.97 | U2986: 2.19 | V2986: 0.722 | W2986: 4.4 | X2986: 0.518 | Y2986: 0.434 | Z2986: 12.95 | AA2986: 2021 | AB2986: 2 | AC2986: 28 | AD2986: 1 | AE2986: 59
A2987: 44256 | B2987: =AA2987*1000+AE2987 -> 2021060 | C2987: 13 | D2987: 6.33 | E2987: 2 | F2987: 63.3 | G2987: NA | H2987: -0.4 | I2987: 0.6 | J2987: 8.8 | K2987: 83.8 | L2987: NA | M2987: 0.2 | N2987: 1.3 | O2987: -1.5 | P2987: 38.2 | Q2987: NA | R2987: -0.8 | S2987: 0.2 | T2987: 1.39 | U2987: 3.23 | V2987: 0.694 | W2987: 0 | X2987: 0.433 | Y2987: 0.701 | Z2987: 13.03 | AA2987: 2021 | AB2987: 3 | AC2987: 1 | AD2987: 2 | AE2987: 60
A2988: 44257 | B2988: =AA2988*1000+AE2988 -> 2021061 | C2988: 13.24 | D2988: 7.59 | E2988: -0.5 | F2988: 58.6 | G2988: NA | H2988: -0.5 | I2988: 0.6 | J2988: 5.7 | K2988: 80.1 | L2988: NA | M2988: 0.2 | N2988: 1.4 | O2988: -2.9 | P2988: 31.1 | Q2988: NA | R2988: -1.2 | S2988: 0.3 | T2988: 1.45 | U2988: 2.93 | V2988: 0.681 | W2988: 0 | X2988: 0.283 | Y2988: 0.628 | Z2988: 12.96 | AA2988: 2021 | AB2988: 3 | AC2988: 2 | AD2988: 2 | AE2988: 61
A2989: 44258 | B2989: =AA2989*1000+AE2989 -> 2021062 | C2989: 13.48 | D2989: 5.46 | E2989: 0.9 | F2989: 49.8 | G2989: NA | H2989: -0.7 | I2989: 0.6 | J2989: 9 | K2989: 72.6 | L2989: NA | M2989: 0.2 | N2989: 1.2 | O2989: -3.8 | P2989: 26.2 | Q2989: NA | R2989: -1.2 | S2989: 0 | T2989: 0.91 | U2989: 2.39 | V2989: 0.664 | W2989: 0 | X2989: 0.301 | Y2989: 0.847 | Z2989: 13.03 | AA2989: 2021 | AB2989: 3 | AC2989: 3 | AD2989: 2 | AE2989: 62
A2990: 44259 | B2990: =AA2990*1000+AE2990 -> 2021063 | C2990: 13.73 | D2990: 9.59 | E2990: 5.2 | F2990: 48.2 | G2990: NA | H2990: -0.2 | I2990: 0.6 | J2990: 12.2 | K2990: 71.1 | L2990: NA | M2990: 0.3 | N2990: 1.3 | O2990: 0.1 | P2990: 27.3 | Q2990: NA | R2990: -1 | S2990: -0.3 | T2990: 1.26 | U2990: 3.23 | V2990: 0.664 | W2990: 0 | X2990: 0.387 | Y2990: 1.031 | Z2990: 12.99 | AA2990: 2021 | AB2990: 3 | AC2990: 4 | AD2990: 2 | AE2990: 63
A2991: 44260 | B2991: =AA2991*1000+AE2991 -> 2021064 | C2991: 13.97 | D2991: 6.2 | E2991: 4.4 | F2991: 52.5 | G2991: NA | H2991: 0.1 | I2991: 0.6 | J2991: 10.9 | K2991: 73 | L2991: NA | M2991: 0.9 | N2991: 1.4 | O2991: 0.8 | P2991: 28.8 | Q2991: NA | R2991: -0.4 | S2991: 0.2 | T2991: 1.64 | U2991: 4.09 | V2991: 0.628 | W2991: 0 | X2991: 0.375 | Y2991: 0.928 | Z2991: 12.94 | AA2991: 2021 | AB2991: 3 | AC2991: 5 | AD2991: 2 | AE2991: 64
A2992: 44261 | B2992: =AA2992*1000+AE2992 -> 2021065 | C2992: 14.22 | D2992: 12.81 | E2992: 1.5 | F2992: 53.2 | G2992: NA | H2992: -0.1 | I2992: 0.5 | J2992: 8.3 | K2992: 71 | L2992: NA | M2992: 1 | N2992: 1.6 | O2992: -2.2 | P2992: 29.4 | Q2992: NA | R2992: -0.8 | S2992: -0.3 | T2992: 1.23 | U2992: 2.91 | V2992: 0.602 | W2992: 0 | X2992: 0.323 | Y2992: 0.774 | Z2992: 13 | AA2992: 2021 | AB2992: 3 | AC2992: 6 | AD2992: 2 | AE2992: 65
A2993: 44262 | B2993: =AA2993*1000+AE2993 -> 2021066 | C2993: 14.47 | D2993: 4.94 | E2993: -1 | F2993: 62.9 | G2993: NA | H2993: -0.1 | I2993: 0.6 | J2993: 3.6 | K2993: 81.4 | L2993: NA | M2993: 0.5 | N2993: 1.1 | O2993: -5.2 | P2993: 47.1 | Q2993: NA | R2993: -0.7 | S2993: 0.1 | T2993: 1.08 | U2993: 2.77 | V2993: 0.599 | W2993: 0 | X2993: 0.372 | Y2993: 0.417 | Z2993: 12.96 | AA2993: 2021 | AB2993: 3 | AC2993: 7 | AD2993: 2 | AE2993: 66
A2994: 44263 | B2994: =AA2994*1000+AE2994 -> 2021067 | C2994: 14.71 | D2994: 13.96 | E2994: -2.2 | F2994: 59.7 | G2994: NA | H2994: -0.7 | I2994: 0.5 | J2994: 7.1 | K2994: 87.3 | L2994: NA | M2994: -0.1 | N2994: 1.7 | O2994: -9 | P2994: 26.2 | Q2994: NA | R2994: -1.4 | S2994: -0.5 | T2994: 0.76 | U2994: 2.07 | V2994: 0.596 | W2994: 0 | X2994: 0.263 | Y2994: 0.74 | Z2994: 12.98 | AA2994: 2021 | AB2994: 3 | AC2994: 8 | AD2994: 2 | AE2994: 67
A2995: 44264 | B2995: =AA2995*1000+AE2995 -> 2021068 | C2995: 14.97 | D2995: 12.57 | E2995: -0.9 | F2995: 51.5 | G2995: NA | H2995: -0.9 | I2995: 0.6 | J2995: 7.5 | K2995: 75.9 | L2995: NA | M2995: 0.4 | N2995: 2 | O2995: -7.2 | P2995: 20 | Q2995: NA | R2995: -1.6 | S2995: -0.3 | T2995: 0.82 | U2995: 2.7 | V2995: 0.595 | W2995: 0 | X2995: 0.206 | Y2995: 0.826 | Z2995: 12.99 | AA2995: 2021 | AB2995: 3 | AC2995: 9 | AD2995: 2 | AE2995: 68
A2996: 44265 | B2996: =AA2996*1000+AE2996 -> 2021069 | C2996: 15.22 | D2996: 11.19 | E2996: -3 | F2996: 59.3 | G2996: NA | H2996: -1.1 | I2996: 0.5 | J2996: 4.5 | K2996: 86.7 | L2996: NA | M2996: 0.3 | N2996: 1.6 | O2996: -9.7 | P2996: 30.5 | Q2996: NA | R2996: -2.4 | S2996: -0.4 | T2996: 0.89 | U2996: 2.78 | V2996: 0.592 | W2996: 0 | X2996: 0.256 | Y2996: 0.584 | Z2996: 12.97 | AA2996: 2021 | AB2996: 3 | AC2996: 10 | AD2996: 2 | AE2996: 69
... A3006: 44275 | B3006: =AA3006*1000+AE3006 -> 2021079 | C3006: 17.83 | D3006: 8.06 | E3006: 0.8 | F3006: 72.3 | G3006: NA | H3006: -0.1 | I3006: 0.5 | J3006: 8.6 | K3006: 92.8 | L3006: NA | M3006: 1.1 | N3006: 1.7 | O3006: -2.1 | P3006: 37.3 | Q3006: NA | R3006: -0.7 | S3006: -0.2 | T3006: 1.11 | U3006: 3.03 | V3006: 0.508 | W3006: 1.4 | X3006: 0.417 | Y3006: 0.701 | Z3006: 13.03 | AA3006: 2021 | AB3006: 3 | AC3006: 20 | AD3006: 2 | AE3006: 79
A3007: 44276 | B3007: =AA3007*1000+AE3007 -> 2021080 | C3007: 18.09 | D3007: 1.42 | E3007: -1.7 | F3007: 80.5 | G3007: -2.1 | H3007: -0.6 | I3007: 0.5 | J3007: -0.1 | K3007: 92.4 | L3007: -0.7 | M3007: -0.2 | N3007: 0.9 | O3007: -3.2 | P3007: 68.4 | Q3007: -3.7 | R3007: -1 | S3007: 0.3 | T3007: 1.38 | U3007: 2.99 | V3007: 0.521 | W3007: 1.7 | X3007: 0.414 | Y3007: 0.191 | Z3007: 12.77 | AA3007: 2021 | AB3007: 3 | AC3007: 21 | AD3007: 2 | AE3007: 80
A3008: 44277 | B3008: =AA3008*1000+AE3008 -> 2021081 | C3008: 18.36 | D3008: 10.44 | E3008: -0.7 | F3008: 66.1 | G3008: NA | H3008: -0.5 | I3008: 0.5 | J3008: 6.7 | K3008: 89.6 | L3008: NA | M3008: 0.7 | N3008: 1.3 | O3008: -6.3 | P3008: 31.6 | Q3008: NA | R3008: -1.6 | S3008: -0.3 | T3008: 1.18 | U3008: 3.05 | V3008: 0.517 | W3008: 3.9 | X3008: 0.309 | Y3008: 0.669 | Z3008: 13.02 | AA3008: 2021 | AB3008: 3 | AC3008: 22 | AD3008: 2 | AE3008: 81
A3009: 44278 | B3009: =AA3009*1000+AE3009 -> 2021082 | C3009: 18.62 | D3009: 13.33 | E3009: -0.1 | F3009: 64.8 | G3009: NA | H3009: -1 | I3009: 0.6 | J3009: 8.8 | K3009: 91.3 | L3009: NA | M3009: 0.3 | N3009: 1.5 | O3009: -6.8 | P3009: 28.9 | Q3009: NA | R3009: -2.7 | S3009: 0.1 | T3009: 1.06 | U3009: 2.78 | V3009: 0.498 | W3009: 0 | X3009: 0.327 | Y3009: 0.804 | Z3009: 13.01 | AA3009: 2021 | AB3009: 3 | AC3009: 23 | AD3009: 2 | AE3009: 82
A3010: 44279 | B3010: =AA3010*1000+AE3010 -> 2021083 | C3010: 18.89 | D3010: 7.88 | E3010: 0.7 | F3010: 76.2 | G3010: NA | H3010: -0.2 | I3010: 0.6 | J3010: 8 | K3010: 93.2 | L3010: NA | M3010: 1.4 | N3010: 1.8 | O3010: -1.8 | P3010: 42.1 | Q3010: NA | R3010: -1.2 | S3010: 0.1 | T3010: 1.11 | U3010: 3.25 | V3010: 0.515 | W3010: 2.2 | X3010: 0.452 | Y3010: 0.622 | Z3010: 12.99 | AA3010: 2021 | AB3010: 3 | AC3010: 24 | AD3010: 2 | AE3010: 83
A3011: 44280 | B3011: =AA3011*1000+AE3011 -> 2021084 | C3011: 19.15 | D3011: 7.55 | E3011: -0.2 | F3011: 77.5 | G3011: NA | H3011: -0.1 | I3011: 0.5 | J3011: 7 | K3011: 93.8 | L3011: NA | M3011: 1.9 | N3011: 1.7 | O3011: -4.6 | P3011: 46.8 | Q3011: NA | R3011: -1.1 | S3011: -0.1 | T3011: 0.79 | U3011: 3.27 | V3011: 0.506 | W3011: 0 | X3011: 0.469 | Y3011: 0.533 | Z3011: 13.01 | AA3011: 2021 | AB3011: 3 | AC3011: 25 | AD3011: 2 | AE3011: 84
A3012: 44281 | B3012: =AA3012*1000+AE3012 -> 2021085 | C3012: 19.42 | D3012: 6.03 | E3012: 0.5 | F3012: 69.7 | G3012: NA | H3012: -0.3 | I3012: 0.6 | J3012: 4.3 | K3012: 85.8 | L3012: NA | M3012: 0.5 | N3012: 1.1 | O3012: -3.8 | P3012: 48.4 | Q3012: NA | R3012: -1.3 | S3012: 0.4 | T3012: 1.11 | U3012: 3.22 | V3012: 0.502 | W3012: 0 | X3012: 0.402 | Y3012: 0.428 | Z3012: 12.99 | AA3012: 2021 | AB3012: 3 | AC3012: 26 | AD3012: 2 | AE3012: 85
A3013: 44282 | B3013: =AA3013*1000+AE3013 -> 2021086 | C3013: 19.69 | D3013: 12.46 | E3013: 3.7 | F3013: 62.3 | G3013: NA | H3013: 0.2 | I3013: 0.5 | J3013: 11 | K3013: 83.8 | L3013: NA | M3013: 1.6 | N3013: 1.4 | O3013: -0.6 | P3013: 35.8 | Q3013: NA | R3013: -0.3 | S3013: -0.1 | T3013: 1.56 | U3013: 3.77 | V3013: 0.486 | W3013: 0 | X3013: 0.469 | Y3013: 0.84 | Z3013: 12.99 | AA3013: 2021 | AB3013: 3 | AC3013: 27 | AD3013: 2 | AE3013: 86
A3014: 44283 | B3014: =AA3014*1000+AE3014 -> 2021087 | C3014: 19.95 | D3014: 4.73 | E3014: 0.4 | F3014: 68.4 | G3014: NA | H3014: -0.5 | I3014: 0.5 | J3014: 6.3 | K3014: 91.9 | L3014: NA | M3014: 1.5 | N3014: 1.1 | O3014: -7 | P3014: 46.3 | Q3014: NA | R3014: -4 | S3014: -0.2 | T3014: 2.19 | U3014: 4.41 | V3014: 0.524 | W3014: 4.9 | X3014: 0.442 | Y3014: 0.513 | Z3014: 12.93 | AA3014: 2021 | AB3014: 3 | AC3014: 28 | AD3014: 2 | AE3014: 87
A3015: 44284 | B3015: =AA3015*1000+AE3015 -> 2021088 | C3015: 20.21 | D3015: 15.44 | E3015: -5.2 | F3015: 52.3 | G3015: NA | H3015: -3.1 | I3015: 0.4 | J3015: 1.4 | K3015: 80.2 | L3015: NA | M3015: -0.7 | N3015: 1.1 | O3015: -9.4 | P3015: 27.7 | Q3015: NA | R3015: -6.3 | S3015: -0.5 | T3015: 1.93 | U3015: 4.58 | V3015: 0.503 | W3015: 0 | X3015: 0.186 | Y3015: 0.485 | Z3015: 13.05 | AA3015: 2021 | AB3015: 3 | AC3015: 29 | AD3015: 2 | AE3015: 88
A3016: 44285 | B3016: =AA3016*1000+AE3016 -> 2021089 | C3016: 20.49 | D3016: 11.87 | E3016: -1.5 | F3016: 60.2 | G3016: NA | H3016: -1.3 | I3016: 0.5 | J3016: 6.4 | K3016: 80.6 | L3016: NA | M3016: 1.7 | N3016: 1.6 | O3016: -8.7 | P3016: 33 | Q3016: NA | R3016: -3.7 | S3016: 0 | T3016: 0.97 | U3016: 2.9 | V3016: 0.487 | W3016: 0 | X3016: 0.317 | Y3016: 0.643 | Z3016: 13.05 | AA3016: 2021 | AB3016: 3 | AC3016: 30 | AD3016: 2 | AE3016: 89
A3017: 44286 | B3017: =AA3017*1000+AE3017 -> 2021090 | C3017: 20.75 | D3017: 16.95 | E3017: 4.2 | F3017: 48.5 | G3017: NA | H3017: -0.3 | I3017: 0.5 | J3017: 13.9 | K3017: 85.3 | L3017: NA | M3017: 2.2 | N3017: 1.7 | O3017: -4.5 | P3017: 20.3 | Q3017: NA | R3017: -2.3 | S3017: -0.2 | T3017: 0.95 | U3017: 2.94 | V3017: 0.459 | W3017: 0 | X3017: 0.322 | Y3017: 1.265 | Z3017: 13.05 | AA3017: 2021 | AB3017: 3 | AC3017: 31 | AD3017: 2 | AE3017: 90
...

Sheet Graph
A1: Daily time series | C1: 1 | D1: 2 | E1: 3 | F1: 4 | G1: 5 | H1: 6 | I1: 7 | J1: 8 | K1: 9 | L1: 10 | M1: 11 | N1: 12 | O1: 13 | P1: 14 | Q1: 15 | R1: 16 | S1: 17 | T1: 18 | U1: 19 | V1: 20 | W1: 21 | X1: 22 | Y1: 23 | Z1: 24 | AA1: 25
A2: Last edit 31/03/25 | C2: Key1 | D2: ClrSky | E2: Solar | F2: TaAve | G2: RHAve | H2: Ta1.5Ave | I2: Ta0.2Ave | J2: TsoilAve | K2: TaMax | L2: RHMax | M2: Ta1.5Max | N2: Ta0.2Max | O2: TsoilMax | P2: TaMin | Q2: RHMin | R2: Ta1.5Min | S2: Ta0.2Min | T2: TsoilMin | U2: WindAve | V2: WindMax | W2: SnowD | X2: PPT | Y2: Vapres | Z2: Vpd | AA2: BatV
E3: Select col# | F3: 9 | G3: =F3+5 -> 14
A4: Key1 | B4: =F4 -> TaMax | C4: =G4 -> TaMin | F4: =VLOOKUP($A4,Graph!$C2:$AA2,F3) -> TaMax | G4: =VLOOKUP($A4,Graph!$C2:$AA2,G3) -> TaMin
A6: 2013001 | B6: =VLOOKUP($A6,Data!$B$6:$Z$4753,F$3) -> NA | C6: =VLOOKUP($A6,Data!$B$6:$Z$4753,G$3) -> NA
A7: 2013002 | B7: =VLOOKUP($A7,Data!$B$6:$Z$4753,F$3) -> NA | C7: =VLOOKUP($A7,Data!$B$6:$Z$4753,G$3) -> NA
A8: 2013003 | B8: =VLOOKUP($A8,Data!$B$6:$Z$4753,F$3) -> NA | C8: =VLOOKUP($A8,Data!$B$6:$Z$4753,G$3) -> NA
A9: 2013004 | B9: =VLOOKUP($A9,Data!$B$6:$Z$4753,F$3) -> NA | C9: =VLOOKUP($A9,Data!$B$6:$Z$4753,G$3) -> NA
A10: 2013005 | B10: =VLOOKUP($A10,Data!$B$6:$Z$4753,F$3) -> NA | C10: =VLOOKUP($A10,Data!$B$6:$Z$4753,G$3) -> NA
A11: 2013006 | B11: =VLOOKUP($A11,Data!$B$6:$Z$4753,F$3) -> NA | C11: =VLOOKUP($A11,Data!$B$6:$Z$4753,G$3) -> NA
A12: 2013007 | B12: =VLOOKUP($A12,Data!$B$6:$Z$4753,F$3) -> NA | C12: =VLOOKUP($A12,Data!$B$6:$Z$4753,G$3) -> NA
A13: 2013008 | B13: =VLOOKUP($A13,Data!$B$6:$Z$4753,F$3) -> -0.2 | C13: =VLOOKUP($A13,Data!$B$6:$Z$4753,G$3) -> -6.4
A14: 2013009 | B14: =VLOOKUP($A14,Data!$B$6:$Z$4753,F$3) -> 0.4 | C14: =VLOOKUP($A14,Data!$B$6:$Z$4753,G$3) -> -5
A15: 2013010 | B15: =VLOOKUP($A15,Data!$B$6:$Z$4753,F$3) -> -2.6 | C15: =VLOOKUP($A15,Data!$B$6:$Z$4753,G$3) -> -12.8
A16: 2013011 | B16: =VLOOKUP($A16,Data!$B$6:$Z$4753,F$3) -> -4.8 | C16: =VLOOKUP($A16,Data!$B$6:$Z$4753,G$3) -> -18
A17: 2013012 | B17: =VLOOKUP($A17,Data!$B$6:$Z$4753,F$3) -> -5 | C17: =VLOOKUP($A17,Data!$B$6:$Z$4753,G$3) -> -18.3
... A4753: 2025365 | B4753: =VLOOKUP($A4753,Data!$B$6:$Z$4753,F$3) -> NA | C4753: =VLOOKUP($A4753,Data!$B$6:$Z$4753,G$3) -> NA

Sheet Meta
A1: Chase Daily data 2013 -2025
A2: Last edit 31/03/25
A4: Data worksheet
B5: Data source is daily spreadsheets by year.
C6: Data edits are noted in these spreadsheets
B7: NA indicates missing data
B8: Clear sky radiation calculated on 10 min time step for lat, long and elevation of site
A10: Graph worksheet
B11: Select one or a pair of graphs to review using column number of desired variable
