Workbook

Sheet DataHour
A1: HoBo station PL hourly 2024 | F1: Data garrison has 58 as offset | AQ1: 163
A2: Last edit 9/12/25 | F2: 64 | O2: Raw | V2: Edited | W2: Midnight values | AD2: Wind direction summary
E3: cm | F3: cm | G3: m/s | H3: m/s | I3: degree | J3: C | K3: % | L3: m3/m3 | M3: m3/m3 | N3: mm | O3: W/m2 | U3: W/m2 | V3: W/m2 | Y3: m | AA3: vpres | AB3: vpd | AF3: =MAX(AF6:AF13) -> 2366 | AP3: 330
A4: Date | B4: Doy | C4: PST | D4: HoboTime | E4: Depth | F4: AdjSnow | G4: Wind | H4: Gust | I4: WindDir | J4: Temperature | K4: RH | L4: vol10 | M4: vol20 | N4: Rain | O4: Solar | P4: DewPt, °C (LGR S/N: 10688092, SEN S/N: 20367744) | Q4: Backup Batteries_10688092_V | R4: Batt, V (LGR S/N: 20468345) | S4: blnk | T4: DyTime | U4: Kmax | V4: SolAdj | W4: vol10_2400 | X4: vol20_2400 | Y4: Snw2400 | Z4: Comments | AA4: kPa | AB4: kPa | AE4: Octant | AG4: N | AH4: % | AQ4: Time | AR4: ClrSky | AS4: Incident
A5: 45292 | B5: 1 | C5: 100 | D5: 509.04167 | E5: 129.24 | F5: =IF(E5>F$2,E5-F$2,0) -> 65.24 | G5: 0 | H5: 0 | J5: -5.916 | K5: 98.2 | L5: 0.1826 | M5: 0.1884 | N5: 0 | O5: 0.6 | T5: =B5*10000+C5 -> 10100 | U5: 0 | V5: =IF(O5<1,0,ROUND(O5,1)) -> 0 | W5: =IF(C5=2400,ROUND(L5,3),"") | X5: =IF(C5=2400,ROUND(M5,3),"") | Y5: =IF(C5=2400,ROUND(F5/100,3),"") | AA5: =ROUND((0.6105*(EXP((17.273*J5)/(J5+237.3))))*K5/100,3) -> 0.385 | AB5: =ROUND(AA5/K5*(100-K5),3) -> 0.007 | AD5: N | AE5: 0 | AF5: =FREQUENCY(DataHour!I$5:I$8788, AE5) -> 8 | AG5: =AF5 -> 8 | AH5: =AG5/AF$3*100 -> 0.33812342 | AP5: =AP$3*10000+AQ5 -> 3300100 | AQ5: 100 | AR5: =VLOOKUP(AP5,$T$5:$V$8788,2) -> 0 | AS5: =VLOOKUP(AP5,$T$5:$V$8788,3) -> 0
A6: =A$5-1+B6 -> 45292 | B6: 1 | C6: 200 | D6: 509.08333 | E6: 129.13 | F6: =IF(E6>F$2,E6-F$2,0) -> 65.13 | G6: 0 | H6: 0.5 | J6: -6.866 | K6: 98.3 | L6: 0.1826 | M6: 0.1884 | N6: 0 | O6: 0.6 | T6: =B6*10000+C6 -> 10200 | U6: 0 | V6: =IF(O6<1,0,ROUND(O6,1)) -> 0 | W6: =IF(C6=2400,ROUND(L6,3),"") | X6: =IF(C6=2400,ROUND(M6,3),"") | Y6: =IF(C6=2400,ROUND(F6/100,3),"") | AA6: =ROUND((0.6105*(EXP((17.273*J6)/(J6+237.3))))*K6/100,3) -> 0.359 | AB6: =ROUND(AA6/K6*(100-K6),3) -> 0.006 | AD6: NE | AE6: 45 | AF6: =FREQUENCY(DataHour!I$5:I$8788, AE6) -> 667 | AG6: =AF6-AF5 -> 659 | AH6: =AG6/AF$3*100 -> 27.852916 | AP6: =AP$3*10000+AQ6 -> 3300200 | AQ6: 200 | AR6: =VLOOKUP(AP6,$T$5:$V$8788,2) -> 0 | AS6: =VLOOKUP(AP6,$T$5:$V$8788,3) -> 0
A7: =A$5-1+B7 -> 45292 | B7: 1 | C7: 300 | D7: 509.125 | E7: 129.24 | F7: =IF(E7>F$2,E7-F$2,0) -> 65.24 | G7: 0 | H7: 1.51 | J7: -4.834 | K7: 98.5 | L7: 0.1826 | M7: 0.1884 | N7: 0 | O7: 0.6 | T7: =B7*10000+C7 -> 10300 | U7: 0 | V7: =IF(O7<1,0,ROUND(O7,1)) -> 0 | W7: =IF(C7=2400,ROUND(L7,3),"") | X7: =IF(C7=2400,ROUND(M7,3),"") | Y7: =IF(C7=2400,ROUND(F7/100,3),"") | AA7: =ROUND((0.6105*(EXP((17.273*J7)/(J7+237.3))))*K7/100,3) -> 0.42 | AB7: =ROUND(AA7/K7*(100-K7),3) -> 0.006 | AD7: E | AE7: 90 | AF7: =FREQUENCY(DataHour!I$5:I$8788, AE7) -> 947 | AG7: =AF7-AF6 -> 280 | AH7: =AG7/AF$3*100 -> 11.83432 | AP7: =AP$3*10000+AQ7 -> 3300300 | AQ7: 300 | AR7: =VLOOKUP(AP7,$T$5:$V$8788,2) -> 0 | AS7: =VLOOKUP(AP7,$T$5:$V$8788,3) -> 0
A8: =A$5-1+B8 -> 45292 | B8: 1 | C8: 400 | D8: 509.16667 | E8: 129.24 | F8: =IF(E8>F$2,E8-F$2,0) -> 65.24 | G8: 0 | H8: 3.02 | J8: -4.439 | K8: 99 | L8: 0.1826 | M8: 0.1884 | N8: 0 | O8: 0.6 | T8: =B8*10000+C8 -> 10400 | U8: 0 | V8: =IF(O8<1,0,ROUND(O8,1)) -> 0 | W8: =IF(C8=2400,ROUND(L8,3),"") | X8: =IF(C8=2400,ROUND(M8,3),"") | Y8: =IF(C8=2400,ROUND(F8/100,3),"") | AA8: =ROUND((0.6105*(EXP((17.273*J8)/(J8+237.3))))*K8/100,3) -> 0.435 | AB8: =ROUND(AA8/K8*(100-K8),3) -> 0.004 | AD8: SE | AE8: 135 | AF8: =FREQUENCY(DataHour!I$5:I$8788, AE8) -> 1172 | AG8: =AF8-AF7 -> 225 | AH8: =AG8/AF$3*100 -> 9.509721 | AP8: =AP$3*10000+AQ8 -> 3300400 | AQ8: 400 | AR8: =VLOOKUP(AP8,$T$5:$V$8788,2) -> 0 | AS8: =VLOOKUP(AP8,$T$5:$V$8788,3) -> 0
A9: =A$5-1+B9 -> 45292 | B9: 1 | C9: 500 | D9: 509.20833 | E9: 128.77 | F9: =IF(E9>F$2,E9-F$2,0) -> 64.77 | G9: 0 | H9: 3.02 | J9: -4.56 | K9: 99.2 | L9: 0.1833 | M9: 0.1884 | N9: 0 | O9: 0.6 | T9: =B9*10000+C9 -> 10500 | U9: 0 | V9: =IF(O9<1,0,ROUND(O9,1)) -> 0 | W9: =IF(C9=2400,ROUND(L9,3),"") | X9: =IF(C9=2400,ROUND(M9,3),"") | Y9: =IF(C9=2400,ROUND(F9/100,3),"") | AA9: =ROUND((0.6105*(EXP((17.273*J9)/(J9+237.3))))*K9/100,3) -> 0.432 | AB9: =ROUND(AA9/K9*(100-K9),3) -> 0.003 | AD9: SE | AE9: 180 | AF9: =FREQUENCY(DataHour!I$5:I$8788, AE9) -> 1578 | AG9: =AF9-AF8 -> 406 | AH9: =AG9/AF$3*100 -> 17.159763 | AP9: =AP$3*10000+AQ9 -> 3300500 | AQ9: 500 | AR9: =VLOOKUP(AP9,$T$5:$V$8788,2) -> 0 | AS9: =VLOOKUP(AP9,$T$5:$V$8788,3) -> 0
A10: =A$5-1+B10 -> 45292 | B10: 1 | C10: 600 | D10: 509.25 | E10: 128.77 | F10: =IF(E10>F$2,E10-F$2,0) -> 64.77 | G10: 0 | H10: 2.52 | J10: -4.987 | K10: 99 | L10: 0.1833 | M10: 0.1891 | N10: 0 | O10: 0.6 | T10: =B10*10000+C10 -> 10600 | U10: 0 | V10: =IF(O10<1,0,ROUND(O10,1)) -> 0 | W10: =IF(C10=2400,ROUND(L10,3),"") | X10: =IF(C10=2400,ROUND(M10,3),"") | Y10: =IF(C10=2400,ROUND(F10/100,3),"") | AA10: =ROUND((0.6105*(EXP((17.273*J10)/(J10+237.3))))*K10/100,3) -> 0.417 | AB10: =ROUND(AA10/K10*(100-K10),3) -> 0.004 | AD10: SW | AE10: 225 | AF10: =FREQUENCY(DataHour!I$5:I$8788, AE10) -> 1775 | AG10: =AF10-AF9 -> 197 | AH10: =AG10/AF$3*100 -> 8.3262891 | AP10: =AP$3*10000+AQ10 -> 3300600 | AQ10: 600 | AR10: =VLOOKUP(AP10,$T$5:$V$8788,2) -> 0 | AS10: =VLOOKUP(AP10,$T$5:$V$8788,3) -> 0
A11: =A$5-1+B11 -> 45292 | B11: 1 | C11: 700 | D11: 509.29167 | E11: 128.54 | F11: =IF(E11>F$2,E11-F$2,0) -> 64.54 | G11: 0 | H11: 0.5 | J11: -5.76 | K11: 98.7 | L11: 0.1833 | M11: 0.1891 | N11: 0 | O11: 0.6 | T11: =B11*10000+C11 -> 10700 | U11: 0 | V11: =IF(O11<1,0,ROUND(O11,1)) -> 0 | W11: =IF(C11=2400,ROUND(L11,3),"") | X11: =IF(C11=2400,ROUND(M11,3),"") | Y11: =IF(C11=2400,ROUND(F11/100,3),"") | AA11: =ROUND((0.6105*(EXP((17.273*J11)/(J11+237.3))))*K11/100,3) -> 0.392 | AB11: =ROUND(AA11/K11*(100-K11),3) -> 0.005 | AD11: W | AE11: 270 | AF11: =FREQUENCY(DataHour!I$5:I$8788, AE11) -> 1891 | AG11: =AF11-AF10 -> 116 | AH11: =AG11/AF$3*100 -> 4.9027895 | AP11: =AP$3*10000+AQ11 -> 3300700 | AQ11: 700 | AR11: =VLOOKUP(AP11,$T$5:$V$8788,2) -> 0 | AS11: =VLOOKUP(AP11,$T$5:$V$8788,3) -> 0
A12: =A$5-1+B12 -> 45292 | B12: 1 | C12: 800 | D12: 509.33333 | E12: 128.31 | F12: =IF(E12>F$2,E12-F$2,0) -> 64.31 | G12: 0 | H12: 0.5 | J12: -5.636 | K12: 98.4 | L12: 0.1833 | M12: 0.1891 | N12: 0 | O12: 0.6 | T12: =B12*10000+C12 -> 10800 | U12: 0 | V12: =IF(O12<1,0,ROUND(O12,1)) -> 0 | W12: =IF(C12=2400,ROUND(L12,3),"") | X12: =IF(C12=2400,ROUND(M12,3),"") | Y12: =IF(C12=2400,ROUND(F12/100,3),"") | AA12: =ROUND((0.6105*(EXP((17.273*J12)/(J12+237.3))))*K12/100,3) -> 0.395 | AB12: =ROUND(AA12/K12*(100-K12),3) -> 0.006 | AD12: NW | AE12: 315 | AF12: =FREQUENCY(DataHour!I$5:I$8788, AE12) -> 2029 | AG12: =AF12-AF11 -> 138 | AH12: =AG12/AF$3*100 -> 5.8326289 | AP12: =AP$3*10000+AQ12 -> 3300800 | AQ12: 800 | AR12: =VLOOKUP(AP12,$T$5:$V$8788,2) -> 9.5 | AS12: =VLOOKUP(AP12,$T$5:$V$8788,3) -> 0
A13: =A$5-1+B13 -> 45292 | B13: 1 | C13: 900 | D13: 509.375 | E13: 128.31 | F13: =IF(E13>F$2,E13-F$2,0) -> 64.31 | G13: 0 | H13: 0.5 | J13: -5.667 | K13: 98.3 | L13: 0.1833 | M13: 0.1891 | N13: 0 | O13: 5.6 | T13: =B13*10000+C13 -> 10900 | U13: 55 | V13: =IF(O13<1,0,ROUND(O13,1)) -> 5.6 | W13: =IF(C13=2400,ROUND(L13,3),"") | X13: =IF(C13=2400,ROUND(M13,3),"") | Y13: =IF(C13=2400,ROUND(F13/100,3),"") | AA13: =ROUND((0.6105*(EXP((17.273*J13)/(J13+237.3))))*K13/100,3) -> 0.393 | AB13: =ROUND(AA13/K13*(100-K13),3) -> 0.007 | AD13: N | AE13: 360 | AF13: =FREQUENCY(DataHour!I$5:I$8788, AE13) -> 2366 | AG13: =AF13-AF12 -> 337 | AH13: =AG13/AF$3*100 -> 14.243449 | AP13: =AP$3*10000+AQ13 -> 3300900 | AQ13: 900 | AR13: =VLOOKUP(AP13,$T$5:$V$8788,2) -> 107.8 | AS13: =VLOOKUP(AP13,$T$5:$V$8788,3) -> 9.4
A14: =A$5-1+B14 -> 45292 | B14: 1 | C14: 1000 | D14: 509.41667 | E14: 127.96 | F14: =IF(E14>F$2,E14-F$2,0) -> 63.96 | G14: 0 | H14: 0.5 | J14: -4.348 | K14: 98.1 | L14: 0.1833 | M14: 0.1891 | N14: 0 | O14: 78.1 | T14: =B14*10000+C14 -> 11000 | U14: 166.2 | V14: =IF(O14<1,0,ROUND(O14,1)) -> 78.1 | W14: =IF(C14=2400,ROUND(L14,3),"") | X14: =IF(C14=2400,ROUND(M14,3),"") | Y14: =IF(C14=2400,ROUND(F14/100,3),"") | AA14: =ROUND((0.6105*(EXP((17.273*J14)/(J14+237.3))))*K14/100,3) -> 0.434 | AB14: =ROUND(AA14/K14*(100-K14),3) -> 0.008 | AP14: =AP$3*10000+AQ14 -> 3301000 | AQ14: 1000 | AR14: =VLOOKUP(AP14,$T$5:$V$8788,2) -> 218.3 | AS14: =VLOOKUP(AP14,$T$5:$V$8788,3) -> 30.6
A15: =A$5-1+B15 -> 45292 | B15: 1 | C15: 1100 | D15: 509.45833 | E15: 127.14 | F15: =IF(E15>F$2,E15-F$2,0) -> 63.14 | G15: 0 | H15: 0.5 | J15: -4.287 | K15: 98 | L15: 0.1833 | M15: 0.1891 | N15: 0 | O15: 140.6 | T15: =B15*10000+C15 -> 11100 | U15: 251.7 | V15: =IF(O15<1,0,ROUND(O15,1)) -> 140.6 | W15: =IF(C15=2400,ROUND(L15,3),"") | X15: =IF(C15=2400,ROUND(M15,3),"") | Y15: =IF(C15=2400,ROUND(F15/100,3),"") | AA15: =ROUND((0.6105*(EXP((17.273*J15)/(J15+237.3))))*K15/100,3) -> 0.435 | AB15: =ROUND(AA15/K15*(100-K15),3) -> 0.009 | AD15: 360 | AE15: 45 | AF15: 90 | AG15: 135 | AH15: 180 | AI15: 225 | AJ15: 270 | AK15: 315 | AP15: =AP$3*10000+AQ15 -> 3301100 | AQ15: 1100 | AR15: =VLOOKUP(AP15,$T$5:$V$8788,2) -> 295.3 | AS15: =VLOOKUP(AP15,$T$5:$V$8788,3) -> 46.9
A16: =A$5-1+B16 -> 45292 | B16: 1 | C16: 1200 | D16: 509.5 | E16: 126.43 | F16: =IF(E16>F$2,E16-F$2,0) -> 62.43 | G16: 0 | H16: 0.5 | J16: -3.836 | K16: 98.4 | L16: 0.1833 | M16: 0.1891 | N16: 0 | O16: 100.6 | T16: =B16*10000+C16 -> 11200 | U16: 293.3 | V16: =IF(O16<1,0,ROUND(O16,1)) -> 100.6 | W16: =IF(C16=2400,ROUND(L16,3),"") | X16: =IF(C16=2400,ROUND(M16,3),"") | Y16: =IF(C16=2400,ROUND(F16/100,3),"") | AA16: =ROUND((0.6105*(EXP((17.273*J16)/(J16+237.3))))*K16/100,3) -> 0.452 | AB16: =ROUND(AA16/K16*(100-K16),3) -> 0.007 | AD16: =AH13+AH5 -> 14.581572 | AE16: =AH6 -> 27.852916 | AF16: =AH7 -> 11.83432 | AG16: =AH8 -> 9.509721 | AH16: =AH9 -> 17.159763 | AI16: =AH10 -> 8.3262891 | AJ16: =AH11 -> 4.9027895 | AK16: =AH12 -> 5.8326289 | AP16: =AP$3*10000+AQ16 -> 3301200 | AQ16: 1200 | AR16: =VLOOKUP(AP16,$T$5:$V$8788,2) -> 325.5 | AS16: =VLOOKUP(AP16,$T$5:$V$8788,3) -> 55.6
A17: =A$5-1+B17 -> 45292 | B17: 1 | C17: 1300 | D17: 509.54167 | E17: 125.62 | F17: =IF(E17>F$2,E17-F$2,0) -> 61.62 | G17: 0 | H17: 1.01 | J17: -3.301 | K17: 98.2 | L17: 0.1833 | M17: 0.1899 | N17: 0 | O17: 193.1 | T17: =B17*10000+C17 -> 11300 | U17: 285.3 | V17: =IF(O17<1,0,ROUND(O17,1)) -> 193.1 | W17: =IF(C17=2400,ROUND(L17,3),"") | X17: =IF(C17=2400,ROUND(M17,3),"") | Y17: =IF(C17=2400,ROUND(F17/100,3),"") | AA17: =ROUND((0.6105*(EXP((17.273*J17)/(J17+237.3))))*K17/100,3) -> 0.47 | AB17: =ROUND(AA17/K17*(100-K17),3) -> 0.009 | AD17: N-NE | AE17: NE-E | AF17: E-SE | AG17: SE-S | AH17: S-SW | AI17: SW-W | AJ17: W-NW | AK17: NW-N | AP17: =AP$3*10000+AQ17 -> 3301300 | AQ17: 1300 | AR17: =VLOOKUP(AP17,$T$5:$V$8788,2) -> 305.2 | AS17: =VLOOKUP(AP17,$T$5:$V$8788,3) -> 79.4
A18: =A$5-1+B18 -> 45292 | B18: 1 | C18: 1400 | D18: 509.58333 | E18: 127.96 | F18: =IF(E18>F$2,E18-F$2,0) -> 63.96 | G18: 0 | H18: 3.02 | J18: -4.106 | K18: 97.6 | L18: 0.1833 | M18: 0.1899 | N18: 0 | O18: 321.9 | T18: =B18*10000+C18 -> 11400 | U18: 229 | V18: =IF(O18<1,0,ROUND(O18,1)) -> 321.9 | W18: =IF(C18=2400,ROUND(L18,3),"") | X18: =IF(C18=2400,ROUND(M18,3),"") | Y18: =IF(C18=2400,ROUND(F18/100,3),"") | AA18: =ROUND((0.6105*(EXP((17.273*J18)/(J18+237.3))))*K18/100,3) -> 0.44 | AB18: =ROUND(AA18/K18*(100-K18),3) -> 0.011 | AP18: =AP$3*10000+AQ18 -> 3301400 | AQ18: 1400 | AR18: =VLOOKUP(AP18,$T$5:$V$8788,2) -> 237.2 | AS18: =VLOOKUP(AP18,$T$5:$V$8788,3) -> 70.6
A19: =A$5-1+B19 -> 45292 | B19: 1 | C19: 1500 | D19: 509.625 | E19: 128.07 | F19: =IF(E19>F$2,E19-F$2,0) -> 64.07 | G19: 0 | H19: 3.02 | J19: -5.295 | K19: 97.9 | L19: 0.1833 | M19: 0.1899 | N19: 0 | O19: 201.9 | T19: =B19*10000+C19 -> 11500 | U19: 132.8 | V19: =IF(O19<1,0,ROUND(O19,1)) -> 201.9 | W19: =IF(C19=2400,ROUND(L19,3),"") | X19: =IF(C19=2400,ROUND(M19,3),"") | Y19: =IF(C19=2400,ROUND(F19/100,3),"") | AA19: =ROUND((0.6105*(EXP((17.273*J19)/(J19+237.3))))*K19/100,3) -> 0.403 | AB19: =ROUND(AA19/K19*(100-K19),3) -> 0.009 | AP19: =AP$3*10000+AQ19 -> 3301500 | AQ19: 1500 | AR19: =VLOOKUP(AP19,$T$5:$V$8788,2) -> 131.5 | AS19: =VLOOKUP(AP19,$T$5:$V$8788,3) -> 19.4
A20: =A$5-1+B20 -> 45292 | B20: 1 | C20: 1600 | D20: 509.66667 | E20: 127.96 | F20: =IF(E20>F$2,E20-F$2,0) -> 63.96 | G20: 0 | H20: 2.52 | J20: -6.073 | K20: 98.1 | L20: 0.1833 | M20: 0.1899 | N20: 0 | O20: 75.6 | T20: =B20*10000+C20 -> 11600 | U20: 25.3 | V20: =IF(O20<1,0,ROUND(O20,1)) -> 75.6 | W20: =IF(C20=2400,ROUND(L20,3),"") | X20: =IF(C20=2400,ROUND(M20,3),"") | Y20: =IF(C20=2400,ROUND(F20/100,3),"") | AA20: =ROUND((0.6105*(EXP((17.273*J20)/(J20+237.3))))*K20/100,3) -> 0.38 | AB20: =ROUND(AA20/K20*(100-K20),3) -> 0.007 | AP20: =AP$3*10000+AQ20 -> 3301600 | AQ20: 1600 | AR20: =VLOOKUP(AP20,$T$5:$V$8788,2) -> 21.3 | AS20: =VLOOKUP(AP20,$T$5:$V$8788,3) -> 3.1
A21: =A$5-1+B21 -> 45292 | B21: 1 | C21: 1700 | D21: 509.70833 | E21: 127.37 | F21: =IF(E21>F$2,E21-F$2,0) -> 63.37 | G21: 0 | H21: 1.51 | J21: -6.802 | K21: 97.9 | L21: 0.1833 | M21: 0.1899 | N21: 0 | O21: 0.6 | T21: =B21*10000+C21 -> 11700 | U21: 0 | V21: =IF(O21<1,0,ROUND(O21,1)) -> 0 | W21: =IF(C21=2400,ROUND(L21,3),"") | X21: =IF(C21=2400,ROUND(M21,3),"") | Y21: =IF(C21=2400,ROUND(F21/100,3),"") | AA21: =ROUND((0.6105*(EXP((17.273*J21)/(J21+237.3))))*K21/100,3) -> 0.359 | AB21: =ROUND(AA21/K21*(100-K21),3) -> 0.008 | AP21: =AP$3*10000+AQ21 -> 3301700 | AQ21: 1700 | AR21: =VLOOKUP(AP21,$T$5:$V$8788,2) -> 0 | AS21: =VLOOKUP(AP21,$T$5:$V$8788,3) -> 0
A22: =A$5-1+B22 -> 45292 | B22: 1 | C22: 1800 | D22: 509.75 | E22: 126.55 | F22: =IF(E22>F$2,E22-F$2,0) -> 62.55 | G22: 0 | H22: 3.52 | J22: -6.994 | K22: 97.6 | L22: 0.184 | M22: 0.1899 | N22: 0 | O22: 0.6 | T22: =B22*10000+C22 -> 11800 | U22: 0 | V22: =IF(O22<1,0,ROUND(O22,1)) -> 0 | W22: =IF(C22=2400,ROUND(L22,3),"") | X22: =IF(C22=2400,ROUND(M22,3),"") | Y22: =IF(C22=2400,ROUND(F22/100,3),"") | AA22: =ROUND((0.6105*(EXP((17.273*J22)/(J22+237.3))))*K22/100,3) -> 0.353 | AB22: =ROUND(AA22/K22*(100-K22),3) -> 0.009 | AP22: =AP$3*10000+AQ22 -> 3301800 | AQ22: 1800 | AR22: =VLOOKUP(AP22,$T$5:$V$8788,2) -> 0 | AS22: =VLOOKUP(AP22,$T$5:$V$8788,3) -> 0
A23: =A$5-1+B23 -> 45292 | B23: 1 | C23: 1900 | D23: 509.79167 | E23: 126.79 | F23: =IF(E23>F$2,E23-F$2,0) -> 62.79 | G23: 1.01 | H23: 4.53 | J23: -7.187 | K23: 97.4 | L23: 0.184 | M23: 0.1899 | N23: 0 | O23: 0.6 | T23: =B23*10000+C23 -> 11900 | U23: 0 | V23: =IF(O23<1,0,ROUND(O23,1)) -> 0 | W23: =IF(C23=2400,ROUND(L23,3),"") | X23: =IF(C23=2400,ROUND(M23,3),"") | Y23: =IF(C23=2400,ROUND(F23/100,3),"") | AA23: =ROUND((0.6105*(EXP((17.273*J23)/(J23+237.3))))*K23/100,3) -> 0.347 | AB23: =ROUND(AA23/K23*(100-K23),3) -> 0.009 | AP23: =AP$3*10000+AQ23 -> 3301900 | AQ23: 1900 | AR23: =VLOOKUP(AP23,$T$5:$V$8788,2) -> 0 | AS23: =VLOOKUP(AP23,$T$5:$V$8788,3) -> 0
A24: =A$5-1+B24 -> 45292 | B24: 1 | C24: 2000 | D24: 509.83333 | E24: 126.08 | F24: =IF(E24>F$2,E24-F$2,0) -> 62.08 | G24: 2.52 | H24: 6.54 | J24: -7.381 | K24: 97.4 | L24: 0.184 | M24: 0.1899 | N24: 0 | O24: 0.6 | T24: =B24*10000+C24 -> 12000 | U24: 0 | V24: =IF(O24<1,0,ROUND(O24,1)) -> 0 | W24: =IF(C24=2400,ROUND(L24,3),"") | X24: =IF(C24=2400,ROUND(M24,3),"") | Y24: =IF(C24=2400,ROUND(F24/100,3),"") | AA24: =ROUND((0.6105*(EXP((17.273*J24)/(J24+237.3))))*K24/100,3) -> 0.342 | AB24: =ROUND(AA24/K24*(100-K24),3) -> 0.009 | AP24: =AP$3*10000+AQ24 -> 3302000 | AQ24: 2000 | AR24: =VLOOKUP(AP24,$T$5:$V$8788,2) -> 0 | AS24: =VLOOKUP(AP24,$T$5:$V$8788,3) -> 0
A25: =A$5-1+B25 -> 45292 | B25: 1 | C25: 2100 | D25: 509.875 | E25: 125.38 | F25: =IF(E25>F$2,E25-F$2,0) -> 61.38 | G25: 2.52 | H25: 5.54 | J25: -7.673 | K25: 97.1 | L25: 0.184 | M25: 0.1899 | N25: 0 | O25: 0.6 | T25: =B25*10000+C25 -> 12100 | U25: 0 | V25: =IF(O25<1,0,ROUND(O25,1)) -> 0 | W25: =IF(C25=2400,ROUND(L25,3),"") | X25: =IF(C25=2400,ROUND(M25,3),"") | Y25: =IF(C25=2400,ROUND(F25/100,3),"") | AA25: =ROUND((0.6105*(EXP((17.273*J25)/(J25+237.3))))*K25/100,3) -> 0.333 | AB25: =ROUND(AA25/K25*(100-K25),3) -> 0.01 | AP25: =AP$3*10000+AQ25 -> 3302100 | AQ25: 2100 | AR25: =VLOOKUP(AP25,$T$5:$V$8788,2) -> 0 | AS25: =VLOOKUP(AP25,$T$5:$V$8788,3) -> 0
A26: =A$5-1+B26 -> 45292 | B26: 1 | C26: 2200 | D26: 509.91667 | E26: 126.08 | F26: =IF(E26>F$2,E26-F$2,0) -> 62.08 | G26: 2.52 | H26: 5.54 | J26: -7.738 | K26: 97 | L26: 0.184 | M26: 0.1906 | N26: 0 | O26: 0.6 | T26: =B26*10000+C26 -> 12200 | U26: 0 | V26: =IF(O26<1,0,ROUND(O26,1)) -> 0 | W26: =IF(C26=2400,ROUND(L26,3),"") | X26: =IF(C26=2400,ROUND(M26,3),"") | Y26: =IF(C26=2400,ROUND(F26/100,3),"") | AA26: =ROUND((0.6105*(EXP((17.273*J26)/(J26+237.3))))*K26/100,3) -> 0.331 | AB26: =ROUND(AA26/K26*(100-K26),3) -> 0.01 | AP26: =AP$3*10000+AQ26 -> 3302200 | AQ26: 2200 | AR26: =VLOOKUP(AP26,$T$5:$V$8788,2) -> 0 | AS26: =VLOOKUP(AP26,$T$5:$V$8788,3) -> 0
A27: =A$5-1+B27 -> 45292 | B27: 1 | C27: 2300 | D27: 509.95833 | E27: 125.62 | F27: =IF(E27>F$2,E27-F$2,0) -> 61.62 | G27: 1.51 | H27: 5.03 | J27: -7.673 | K27: 97.1 | L27: 0.184 | M27: 0.1906 | N27: 0 | O27: 0.6 | T27: =B27*10000+C27 -> 12300 | U27: 0 | V27: =IF(O27<1,0,ROUND(O27,1)) -> 0 | W27: =IF(C27=2400,ROUND(L27,3),"") | X27: =IF(C27=2400,ROUND(M27,3),"") | Y27: =IF(C27=2400,ROUND(F27/100,3),"") | AA27: =ROUND((0.6105*(EXP((17.273*J27)/(J27+237.3))))*K27/100,3) -> 0.333 | AB27: =ROUND(AA27/K27*(100-K27),3) -> 0.01 | AP27: =AP$3*10000+AQ27 -> 3302300 | AQ27: 2300 | AR27: =VLOOKUP(AP27,$T$5:$V$8788,2) -> 0 | AS27: =VLOOKUP(AP27,$T$5:$V$8788,3) -> 0
A28: =A$5-1+B28 -> 45292 | B28: 1 | C28: 2400 | D28: 510 | E28: 126.2 | F28: =IF(E28>F$2,E28-F$2,0) -> 62.2 | G28: 1.51 | H28: 4.03 | J28: -7.804 | K28: 97 | L28: 0.184 | M28: 0.1906 | N28: 0 | O28: 0.6 | T28: =B28*10000+C28 -> 12400 | U28: 0 | V28: =IF(O28<1,0,ROUND(O28,1)) -> 0 | W28: =IF(C28=2400,ROUND(L28,3),"") -> 0.184 | X28: =IF(C28=2400,ROUND(M28,3),"") -> 0.191 | Y28: =IF(C28=2400,ROUND(F28/100,3),"") -> 0.622 | AA28: =ROUND((0.6105*(EXP((17.273*J28)/(J28+237.3))))*K28/100,3) -> 0.329 | AB28: =ROUND(AA28/K28*(100-K28),3) -> 0.01 | AP28: =AP$3*10000+AQ28 -> 3302400 | AQ28: 2400 | AR28: =VLOOKUP(AP28,$T$5:$V$8788,2) -> 0 | AS28: =VLOOKUP(AP28,$T$5:$V$8788,3) -> 0
A29: =A$5-1+B29 -> 45293 | B29: 2 | C29: 100 | D29: 510.04167 | E29: 126.32 | F29: =IF(E29>F$2,E29-F$2,0) -> 62.32 | G29: 1.01 | H29: 4.03 | J29: -7.64 | K29: 96.9 | L29: 0.184 | M29: 0.1906 | N29: 0 | O29: 0.6 | T29: =B29*10000+C29 -> 20100 | U29: 0 | V29: =IF(O29<1,0,ROUND(O29,1)) -> 0 | W29: =IF(C29=2400,ROUND(L29,3),"") | X29: =IF(C29=2400,ROUND(M29,3),"") | Y29: =IF(C29=2400,ROUND(F29/100,3),"") | AA29: =ROUND((0.6105*(EXP((17.273*J29)/(J29+237.3))))*K29/100,3) -> 0.333 | AB29: =ROUND(AA29/K29*(100-K29),3) -> 0.011 | AP29: =AP5+10000 -> 3310100 | AQ29: 100 | AR29: =VLOOKUP(AP29,$T$5:$V$8788,2) -> 0 | AS29: =VLOOKUP(AP29,$T$5:$V$8788,3) -> 0
A30: =A$5-1+B30 -> 45293 | B30: 2 | C30: 200 | D30: 510.08333 | E30: 125.85 | F30: =IF(E30>F$2,E30-F$2,0) -> 61.85 | G30: 0.5 | H30: 3.52 | J30: -7.478 | K30: 97.1 | L30: 0.184 | M30: 0.1906 | N30: 0 | O30: 0.6 | T30: =B30*10000+C30 -> 20200 | U30: 0 | V30: =IF(O30<1,0,ROUND(O30,1)) -> 0 | W30: =IF(C30=2400,ROUND(L30,3),"") | X30: =IF(C30=2400,ROUND(M30,3),"") | Y30: =IF(C30=2400,ROUND(F30/100,3),"") | AA30: =ROUND((0.6105*(EXP((17.273*J30)/(J30+237.3))))*K30/100,3) -> 0.338 | AB30: =ROUND(AA30/K30*(100-K30),3) -> 0.01 | AP30: =AP6+10000 -> 3310200 | AQ30: 200 | AR30: =VLOOKUP(AP30,$T$5:$V$8788,2) -> 0 | AS30: =VLOOKUP(AP30,$T$5:$V$8788,3) -> 0
A31: =A$5-1+B31 -> 45293 | B31: 2 | C31: 300 | D31: 510.125 | E31: 125.03 | F31: =IF(E31>F$2,E31-F$2,0) -> 61.03 | G31: 0.5 | H31: 3.02 | J31: -7.445 | K31: 97 | L31: 0.184 | M31: 0.1906 | N31: 0 | O31: 0.6 | T31: =B31*10000+C31 -> 20300 | U31: 0 | V31: =IF(O31<1,0,ROUND(O31,1)) -> 0 | W31: =IF(C31=2400,ROUND(L31,3),"") | X31: =IF(C31=2400,ROUND(M31,3),"") | Y31: =IF(C31=2400,ROUND(F31/100,3),"") | AA31: =ROUND((0.6105*(EXP((17.273*J31)/(J31+237.3))))*K31/100,3) -> 0.338 | AB31: =ROUND(AA31/K31*(100-K31),3) -> 0.01 | AP31: =AP7+10000 -> 3310300 | AQ31: 300 | AR31: =VLOOKUP(AP31,$T$5:$V$8788,2) -> 0 | AS31: =VLOOKUP(AP31,$T$5:$V$8788,3) -> 0
A32: =A$5-1+B32 -> 45293 | B32: 2 | C32: 400 | D32: 510.16667 | E32: 125.73 | F32: =IF(E32>F$2,E32-F$2,0) -> 61.73 | G32: 0 | H32: 2.01 | J32: -7.348 | K32: 97.1 | L32: 0.184 | M32: 0.1906 | N32: 0 | O32: 0.6 | T32: =B32*10000+C32 -> 20400 | U32: 0 | V32: =IF(O32<1,0,ROUND(O32,1)) -> 0 | W32: =IF(C32=2400,ROUND(L32,3),"") | X32: =IF(C32=2400,ROUND(M32,3),"") | Y32: =IF(C32=2400,ROUND(F32/100,3),"") | AA32: =ROUND((0.6105*(EXP((17.273*J32)/(J32+237.3))))*K32/100,3) -> 0.341 | AB32: =ROUND(AA32/K32*(100-K32),3) -> 0.01 | AP32: =AP8+10000 -> 3310400 | AQ32: 400 | AR32: =VLOOKUP(AP32,$T$5:$V$8788,2) -> 0 | AS32: =VLOOKUP(AP32,$T$5:$V$8788,3) -> 0
A33: =A$5-1+B33 -> 45293 | B33: 2 | C33: 500 | D33: 510.20833 | E33: 125.15 | F33: =IF(E33>F$2,E33-F$2,0) -> 61.15 | G33: 0 | H33: 2.01 | J33: -7.251 | K33: 97.2 | L33: 0.1848 | M33: 0.1906 | N33: 0 | O33: 0.6 | T33: =B33*10000+C33 -> 20500 | U33: 0 | V33: =IF(O33<1,0,ROUND(O33,1)) -> 0 | W33: =IF(C33=2400,ROUND(L33,3),"") | X33: =IF(C33=2400,ROUND(M33,3),"") | Y33: =IF(C33=2400,ROUND(F33/100,3),"") | AA33: =ROUND((0.6105*(EXP((17.273*J33)/(J33+237.3))))*K33/100,3) -> 0.344 | AB33: =ROUND(AA33/K33*(100-K33),3) -> 0.01 | AP33: =AP9+10000 -> 3310500 | AQ33: 500 | AR33: =VLOOKUP(AP33,$T$5:$V$8788,2) -> 0 | AS33: =VLOOKUP(AP33,$T$5:$V$8788,3) -> 0
A34: =A$5-1+B34 -> 45293 | B34: 2 | C34: 600 | D34: 510.25 | E34: 124.8 | F34: =IF(E34>F$2,E34-F$2,0) -> 60.8 | G34: 0 | H34: 2.01 | J34: -6.93 | K34: 97.3 | L34: 0.184 | M34: 0.1913 | N34: 0 | O34: 0.6 | T34: =B34*10000+C34 -> 20600 | U34: 0 | V34: =IF(O34<1,0,ROUND(O34,1)) -> 0 | W34: =IF(C34=2400,ROUND(L34,3),"") | X34: =IF(C34=2400,ROUND(M34,3),"") | Y34: =IF(C34=2400,ROUND(F34/100,3),"") | AA34: =ROUND((0.6105*(EXP((17.273*J34)/(J34+237.3))))*K34/100,3) -> 0.353 | AB34: =ROUND(AA34/K34*(100-K34),3) -> 0.01 | AP34: =AP10+10000 -> 3310600 | AQ34: 600 | AR34: =VLOOKUP(AP34,$T$5:$V$8788,2) -> 0 | AS34: =VLOOKUP(AP34,$T$5:$V$8788,3) -> 0
A35: =A$5-1+B35 -> 45293 | B35: 2 | C35: 700 | D35: 510.29167 | E35: 124.68 | F35: =IF(E35>F$2,E35-F$2,0) -> 60.68 | G35: 0 | H35: 1.51 | J35: -6.674 | K35: 97.5 | L35: 0.1848 | M35: 0.1913 | N35: 0 | O35: 0.6 | T35: =B35*10000+C35 -> 20700 | U35: 0 | V35: =IF(O35<1,0,ROUND(O35,1)) -> 0 | W35: =IF(C35=2400,ROUND(L35,3),"") | X35: =IF(C35=2400,ROUND(M35,3),"") | Y35: =IF(C35=2400,ROUND(F35/100,3),"") | AA35: =ROUND((0.6105*(EXP((17.273*J35)/(J35+237.3))))*K35/100,3) -> 0.361 | AB35: =ROUND(AA35/K35*(100-K35),3) -> 0.009 | AP35: =AP11+10000 -> 3310700 | AQ35: 700 | AR35: =VLOOKUP(AP35,$T$5:$V$8788,2) -> 0 | AS35: =VLOOKUP(AP35,$T$5:$V$8788,3) -> 0
A36: =A$5-1+B36 -> 45293 | B36: 2 | C36: 800 | D36: 510.33333 | E36: 123.98 | F36: =IF(E36>F$2,E36-F$2,0) -> 59.98 | G36: 0 | H36: 2.01 | J36: -6.452 | K36: 97.6 | L36: 0.1848 | M36: 0.1913 | N36: 0 | O36: 0.6 | T36: =B36*10000+C36 -> 20800 | U36: 0 | V36: =IF(O36<1,0,ROUND(O36,1)) -> 0 | W36: =IF(C36=2400,ROUND(L36,3),"") | X36: =IF(C36=2400,ROUND(M36,3),"") | Y36: =IF(C36=2400,ROUND(F36/100,3),"") | AA36: =ROUND((0.6105*(EXP((17.273*J36)/(J36+237.3))))*K36/100,3) -> 0.368 | AB36: =ROUND(AA36/K36*(100-K36),3) -> 0.009 | AP36: =AP12+10000 -> 3310800 | AQ36: 800 | AR36: =VLOOKUP(AP36,$T$5:$V$8788,2) -> 8.5 | AS36: =VLOOKUP(AP36,$T$5:$V$8788,3) -> 0
A37: =A$5-1+B37 -> 45293 | B37: 2 | C37: 900 | D37: 510.375 | E37: 123.86 | F37: =IF(E37>F$2,E37-F$2,0) -> 59.86 | G37: 0 | H37: 1.51 | J37: -6.042 | K37: 97.7 | L37: 0.1848 | M37: 0.1913 | N37: 0 | O37: 11.9 | T37: =B37*10000+C37 -> 20900 | U37: 55.2 | V37: =IF(O37<1,0,ROUND(O37,1)) -> 11.9 | W37: =IF(C37=2400,ROUND(L37,3),"") | X37: =IF(C37=2400,ROUND(M37,3),"") | Y37: =IF(C37=2400,ROUND(F37/100,3),"") | AA37: =ROUND((0.6105*(EXP((17.273*J37)/(J37+237.3))))*K37/100,3) -> 0.38 | AB37: =ROUND(AA37/K37*(100-K37),3) -> 0.009 | AP37: =AP13+10000 -> 3310900 | AQ37: 900 | AR37: =VLOOKUP(AP37,$T$5:$V$8788,2) -> 104.8 | AS37: =VLOOKUP(AP37,$T$5:$V$8788,3) -> 5.6
A38: =A$5-1+B38 -> 45293 | B38: 2 | C38: 1000 | D38: 510.41667 | E38: 123.63 | F38: =IF(E38>F$2,E38-F$2,0) -> 59.63 | G38: 0 | H38: 1.51 | J38: -5.823 | K38: 97.8 | L38: 0.1848 | M38: 0.1913 | N38: 0 | O38: 34.4 | T38: =B38*10000+C38 -> 21000 | U38: 166.8 | V38: =IF(O38<1,0,ROUND(O38,1)) -> 34.4 | W38: =IF(C38=2400,ROUND(L38,3),"") | X38: =IF(C38=2400,ROUND(M38,3),"") | Y38: =IF(C38=2400,ROUND(F38/100,3),"") | AA38: =ROUND((0.6105*(EXP((17.273*J38)/(J38+237.3))))*K38/100,3) -> 0.387 | AB38: =ROUND(AA38/K38*(100-K38),3) -> 0.009 | AP38: =AP14+10000 -> 3311000 | AQ38: 1000 | AR38: =VLOOKUP(AP38,$T$5:$V$8788,2) -> 215 | AS38: =VLOOKUP(AP38,$T$5:$V$8788,3) -> 23.1
A39: =A$5-1+B39 -> 45293 | B39: 2 | C39: 1100 | D39: 510.45833 | E39: 123.16 | F39: =IF(E39>F$2,E39-F$2,0) -> 59.16 | G39: 0 | H39: 2.52 | J39: -5.172 | K39: 98 | L39: 0.1848 | M39: 0.192 | N39: 0 | O39: 73.1 | T39: =B39*10000+C39 -> 21100 | U39: 252.8 | V39: =IF(O39<1,0,ROUND(O39,1)) -> 73.1 | W39: =IF(C39=2400,ROUND(L39,3),"") | X39: =IF(C39=2400,ROUND(M39,3),"") | Y39: =IF(C39=2400,ROUND(F39/100,3),"") | AA39: =ROUND((0.6105*(EXP((17.273*J39)/(J39+237.3))))*K39/100,3) -> 0.407 | AB39: =ROUND(AA39/K39*(100-K39),3) -> 0.008 | AP39: =AP15+10000 -> 3311100 | AQ39: 1100 | AR39: =VLOOKUP(AP39,$T$5:$V$8788,2) -> 292 | AS39: =VLOOKUP(AP39,$T$5:$V$8788,3) -> 36.9
A40: =A$5-1+B40 -> 45293 | B40: 2 | C40: 1200 | D40: 510.5 | E40: 125.03 | F40: =IF(E40>F$2,E40-F$2,0) -> 61.03 | G40: 0 | H40: 2.52 | J40: -5.202 | K40: 98.2 | L40: 0.1848 | M40: 0.192 | N40: 0 | O40: 64.4 | T40: =B40*10000+C40 -> 21200 | U40: 294.8 | V40: =IF(O40<1,0,ROUND(O40,1)) -> 64.4 | W40: =IF(C40=2400,ROUND(L40,3),"") | X40: =IF(C40=2400,ROUND(M40,3),"") | Y40: =IF(C40=2400,ROUND(F40/100,3),"") | AA40: =ROUND((0.6105*(EXP((17.273*J40)/(J40+237.3))))*K40/100,3) -> 0.407 | AB40: =ROUND(AA40/K40*(100-K40),3) -> 0.007 | AP40: =AP16+10000 -> 3311200 | AQ40: 1200 | AR40: =VLOOKUP(AP40,$T$5:$V$8788,2) -> 322.3 | AS40: =VLOOKUP(AP40,$T$5:$V$8788,3) -> 36.9
... A52: =A$5-1+B52 -> 45293 | B52: 2 | C52: 2400 | D52: 511 | E52: 125.97 | F52: =IF(E52>F$2,E52-F$2,0) -> 61.97 | G52: 0 | H52: 1.51 | J52: -4.773 | K52: 98.8 | L52: 0.1855 | M52: 0.1928 | N52: 0 | O52: 0.6 | T52: =B52*10000+C52 -> 22400 | U52: 0 | V52: =IF(O52<1,0,ROUND(O52,1)) -> 0 | W52: =IF(C52=2400,ROUND(L52,3),"") -> 0.186 | X52: =IF(C52=2400,ROUND(M52,3),"") -> 0.193 | Y52: =IF(C52=2400,ROUND(F52/100,3),"") -> 0.62 | AA52: =ROUND((0.6105*(EXP((17.273*J52)/(J52+237.3))))*K52/100,3) -> 0.423 | AB52: =ROUND(AA52/K52*(100-K52),3) -> 0.005 | AP52: =AP28+10000 -> 3312400 | AQ52: 2400 | AR52: =VLOOKUP(AP52,$T$5:$V$8788,2) -> 0 | AS52: =VLOOKUP(AP52,$T$5:$V$8788,3) -> 0
A53: =A$5-1+B53 -> 45294 | B53: 3 | C53: 100 | D53: 511.04167 | E53: 126.9 | F53: =IF(E53>F$2,E53-F$2,0) -> 62.9 | G53: 0 | H53: 1.51 | J53: -4.926 | K53: 98.7 | L53: 0.1855 | M53: 0.1928 | N53: 0 | O53: 0.6 | T53: =B53*10000+C53 -> 30100 | U53: 0 | V53: =IF(O53<1,0,ROUND(O53,1)) -> 0 | W53: =IF(C53=2400,ROUND(L53,3),"") | X53: =IF(C53=2400,ROUND(M53,3),"") | Y53: =IF(C53=2400,ROUND(F53/100,3),"") | AA53: =ROUND((0.6105*(EXP((17.273*J53)/(J53+237.3))))*K53/100,3) -> 0.418 | AB53: =ROUND(AA53/K53*(100-K53),3) -> 0.006
A54: =A$5-1+B54 -> 45294 | B54: 3 | C54: 200 | D54: 511.08333 | E54: 127.02 | F54: =IF(E54>F$2,E54-F$2,0) -> 63.02 | G54: 0 | H54: 1.51 | J54: -5.049 | K54: 98.7 | L54: 0.1855 | M54: 0.1928 | N54: 0 | O54: 0.6 | T54: =B54*10000+C54 -> 30200 | U54: 0 | V54: =IF(O54<1,0,ROUND(O54,1)) -> 0 | W54: =IF(C54=2400,ROUND(L54,3),"") | X54: =IF(C54=2400,ROUND(M54,3),"") | Y54: =IF(C54=2400,ROUND(F54/100,3),"") | AA54: =ROUND((0.6105*(EXP((17.273*J54)/(J54+237.3))))*K54/100,3) -> 0.414 | AB54: =ROUND(AA54/K54*(100-K54),3) -> 0.005
A55: =A$5-1+B55 -> 45294 | B55: 3 | C55: 300 | D55: 511.125 | E55: 127.02 | F55: =IF(E55>F$2,E55-F$2,0) -> 63.02 | G55: 0 | H55: 1.51 | J55: -4.682 | K55: 98.7 | L55: 0.1855 | M55: 0.1935 | N55: 0 | O55: 0.6 | T55: =B55*10000+C55 -> 30300 | U55: 0 | V55: =IF(O55<1,0,ROUND(O55,1)) -> 0 | W55: =IF(C55=2400,ROUND(L55,3),"") | X55: =IF(C55=2400,ROUND(M55,3),"") | Y55: =IF(C55=2400,ROUND(F55/100,3),"") | AA55: =ROUND((0.6105*(EXP((17.273*J55)/(J55+237.3))))*K55/100,3) -> 0.426 | AB55: =ROUND(AA55/K55*(100-K55),3) -> 0.006
A56: =A$5-1+B56 -> 45294 | B56: 3 | C56: 400 | D56: 511.16667 | E56: 126.2 | F56: =IF(E56>F$2,E56-F$2,0) -> 62.2 | G56: 0 | H56: 1.01 | J56: -4.227 | K56: 98.8 | L56: 0.1855 | M56: 0.1935 | N56: 0 | O56: 0.6 | T56: =B56*10000+C56 -> 30400 | U56: 0 | V56: =IF(O56<1,0,ROUND(O56,1)) -> 0 | W56: =IF(C56=2400,ROUND(L56,3),"") | X56: =IF(C56=2400,ROUND(M56,3),"") | Y56: =IF(C56=2400,ROUND(F56/100,3),"") | AA56: =ROUND((0.6105*(EXP((17.273*J56)/(J56+237.3))))*K56/100,3) -> 0.441 | AB56: =ROUND(AA56/K56*(100-K56),3) -> 0.005
A57: =A$5-1+B57 -> 45294 | B57: 3 | C57: 500 | D57: 511.20833 | E57: 128.19 | F57: =IF(E57>F$2,E57-F$2,0) -> 64.19 | G57: 0 | H57: 0 | J57: -4.378 | K57: 99.1 | L57: 0.1855 | M57: 0.1935 | N57: 0 | O57: 0.6 | T57: =B57*10000+C57 -> 30500 | U57: 0 | V57: =IF(O57<1,0,ROUND(O57,1)) -> 0 | W57: =IF(C57=2400,ROUND(L57,3),"") | X57: =IF(C57=2400,ROUND(M57,3),"") | Y57: =IF(C57=2400,ROUND(F57/100,3),"") | AA57: =ROUND((0.6105*(EXP((17.273*J57)/(J57+237.3))))*K57/100,3) -> 0.437 | AB57: =ROUND(AA57/K57*(100-K57),3) -> 0.004
A58: =A$5-1+B58 -> 45294 | B58: 3 | C58: 600 | D58: 511.25 | E58: 128.19 | F58: =IF(E58>F$2,E58-F$2,0) -> 64.19 | G58: 0 | H58: 0 | J58: -4.227 | K58: 99 | L58: 0.1855 | M58: 0.1935 | N58: 0 | O58: 0.6 | T58: =B58*10000+C58 -> 30600 | U58: 0 | V58: =IF(O58<1,0,ROUND(O58,1)) -> 0 | W58: =IF(C58=2400,ROUND(L58,3),"") | X58: =IF(C58=2400,ROUND(M58,3),"") | Y58: =IF(C58=2400,ROUND(F58/100,3),"") | AA58: =ROUND((0.6105*(EXP((17.273*J58)/(J58+237.3))))*K58/100,3) -> 0.442 | AB58: =ROUND(AA58/K58*(100-K58),3) -> 0.004
A59: =A$5-1+B59 -> 45294 | B59: 3 | C59: 700 | D59: 511.29167 | E59: 127.84 | F59: =IF(E59>F$2,E59-F$2,0) -> 63.84 | G59: 0 | H59: 0 | J59: -4.621 | K59: 99 | L59: 0.1855 | M59: 0.1935 | N59: 0 | O59: 0.6 | T59: =B59*10000+C59 -> 30700 | U59: 0 | V59: =IF(O59<1,0,ROUND(O59,1)) -> 0 | W59: =IF(C59=2400,ROUND(L59,3),"") | X59: =IF(C59=2400,ROUND(M59,3),"") | Y59: =IF(C59=2400,ROUND(F59/100,3),"") | AA59: =ROUND((0.6105*(EXP((17.273*J59)/(J59+237.3))))*K59/100,3) -> 0.429 | AB59: =ROUND(AA59/K59*(100-K59),3) -> 0.004
A60: =A$5-1+B60 -> 45294 | B60: 3 | C60: 800 | D60: 511.33333 | E60: 127.84 | F60: =IF(E60>F$2,E60-F$2,0) -> 63.84 | G60: 0 | H60: 0 | J60: -4.865 | K60: 98.9 | L60: 0.1855 | M60: 0.1935 | N60: 0 | O60: 0.6 | T60: =B60*10000+C60 -> 30800 | U60: 0 | V60: =IF(O60<1,0,ROUND(O60,1)) -> 0 | W60: =IF(C60=2400,ROUND(L60,3),"") | X60: =IF(C60=2400,ROUND(M60,3),"") | Y60: =IF(C60=2400,ROUND(F60/100,3),"") | AA60: =ROUND((0.6105*(EXP((17.273*J60)/(J60+237.3))))*K60/100,3) -> 0.421 | AB60: =ROUND(AA60/K60*(100-K60),3) -> 0.005
A61: =A$5-1+B61 -> 45294 | B61: 3 | C61: 900 | D61: 511.375 | E61: 127.6 | F61: =IF(E61>F$2,E61-F$2,0) -> 63.6 | G61: 0 | H61: 0 | J61: -3.568 | K61: 98.8 | L61: 0.1855 | M61: 0.1935 | N61: 0 | O61: 5.6 | T61: =B61*10000+C61 -> 30900 | U61: 55.8 | V61: =IF(O61<1,0,ROUND(O61,1)) -> 5.6 | W61: =IF(C61=2400,ROUND(L61,3),"") | X61: =IF(C61=2400,ROUND(M61,3),"") | Y61: =IF(C61=2400,ROUND(F61/100,3),"") | AA61: =ROUND((0.6105*(EXP((17.273*J61)/(J61+237.3))))*K61/100,3) -> 0.463 | AB61: =ROUND(AA61/K61*(100-K61),3) -> 0.006
A62: =A$5-1+B62 -> 45294 | B62: 3 | C62: 1000 | D62: 511.41667 | E62: 127.49 | F62: =IF(E62>F$2,E62-F$2,0) -> 63.49 | G62: 0 | H62: 0 | J62: -2.479 | K62: 99.5 | L62: 0.1855 | M62: 0.1942 | N62: 0 | O62: 19.4 | T62: =B62*10000+C62 -> 31000 | U62: 167.5 | V62: =IF(O62<1,0,ROUND(O62,1)) -> 19.4 | W62: =IF(C62=2400,ROUND(L62,3),"") | X62: =IF(C62=2400,ROUND(M62,3),"") | Y62: =IF(C62=2400,ROUND(F62/100,3),"") | AA62: =ROUND((0.6105*(EXP((17.273*J62)/(J62+237.3))))*K62/100,3) -> 0.506 | AB62: =ROUND(AA62/K62*(100-K62),3) -> 0.003
A63: =A$5-1+B63 -> 45294 | B63: 3 | C63: 1100 | D63: 511.45833 | E63: 127.25 | F63: =IF(E63>F$2,E63-F$2,0) -> 63.25 | G63: 0 | H63: 0 | J63: -2.102 | K63: 100 | L63: 0.1855 | M63: 0.1942 | N63: 0 | O63: 29.4 | T63: =B63*10000+C63 -> 31100 | U63: 253.8 | V63: =IF(O63<1,0,ROUND(O63,1)) -> 29.4 | W63: =IF(C63=2400,ROUND(L63,3),"") | X63: =IF(C63=2400,ROUND(M63,3),"") | Y63: =IF(C63=2400,ROUND(F63/100,3),"") | AA63: =ROUND((0.6105*(EXP((17.273*J63)/(J63+237.3))))*K63/100,3) -> 0.523 | AB63: =ROUND(AA63/K63*(100-K63),3) -> 0
A64: =A$5-1+B64 -> 45294 | B64: 3 | C64: 1200 | D64: 511.5 | E64: 126.9 | F64: =IF(E64>F$2,E64-F$2,0) -> 62.9 | G64: 0 | H64: 0 | J64: -0.423 | K64: 100 | L64: 0.1855 | M64: 0.1942 | N64: 0 | O64: 54.4 | T64: =B64*10000+C64 -> 31200 | U64: 296.3 | V64: =IF(O64<1,0,ROUND(O64,1)) -> 54.4 | W64: =IF(C64=2400,ROUND(L64,3),"") | X64: =IF(C64=2400,ROUND(M64,3),"") | Y64: =IF(C64=2400,ROUND(F64/100,3),"") | AA64: =ROUND((0.6105*(EXP((17.273*J64)/(J64+237.3))))*K64/100,3) -> 0.592 | AB64: =ROUND(AA64/K64*(100-K64),3) -> 0
... A6422: =A$5-1+B6422 -> 45559 | B6422: 268 | C6422: 1000 | D6422: 776.41667 | E6422: 63.37 | F6422: =IF(E6422>F$2,E6422-F$2,0) -> 0 | G6422: 1.01 | H6422: 4.53 | J6422: 16.749 | K6422: 65.4 | L6422: 0.0431 | M6422: 0.0867 | N6422: 0 | O6422: 544.4 | T6422: =B6422*10000+C6422 -> 2681000 | U6422: 537.2 | V6422: =IF(O6422<1,0,ROUND(O6422,1)) -> 544.4 | W6422: =IF(C6422=2400,ROUND(L6422,3),"") | X6422: =IF(C6422=2400,ROUND(M6422,3),"") | Y6422: =IF(C6422=2400,ROUND(F6422/100,3),"") | AA6422: =ROUND((0.6105*(EXP((17.273*J6422)/(J6422+237.3))))*K6422/100,3) -> 1.247 | AB6422: =ROUND(AA6422/K6422*(100-K6422),3) -> 0.66
A6423: =A$5-1+B6423 -> 45559 | B6423: 268 | C6423: 1100 | D6423: 776.45833 | G6423: 1.007 | H6423: 4.529 | I6423: 82.831 | J6423: 16.749 | K6423: 65.4 | L6423: 0.043 | M6423: 0.087 | N6423: 0 | O6423: 544.375 | T6423: =B6423*10000+C6423 -> 2681100 | U6423: 632 | V6423: =IF(O6423<1,0,ROUND(O6423,1)) -> 544.4 | W6423: =IF(C6423=2400,ROUND(L6423,3),"") | X6423: =IF(C6423=2400,ROUND(M6423,3),"") | Y6423: =IF(C6423=2400,ROUND(F6423/100,3),"") | Z6423: New wind direction. Telemetry activated | AA6423: =ROUND((0.6105*(EXP((17.273*J6423)/(J6423+237.3))))*K6423/100,3) -> 1.247 | AB6423: =ROUND(AA6423/K6423*(100-K6423),3) -> 0.66
A6424: =A$5-1+B6424 -> 45559 | B6424: 268 | C6424: 1200 | D6424: 776.5 | F6424: 1.381 | G6424: 1.51 | H6424: 5.033 | I6424: 35.098 | J6424: 20.007 | K6424: 62.5 | L6424: 0.045 | M6424: 0.085 | N6424: 0 | O6424: 624.375 | T6424: =B6424*10000+C6424 -> 2681200 | U6424: 675.2 | V6424: =IF(O6424<1,0,ROUND(O6424,1)) -> 624.4 | W6424: =IF(C6424=2400,ROUND(L6424,3),"") | X6424: =IF(C6424=2400,ROUND(M6424,3),"") | Y6424: =IF(C6424=2400,ROUND(F6424/100,3),"") | Z6424: Data Garrison uses 58 as the offset | AA6424: =ROUND((0.6105*(EXP((17.273*J6424)/(J6424+237.3))))*K6424/100,3) -> 1.462 | AB6424: =ROUND(AA6424/K6424*(100-K6424),3) -> 0.877
A6425: =A$5-1+B6425 -> 45559 | B6425: 268 | C6425: 1300 | D6425: 776.54167 | F6425: 1.264 | G6425: 3.02 | H6425: 6.543 | I6425: 84.235 | J6425: 22.011 | K6425: 51.4 | L6425: 0.046 | M6425: 0.086 | N6425: 0 | O6425: 666.875 | T6425: =B6425*10000+C6425 -> 2681300 | U6425: 663.5 | V6425: =IF(O6425<1,0,ROUND(O6425,1)) -> 666.9 | W6425: =IF(C6425=2400,ROUND(L6425,3),"") | X6425: =IF(C6425=2400,ROUND(M6425,3),"") | Y6425: =IF(C6425=2400,ROUND(F6425/100,3),"") | AA6425: =ROUND((0.6105*(EXP((17.273*J6425)/(J6425+237.3))))*K6425/100,3) -> 1.36 | AB6425: =ROUND(AA6425/K6425*(100-K6425),3) -> 1.286
A6426: =A$5-1+B6426 -> 45559 | B6426: 268 | C6426: 1400 | D6426: 776.58333 | F6426: 1.264 | G6426: 3.523 | H6426: 7.549 | I6426: 84.235 | J6426: 21.509 | K6426: 47.1 | L6426: 0.047 | M6426: 0.086 | N6426: 0 | O6426: 620.625 | T6426: =B6426*10000+C6426 -> 2681400 | U6426: 597.7 | V6426: =IF(O6426<1,0,ROUND(O6426,1)) -> 620.6 | W6426: =IF(C6426=2400,ROUND(L6426,3),"") | X6426: =IF(C6426=2400,ROUND(M6426,3),"") | Y6426: =IF(C6426=2400,ROUND(F6426/100,3),"") | AA6426: =ROUND((0.6105*(EXP((17.273*J6426)/(J6426+237.3))))*K6426/100,3) -> 1.208 | AB6426: =ROUND(AA6426/K6426*(100-K6426),3) -> 1.357
A6427: =A$5-1+B6427 -> 45559 | B6427: 268 | C6427: 1500 | D6427: 776.625 | F6427: 1.147 | G6427: 3.523 | H6427: 8.052 | I6427: 82.831 | J6427: 20.889 | K6427: 47.3 | L6427: 0.048 | M6427: 0.087 | N6427: 0 | O6427: 510.625 | T6427: =B6427*10000+C6427 -> 2681500 | U6427: 483.5 | V6427: =IF(O6427<1,0,ROUND(O6427,1)) -> 510.6 | W6427: =IF(C6427=2400,ROUND(L6427,3),"") | X6427: =IF(C6427=2400,ROUND(M6427,3),"") | Y6427: =IF(C6427=2400,ROUND(F6427/100,3),"") | AA6427: =ROUND((0.6105*(EXP((17.273*J6427)/(J6427+237.3))))*K6427/100,3) -> 1.168 | AB6427: =ROUND(AA6427/K6427*(100-K6427),3) -> 1.301
A6428: =A$5-1+B6428 -> 45559 | B6428: 268 | C6428: 1600 | D6428: 776.66667 | F6428: 0.796 | G6428: 3.523 | H6428: 8.052 | I6428: 80.024 | J6428: 19.912 | K6428: 47.4 | L6428: 0.049 | M6428: 0.087 | N6428: 0 | O6428: 361.875 | T6428: =B6428*10000+C6428 -> 2681600 | U6428: 331.3 | V6428: =IF(O6428<1,0,ROUND(O6428,1)) -> 361.9 | W6428: =IF(C6428=2400,ROUND(L6428,3),"") | X6428: =IF(C6428=2400,ROUND(M6428,3),"") | Y6428: =IF(C6428=2400,ROUND(F6428/100,3),"") | AA6428: =ROUND((0.6105*(EXP((17.273*J6428)/(J6428+237.3))))*K6428/100,3) -> 1.102 | AB6428: =ROUND(AA6428/K6428*(100-K6428),3) -> 1.223
A6429: =A$5-1+B6429 -> 45559 | B6429: 268 | C6429: 1700 | D6429: 776.70833 | F6429: 0.679 | G6429: 2.516 | H6429: 7.046 | I6429: 65.984 | J6429: 18.2 | K6429: 50.5 | L6429: 0.049 | M6429: 0.087 | N6429: 0 | O6429: 193.125 | T6429: =B6429*10000+C6429 -> 2681700 | U6429: 159.3 | V6429: =IF(O6429<1,0,ROUND(O6429,1)) -> 193.1 | W6429: =IF(C6429=2400,ROUND(L6429,3),"") | X6429: =IF(C6429=2400,ROUND(M6429,3),"") | Y6429: =IF(C6429=2400,ROUND(F6429/100,3),"") | AA6429: =ROUND((0.6105*(EXP((17.273*J6429)/(J6429+237.3))))*K6429/100,3) -> 1.055 | AB6429: =ROUND(AA6429/K6429*(100-K6429),3) -> 1.034
A6430: =A$5-1+B6430 -> 45559 | B6430: 268 | C6430: 1800 | D6430: 776.75 | F6430: 0.796 | G6430: 1.007 | H6430: 5.033 | I6430: 60.369 | J6430: 14.84 | K6430: 58.7 | L6430: 0.048 | M6430: 0.087 | N6430: 0 | O6430: 26.875 | T6430: =B6430*10000+C6430 -> 2681800 | U6430: 18 | V6430: =IF(O6430<1,0,ROUND(O6430,1)) -> 26.9 | W6430: =IF(C6430=2400,ROUND(L6430,3),"") | X6430: =IF(C6430=2400,ROUND(M6430,3),"") | Y6430: =IF(C6430=2400,ROUND(F6430/100,3),"") | AA6430: =ROUND((0.6105*(EXP((17.273*J6430)/(J6430+237.3))))*K6430/100,3) -> 0.99 | AB6430: =ROUND(AA6430/K6430*(100-K6430),3) -> 0.697
A6431: =A$5-1+B6431 -> 45559 | B6431: 268 | C6431: 1900 | D6431: 776.79167 | F6431: 0.796 | G6431: 0.503 | H6431: 5.033 | I6431: 47.733 | J6431: 14.194 | K6431: 63.9 | L6431: 0.048 | M6431: 0.087 | N6431: 0 | O6431: 0.625 | T6431: =B6431*10000+C6431 -> 2681900 | U6431: 0 | V6431: =IF(O6431<1,0,ROUND(O6431,1)) -> 0 | W6431: =IF(C6431=2400,ROUND(L6431,3),"") | X6431: =IF(C6431=2400,ROUND(M6431,3),"") | Y6431: =IF(C6431=2400,ROUND(F6431/100,3),"") | AA6431: =ROUND((0.6105*(EXP((17.273*J6431)/(J6431+237.3))))*K6431/100,3) -> 1.034 | AB6431: =ROUND(AA6431/K6431*(100-K6431),3) -> 0.584
A6432: =A$5-1+B6432 -> 45559 | B6432: 268 | C6432: 2000 | D6432: 776.83333 | F6432: 0.679 | G6432: 1.007 | H6432: 6.039 | I6432: 70.196 | J6432: 14.05 | K6432: 67.1 | L6432: 0.048 | M6432: 0.087 | N6432: 0 | O6432: 0.625 | T6432: =B6432*10000+C6432 -> 2682000 | U6432: 0 | V6432: =IF(O6432<1,0,ROUND(O6432,1)) -> 0 | W6432: =IF(C6432=2400,ROUND(L6432,3),"") | X6432: =IF(C6432=2400,ROUND(M6432,3),"") | Y6432: =IF(C6432=2400,ROUND(F6432/100,3),"") | AA6432: =ROUND((0.6105*(EXP((17.273*J6432)/(J6432+237.3))))*K6432/100,3) -> 1.076 | AB6432: =ROUND(AA6432/K6432*(100-K6432),3) -> 0.528
A6433: =A$5-1+B6433 -> 45559 | B6433: 268 | C6433: 2100 | D6433: 776.875 | F6433: 0.328 | G6433: 1.007 | H6433: 5.033 | I6433: 70.196 | J6433: 13.281 | K6433: 66.6 | L6433: 0.047 | M6433: 0.087 | N6433: 0 | O6433: 0.625 | T6433: =B6433*10000+C6433 -> 2682100 | U6433: 0 | V6433: =IF(O6433<1,0,ROUND(O6433,1)) -> 0 | W6433: =IF(C6433=2400,ROUND(L6433,3),"") | X6433: =IF(C6433=2400,ROUND(M6433,3),"") | Y6433: =IF(C6433=2400,ROUND(F6433/100,3),"") | AA6433: =ROUND((0.6105*(EXP((17.273*J6433)/(J6433+237.3))))*K6433/100,3) -> 1.016 | AB6433: =ROUND(AA6433/K6433*(100-K6433),3) -> 0.51
A6434: =A$5-1+B6434 -> 45559 | B6434: 268 | C6434: 2200 | D6434: 776.91667 | F6434: 0.796 | G6434: 2.013 | H6434: 7.046 | I6434: 56.157 | J6434: 13.954 | K6434: 65.5 | L6434: 0.047 | M6434: 0.087 | N6434: 0 | O6434: 0.625 | T6434: =B6434*10000+C6434 -> 2682200 | U6434: 0 | V6434: =IF(O6434<1,0,ROUND(O6434,1)) -> 0 | W6434: =IF(C6434=2400,ROUND(L6434,3),"") | X6434: =IF(C6434=2400,ROUND(M6434,3),"") | Y6434: =IF(C6434=2400,ROUND(F6434/100,3),"") | AA6434: =ROUND((0.6105*(EXP((17.273*J6434)/(J6434+237.3))))*K6434/100,3) -> 1.044 | AB6434: =ROUND(AA6434/K6434*(100-K6434),3) -> 0.55
A6435: =A$5-1+B6435 -> 45559 | B6435: 268 | C6435: 2300 | D6435: 776.95833 | F6435: 1.03 | G6435: 2.516 | H6435: 7.549 | I6435: 50.541 | J6435: 14.361 | K6435: 64.5 | L6435: 0.046 | M6435: 0.087 | N6435: 0 | O6435: 0.625 | T6435: =B6435*10000+C6435 -> 2682300 | U6435: 0 | V6435: =IF(O6435<1,0,ROUND(O6435,1)) -> 0 | W6435: =IF(C6435=2400,ROUND(L6435,3),"") | X6435: =IF(C6435=2400,ROUND(M6435,3),"") | Y6435: =IF(C6435=2400,ROUND(F6435/100,3),"") | AA6435: =ROUND((0.6105*(EXP((17.273*J6435)/(J6435+237.3))))*K6435/100,3) -> 1.055 | AB6435: =ROUND(AA6435/K6435*(100-K6435),3) -> 0.581
A6436: =A$5-1+B6436 -> 45559 | B6436: 268 | C6436: 2400 | D6436: 777 | F6436: 1.147 | G6436: 3.523 | H6436: 9.059 | I6436: 64.58 | J6436: 14.505 | K6436: 63.4 | L6436: 0.046 | M6436: 0.087 | N6436: 0 | O6436: 0.625 | T6436: =B6436*10000+C6436 -> 2682400 | U6436: 0 | V6436: =IF(O6436<1,0,ROUND(O6436,1)) -> 0 | W6436: =IF(C6436=2400,ROUND(L6436,3),"") -> 0.046 | X6436: =IF(C6436=2400,ROUND(M6436,3),"") -> 0.087 | Y6436: =IF(C6436=2400,ROUND(F6436/100,3),"") -> 0.011 | AA6436: =ROUND((0.6105*(EXP((17.273*J6436)/(J6436+237.3))))*K6436/100,3) -> 1.047 | AB6436: =ROUND(AA6436/K6436*(100-K6436),3) -> 0.604
... A8788: =A$5-1+B8788 -> 45657 | B8788: 366 | C8788: 2400 | D8788: 875 | F8788: 74.503 | G8788: 0 | H8788: 1.007 | I8788: 46.329 | J8788: -8.764 | K8788: 95.8 | L8788: 0.199 | M8788: 0.245 | N8788: 0 | O8788: 0.625 | T8788: =B8788*10000+C8788 -> 3662400 | U8788: 0 | V8788: =IF(O8788<1,0,ROUND(O8788,1)) -> 0 | W8788: =IF(C8788=2400,ROUND(L8788,3),"") -> 0.199 | X8788: =IF(C8788=2400,ROUND(M8788,3),"") -> 0.245 | Y8788: =IF(C8788=2400,ROUND(F8788/100,3),"") -> 0.745 | AA8788: =ROUND((0.6105*(EXP((17.273*J8788)/(J8788+237.3))))*K8788/100,3) -> 0.302 | AB8788: =ROUND(AA8788/K8788*(100-K8788),3) -> 0.013

Sheet DataDay
A1: HoBo station PL daily 2024 calcuated from hourly file | AB1: Estimated from hourly data | AE1: 0.689 | AF1: Calc from snowfall
A2: Last edit 21/12/25 | Q2: Daily PL | AB2: Estimated | AE2: 0 | AG2: Rain | AH2: TXRHn
S3: MJ/m2/d | T3: C | U3: C | V3: C | W3: % | X3: % | Y3: % | Z3: mm | AA3: m/s | AB3: m/s | AE3: m | AF3: mm | AG3: mm | AH3: kPa | AI3: kPa | AK3: MJ/m2/d
A4: Row Labels | B4: Count of Temperature | C4: Average of SolAdj | D4: Average of Temperature | E4: Max of Temperature | F4: Min of Temperature | G4: Average of RH | H4: Max of RH | I4: Min of RH | J4: Sum of Rain | K4: Average of Wind | L4: Max of Gust | M4: Max of vol10_2400 | N4: Max of vol20_2400 | O4: Max of Snw2400 | Q4: DoY | R4: Hours | S4: Solar | T4: Tave | U4: Tmax | V4: Tmin | W4: RHAve | X4: RHMax | Y4: RHMin | Z4: Rain | AA4: Wind | AB4: WindMax | AC4: vol10_2400 | AD4: vol20_2400 | AE4: Snw2400 | AF4: PPT | AG4: PPT | AH4: vpres | AI4: vpdX | AK4: ClearSky
A5: 1 | B5: 24 | C5: 46.558333 | D5: -5.7984583 | E5: -3.301 | F5: -7.804 | G5: 98.016667 | H5: 99.2 | I5: 97 | J5: 0 | K5: 0.48291667 | L5: 6.54 | M5: 0.184 | N5: 0.191 | O5: 0.622 | Q5: =A5 -> 1 | R5: =B5 -> 24 | S5: =ROUND(C5*0.0864,2) -> 4.02 | T5: =ROUND(D5,1) -> -5.8 | U5: =ROUND(E5,1) -> -3.3 | V5: =ROUND(F5,1) -> -7.8 | W5: =ROUND(G5,1) -> 98 | X5: =ROUND(H5,1) -> 99.2 | Y5: =ROUND(I5,1) -> 97 | Z5: =ROUND(J5,2) -> 0 | AA5: =ROUND(K5,2) -> 0.48 | AB5: =ROUND(L5,2) -> 6.54 | AC5: =ROUND(M5,3) -> 0.184 | AD5: =ROUND(N5,3) -> 0.191 | AE5: =ROUND(O5-AE$2,3) -> 0.622 | AF5: =IF(AE5>AE1,ROUND((AE5-AE1)*130,1),0) -> 0 | AG5: =AF5 -> 0 | AH5: =ROUND((0.6105*(EXP((17.273*U5)/(U5+237.3))))*Y5/100,3) -> 0.464 | AI5: =ROUND(AH5/Y5*(100-Y5),3) -> 0.014 | AK5: 5.18
A6: 2 | B6: 24 | C6: 16.354167 | D6: -5.6670417 | E6: -4.106 | F6: -7.64 | G6: 98.05 | H6: 98.8 | I6: 96.9 | J6: 0 | K6: 0.14625 | L6: 4.03 | M6: 0.186 | N6: 0.193 | O6: 0.62 | Q6: =A6 -> 2 | R6: =B6 -> 24 | S6: =ROUND(C6*0.0864,2) -> 1.41 | T6: =ROUND(D6,1) -> -5.7 | U6: =ROUND(E6,1) -> -4.1 | V6: =ROUND(F6,1) -> -7.6 | W6: =ROUND(G6,1) -> 98.1 | X6: =ROUND(H6,1) -> 98.8 | Y6: =ROUND(I6,1) -> 96.9 | Z6: =ROUND(J6,2) -> 0 | AA6: =ROUND(K6,2) -> 0.15 | AB6: =ROUND(L6,2) -> 4.03 | AC6: =ROUND(M6,3) -> 0.186 | AD6: =ROUND(N6,3) -> 0.193 | AE6: =ROUND(O6-AE$2,3) -> 0.62 | AF6: =IF(AE6>AE5,ROUND((AE6-AE5)*130,1),0) -> 0 | AG6: =AF6 -> 0 | AH6: =ROUND((0.6105*(EXP((17.273*U6)/(U6+237.3))))*Y6/100,3) -> 0.437 | AI6: =ROUND(AH6/Y6*(100-Y6),3) -> 0.014 | AK6: 5.22
A7: 3 | B7: 24 | C7: 18.804167 | D7: -2.9628333 | E7: 2.823 | F7: -5.049 | G7: 99.454167 | H7: 100 | I7: 98.7 | J7: 0.2 | K7: 0 | L7: 1.51 | M7: 0.186 | N7: 0.196 | O7: 0.602 | Q7: =A7 -> 3 | R7: =B7 -> 24 | S7: =ROUND(C7*0.0864,2) -> 1.62 | T7: =ROUND(D7,1) -> -3 | U7: =ROUND(E7,1) -> 2.8 | V7: =ROUND(F7,1) -> -5 | W7: =ROUND(G7,1) -> 99.5 | X7: =ROUND(H7,1) -> 100 | Y7: =ROUND(I7,1) -> 98.7 | Z7: =ROUND(J7,2) -> 0.2 | AA7: =ROUND(K7,2) -> 0 | AB7: =ROUND(L7,2) -> 1.51 | AC7: =ROUND(M7,3) -> 0.186 | AD7: =ROUND(N7,3) -> 0.196 | AE7: =ROUND(O7-AE$2,3) -> 0.602 | AF7: =IF(AE7>AE6,ROUND((AE7-AE6)*130,1),0) -> 0 | AG7: =AF7 -> 0 | AH7: =ROUND((0.6105*(EXP((17.273*U7)/(U7+237.3))))*Y7/100,3) -> 0.737 | AI7: =ROUND(AH7/Y7*(100-Y7),3) -> 0.01 | AK7: 5.26
A8: 4 | B8: 24 | C8: 10.670833 | D8: -5.5116667 | E8: -2.363 | F8: -7.413 | G8: 98.333333 | H8: 100 | I8: 97.2 | J8: 0 | K8: 0.2725 | L8: 8.56 | M8: 0.187 | N8: 0.198 | O8: 0.609 | Q8: =A8 -> 4 | R8: =B8 -> 24 | S8: =ROUND(C8*0.0864,2) -> 0.92 | T8: =ROUND(D8,1) -> -5.5 | U8: =ROUND(E8,1) -> -2.4 | V8: =ROUND(F8,1) -> -7.4 | W8: =ROUND(G8,1) -> 98.3 | X8: =ROUND(H8,1) -> 100 | Y8: =ROUND(I8,1) -> 97.2 | Z8: =ROUND(J8,2) -> 0 | AA8: =ROUND(K8,2) -> 0.27 | AB8: =ROUND(L8,2) -> 8.56 | AC8: =ROUND(M8,3) -> 0.187 | AD8: =ROUND(N8,3) -> 0.198 | AE8: =ROUND(O8-AE$2,3) -> 0.609 | AF8: =IF(AE8>AE7,ROUND((AE8-AE7)*130,1),0) -> 0.9 | AG8: =AF8 -> 0.9 | AH8: =ROUND((0.6105*(EXP((17.273*U8)/(U8+237.3))))*Y8/100,3) -> 0.497 | AI8: =ROUND(AH8/Y8*(100-Y8),3) -> 0.014 | AK8: 5.31
A9: 5 | B9: 24 | C9: 16.766667 | D9: -7.174 | E9: -4.712 | F9: -8.73 | G9: 95.5125 | H9: 97.5 | I9: 91.3 | J9: 0 | K9: 0.44 | L9: 6.54 | M9: 0.188 | N9: 0.2 | O9: 0.606 | Q9: =A9 -> 5 | R9: =B9 -> 24 | S9: =ROUND(C9*0.0864,2) -> 1.45 | T9: =ROUND(D9,1) -> -7.2 | U9: =ROUND(E9,1) -> -4.7 | V9: =ROUND(F9,1) -> -8.7 | W9: =ROUND(G9,1) -> 95.5 | X9: =ROUND(H9,1) -> 97.5 | Y9: =ROUND(I9,1) -> 91.3 | Z9: =ROUND(J9,2) -> 0 | AA9: =ROUND(K9,2) -> 0.44 | AB9: =ROUND(L9,2) -> 6.54 | AC9: =ROUND(M9,3) -> 0.188 | AD9: =ROUND(N9,3) -> 0.2 | AE9: =ROUND(O9-AE$2,3) -> 0.606 | AF9: =IF(AE9>AE8,ROUND((AE9-AE8)*130,1),0) -> 0 | AG9: =AF9 -> 0 | AH9: =ROUND((0.6105*(EXP((17.273*U9)/(U9+237.3))))*Y9/100,3) -> 0.393 | AI9: =ROUND(AH9/Y9*(100-Y9),3) -> 0.037 | AK9: 5.36
A10: 6 | B10: 24 | C10: 5.9333333 | D10: -7.3439583 | E10: -5.326 | F10: -9.989 | G10: 97.004167 | H10: 98 | I10: 95.6 | J10: 0 | K10: 0.29375 | L10: 6.04 | M10: 0.188 | N10: 0.202 | O10: 0.819 | Q10: =A10 -> 6 | R10: =B10 -> 24 | S10: =ROUND(C10*0.0864,2) -> 0.51 | T10: =ROUND(D10,1) -> -7.3 | U10: =ROUND(E10,1) -> -5.3 | V10: =ROUND(F10,1) -> -10 | W10: =ROUND(G10,1) -> 97 | X10: =ROUND(H10,1) -> 98 | Y10: =ROUND(I10,1) -> 95.6 | Z10: =ROUND(J10,2) -> 0 | AA10: =ROUND(K10,2) -> 0.29 | AB10: =ROUND(L10,2) -> 6.04 | AC10: =ROUND(M10,3) -> 0.188 | AD10: =ROUND(N10,3) -> 0.202 | AE10: =ROUND(O10-AE$2,3) -> 0.819 | AF10: =IF(AE10>AE9,ROUND((AE10-AE9)*130,1),0) -> 27.7 | AG10: =AF10 -> 27.7 | AH10: =ROUND((0.6105*(EXP((17.273*U10)/(U10+237.3))))*Y10/100,3) -> 0.393 | AI10: =ROUND(AH10/Y10*(100-Y10),3) -> 0.018 | AK10: 5.41
A11: 7 | B11: 24 | C11: 6.6916667 | D11: -11.749083 | E11: -10.162 | F11: -14.004 | G11: 94.425 | H11: 95.5 | I11: 93 | J11: 0 | K11: 0.12625 | L11: 5.54 | M11: 0.189 | N11: 0.204 | O11: 0.769 | Q11: =A11 -> 7 | R11: =B11 -> 24 | S11: =ROUND(C11*0.0864,2) -> 0.58 | T11: =ROUND(D11,1) -> -11.7 | U11: =ROUND(E11,1) -> -10.2 | V11: =ROUND(F11,1) -> -14 | W11: =ROUND(G11,1) -> 94.4 | X11: =ROUND(H11,1) -> 95.5 | Y11: =ROUND(I11,1) -> 93 | Z11: =ROUND(J11,2) -> 0 | AA11: =ROUND(K11,2) -> 0.13 | AB11: =ROUND(L11,2) -> 5.54 | AC11: =ROUND(M11,3) -> 0.189 | AD11: =ROUND(N11,3) -> 0.204 | AE11: =ROUND(O11-AE$2,3) -> 0.769 | AF11: =IF(AE11>AE10,ROUND((AE11-AE10)*130,1),0) -> 0 | AG11: =AF11 -> 0 | AH11: =ROUND((0.6105*(EXP((17.273*U11)/(U11+237.3))))*Y11/100,3) -> 0.261 | AI11: =ROUND(AH11/Y11*(100-Y11),3) -> 0.02 | AK11: 5.47
A12: 8 | B12: 24 | C12: 6.8708333 | D12: -11.6045 | E12: -7.673 | F12: -15.506 | G12: 94.0875 | H12: 95.4 | I12: 92.5 | J12: 0 | K12: 0.67083333 | L12: 7.55 | M12: 0.19 | N12: 0.206 | O12: 0.835 | Q12: =A12 -> 8 | R12: =B12 -> 24 | S12: =ROUND(C12*0.0864,2) -> 0.59 | T12: =ROUND(D12,1) -> -11.6 | U12: =ROUND(E12,1) -> -7.7 | V12: =ROUND(F12,1) -> -15.5 | W12: =ROUND(G12,1) -> 94.1 | X12: =ROUND(H12,1) -> 95.4 | Y12: =ROUND(I12,1) -> 92.5 | Z12: =ROUND(J12,2) -> 0 | AA12: =ROUND(K12,2) -> 0.67 | AB12: =ROUND(L12,2) -> 7.55 | AC12: =ROUND(M12,3) -> 0.19 | AD12: =ROUND(N12,3) -> 0.206 | AE12: =ROUND(O12-AE$2,3) -> 0.835 | AF12: =IF(AE12>AE11,ROUND((AE12-AE11)*130,1),0) -> 8.6 | AG12: =AF12 -> 8.6 | AH12: =ROUND((0.6105*(EXP((17.273*U12)/(U12+237.3))))*Y12/100,3) -> 0.316 | AI12: =ROUND(AH12/Y12*(100-Y12),3) -> 0.026 | AK12: 5.53
A13: 9 | B13: 24 | C13: 24.795833 | D13: -7.0325417 | E13: -5.729 | F13: -8.797 | G13: 97.016667 | H13: 97.7 | I13: 95.4 | J13: 0 | K13: 1.2158333 | L13: 9.06 | M13: 0.191 | N13: 0.208 | O13: 0.862 | Q13: =A13 -> 9 | R13: =B13 -> 24 | S13: =ROUND(C13*0.0864,2) -> 2.14 | T13: =ROUND(D13,1) -> -7 | U13: =ROUND(E13,1) -> -5.7 | V13: =ROUND(F13,1) -> -8.8 | W13: =ROUND(G13,1) -> 97 | X13: =ROUND(H13,1) -> 97.7 | Y13: =ROUND(I13,1) -> 95.4 | Z13: =ROUND(J13,2) -> 0 | AA13: =ROUND(K13,2) -> 1.22 | AB13: =ROUND(L13,2) -> 9.06 | AC13: =ROUND(M13,3) -> 0.191 | AD13: =ROUND(N13,3) -> 0.208 | AE13: =ROUND(O13-AE$2,3) -> 0.862 | AF13: =IF(AE13>AE12,ROUND((AE13-AE12)*130,1),0) -> 3.5 | AG13: =AF13 -> 3.5 | AH13: =ROUND((0.6105*(EXP((17.273*U13)/(U13+237.3))))*Y13/100,3) -> 0.381 | AI13: =ROUND(AH13/Y13*(100-Y13),3) -> 0.018 | AK13: 5.6
A14: 10 | B14: 24 | C14: 46.225 | D14: -12.3045 | E14: -7.64 | F14: -15.345 | G14: 94.133333 | H14: 97.1 | I14: 92.2 | J14: 0 | K14: 0.83833333 | L14: 6.54 | M14: 0.191 | N14: 0.21 | O14: 0.841 | Q14: =A14 -> 10 | R14: =B14 -> 24 | S14: =ROUND(C14*0.0864,2) -> 3.99 | T14: =ROUND(D14,1) -> -12.3 | U14: =ROUND(E14,1) -> -7.6 | V14: =ROUND(F14,1) -> -15.3 | W14: =ROUND(G14,1) -> 94.1 | X14: =ROUND(H14,1) -> 97.1 | Y14: =ROUND(I14,1) -> 92.2 | Z14: =ROUND(J14,2) -> 0 | AA14: =ROUND(K14,2) -> 0.84 | AB14: =ROUND(L14,2) -> 6.54 | AC14: =ROUND(M14,3) -> 0.191 | AD14: =ROUND(N14,3) -> 0.21 | AE14: =ROUND(O14-AE$2,3) -> 0.841 | AF14: =IF(AE14>AE13,ROUND((AE14-AE13)*130,1),0) -> 0 | AG14: =AF14 -> 0 | AH14: =ROUND((0.6105*(EXP((17.273*U14)/(U14+237.3))))*Y14/100,3) -> 0.318 | AI14: =ROUND(AH14/Y14*(100-Y14),3) -> 0.027 | AK14: 5.67
A15: 11 | B15: 24 | C15: 37.370833 | D15: -23.825 | E15: -15.628 | F15: -34.262 | G15: 87.0375 | H15: 92.1 | I15: 80.2 | J15: 0 | K15: 2.51625 | L15: 9.06 | M15: 0.192 | N15: 0.212 | O15: 0.793 | Q15: =A15 -> 11 | R15: =B15 -> 24 | S15: =ROUND(C15*0.0864,2) -> 3.23 | T15: =ROUND(D15,1) -> -23.8 | U15: =ROUND(E15,1) -> -15.6 | V15: =ROUND(F15,1) -> -34.3 | W15: =ROUND(G15,1) -> 87 | X15: =ROUND(H15,1) -> 92.1 | Y15: =ROUND(I15,1) -> 80.2 | Z15: =ROUND(J15,2) -> 0 | AA15: =ROUND(K15,2) -> 2.52 | AB15: =ROUND(L15,2) -> 9.06 | AC15: =ROUND(M15,3) -> 0.192 | AD15: =ROUND(N15,3) -> 0.212 | AE15: =ROUND(O15-AE$2,3) -> 0.793 | AF15: =IF(AE15>AE14,ROUND((AE15-AE14)*130,1),0) -> 0 | AG15: =AF15 -> 0 | AH15: =ROUND((0.6105*(EXP((17.273*U15)/(U15+237.3))))*Y15/100,3) -> 0.145 | AI15: =ROUND(AH15/Y15*(100-Y15),3) -> 0.036 | AK15: 5.74
A16: 12 | B16: 24 | C16: 57.8375 | D16: -32.2655 | E16: -22.833 | F16: -36.059 | G16: 80.679167 | H16: 84.7 | I16: 78.7 | J16: 0 | K16: 1.36375 | L16: 9.06 | M16: 0.193 | N16: 0.213 | O16: 0.795 | Q16: =A16 -> 12 | R16: =B16 -> 24 | S16: =ROUND(C16*0.0864,2) -> 5 | T16: =ROUND(D16,1) -> -32.3 | U16: =ROUND(E16,1) -> -22.8 | V16: =ROUND(F16,1) -> -36.1 | W16: =ROUND(G16,1) -> 80.7 | X16: =ROUND(H16,1) -> 84.7 | Y16: =ROUND(I16,1) -> 78.7 | Z16: =ROUND(J16,2) -> 0 | AA16: =ROUND(K16,2) -> 1.36 | AB16: =ROUND(L16,2) -> 9.06 | AC16: =ROUND(M16,3) -> 0.193 | AD16: =ROUND(N16,3) -> 0.213 | AE16: =ROUND(O16-AE$2,3) -> 0.795 | AF16: =IF(AE16>AE15,ROUND((AE16-AE15)*130,1),0) -> 0.3 | AG16: =AF16 -> 0.3 | AH16: =ROUND((0.6105*(EXP((17.273*U16)/(U16+237.3))))*Y16/100,3) -> 0.077 | AI16: =ROUND(AH16/Y16*(100-Y16),3) -> 0.021 | AK16: 5.82
A17: 13 | B17: 24 | C17: 74.458333 | D17: -25.647208 | E17: -20.451 | F17: -32.445 | G17: 84.45 | H17: 88.4 | I17: 80.3 | J17: 0 | K17: 1.6354167 | L17: 8.05 | M17: 0.194 | N17: 0.214 | O17: 0.779 | Q17: =A17 -> 13 | R17: =B17 -> 24 | S17: =ROUND(C17*0.0864,2) -> 6.43 | T17: =ROUND(D17,1) -> -25.6 | U17: =ROUND(E17,1) -> -20.5 | V17: =ROUND(F17,1) -> -32.4 | W17: =ROUND(G17,1) -> 84.5 | X17: =ROUND(H17,1) -> 88.4 | Y17: =ROUND(I17,1) -> 80.3 | Z17: =ROUND(J17,2) -> 0 | AA17: =ROUND(K17,2) -> 1.64 | AB17: =ROUND(L17,2) -> 8.05 | AC17: =ROUND(M17,3) -> 0.194 | AD17: =ROUND(N17,3) -> 0.214 | AE17: =ROUND(O17-AE$2,3) -> 0.779 | AF17: =IF(AE17>AE16,ROUND((AE17-AE16)*130,1),0) -> 0 | AG17: =AF17 -> 0 | AH17: =ROUND((0.6105*(EXP((17.273*U17)/(U17+237.3))))*Y17/100,3) -> 0.096 | AI17: =ROUND(AH17/Y17*(100-Y17),3) -> 0.024 | AK17: 5.89
... A23: 19 | B23: 24 | C23: 26.954167 | D23: -7.853875 | E23: -1.1 | F23: -12.602 | G23: 95.6625 | H23: 100 | I23: 90.3 | J23: 0 | K23: 2.4116667 | L23: 10.07 | M23: 0.197 | N23: 0.218 | O23: 0.849 | Q23: =A23 -> 19 | R23: =B23 -> 24 | S23: =ROUND(C23*0.0864,2) -> 2.33 | T23: =ROUND(D23,1) -> -7.9 | U23: =ROUND(E23,1) -> -1.1 | V23: =ROUND(F23,1) -> -12.6 | W23: =ROUND(G23,1) -> 95.7 | X23: =ROUND(H23,1) -> 100 | Y23: =ROUND(I23,1) -> 90.3 | Z23: =ROUND(J23,2) -> 0 | AA23: =ROUND(K23,2) -> 2.41 | AB23: =ROUND(L23,2) -> 10.07 | AC23: =ROUND(M23,3) -> 0.197 | AD23: =ROUND(N23,3) -> 0.218 | AE23: =ROUND(O23-AE$2,3) -> 0.849 | AF23: =IF(AE23>AE22,ROUND((AE23-AE22)*130,1),0) -> 0.7 | AG23: =AF23 -> 0.7 | AH23: =ROUND((0.6105*(EXP((17.273*U23)/(U23+237.3))))*Y23/100,3) -> 0.509 | AI23: =ROUND(AH23/Y23*(100-Y23),3) -> 0.055 | AK23: 6.45
A24: 20 | B24: 24 | C24: 31.770833 | D24: -2.0322917 | E24: -1.299 | F24: -3.598 | G24: 99.908333 | H24: 100 | I24: 99.7 | J24: 0.4 | K24: 1.0908333 | L24: 8.05 | M24: 0.197 | N24: 0.218 | O24: 1.629 | Q24: =A24 -> 20 | R24: =B24 -> 24 | S24: =ROUND(C24*0.0864,2) -> 2.75 | T24: =ROUND(D24,1) -> -2 | U24: =ROUND(E24,1) -> -1.3 | V24: =ROUND(F24,1) -> -3.6 | W24: =ROUND(G24,1) -> 99.9 | X24: =ROUND(H24,1) -> 100 | Y24: =ROUND(I24,1) -> 99.7 | Z24: =ROUND(J24,2) -> 0.4 | AA24: =ROUND(K24,2) -> 1.09 | AB24: =ROUND(L24,2) -> 8.05 | AC24: =ROUND(M24,3) -> 0.197 | AD24: =ROUND(N24,3) -> 0.218 | AE24: 0.88 | AF24: =IF(AE24>AE23,ROUND((AE24-AE23)*130,1),0) -> 4 | AG24: =AF24 -> 4 | AH24: =ROUND((0.6105*(EXP((17.273*U24)/(U24+237.3))))*Y24/100,3) -> 0.553 | AI24: =ROUND(AH24/Y24*(100-Y24),3) -> 0.002 | AK24: 6.55
A25: 21 | B25: 24 | C25: 41.358333 | D25: -3.1744583 | E25: -2.131 | F25: -3.777 | G25: 99.591667 | H25: 100 | I25: 98.7 | J25: 0.2 | K25: 0.52375 | L25: 6.04 | M25: 0.197 | N25: 0.218 | O25: 2.355 | Q25: =A25 -> 21 | R25: =B25 -> 24 | S25: =ROUND(C25*0.0864,2) -> 3.57 | T25: =ROUND(D25,1) -> -3.2 | U25: =ROUND(E25,1) -> -2.1 | V25: =ROUND(F25,1) -> -3.8 | W25: =ROUND(G25,1) -> 99.6 | X25: =ROUND(H25,1) -> 100 | Y25: =ROUND(I25,1) -> 98.7 | Z25: =ROUND(J25,2) -> 0.2 | AA25: =ROUND(K25,2) -> 0.52 | AB25: =ROUND(L25,2) -> 6.04 | AC25: =ROUND(M25,3) -> 0.197 | AD25: =ROUND(N25,3) -> 0.218 | AE25: 0.88 | AF25: =IF(AE25>AE24,ROUND((AE25-AE24)*130,1),0) -> 0 | AG25: =AF25 -> 0 | AH25: =ROUND((0.6105*(EXP((17.273*U25)/(U25+237.3))))*Y25/100,3) -> 0.516 | AI25: =ROUND(AH25/Y25*(100-Y25),3) -> 0.007 | AK25: 6.66
A26: 22 | B26: 24 | C26: 22.108333 | D26: -2.3406667 | E26: -1.584 | F26: -3.33 | G26: 99.945833 | H26: 100 | I26: 99.7 | J26: 0 | K26: 0.20833333 | L26: 4.53 | M26: 0.197 | N26: 0.219 | O26: 2.052 | Q26: =A26 -> 22 | R26: =B26 -> 24 | S26: =ROUND(C26*0.0864,2) -> 1.91 | T26: =ROUND(D26,1) -> -2.3 | U26: =ROUND(E26,1) -> -1.6 | V26: =ROUND(F26,1) -> -3.3 | W26: =ROUND(G26,1) -> 99.9 | X26: =ROUND(H26,1) -> 100 | Y26: =ROUND(I26,1) -> 99.7 | Z26: =ROUND(J26,2) -> 0 | AA26: =ROUND(K26,2) -> 0.21 | AB26: =ROUND(L26,2) -> 4.53 | AC26: =ROUND(M26,3) -> 0.197 | AD26: =ROUND(N26,3) -> 0.219 | AE26: 0.88 | AF26: =IF(AE26>AE25,ROUND((AE26-AE25)*130,1),0) -> 0 | AG26: =AF26 -> 0 | AH26: =ROUND((0.6105*(EXP((17.273*U26)/(U26+237.3))))*Y26/100,3) -> 0.541 | AI26: =ROUND(AH26/Y26*(100-Y26),3) -> 0.002 | AK26: 6.77
A27: 23 | B27: 24 | C27: 33.933333 | D27: -2.2461667 | E27: 0.797 | F27: -4.957 | G27: 99.975 | H27: 100 | I27: 99.7 | J27: 1.8 | K27: 0.2725 | L27: 5.54 | M27: 0.197 | N27: 0.22 | O27: 0.889 | Q27: =A27 -> 23 | R27: =B27 -> 24 | S27: =ROUND(C27*0.0864,2) -> 2.93 | T27: =ROUND(D27,1) -> -2.2 | U27: =ROUND(E27,1) -> 0.8 | V27: =ROUND(F27,1) -> -5 | W27: =ROUND(G27,1) -> 100 | X27: =ROUND(H27,1) -> 100 | Y27: =ROUND(I27,1) -> 99.7 | Z27: =ROUND(J27,2) -> 1.8 | AA27: =ROUND(K27,2) -> 0.27 | AB27: =ROUND(L27,2) -> 5.54 | AC27: =ROUND(M27,3) -> 0.197 | AD27: =ROUND(N27,3) -> 0.22 | AE27: =ROUND(O27-AE$2,3) -> 0.889 | AF27: =IF(AE27>AE26,ROUND((AE27-AE26)*130,1),0) -> 1.2 | AG27: =AF27 -> 1.2 | AH27: =ROUND((0.6105*(EXP((17.273*U27)/(U27+237.3))))*Y27/100,3) -> 0.645 | AI27: =ROUND(AH27/Y27*(100-Y27),3) -> 0.002 | AK27: 6.89
A28: 24 | B28: 24 | C28: 16.854167 | D28: -4.1704583 | E28: -2.976 | F28: -6.674 | G28: 99.416667 | H28: 100 | I28: 98 | J28: 0 | K28: 0.042083333 | L28: 4.53 | M28: 0.197 | N28: 0.22 | O28: 2.354 | Q28: =A28 -> 24 | R28: =B28 -> 24 | S28: =ROUND(C28*0.0864,2) -> 1.46 | T28: =ROUND(D28,1) -> -4.2 | U28: =ROUND(E28,1) -> -3 | V28: =ROUND(F28,1) -> -6.7 | W28: =ROUND(G28,1) -> 99.4 | X28: =ROUND(H28,1) -> 100 | Y28: =ROUND(I28,1) -> 98 | Z28: =ROUND(J28,2) -> 0 | AA28: =ROUND(K28,2) -> 0.04 | AB28: =ROUND(L28,2) -> 4.53 | AC28: =ROUND(M28,3) -> 0.197 | AD28: =ROUND(N28,3) -> 0.22 | AE28: 0.91 | AF28: =IF(AE28>AE27,ROUND((AE28-AE27)*130,1),0) -> 2.7 | AG28: =AF28 -> 2.7 | AH28: =ROUND((0.6105*(EXP((17.273*U28)/(U28+237.3))))*Y28/100,3) -> 0.48 | AI28: =ROUND(AH28/Y28*(100-Y28),3) -> 0.01 | AK28: 7.01
A29: 25 | B29: 24 | C29: 24.379167 | D29: -4.8292083 | E29: -0.563 | F29: -8.63 | G29: 98.8125 | H29: 100 | I29: 96.9 | J29: 0.4 | K29: 0 | L29: 0 | M29: 0.197 | N29: 0.222 | O29: 2.354 | Q29: =A29 -> 25 | R29: =B29 -> 24 | S29: =ROUND(C29*0.0864,2) -> 2.11 | T29: =ROUND(D29,1) -> -4.8 | U29: =ROUND(E29,1) -> -0.6 | V29: =ROUND(F29,1) -> -8.6 | W29: =ROUND(G29,1) -> 98.8 | X29: =ROUND(H29,1) -> 100 | Y29: =ROUND(I29,1) -> 96.9 | Z29: =ROUND(J29,2) -> 0.4 | AA29: =ROUND(K29,2) -> 0 | AB29: =ROUND(L29,2) -> 0 | AC29: =ROUND(M29,3) -> 0.197 | AD29: =ROUND(N29,3) -> 0.222 | AE29: 0.91 | AF29: =IF(AE29>AE28,ROUND((AE29-AE28)*130,1),0) -> 0 | AG29: =AF29 -> 0 | AH29: =ROUND((0.6105*(EXP((17.273*U29)/(U29+237.3))))*Y29/100,3) -> 0.566 | AI29: =ROUND(AH29/Y29*(100-Y29),3) -> 0.018 | AK29: 7.13
A30: 26 | B30: 24 | C30: 23.516667 | D30: -4.2649583 | E30: -1.9 | F30: -6.642 | G30: 99.2375 | H30: 100 | I30: 98 | J30: 0.6 | K30: 0 | L30: 0 | M30: 0.2 | N30: 0.223 | O30: 1.006 | Q30: =A30 -> 26 | R30: =B30 -> 24 | S30: =ROUND(C30*0.0864,2) -> 2.03 | T30: =ROUND(D30,1) -> -4.3 | U30: =ROUND(E30,1) -> -1.9 | V30: =ROUND(F30,1) -> -6.6 | W30: =ROUND(G30,1) -> 99.2 | X30: =ROUND(H30,1) -> 100 | Y30: =ROUND(I30,1) -> 98 | Z30: =ROUND(J30,2) -> 0.6 | AA30: =ROUND(K30,2) -> 0 | AB30: =ROUND(L30,2) -> 0 | AC30: =ROUND(M30,3) -> 0.2 | AD30: =ROUND(N30,3) -> 0.223 | AE30: =ROUND(O30-AE$2,3) -> 1.006 | AF30: =IF(AE30>AE29,ROUND((AE30-AE29)*130,1),0) -> 12.5 | AG30: =AF30 -> 12.5 | AH30: =ROUND((0.6105*(EXP((17.273*U30)/(U30+237.3))))*Y30/100,3) -> 0.52 | AI30: =ROUND(AH30/Y30*(100-Y30),3) -> 0.011 | AK30: 7.26
A31: 27 | B31: 24 | C31: 15.3125 | D31: -2.0058333 | E31: 0.163 | F31: -3.717 | G31: 99.954167 | H31: 100 | I31: 99.6 | J31: 0 | K31: 0 | L31: 0 | M31: 0.2 | N31: 0.225 | O31: 0.999 | Q31: =A31 -> 27 | R31: =B31 -> 24 | S31: =ROUND(C31*0.0864,2) -> 1.32 | T31: =ROUND(D31,1) -> -2 | U31: =ROUND(E31,1) -> 0.2 | V31: =ROUND(F31,1) -> -3.7 | W31: =ROUND(G31,1) -> 100 | X31: =ROUND(H31,1) -> 100 | Y31: =ROUND(I31,1) -> 99.6 | Z31: =ROUND(J31,2) -> 0 | AA31: =ROUND(K31,2) -> 0 | AB31: =ROUND(L31,2) -> 0 | AC31: =ROUND(M31,3) -> 0.2 | AD31: =ROUND(N31,3) -> 0.225 | AE31: =ROUND(O31-AE$2,3) -> 0.999 | AF31: =IF(AE31>AE30,ROUND((AE31-AE30)*130,1),0) -> 0 | AG31: =AF31 -> 0 | AH31: =ROUND((0.6105*(EXP((17.273*U31)/(U31+237.3))))*Y31/100,3) -> 0.617 | AI31: =ROUND(AH31/Y31*(100-Y31),3) -> 0.002 | AK31: 7.39
A32: 28 | B32: 24 | C32: 40.9625 | D32: 1.337 | E32: 3.749 | F32: -0.451 | G32: 100 | H32: 100 | I32: 100 | J32: 18 | K32: 1.07 | L32: 9.06 | M32: 0.196 | N32: 0.228 | O32: 0.908 | Q32: =A32 -> 28 | R32: =B32 -> 24 | S32: =ROUND(C32*0.0864,2) -> 3.54 | T32: =ROUND(D32,1) -> 1.3 | U32: =ROUND(E32,1) -> 3.7 | V32: =ROUND(F32,1) -> -0.5 | W32: =ROUND(G32,1) -> 100 | X32: =ROUND(H32,1) -> 100 | Y32: =ROUND(I32,1) -> 100 | Z32: =ROUND(J32,2) -> 18 | AA32: =ROUND(K32,2) -> 1.07 | AB32: =ROUND(L32,2) -> 9.06 | AC32: =ROUND(M32,3) -> 0.196 | AD32: =ROUND(N32,3) -> 0.228 | AE32: =ROUND(O32-AE$2,3) -> 0.908 | AF32: =IF(AE32>AE31,ROUND((AE32-AE31)*130,1),0) -> 0 | AG32: =AF32 -> 0 | AH32: =ROUND((0.6105*(EXP((17.273*U32)/(U32+237.3))))*Y32/100,3) -> 0.796 | AI32: =ROUND(AH32/Y32*(100-Y32),3) -> 0 | AK32: 7.52
A33: 29 | B33: 24 | C33: 40.654167 | D33: 2.1719583 | E33: 3.406 | F33: 0.797 | G33: 100 | H33: 100 | I33: 100 | J33: 0.2 | K33: 3.0004167 | L33: 14.59 | M33: 0.201 | N33: 0.257 | O33: 0.795 | Q33: =A33 -> 29 | R33: =B33 -> 24 | S33: =ROUND(C33*0.0864,2) -> 3.51 | T33: =ROUND(D33,1) -> 2.2 | U33: =ROUND(E33,1) -> 3.4 | V33: =ROUND(F33,1) -> 0.8 | W33: =ROUND(G33,1) -> 100 | X33: =ROUND(H33,1) -> 100 | Y33: =ROUND(I33,1) -> 100 | Z33: =ROUND(J33,2) -> 0.2 | AA33: =ROUND(K33,2) -> 3 | AB33: =ROUND(L33,2) -> 14.59 | AC33: =ROUND(M33,3) -> 0.201 | AD33: =ROUND(N33,3) -> 0.257 | AE33: =ROUND(O33-AE$2,3) -> 0.795 | AF33: =IF(AE33>AE32,ROUND((AE33-AE32)*130,1),0) -> 0 | AG33: =AF33 -> 0 | AH33: =ROUND((0.6105*(EXP((17.273*U33)/(U33+237.3))))*Y33/100,3) -> 0.779 | AI33: =ROUND(AH33/Y33*(100-Y33),3) -> 0 | AK33: 7.66
A34: 30 | B34: 24 | C34: 27.654167 | D34: 1.6382917 | E34: 3.009 | F34: 0.632 | G34: 100 | H34: 100 | I34: 100 | J34: 1.6 | K34: 1.5729167 | L34: 10.57 | M34: 0.206 | N34: 0.273 | O34: 0.775 | Q34: =A34 -> 30 | R34: =B34 -> 24 | S34: =ROUND(C34*0.0864,2) -> 2.39 | T34: =ROUND(D34,1) -> 1.6 | U34: =ROUND(E34,1) -> 3 | V34: =ROUND(F34,1) -> 0.6 | W34: =ROUND(G34,1) -> 100 | X34: =ROUND(H34,1) -> 100 | Y34: =ROUND(I34,1) -> 100 | Z34: =ROUND(J34,2) -> 1.6 | AA34: =ROUND(K34,2) -> 1.57 | AB34: =ROUND(L34,2) -> 10.57 | AC34: =ROUND(M34,3) -> 0.206 | AD34: =ROUND(N34,3) -> 0.273 | AE34: =ROUND(O34-AE$2,3) -> 0.775 | AF34: =IF(AE34>AE33,ROUND((AE34-AE33)*130,1),0) -> 0 | AG34: =AF34 -> 0 | AH34: =ROUND((0.6105*(EXP((17.273*U34)/(U34+237.3))))*Y34/100,3) -> 0.757 | AI34: =ROUND(AH34/Y34*(100-Y34),3) -> 0 | AK34: 7.8
A35: 31 | B35: 24 | C35: 19.579167 | D35: 1.0826667 | E35: 2.209 | F35: 0.687 | G35: 100 | H35: 100 | I35: 100 | J35: 0.2 | K35: 4.4658333 | L35: 16.1 | M35: 0.213 | N35: 0.281 | O35: 0.712 | Q35: =A35 -> 31 | R35: =B35 -> 24 | S35: =ROUND(C35*0.0864,2) -> 1.69 | T35: =ROUND(D35,1) -> 1.1 | U35: =ROUND(E35,1) -> 2.2 | V35: =ROUND(F35,1) -> 0.7 | W35: =ROUND(G35,1) -> 100 | X35: =ROUND(H35,1) -> 100 | Y35: =ROUND(I35,1) -> 100 | Z35: =ROUND(J35,2) -> 0.2 | AA35: =ROUND(K35,2) -> 4.47 | AB35: =ROUND(L35,2) -> 16.1 | AC35: =ROUND(M35,3) -> 0.213 | AD35: =ROUND(N35,3) -> 0.281 | AE35: =ROUND(O35-AE$2,3) -> 0.712 | AF35: =IF(AE35>AE34,ROUND((AE35-AE34)*130,1),0) -> 0 | AG35: =AF35 -> 0 | AH35: =ROUND((0.6105*(EXP((17.273*U35)/(U35+237.3))))*Y35/100,3) -> 0.715 | AI35: =ROUND(AH35/Y35*(100-Y35),3) -> 0 | AK35: 7.95
A36: 32 | B36: 24 | C36: 23.075 | D36: 0.5555 | E36: 1.534 | F36: -0.116 | G36: 100 | H36: 100 | I36: 100 | J36: 1.4 | K36: 2.4116667 | L36: 11.58 | M36: 0.216 | N36: 0.287 | O36: 0.706 | Q36: =A36 -> 32 | R36: =B36 -> 24 | S36: =ROUND(C36*0.0864,2) -> 1.99 | T36: =ROUND(D36,1) -> 0.6 | U36: =ROUND(E36,1) -> 1.5 | V36: =ROUND(F36,1) -> -0.1 | W36: =ROUND(G36,1) -> 100 | X36: =ROUND(H36,1) -> 100 | Y36: =ROUND(I36,1) -> 100 | Z36: =ROUND(J36,2) -> 1.4 | AA36: =ROUND(K36,2) -> 2.41 | AB36: =ROUND(L36,2) -> 11.58 | AC36: =ROUND(M36,3) -> 0.216 | AD36: =ROUND(N36,3) -> 0.287 | AE36: =ROUND(O36-AE$2,3) -> 0.706 | AF36: =IF(AE36>AE35,ROUND((AE36-AE35)*130,1),0) -> 0 | AG36: =AF36 -> 0 | AH36: =ROUND((0.6105*(EXP((17.273*U36)/(U36+237.3))))*Y36/100,3) -> 0.68 | AI36: =ROUND(AH36/Y36*(100-Y36),3) -> 0 | AK36: 8.1
A37: 33 | B37: 24 | C37: 77.183333 | D37: -0.88179167 | E37: 3.67 | F37: -3.657 | G37: 96.929167 | H37: 100 | I37: 87.7 | J37: 0 | K37: 0.35541667 | L37: 6.54 | M37: 0.212 | N37: 0.288 | O37: 0.695 | Q37: =A37 -> 33 | R37: =B37 -> 24 | S37: =ROUND(C37*0.0864,2) -> 6.67 | T37: =ROUND(D37,1) -> -0.9 | U37: =ROUND(E37,1) -> 3.7 | V37: =ROUND(F37,1) -> -3.7 | W37: =ROUND(G37,1) -> 96.9 | X37: =ROUND(H37,1) -> 100 | Y37: =ROUND(I37,1) -> 87.7 | Z37: =ROUND(J37,2) -> 0 | AA37: =ROUND(K37,2) -> 0.36 | AB37: =ROUND(L37,2) -> 6.54 | AC37: =ROUND(M37,3) -> 0.212 | AD37: =ROUND(N37,3) -> 0.288 | AE37: =ROUND(O37-AE$2,3) -> 0.695 | AF37: =IF(AE37>AE36,ROUND((AE37-AE36)*130,1),0) -> 0 | AG37: =AF37 -> 0 | AH37: =ROUND((0.6105*(EXP((17.273*U37)/(U37+237.3))))*Y37/100,3) -> 0.698 | AI37: =ROUND(AH37/Y37*(100-Y37),3) -> 0.098 | AK37: 8.25
A38: 34 | B38: 24 | C38: 30.941667 | D38: -4.2075833 | E38: -2.918 | F38: -5.854 | G38: 97.445833 | H38: 99 | I38: 94.7 | J38: 0.2 | K38: 1.7820833 | L38: 8.56 | M38: 0.213 | N38: 0.283 | O38: 0.677 | Q38: =A38 -> 34 | R38: =B38 -> 24 | S38: =ROUND(C38*0.0864,2) -> 2.67 | T38: =ROUND(D38,1) -> -4.2 | U38: =ROUND(E38,1) -> -2.9 | V38: =ROUND(F38,1) -> -5.9 | W38: =ROUND(G38,1) -> 97.4 | X38: =ROUND(H38,1) -> 99 | Y38: =ROUND(I38,1) -> 94.7 | Z38: =ROUND(J38,2) -> 0.2 | AA38: =ROUND(K38,2) -> 1.78 | AB38: =ROUND(L38,2) -> 8.56 | AC38: =ROUND(M38,3) -> 0.213 | AD38: =ROUND(N38,3) -> 0.283 | AE38: =ROUND(O38-AE$2,3) -> 0.677 | AF38: =IF(AE38>AE37,ROUND((AE38-AE37)*130,1),0) -> 0 | AG38: =AF38 -> 0 | AH38: =ROUND((0.6105*(EXP((17.273*U38)/(U38+237.3))))*Y38/100,3) -> 0.467 | AI38: =ROUND(AH38/Y38*(100-Y38),3) -> 0.026 | AK38: 8.41
A39: 35 | B39: 24 | C39: 44.891667 | D39: -4.3750833 | E39: -2.625 | F39: -5.979 | G39: 98.770833 | H39: 99.3 | I39: 97.9 | J39: 0.8 | K39: 0.56583333 | L39: 8.05 | M39: 0.213 | N39: 0.278 | O39: 0.689 | Q39: =A39 -> 35 | R39: =B39 -> 24 | S39: =ROUND(C39*0.0864,2) -> 3.88 | T39: =ROUND(D39,1) -> -4.4 | U39: =ROUND(E39,1) -> -2.6 | V39: =ROUND(F39,1) -> -6 | W39: =ROUND(G39,1) -> 98.8 | X39: =ROUND(H39,1) -> 99.3 | Y39: =ROUND(I39,1) -> 97.9 | Z39: =ROUND(J39,2) -> 0.8 | AA39: =ROUND(K39,2) -> 0.57 | AB39: =ROUND(L39,2) -> 8.05 | AC39: =ROUND(M39,3) -> 0.213 | AD39: =ROUND(N39,3) -> 0.278 | AE39: =ROUND(O39-AE$2,3) -> 0.689 | AF39: =IF(AE39>AE38,ROUND((AE39-AE38)*130,1),0) -> 1.6 | AG39: =AF39 -> 1.6 | AH39: =ROUND((0.6105*(EXP((17.273*U39)/(U39+237.3))))*Y39/100,3) -> 0.494 | AI39: =ROUND(AH39/Y39*(100-Y39),3) -> 0.011 | AK39: 8.57
A40: 36 | B40: 24 | C40: 40.8875 | D40: -4.2063333 | E40: -2.421 | F40: -5.418 | G40: 99.158333 | H40: 99.8 | I40: 98.7 | J40: 0.2 | K40: 0.25125 | L40: 5.03 | M40: 0.211 | N40: 0.274 | O40: 0.723 | Q40: =A40 -> 36 | R40: =B40 -> 24 | S40: =ROUND(C40*0.0864,2) -> 3.53 | T40: =ROUND(D40,1) -> -4.2 | U40: =ROUND(E40,1) -> -2.4 | V40: =ROUND(F40,1) -> -5.4 | W40: =ROUND(G40,1) -> 99.2 | X40: =ROUND(H40,1) -> 99.8 | Y40: =ROUND(I40,1) -> 98.7 | Z40: =ROUND(J40,2) -> 0.2 | AA40: =ROUND(K40,2) -> 0.25 | AB40: =ROUND(L40,2) -> 5.03 | AC40: =ROUND(M40,3) -> 0.211 | AD40: =ROUND(N40,3) -> 0.274 | AE40: =ROUND(O40-AE$2,3) -> 0.723 | AF40: =IF(AE40>AE39,ROUND((AE40-AE39)*130,1),0) -> 4.4 | AG40: =AF40 -> 4.4 | AH40: =ROUND((0.6105*(EXP((17.273*U40)/(U40+237.3))))*Y40/100,3) -> 0.505 | AI40: =ROUND(AH40/Y40*(100-Y40),3) -> 0.007 | AK40: 8.73
A41: 37 | B41: 24 | C41: 13.645833 | D41: -2.8133333 | E41: -1.242 | F41: -3.747 | G41: 99.95 | H41: 100 | I41: 99.7 | J41: 0.2 | K41: 0.041666667 | L41: 4.03 | M41: 0.21 | N41: 0.271 | O41: 1.331 | Q41: =A41 -> 37 | R41: =B41 -> 24 | S41: =ROUND(C41*0.0864,2) -> 1.18 | T41: =ROUND(D41,1) -> -2.8 | U41: =ROUND(E41,1) -> -1.2 | V41: =ROUND(F41,1) -> -3.7 | W41: =ROUND(G41,1) -> 100 | X41: =ROUND(H41,1) -> 100 | Y41: =ROUND(I41,1) -> 99.7 | Z41: =ROUND(J41,2) -> 0.2 | AA41: =ROUND(K41,2) -> 0.04 | AB41: =ROUND(L41,2) -> 4.03 | AC41: =ROUND(M41,3) -> 0.21 | AD41: =ROUND(N41,3) -> 0.271 | AE41: 0.85 | AF41: =IF(AE41>AE40,ROUND((AE41-AE40)*130,1),0) -> 16.5 | AG41: =AF41 -> 16.5 | AH41: =ROUND((0.6105*(EXP((17.273*U41)/(U41+237.3))))*Y41/100,3) -> 0.558 | AI41: =ROUND(AH41/Y41*(100-Y41),3) -> 0.002 | AK41: 8.9
A42: 38 | B42: 24 | C42: 28.541667 | D42: -3.6167917 | E42: 0.051 | F42: -6.01 | G42: 99.525 | H42: 100 | I42: 98.2 | J42: 0.4 | K42: 0 | L42: 0.5 | M42: 0.21 | N42: 0.27 | O42: 0.861 | Q42: =A42 -> 38 | R42: =B42 -> 24 | S42: =ROUND(C42*0.0864,2) -> 2.47 | T42: =ROUND(D42,1) -> -3.6 | U42: =ROUND(E42,1) -> 0.1 | V42: =ROUND(F42,1) -> -6 | W42: =ROUND(G42,1) -> 99.5 | X42: =ROUND(H42,1) -> 100 | Y42: =ROUND(I42,1) -> 98.2 | Z42: =ROUND(J42,2) -> 0.4 | AA42: =ROUND(K42,2) -> 0 | AB42: =ROUND(L42,2) -> 0.5 | AC42: =ROUND(M42,3) -> 0.21 | AD42: =ROUND(N42,3) -> 0.27 | AE42: =ROUND(O42-AE$2,3) -> 0.861 | AF42: =IF(AE42>AE41,ROUND((AE42-AE41)*130,1),0) -> 1.4 | AG42: =AF42 -> 1.4 | AH42: =ROUND((0.6105*(EXP((17.273*U42)/(U42+237.3))))*Y42/100,3) -> 0.604 | AI42: =ROUND(AH42/Y42*(100-Y42),3) -> 0.011 | AK42: 9.08
A43: 39 | B43: 24 | C43: 57.029167 | D43: -6.7535417 | E43: -4.651 | F43: -8.231 | G43: 96.6 | H43: 97.8 | I43: 92 | J43: 0 | K43: 0.52416667 | L43: 6.04 | M43: 0.212 | N43: 0.268 | O43: 0.856 | Q43: =A43 -> 39 | R43: =B43 -> 24 | S43: =ROUND(C43*0.0864,2) -> 4.93 | T43: =ROUND(D43,1) -> -6.8 | U43: =ROUND(E43,1) -> -4.7 | V43: =ROUND(F43,1) -> -8.2 | W43: =ROUND(G43,1) -> 96.6 | X43: =ROUND(H43,1) -> 97.8 | Y43: =ROUND(I43,1) -> 92 | Z43: =ROUND(J43,2) -> 0 | AA43: =ROUND(K43,2) -> 0.52 | AB43: =ROUND(L43,2) -> 6.04 | AC43: =ROUND(M43,3) -> 0.212 | AD43: =ROUND(N43,3) -> 0.268 | AE43: =ROUND(O43-AE$2,3) -> 0.856 | AF43: =IF(AE43>AE42,ROUND((AE43-AE42)*130,1),0) -> 0 | AG43: =AF43 -> 0 | AH43: =ROUND((0.6105*(EXP((17.273*U43)/(U43+237.3))))*Y43/100,3) -> 0.396 | AI43: =ROUND(AH43/Y43*(100-Y43),3) -> 0.034 | AK43: 9.25
A44: 40 | B44: 24 | C44: 101.55833 | D44: -9.5774167 | E44: -3.777 | F44: -12.454 | G44: 91.575 | H44: 96.8 | I44: 78.7 | J44: 2.6 | K44: 0.56625 | L44: 7.05 | M44: 0.212 | N44: 0.267 | O44: 0.851 | Q44: =A44 -> 40 | R44: =B44 -> 24 | S44: =ROUND(C44*0.0864,2) -> 8.77 | T44: =ROUND(D44,1) -> -9.6 | U44: =ROUND(E44,1) -> -3.8 | V44: =ROUND(F44,1) -> -12.5 | W44: =ROUND(G44,1) -> 91.6 | X44: =ROUND(H44,1) -> 96.8 | Y44: =ROUND(I44,1) -> 78.7 | Z44: =ROUND(J44,2) -> 2.6 | AA44: =ROUND(K44,2) -> 0.57 | AB44: =ROUND(L44,2) -> 7.05 | AC44: =ROUND(M44,3) -> 0.212 | AD44: =ROUND(N44,3) -> 0.267 | AE44: =ROUND(O44-AE$2,3) -> 0.851 | AF44: =IF(AE44>AE43,ROUND((AE44-AE43)*130,1),0) -> 0 | AG44: =AF44 -> 0 | AH44: =ROUND((0.6105*(EXP((17.273*U44)/(U44+237.3))))*Y44/100,3) -> 0.363 | AI44: =ROUND(AH44/Y44*(100-Y44),3) -> 0.098 | AK44: 9.43
A45: 41 | B45: 24 | C45: 59.741667 | D45: -6.1675833 | E45: -3.065 | F45: -11.867 | G45: 90.345833 | H45: 96.9 | I45: 77.8 | J45: 0.2 | K45: 0.08375 | L45: 3.02 | M45: 0.212 | N45: 0.265 | O45: 0.869 | Q45: =A45 -> 41 | R45: =B45 -> 24 | S45: =ROUND(C45*0.0864,2) -> 5.16 | T45: =ROUND(D45,1) -> -6.2 | U45: =ROUND(E45,1) -> -3.1 | V45: =ROUND(F45,1) -> -11.9 | W45: =ROUND(G45,1) -> 90.3 | X45: =ROUND(H45,1) -> 96.9 | Y45: =ROUND(I45,1) -> 77.8 | Z45: =ROUND(J45,2) -> 0.2 | AA45: =ROUND(K45,2) -> 0.08 | AB45: =ROUND(L45,2) -> 3.02 | AC45: =ROUND(M45,3) -> 0.212 | AD45: =ROUND(N45,3) -> 0.265 | AE45: =ROUND(O45-AE$2,3) -> 0.869 | AF45: =IF(AE45>AE44,ROUND((AE45-AE44)*130,1),0) -> 2.3 | AG45: =AF45 -> 2.3 | AH45: =ROUND((0.6105*(EXP((17.273*U45)/(U45+237.3))))*Y45/100,3) -> 0.378 | AI45: =ROUND(AH45/Y45*(100-Y45),3) -> 0.108 | AK45: 9.61
A46: 42 | B46: 24 | C46: 41.979167 | D46: -5.452875 | E46: -3.986 | F46: -6.898 | G46: 97.670833 | H46: 99.1 | I46: 96.3 | J46: 0 | K46: 1.4466667 | L46: 7.05 | M46: 0.212 | N46: 0.265 | O46: 0.904 | Q46: =A46 -> 42 | R46: =B46 -> 24 | S46: =ROUND(C46*0.0864,2) -> 3.63 | T46: =ROUND(D46,1) -> -5.5 | U46: =ROUND(E46,1) -> -4 | V46: =ROUND(F46,1) -> -6.9 | W46: =ROUND(G46,1) -> 97.7 | X46: =ROUND(H46,1) -> 99.1 | Y46: =ROUND(I46,1) -> 96.3 | Z46: =ROUND(J46,2) -> 0 | AA46: =ROUND(K46,2) -> 1.45 | AB46: =ROUND(L46,2) -> 7.05 | AC46: =ROUND(M46,3) -> 0.212 | AD46: =ROUND(N46,3) -> 0.265 | AE46: =ROUND(O46-AE$2,3) -> 0.904 | AF46: =IF(AE46>AE45,ROUND((AE46-AE45)*130,1),0) -> 4.6 | AG46: =AF46 -> 4.6 | AH46: =ROUND((0.6105*(EXP((17.273*U46)/(U46+237.3))))*Y46/100,3) -> 0.437 | AI46: =ROUND(AH46/Y46*(100-Y46),3) -> 0.017 | AK46: 9.8
A47: 43 | B47: 24 | C47: 85.604167 | D47: -5.930125 | E47: -2.888 | F47: -9.473 | G47: 97.554167 | H47: 99.4 | I47: 96.2 | J47: 0 | K47: 1.1745833 | L47: 7.05 | M47: 0.212 | N47: 0.264 | O47: 0.915 | Q47: =A47 -> 43 | R47: =B47 -> 24 | S47: =ROUND(C47*0.0864,2) -> 7.4 | T47: =ROUND(D47,1) -> -5.9 | U47: =ROUND(E47,1) -> -2.9 | V47: =ROUND(F47,1) -> -9.5 | W47: =ROUND(G47,1) -> 97.6 | X47: =ROUND(H47,1) -> 99.4 | Y47: =ROUND(I47,1) -> 96.2 | Z47: =ROUND(J47,2) -> 0 | AA47: =ROUND(K47,2) -> 1.17 | AB47: =ROUND(L47,2) -> 7.05 | AC47: =ROUND(M47,3) -> 0.212 | AD47: =ROUND(N47,3) -> 0.264 | AE47: =ROUND(O47-AE$2,3) -> 0.915 | AF47: =IF(AE47>AE46,ROUND((AE47-AE46)*130,1),0) -> 1.4 | AG47: =AF47 -> 1.4 | AH47: =ROUND((0.6105*(EXP((17.273*U47)/(U47+237.3))))*Y47/100,3) -> 0.474 | AI47: =ROUND(AH47/Y47*(100-Y47),3) -> 0.019 | AK47: 9.99
A48: 44 | B48: 24 | C48: 120.44583 | D48: -9.0335417 | E48: -4.834 | F48: -12.565 | G48: 95.258333 | H48: 96.4 | I48: 93.6 | J48: 0 | K48: 0.98541667 | L48: 7.05 | M48: 0.213 | N48: 0.263 | O48: 0.893 | Q48: =A48 -> 44 | R48: =B48 -> 24 | S48: =ROUND(C48*0.0864,2) -> 10.41 | T48: =ROUND(D48,1) -> -9 | U48: =ROUND(E48,1) -> -4.8 | V48: =ROUND(F48,1) -> -12.6 | W48: =ROUND(G48,1) -> 95.3 | X48: =ROUND(H48,1) -> 96.4 | Y48: =ROUND(I48,1) -> 93.6 | Z48: =ROUND(J48,2) -> 0 | AA48: =ROUND(K48,2) -> 0.99 | AB48: =ROUND(L48,2) -> 7.05 | AC48: =ROUND(M48,3) -> 0.213 | AD48: =ROUND(N48,3) -> 0.263 | AE48: =ROUND(O48-AE$2,3) -> 0.893 | AF48: =IF(AE48>AE47,ROUND((AE48-AE47)*130,1),0) -> 0 | AG48: =AF48 -> 0 | AH48: =ROUND((0.6105*(EXP((17.273*U48)/(U48+237.3))))*Y48/100,3) -> 0.4 | AI48: =ROUND(AH48/Y48*(100-Y48),3) -> 0.027 | AK48: 10.18
A49: 45 | B49: 24 | C49: 108.64583 | D49: -11.735625 | E49: -6.515 | F49: -16.576 | G49: 87.004167 | H49: 94.7 | I49: 70.8 | J49: 0 | K49: 0.94291667 | L49: 5.54 | M49: 0.213 | N49: 0.263 | O49: 0.896 | Q49: =A49 -> 45 | R49: =B49 -> 24 | S49: =ROUND(C49*0.0864,2) -> 9.39 | T49: =ROUND(D49,1) -> -11.7 | U49: =ROUND(E49,1) -> -6.5 | V49: =ROUND(F49,1) -> -16.6 | W49: =ROUND(G49,1) -> 87 | X49: =ROUND(H49,1) -> 94.7 | Y49: =ROUND(I49,1) -> 70.8 | Z49: =ROUND(J49,2) -> 0 | AA49: =ROUND(K49,2) -> 0.94 | AB49: =ROUND(L49,2) -> 5.54 | AC49: =ROUND(M49,3) -> 0.213 | AD49: =ROUND(N49,3) -> 0.263 | AE49: =ROUND(O49-AE$2,3) -> 0.896 | AF49: =IF(AE49>AE48,ROUND((AE49-AE48)*130,1),0) -> 0.4 | AG49: =AF49 -> 0.4 | AH49: =ROUND((0.6105*(EXP((17.273*U49)/(U49+237.3))))*Y49/100,3) -> 0.266 | AI49: =ROUND(AH49/Y49*(100-Y49),3) -> 0.11 | AK49: 10.37
A50: 46 | B50: 24 | C50: 88.933333 | D50: -11.485292 | E50: -6.866 | F50: -14.314 | G50: 74.695833 | H50: 87.3 | I50: 58.2 | J50: 0 | K50: 0.8175 | L50: 4.53 | M50: 0.213 | N50: 0.262 | O50: 0.876 | Q50: =A50 -> 46 | R50: =B50 -> 24 | S50: =ROUND(C50*0.0864,2) -> 7.68 | T50: =ROUND(D50,1) -> -11.5 | U50: =ROUND(E50,1) -> -6.9 | V50: =ROUND(F50,1) -> -14.3 | W50: =ROUND(G50,1) -> 74.7 | X50: =ROUND(H50,1) -> 87.3 | Y50: =ROUND(I50,1) -> 58.2 | Z50: =ROUND(J50,2) -> 0 | AA50: =ROUND(K50,2) -> 0.82 | AB50: =ROUND(L50,2) -> 4.53 | AC50: =ROUND(M50,3) -> 0.213 | AD50: =ROUND(N50,3) -> 0.262 | AE50: =ROUND(O50-AE$2,3) -> 0.876 | AF50: =IF(AE50>AE49,ROUND((AE50-AE49)*130,1),0) -> 0 | AG50: =AF50 -> 0 | AH50: =ROUND((0.6105*(EXP((17.273*U50)/(U50+237.3))))*Y50/100,3) -> 0.212 | AI50: =ROUND(AH50/Y50*(100-Y50),3) -> 0.152 | AK50: 10.57
A51: 47 | B51: 24 | C51: 131.64583 | D51: -10.202417 | E51: -4.378 | F51: -16.744 | G51: 54.729167 | H51: 80.7 | I51: 38.4 | J51: 0 | K51: 1.6775 | L51: 8.56 | M51: 0.213 | N51: 0.261 | O51: 0.872 | Q51: =A51 -> 47 | R51: =B51 -> 24 | S51: =ROUND(C51*0.0864,2) -> 11.37 | T51: =ROUND(D51,1) -> -10.2 | U51: =ROUND(E51,1) -> -4.4 | V51: =ROUND(F51,1) -> -16.7 | W51: =ROUND(G51,1) -> 54.7 | X51: =ROUND(H51,1) -> 80.7 | Y51: =ROUND(I51,1) -> 38.4 | Z51: =ROUND(J51,2) -> 0 | AA51: =ROUND(K51,2) -> 1.68 | AB51: =ROUND(L51,2) -> 8.56 | AC51: =ROUND(M51,3) -> 0.213 | AD51: =ROUND(N51,3) -> 0.261 | AE51: =ROUND(O51-AE$2,3) -> 0.872 | AF51: =IF(AE51>AE50,ROUND((AE51-AE50)*130,1),0) -> 0 | AG51: =AF51 -> 0 | AH51: =ROUND((0.6105*(EXP((17.273*U51)/(U51+237.3))))*Y51/100,3) -> 0.169 | AI51: =ROUND(AH51/Y51*(100-Y51),3) -> 0.271 | AK51: 10.77
A52: 48 | B52: 24 | C52: 129.50833 | D52: -5.8304583 | E52: -2.537 | F52: -9.885 | G52: 37.045833 | H52: 53.7 | I52: 20.1 | J52: 0 | K52: 3.3354167 | L52: 10.57 | M52: 0.214 | N52: 0.26 | O52: 0.878 | Q52: =A52 -> 48 | R52: =B52 -> 24 | S52: =ROUND(C52*0.0864,2) -> 11.19 | T52: =ROUND(D52,1) -> -5.8 | U52: =ROUND(E52,1) -> -2.5 | V52: =ROUND(F52,1) -> -9.9 | W52: =ROUND(G52,1) -> 37 | X52: =ROUND(H52,1) -> 53.7 | Y52: =ROUND(I52,1) -> 20.1 | Z52: =ROUND(J52,2) -> 0 | AA52: =ROUND(K52,2) -> 3.34 | AB52: =ROUND(L52,2) -> 10.57 | AC52: =ROUND(M52,3) -> 0.214 | AD52: =ROUND(N52,3) -> 0.26 | AE52: =ROUND(O52-AE$2,3) -> 0.878 | AF52: =IF(AE52>AE51,ROUND((AE52-AE51)*130,1),0) -> 0.8 | AG52: =AF52 -> 0.8 | AH52: =ROUND((0.6105*(EXP((17.273*U52)/(U52+237.3))))*Y52/100,3) -> 0.102 | AI52: =ROUND(AH52/Y52*(100-Y52),3) -> 0.405 | AK52: 10.98
A53: 49 | B53: 24 | C53: 63.329167 | D53: -5.3836667 | E53: -2.334 | F53: -6.898 | G53: 69.529167 | H53: 93.2 | I53: 52.6 | J53: 0 | K53: 1.61375 | L53: 8.56 | M53: 0.214 | N53: 0.26 | O53: 0.862 | Q53: =A53 -> 49 | R53: =B53 -> 24 | S53: =ROUND(C53*0.0864,2) -> 5.47 | T53: =ROUND(D53,1) -> -5.4 | U53: =ROUND(E53,1) -> -2.3 | V53: =ROUND(F53,1) -> -6.9 | W53: =ROUND(G53,1) -> 69.5 | X53: =ROUND(H53,1) -> 93.2 | Y53: =ROUND(I53,1) -> 52.6 | Z53: =ROUND(J53,2) -> 0 | AA53: =ROUND(K53,2) -> 1.61 | AB53: =ROUND(L53,2) -> 8.56 | AC53: =ROUND(M53,3) -> 0.214 | AD53: =ROUND(N53,3) -> 0.26 | AE53: =ROUND(O53-AE$2,3) -> 0.862 | AF53: =IF(AE53>AE52,ROUND((AE53-AE52)*130,1),0) -> 0 | AG53: =AF53 -> 0 | AH53: =ROUND((0.6105*(EXP((17.273*U53)/(U53+237.3))))*Y53/100,3) -> 0.271 | AI53: =ROUND(AH53/Y53*(100-Y53),3) -> 0.244 | AK53: 11.19
... A61: 57 | B61: 24 | C61: 64.270833 | D61: -10.857292 | E61: -6.738 | F61: -15.144 | G61: 88.175 | H61: 92 | I61: 76.5 | J61: 0.2 | K61: 1.825 | L61: 9.06 | M61: 0.213 | N61: 0.259 | O61: 0.955 | Q61: =A61 -> 57 | R61: =B61 -> 24 | S61: =ROUND(C61*0.0864,2) -> 5.55 | T61: =ROUND(D61,1) -> -10.9 | U61: =ROUND(E61,1) -> -6.7 | V61: =ROUND(F61,1) -> -15.1 | W61: =ROUND(G61,1) -> 88.2 | X61: =ROUND(H61,1) -> 92 | Y61: =ROUND(I61,1) -> 76.5 | Z61: =ROUND(J61,2) -> 0.2 | AA61: =ROUND(K61,2) -> 1.83 | AB61: =ROUND(L61,2) -> 9.06 | AC61: =ROUND(M61,3) -> 0.213 | AD61: =ROUND(N61,3) -> 0.259 | AE61: =ROUND(O61-AE$2,3) -> 0.955 | AF61: =IF(AE61>AE60,ROUND((AE61-AE60)*130,1),0) -> 6.8 | AG61: =AF61 -> 6.8 | AH61: =ROUND((0.6105*(EXP((17.273*U61)/(U61+237.3))))*Y61/100,3) -> 0.283 | AI61: =ROUND(AH61/Y61*(100-Y61),3) -> 0.087 | AK61: 12.95
A62: 58 | B62: 24 | C62: 84.270833 | D62: -14.111958 | E62: -9.1 | F62: -19.561 | G62: 88.666667 | H62: 93.8 | I62: 78.4 | J62: 0 | K62: 1.38375 | L62: 8.05 | M62: 0.211 | N62: 0.258 | O62: 1.124 | Q62: =A62 -> 58 | R62: =B62 -> 24 | S62: =ROUND(C62*0.0864,2) -> 7.28 | T62: =ROUND(D62,1) -> -14.1 | U62: =ROUND(E62,1) -> -9.1 | V62: =ROUND(F62,1) -> -19.6 | W62: =ROUND(G62,1) -> 88.7 | X62: =ROUND(H62,1) -> 93.8 | Y62: =ROUND(I62,1) -> 78.4 | Z62: =ROUND(J62,2) -> 0 | AA62: =ROUND(K62,2) -> 1.38 | AB62: =ROUND(L62,2) -> 8.05 | AC62: =ROUND(M62,3) -> 0.211 | AD62: =ROUND(N62,3) -> 0.258 | AE62: 0.96 | AF62: =IF(AE62>AE61,ROUND((AE62-AE61)*130,1),0) -> 0.7 | AG62: =AF62 -> 0.7 | AH62: =ROUND((0.6105*(EXP((17.273*U62)/(U62+237.3))))*Y62/100,3) -> 0.24 | AI62: =ROUND(AH62/Y62*(100-Y62),3) -> 0.066 | AK62: 13.19
A63: 59 | B63: 24 | C63: 41.7 | D63: -4.3435417 | E63: -1.699 | F63: -8.999 | G63: 97.25 | H63: 99.4 | I63: 94.1 | J63: 0 | K63: 2.7891667 | L63: 15.6 | M63: 0.211 | N63: 0.257 | O63: 1.832 | Q63: =A63 -> 59 | R63: =B63 -> 24 | S63: =ROUND(C63*0.0864,2) -> 3.6 | T63: =ROUND(D63,1) -> -4.3 | U63: =ROUND(E63,1) -> -1.7 | V63: =ROUND(F63,1) -> -9 | W63: =ROUND(G63,1) -> 97.3 | X63: =ROUND(H63,1) -> 99.4 | Y63: =ROUND(I63,1) -> 94.1 | Z63: =ROUND(J63,2) -> 0 | AA63: =ROUND(K63,2) -> 2.79 | AB63: =ROUND(L63,2) -> 15.6 | AC63: =ROUND(M63,3) -> 0.211 | AD63: =ROUND(N63,3) -> 0.257 | AE63: 0.97 | AF63: =IF(AE63>AE62,ROUND((AE63-AE62)*130,1),0) -> 1.3 | AG63: =AF63 -> 1.3 | AH63: =ROUND((0.6105*(EXP((17.273*U63)/(U63+237.3))))*Y63/100,3) -> 0.507 | AI63: =ROUND(AH63/Y63*(100-Y63),3) -> 0.032 | AK63: 13.42
A64: 60 | B64: 24 | C64: 54.395833 | D64: -6.1329583 | E64: -1.47 | F64: -11.147 | G64: 96.75 | H64: 99.6 | I64: 94.5 | J64: 0 | K64: 1.8879167 | L64: 16.1 | M64: 0.212 | N64: 0.258 | O64: 2.131 | Q64: =A64 -> 60 | R64: =B64 -> 24 | S64: =ROUND(C64*0.0864,2) -> 4.7 | T64: =ROUND(D64,1) -> -6.1 | U64: =ROUND(E64,1) -> -1.5 | V64: =ROUND(F64,1) -> -11.1 | W64: =ROUND(G64,1) -> 96.8 | X64: =ROUND(H64,1) -> 99.6 | Y64: =ROUND(I64,1) -> 94.5 | Z64: =ROUND(J64,2) -> 0 | AA64: =ROUND(K64,2) -> 1.89 | AB64: =ROUND(L64,2) -> 16.1 | AC64: =ROUND(M64,3) -> 0.212 | AD64: =ROUND(N64,3) -> 0.258 | AE64: 0.97 | AF64: =IF(AE64>AE63,ROUND((AE64-AE63)*130,1),0) -> 0 | AG64: =AF64 -> 0 | AH64: =ROUND((0.6105*(EXP((17.273*U64)/(U64+237.3))))*Y64/100,3) -> 0.517 | AI64: =ROUND(AH64/Y64*(100-Y64),3) -> 0.03 | AK64: 13.66
A65: 61 | B65: 24 | C65: 104.42917 | D65: -7.8506667 | E65: -5.264 | F65: -10.023 | G65: 91.716667 | H65: 95.6 | I65: 79.6 | J65: 0 | K65: 2.4958333 | L65: 10.07 | M65: 0.212 | N65: 0.257 | O65: 1.301 | Q65: =A65 -> 61 | R65: =B65 -> 24 | S65: =ROUND(C65*0.0864,2) -> 9.02 | T65: =ROUND(D65,1) -> -7.9 | U65: =ROUND(E65,1) -> -5.3 | V65: =ROUND(F65,1) -> -10 | W65: =ROUND(G65,1) -> 91.7 | X65: =ROUND(H65,1) -> 95.6 | Y65: =ROUND(I65,1) -> 79.6 | Z65: =ROUND(J65,2) -> 0 | AA65: =ROUND(K65,2) -> 2.5 | AB65: =ROUND(L65,2) -> 10.07 | AC65: =ROUND(M65,3) -> 0.212 | AD65: =ROUND(N65,3) -> 0.257 | AE65: 0.92 | AF65: =IF(AE65>AE64,ROUND((AE65-AE64)*130,1),0) -> 0 | AG65: =AF65 -> 0 | AH65: =ROUND((0.6105*(EXP((17.273*U65)/(U65+237.3))))*Y65/100,3) -> 0.328 | AI65: =ROUND(AH65/Y65*(100-Y65),3) -> 0.084 | AK65: 13.9
A66: 62 | B66: 24 | C66: 28.675 | D66: -8.5945 | E66: -6.262 | F66: -12.676 | G66: 95.395833 | H66: 96.1 | I66: 94.2 | J66: 0 | K66: 0.755 | L66: 9.06 | M66: 0.215 | N66: 0.257 | O66: 2.099 | Q66: =A66 -> 62 | R66: =B66 -> 24 | S66: =ROUND(C66*0.0864,2) -> 2.48 | T66: =ROUND(D66,1) -> -8.6 | U66: =ROUND(E66,1) -> -6.3 | V66: =ROUND(F66,1) -> -12.7 | W66: =ROUND(G66,1) -> 95.4 | X66: =ROUND(H66,1) -> 96.1 | Y66: =ROUND(I66,1) -> 94.2 | Z66: =ROUND(J66,2) -> 0 | AA66: =ROUND(K66,2) -> 0.76 | AB66: =ROUND(L66,2) -> 9.06 | AC66: =ROUND(M66,3) -> 0.215 | AD66: =ROUND(N66,3) -> 0.257 | AE66: 0.92 | AF66: =IF(AE66>AE65,ROUND((AE66-AE65)*130,1),0) -> 0 | AG66: =AF66 -> 0 | AH66: =ROUND((0.6105*(EXP((17.273*U66)/(U66+237.3))))*Y66/100,3) -> 0.359 | AI66: =ROUND(AH66/Y66*(100-Y66),3) -> 0.022 | AK66: 14.14
A67: 63 | B67: 24 | C67: 50.225 | D67: -9.87875 | E67: -6.42 | F67: -14.746 | G67: 94.454167 | H67: 95.5 | I67: 92.5 | J67: 0 | K67: 0.27208333 | L67: 6.04 | M67: 0.212 | N67: 0.257 | O67: 2.201 | Q67: =A67 -> 63 | R67: =B67 -> 24 | S67: =ROUND(C67*0.0864,2) -> 4.34 | T67: =ROUND(D67,1) -> -9.9 | U67: =ROUND(E67,1) -> -6.4 | V67: =ROUND(F67,1) -> -14.7 | W67: =ROUND(G67,1) -> 94.5 | X67: =ROUND(H67,1) -> 95.5 | Y67: =ROUND(I67,1) -> 92.5 | Z67: =ROUND(J67,2) -> 0 | AA67: =ROUND(K67,2) -> 0.27 | AB67: =ROUND(L67,2) -> 6.04 | AC67: =ROUND(M67,3) -> 0.212 | AD67: =ROUND(N67,3) -> 0.257 | AE67: 0.92 | AF67: =IF(AE67>AE66,ROUND((AE67-AE66)*130,1),0) -> 0 | AG67: =AF67 -> 0 | AH67: =ROUND((0.6105*(EXP((17.273*U67)/(U67+237.3))))*Y67/100,3) -> 0.35 | AI67: =ROUND(AH67/Y67*(100-Y67),3) -> 0.028 | AK67: 14.38
A68: 64 | B68: 24 | C68: 38.3875 | D68: -10.3905 | E68: -7.219 | F68: -13.05 | G68: 94.233333 | H68: 95.5 | I68: 93.4 | J68: 0 | K68: 0.46125 | L68: 5.54 | M68: 0.212 | N68: 0.256 | O68: 1.901 | Q68: =A68 -> 64 | R68: =B68 -> 24 | S68: =ROUND(C68*0.0864,2) -> 3.32 | T68: =ROUND(D68,1) -> -10.4 | U68: =ROUND(E68,1) -> -7.2 | V68: =ROUND(F68,1) -> -13.1 | W68: =ROUND(G68,1) -> 94.2 | X68: =ROUND(H68,1) -> 95.5 | Y68: =ROUND(I68,1) -> 93.4 | Z68: =ROUND(J68,2) -> 0 | AA68: =ROUND(K68,2) -> 0.46 | AB68: =ROUND(L68,2) -> 5.54 | AC68: =ROUND(M68,3) -> 0.212 | AD68: =ROUND(N68,3) -> 0.256 | AE68: 0.92 | AF68: =IF(AE68>AE67,ROUND((AE68-AE67)*130,1),0) -> 0 | AG68: =AF68 -> 0 | AH68: =ROUND((0.6105*(EXP((17.273*U68)/(U68+237.3))))*Y68/100,3) -> 0.332 | AI68: =ROUND(AH68/Y68*(100-Y68),3) -> 0.023 | AK68: 14.63
A69: 65 | B69: 24 | C69: 114.0125 | D69: -11.802125 | E69: -6.42 | F69: -15.954 | G69: 90.929167 | H69: 93.4 | I69: 86.5 | J69: 1.4 | K69: 0.73416667 | L69: 5.54 | M69: 0.212 | N69: 0.256 | O69: 1.015 | Q69: =A69 -> 65 | R69: =B69 -> 24 | S69: =ROUND(C69*0.0864,2) -> 9.85 | T69: =ROUND(D69,1) -> -11.8 | U69: =ROUND(E69,1) -> -6.4 | V69: =ROUND(F69,1) -> -16 | W69: =ROUND(G69,1) -> 90.9 | X69: =ROUND(H69,1) -> 93.4 | Y69: =ROUND(I69,1) -> 86.5 | Z69: =ROUND(J69,2) -> 1.4 | AA69: =ROUND(K69,2) -> 0.73 | AB69: =ROUND(L69,2) -> 5.54 | AC69: =ROUND(M69,3) -> 0.212 | AD69: =ROUND(N69,3) -> 0.256 | AE69: =ROUND(O69-AE$2,3) -> 1.015 | AF69: =IF(AE69>AE68,ROUND((AE69-AE68)*130,1),0) -> 12.4 | AG69: =AF69 -> 12.4 | AH69: =ROUND((0.6105*(EXP((17.273*U69)/(U69+237.3))))*Y69/100,3) -> 0.327 | AI69: =ROUND(AH69/Y69*(100-Y69),3) -> 0.051 | AK69: 14.87
A70: 66 | B70: 24 | C70: 178.3875 | D70: -10.956458 | E70: -5.141 | F70: -15.064 | G70: 81.166667 | H70: 92 | I70: 57.9 | J70: 1.6 | K70: 0.65 | L70: 5.03 | M70: 0.212 | N70: 0.256 | O70: 0.987 | Q70: =A70 -> 66 | R70: =B70 -> 24 | S70: =ROUND(C70*0.0864,2) -> 15.41 | T70: =ROUND(D70,1) -> -11 | U70: =ROUND(E70,1) -> -5.1 | V70: =ROUND(F70,1) -> -15.1 | W70: =ROUND(G70,1) -> 81.2 | X70: =ROUND(H70,1) -> 92 | Y70: =ROUND(I70,1) -> 57.9 | Z70: =ROUND(J70,2) -> 1.6 | AA70: =ROUND(K70,2) -> 0.65 | AB70: =ROUND(L70,2) -> 5.03 | AC70: =ROUND(M70,3) -> 0.212 | AD70: =ROUND(N70,3) -> 0.256 | AE70: =ROUND(O70-AE$2,3) -> 0.987 | AF70: =IF(AE70>AE69,ROUND((AE70-AE69)*130,1),0) -> 0 | AG70: =AF70 -> 0 | AH70: =ROUND((0.6105*(EXP((17.273*U70)/(U70+237.3))))*Y70/100,3) -> 0.242 | AI70: =ROUND(AH70/Y70*(100-Y70),3) -> 0.176 | AK70: 15.12
A71: 67 | B71: 24 | C71: 168.23333 | D71: -8.6764167 | E71: -1.584 | F71: -15.832 | G71: 77.529167 | H71: 90.4 | I71: 51 | J71: 5.4 | K71: 1.1741667 | L71: 7.05 | M71: 0.212 | N71: 0.256 | O71: 1.002 | Q71: =A71 -> 67 | R71: =B71 -> 24 | S71: =ROUND(C71*0.0864,2) -> 14.54 | T71: =ROUND(D71,1) -> -8.7 | U71: =ROUND(E71,1) -> -1.6 | V71: =ROUND(F71,1) -> -15.8 | W71: =ROUND(G71,1) -> 77.5 | X71: =ROUND(H71,1) -> 90.4 | Y71: =ROUND(I71,1) -> 51 | Z71: =ROUND(J71,2) -> 5.4 | AA71: =ROUND(K71,2) -> 1.17 | AB71: =ROUND(L71,2) -> 7.05 | AC71: =ROUND(M71,3) -> 0.212 | AD71: =ROUND(N71,3) -> 0.256 | AE71: =ROUND(O71-AE$2,3) -> 1.002 | AF71: =IF(AE71>AE70,ROUND((AE71-AE70)*130,1),0) -> 2 | AG71: =AF71 -> 2 | AH71: =ROUND((0.6105*(EXP((17.273*U71)/(U71+237.3))))*Y71/100,3) -> 0.277 | AI71: =ROUND(AH71/Y71*(100-Y71),3) -> 0.266 | AK71: 15.37
A72: 68 | B72: 24 | C72: 131.5625 | D72: -6.141625 | E72: -1.986 | F72: -8.73 | G72: 88.9375 | H72: 94 | I72: 78 | J72: 0.8 | K72: 2.5795833 | L72: 9.56 | M72: 0.215 | N72: 0.256 | O72: 0.975 | Q72: =A72 -> 68 | R72: =B72 -> 24 | S72: =ROUND(C72*0.0864,2) -> 11.37 | T72: =ROUND(D72,1) -> -6.1 | U72: =ROUND(E72,1) -> -2 | V72: =ROUND(F72,1) -> -8.7 | W72: =ROUND(G72,1) -> 88.9 | X72: =ROUND(H72,1) -> 94 | Y72: =ROUND(I72,1) -> 78 | Z72: =ROUND(J72,2) -> 0.8 | AA72: =ROUND(K72,2) -> 2.58 | AB72: =ROUND(L72,2) -> 9.56 | AC72: =ROUND(M72,3) -> 0.215 | AD72: =ROUND(N72,3) -> 0.256 | AE72: =ROUND(O72-AE$2,3) -> 0.975 | AF72: =IF(AE72>AE71,ROUND((AE72-AE71)*130,1),0) -> 0 | AG72: =AF72 -> 0 | AH72: =ROUND((0.6105*(EXP((17.273*U72)/(U72+237.3))))*Y72/100,3) -> 0.411 | AI72: =ROUND(AH72/Y72*(100-Y72),3) -> 0.116 | AK72: 15.62
A73: 69 | B73: 24 | C73: 98.75 | D73: -4.13725 | E73: -0.986 | F73: -6.834 | G73: 81.345833 | H73: 95.1 | I73: 65.3 | J73: 0 | K73: 2.93625 | L73: 14.59 | M73: 0.213 | N73: 0.255 | O73: 0.987 | Q73: =A73 -> 69 | R73: =B73 -> 24 | S73: =ROUND(C73*0.0864,2) -> 8.53 | T73: =ROUND(D73,1) -> -4.1 | U73: =ROUND(E73,1) -> -1 | V73: =ROUND(F73,1) -> -6.8 | W73: =ROUND(G73,1) -> 81.3 | X73: =ROUND(H73,1) -> 95.1 | Y73: =ROUND(I73,1) -> 65.3 | Z73: =ROUND(J73,2) -> 0 | AA73: =ROUND(K73,2) -> 2.94 | AB73: =ROUND(L73,2) -> 14.59 | AC73: =ROUND(M73,3) -> 0.213 | AD73: =ROUND(N73,3) -> 0.255 | AE73: =ROUND(O73-AE$2,3) -> 0.987 | AF73: =IF(AE73>AE72,ROUND((AE73-AE72)*130,1),0) -> 1.6 | AG73: =AF73 -> 1.6 | AH73: =ROUND((0.6105*(EXP((17.273*U73)/(U73+237.3))))*Y73/100,3) -> 0.371 | AI73: =ROUND(AH73/Y73*(100-Y73),3) -> 0.197 | AK73: 15.88
A74: 70 | B74: 24 | C74: 85.8375 | D74: -4.1950833 | E74: 1.126 | F74: -6.962 | G74: 92.1375 | H74: 97.2 | I74: 77.1 | J74: 0.4 | K74: 2.39125 | L74: 11.58 | M74: 0.213 | N74: 0.255 | O74: 0.972 | Q74: =A74 -> 70 | R74: =B74 -> 24 | S74: =ROUND(C74*0.0864,2) -> 7.42 | T74: =ROUND(D74,1) -> -4.2 | U74: =ROUND(E74,1) -> 1.1 | V74: =ROUND(F74,1) -> -7 | W74: =ROUND(G74,1) -> 92.1 | X74: =ROUND(H74,1) -> 97.2 | Y74: =ROUND(I74,1) -> 77.1 | Z74: =ROUND(J74,2) -> 0.4 | AA74: =ROUND(K74,2) -> 2.39 | AB74: =ROUND(L74,2) -> 11.58 | AC74: =ROUND(M74,3) -> 0.213 | AD74: =ROUND(N74,3) -> 0.255 | AE74: =ROUND(O74-AE$2,3) -> 0.972 | AF74: =IF(AE74>AE73,ROUND((AE74-AE73)*130,1),0) -> 0 | AG74: =AF74 -> 0 | AH74: =ROUND((0.6105*(EXP((17.273*U74)/(U74+237.3))))*Y74/100,3) -> 0.51 | AI74: =ROUND(AH74/Y74*(100-Y74),3) -> 0.151 | AK74: 16.13
A75: 71 | B75: 24 | C75: 101.6625 | D75: -4.236 | E75: -1.413 | F75: -6.866 | G75: 87.616667 | H75: 97.3 | I75: 64.8 | J75: 0 | K75: 2.0766667 | L75: 10.57 | M75: 0.213 | N75: 0.255 | O75: 0.958 | Q75: =A75 -> 71 | R75: =B75 -> 24 | S75: =ROUND(C75*0.0864,2) -> 8.78 | T75: =ROUND(D75,1) -> -4.2 | U75: =ROUND(E75,1) -> -1.4 | V75: =ROUND(F75,1) -> -6.9 | W75: =ROUND(G75,1) -> 87.6 | X75: =ROUND(H75,1) -> 97.3 | Y75: =ROUND(I75,1) -> 64.8 | Z75: =ROUND(J75,2) -> 0 | AA75: =ROUND(K75,2) -> 2.08 | AB75: =ROUND(L75,2) -> 10.57 | AC75: =ROUND(M75,3) -> 0.213 | AD75: =ROUND(N75,3) -> 0.255 | AE75: =ROUND(O75-AE$2,3) -> 0.958 | AF75: =IF(AE75>AE74,ROUND((AE75-AE74)*130,1),0) -> 0 | AG75: =AF75 -> 0 | AH75: =ROUND((0.6105*(EXP((17.273*U75)/(U75+237.3))))*Y75/100,3) -> 0.357 | AI75: =ROUND(AH75/Y75*(100-Y75),3) -> 0.194 | AK75: 16.39
A76: 72 | B76: 24 | C76: 86.616667 | D76: -4.4867083 | E76: -0.479 | F76: -7.608 | G76: 96.854167 | H76: 98.1 | I76: 94 | J76: 1 | K76: 1.6979167 | L76: 9.56 | M76: 0.215 | N76: 0.256 | O76: 2.005 | Q76: =A76 -> 72 | R76: =B76 -> 24 | S76: =ROUND(C76*0.0864,2) -> 7.48 | T76: =ROUND(D76,1) -> -4.5 | U76: =ROUND(E76,1) -> -0.5 | V76: =ROUND(F76,1) -> -7.6 | W76: =ROUND(G76,1) -> 96.9 | X76: =ROUND(H76,1) -> 98.1 | Y76: =ROUND(I76,1) -> 94 | Z76: =ROUND(J76,2) -> 1 | AA76: =ROUND(K76,2) -> 1.7 | AB76: =ROUND(L76,2) -> 9.56 | AC76: =ROUND(M76,3) -> 0.215 | AD76: =ROUND(N76,3) -> 0.256 | AE76: 0.96 | AF76: =IF(AE76>AE75,ROUND((AE76-AE75)*130,1),0) -> 0.3 | AG76: =AF76 -> 0.3 | AH76: =ROUND((0.6105*(EXP((17.273*U76)/(U76+237.3))))*Y76/100,3) -> 0.553 | AI76: =ROUND(AH76/Y76*(100-Y76),3) -> 0.035 | AK76: 16.64
A77: 73 | B77: 24 | C77: 153.44167 | D77: -4.7625 | E77: 1.913 | F77: -8.297 | G77: 80.354167 | H77: 93.5 | I77: 57.2 | J77: 1.6 | K77: 1.0066667 | L77: 6.54 | M77: 0.215 | N77: 0.256 | O77: 0.974 | Q77: =A77 -> 73 | R77: =B77 -> 24 | S77: =ROUND(C77*0.0864,2) -> 13.26 | T77: =ROUND(D77,1) -> -4.8 | U77: =ROUND(E77,1) -> 1.9 | V77: =ROUND(F77,1) -> -8.3 | W77: =ROUND(G77,1) -> 80.4 | X77: =ROUND(H77,1) -> 93.5 | Y77: =ROUND(I77,1) -> 57.2 | Z77: =ROUND(J77,2) -> 1.6 | AA77: =ROUND(K77,2) -> 1.01 | AB77: =ROUND(L77,2) -> 6.54 | AC77: =ROUND(M77,3) -> 0.215 | AD77: =ROUND(N77,3) -> 0.256 | AE77: =ROUND(O77-AE$2,3) -> 0.974 | AF77: =IF(AE77>AE76,ROUND((AE77-AE76)*130,1),0) -> 1.8 | AG77: =AF77 -> 1.8 | AH77: =ROUND((0.6105*(EXP((17.273*U77)/(U77+237.3))))*Y77/100,3) -> 0.401 | AI77: =ROUND(AH77/Y77*(100-Y77),3) -> 0.3 | AK77: 16.9
A78: 74 | B78: 24 | C78: 184.37917 | D78: -1.0155417 | E78: 6.458 | F78: -8.463 | G78: 71.15 | H78: 91.8 | I78: 45.1 | J78: 0 | K78: 0.56583333 | L78: 4.03 | M78: 0.215 | N78: 0.259 | O78: 0.934 | Q78: =A78 -> 74 | R78: =B78 -> 24 | S78: =ROUND(C78*0.0864,2) -> 15.93 | T78: =ROUND(D78,1) -> -1 | U78: =ROUND(E78,1) -> 6.5 | V78: =ROUND(F78,1) -> -8.5 | W78: =ROUND(G78,1) -> 71.2 | X78: =ROUND(H78,1) -> 91.8 | Y78: =ROUND(I78,1) -> 45.1 | Z78: =ROUND(J78,2) -> 0 | AA78: =ROUND(K78,2) -> 0.57 | AB78: =ROUND(L78,2) -> 4.03 | AC78: =ROUND(M78,3) -> 0.215 | AD78: =ROUND(N78,3) -> 0.259 | AE78: =ROUND(O78-AE$2,3) -> 0.934 | AF78: =IF(AE78>AE77,ROUND((AE78-AE77)*130,1),0) -> 0 | AG78: =AF78 -> 0 | AH78: =ROUND((0.6105*(EXP((17.273*U78)/(U78+237.3))))*Y78/100,3) -> 0.436 | AI78: =ROUND(AH78/Y78*(100-Y78),3) -> 0.531 | AK78: 17.16
A79: 75 | B79: 24 | C79: 190.30833 | D79: 4.79325 | E79: 10.271 | F79: -0.479 | G79: 60 | H79: 72.2 | I79: 45.1 | J79: 0 | K79: 2.0345833 | L79: 7.55 | M79: 0.215 | N79: 0.283 | O79: 0.889 | Q79: =A79 -> 75 | R79: =B79 -> 24 | S79: =ROUND(C79*0.0864,2) -> 16.44 | T79: =ROUND(D79,1) -> 4.8 | U79: =ROUND(E79,1) -> 10.3 | V79: =ROUND(F79,1) -> -0.5 | W79: =ROUND(G79,1) -> 60 | X79: =ROUND(H79,1) -> 72.2 | Y79: =ROUND(I79,1) -> 45.1 | Z79: =ROUND(J79,2) -> 0 | AA79: =ROUND(K79,2) -> 2.03 | AB79: =ROUND(L79,2) -> 7.55 | AC79: =ROUND(M79,3) -> 0.215 | AD79: =ROUND(N79,3) -> 0.283 | AE79: =ROUND(O79-AE$2,3) -> 0.889 | AF79: =IF(AE79>AE78,ROUND((AE79-AE78)*130,1),0) -> 0 | AG79: =AF79 -> 0 | AH79: =ROUND((0.6105*(EXP((17.273*U79)/(U79+237.3))))*Y79/100,3) -> 0.565 | AI79: =ROUND(AH79/Y79*(100-Y79),3) -> 0.688 | AK79: 17.42
A80: 76 | B80: 24 | C80: 197.96667 | D80: 7.074125 | E80: 13.618 | F80: 0.715 | G80: 42.233333 | H80: 65.4 | I80: 22.3 | J80: 0 | K80: 1.2158333 | L80: 9.06 | M80: 0.215 | N80: 0.293 | O80: 0.853 | Q80: =A80 -> 76 | R80: =B80 -> 24 | S80: =ROUND(C80*0.0864,2) -> 17.1 | T80: =ROUND(D80,1) -> 7.1 | U80: =ROUND(E80,1) -> 13.6 | V80: =ROUND(F80,1) -> 0.7 | W80: =ROUND(G80,1) -> 42.2 | X80: =ROUND(H80,1) -> 65.4 | Y80: =ROUND(I80,1) -> 22.3 | Z80: =ROUND(J80,2) -> 0 | AA80: =ROUND(K80,2) -> 1.22 | AB80: =ROUND(L80,2) -> 9.06 | AC80: =ROUND(M80,3) -> 0.215 | AD80: =ROUND(N80,3) -> 0.293 | AE80: =ROUND(O80-AE$2,3) -> 0.853 | AF80: =IF(AE80>AE79,ROUND((AE80-AE79)*130,1),0) -> 0 | AG80: =AF80 -> 0 | AH80: =ROUND((0.6105*(EXP((17.273*U80)/(U80+237.3))))*Y80/100,3) -> 0.347 | AI80: =ROUND(AH80/Y80*(100-Y80),3) -> 1.209 | AK80: 17.68
A81: 77 | B81: 24 | C81: 204.16667 | D81: 7.4964167 | E81: 12.968 | F81: 2.903 | G81: 50.983333 | H81: 67.2 | I81: 32.7 | J81: 0 | K81: 0.71291667 | L81: 5.54 | M81: 0.216 | N81: 0.303 | O81: 0.813 | Q81: =A81 -> 77 | R81: =B81 -> 24 | S81: =ROUND(C81*0.0864,2) -> 17.64 | T81: =ROUND(D81,1) -> 7.5 | U81: =ROUND(E81,1) -> 13 | V81: =ROUND(F81,1) -> 2.9 | W81: =ROUND(G81,1) -> 51 | X81: =ROUND(H81,1) -> 67.2 | Y81: =ROUND(I81,1) -> 32.7 | Z81: =ROUND(J81,2) -> 0 | AA81: =ROUND(K81,2) -> 0.71 | AB81: =ROUND(L81,2) -> 5.54 | AC81: =ROUND(M81,3) -> 0.216 | AD81: =ROUND(N81,3) -> 0.303 | AE81: =ROUND(O81-AE$2,3) -> 0.813 | AF81: =IF(AE81>AE80,ROUND((AE81-AE80)*130,1),0) -> 0 | AG81: =AF81 -> 0 | AH81: =ROUND((0.6105*(EXP((17.273*U81)/(U81+237.3))))*Y81/100,3) -> 0.49 | AI81: =ROUND(AH81/Y81*(100-Y81),3) -> 1.008 | AK81: 17.94
A82: 78 | B82: 24 | C82: 210.1 | D82: 6.5285833 | E82: 13.185 | F82: 0.577 | G82: 52.5 | H82: 78.4 | I82: 31.8 | J82: 0 | K82: 0.62916667 | L82: 5.54 | M82: 0.223 | N82: 0.313 | O82: 0.759 | Q82: =A82 -> 78 | R82: =B82 -> 24 | S82: =ROUND(C82*0.0864,2) -> 18.15 | T82: =ROUND(D82,1) -> 6.5 | U82: =ROUND(E82,1) -> 13.2 | V82: =ROUND(F82,1) -> 0.6 | W82: =ROUND(G82,1) -> 52.5 | X82: =ROUND(H82,1) -> 78.4 | Y82: =ROUND(I82,1) -> 31.8 | Z82: =ROUND(J82,2) -> 0 | AA82: =ROUND(K82,2) -> 0.63 | AB82: =ROUND(L82,2) -> 5.54 | AC82: =ROUND(M82,3) -> 0.223 | AD82: =ROUND(N82,3) -> 0.313 | AE82: =ROUND(O82-AE$2,3) -> 0.759 | AF82: =IF(AE82>AE81,ROUND((AE82-AE81)*130,1),0) -> 0 | AG82: =AF82 -> 0 | AH82: =ROUND((0.6105*(EXP((17.273*U82)/(U82+237.3))))*Y82/100,3) -> 0.482 | AI82: =ROUND(AH82/Y82*(100-Y82),3) -> 1.034 | AK82: 18.2
A83: 79 | B83: 24 | C83: 214.84583 | D83: 5.24525 | E83: 11.467 | F83: -0.648 | G83: 52.8 | H83: 73.5 | I83: 29.6 | J83: 0 | K83: 0.94333333 | L83: 5.54 | M83: 0.231 | N83: 0.319 | O83: 0.699 | Q83: =A83 -> 79 | R83: =B83 -> 24 | S83: =ROUND(C83*0.0864,2) -> 18.56 | T83: =ROUND(D83,1) -> 5.2 | U83: =ROUND(E83,1) -> 11.5 | V83: =ROUND(F83,1) -> -0.6 | W83: =ROUND(G83,1) -> 52.8 | X83: =ROUND(H83,1) -> 73.5 | Y83: =ROUND(I83,1) -> 29.6 | Z83: =ROUND(J83,2) -> 0 | AA83: =ROUND(K83,2) -> 0.94 | AB83: =ROUND(L83,2) -> 5.54 | AC83: =ROUND(M83,3) -> 0.231 | AD83: =ROUND(N83,3) -> 0.319 | AE83: =ROUND(O83-AE$2,3) -> 0.699 | AF83: =IF(AE83>AE82,ROUND((AE83-AE82)*130,1),0) -> 0 | AG83: =AF83 -> 0 | AH83: =ROUND((0.6105*(EXP((17.273*U83)/(U83+237.3))))*Y83/100,3) -> 0.402 | AI83: =ROUND(AH83/Y83*(100-Y83),3) -> 0.956 | AK83: 18.47
A84: 80 | B84: 24 | C84: 159.325 | D84: 2.9776667 | E84: 8.494 | F84: -1.441 | G84: 61.779167 | H84: 79.6 | I84: 46.4 | J84: 0 | K84: 0.77541667 | L84: 7.55 | M84: 0.227 | N84: 0.315 | O84: 0.686 | Q84: =A84 -> 80 | R84: =B84 -> 24 | S84: =ROUND(C84*0.0864,2) -> 13.77 | T84: =ROUND(D84,1) -> 3 | U84: =ROUND(E84,1) -> 8.5 | V84: =ROUND(F84,1) -> -1.4 | W84: =ROUND(G84,1) -> 61.8 | X84: =ROUND(H84,1) -> 79.6 | Y84: =ROUND(I84,1) -> 46.4 | Z84: =ROUND(J84,2) -> 0 | AA84: =ROUND(K84,2) -> 0.78 | AB84: =ROUND(L84,2) -> 7.55 | AC84: =ROUND(M84,3) -> 0.227 | AD84: =ROUND(N84,3) -> 0.315 | AE84: =ROUND(O84-AE$2,3) -> 0.686 | AF84: =IF(AE84>AE83,ROUND((AE84-AE83)*130,1),0) -> 0 | AG84: =AF84 -> 0 | AH84: =ROUND((0.6105*(EXP((17.273*U84)/(U84+237.3))))*Y84/100,3) -> 0.515 | AI84: =ROUND(AH84/Y84*(100-Y84),3) -> 0.595 | AK84: 18.73
A85: 81 | B85: 24 | C85: 130.78333 | D85: -0.912375 | E85: 4.011 | F85: -2.888 | G85: 84.8875 | H85: 95.5 | I85: 64.3 | J85: 1.6 | K85: 1.1320833 | L85: 7.05 | M85: 0.228 | N85: 0.313 | O85: 0.688 | Q85: =A85 -> 81 | R85: =B85 -> 24 | S85: =ROUND(C85*0.0864,2) -> 11.3 | T85: =ROUND(D85,1) -> -0.9 | U85: =ROUND(E85,1) -> 4 | V85: =ROUND(F85,1) -> -2.9 | W85: =ROUND(G85,1) -> 84.9 | X85: =ROUND(H85,1) -> 95.5 | Y85: =ROUND(I85,1) -> 64.3 | Z85: =ROUND(J85,2) -> 1.6 | AA85: =ROUND(K85,2) -> 1.13 | AB85: =ROUND(L85,2) -> 7.05 | AC85: =ROUND(M85,3) -> 0.228 | AD85: =ROUND(N85,3) -> 0.313 | AE85: =ROUND(O85-AE$2,3) -> 0.688 | AF85: =IF(AE85>AE84,ROUND((AE85-AE84)*130,1),0) -> 0.3 | AG85: =AF85 -> 0.3 | AH85: =ROUND((0.6105*(EXP((17.273*U85)/(U85+237.3))))*Y85/100,3) -> 0.523 | AI85: =ROUND(AH85/Y85*(100-Y85),3) -> 0.29 | AK85: 18.99
A86: 82 | B86: 24 | C86: 89.5125 | D86: -1.385625 | E86: 0.715 | F86: -4.987 | G86: 90.029167 | H86: 98.4 | I86: 74 | J86: 0.8 | K86: 0.67166667 | L86: 4.53 | M86: 0.227 | N86: 0.307 | O86: 0.685 | Q86: =A86 -> 82 | R86: =B86 -> 24 | S86: =ROUND(C86*0.0864,2) -> 7.73 | T86: =ROUND(D86,1) -> -1.4 | U86: =ROUND(E86,1) -> 0.7 | V86: =ROUND(F86,1) -> -5 | W86: =ROUND(G86,1) -> 90 | X86: =ROUND(H86,1) -> 98.4 | Y86: =ROUND(I86,1) -> 74 | Z86: =ROUND(J86,2) -> 0.8 | AA86: =ROUND(K86,2) -> 0.67 | AB86: =ROUND(L86,2) -> 4.53 | AC86: =ROUND(M86,3) -> 0.227 | AD86: =ROUND(N86,3) -> 0.307 | AE86: =ROUND(O86-AE$2,3) -> 0.685 | AF86: =IF(AE86>AE85,ROUND((AE86-AE85)*130,1),0) -> 0 | AG86: =AF86 -> 0 | AH86: =ROUND((0.6105*(EXP((17.273*U86)/(U86+237.3))))*Y86/100,3) -> 0.475 | AI86: =ROUND(AH86/Y86*(100-Y86),3) -> 0.167 | AK86: 19.25
A87: 83 | B87: 24 | C87: 75.1 | D87: -1.7612917 | E87: 0.797 | F87: -4.408 | G87: 93.7625 | H87: 98.9 | I87: 80 | J87: 4 | K87: 1.5308333 | L87: 9.06 | M87: 0.222 | N87: 0.3 | O87: 0.682 | Q87: =A87 -> 83 | R87: =B87 -> 24 | S87: =ROUND(C87*0.0864,2) -> 6.49 | T87: =ROUND(D87,1) -> -1.8 | U87: =ROUND(E87,1) -> 0.8 | V87: =ROUND(F87,1) -> -4.4 | W87: =ROUND(G87,1) -> 93.8 | X87: =ROUND(H87,1) -> 98.9 | Y87: =ROUND(I87,1) -> 80 | Z87: =ROUND(J87,2) -> 4 | AA87: =ROUND(K87,2) -> 1.53 | AB87: =ROUND(L87,2) -> 9.06 | AC87: =ROUND(M87,3) -> 0.222 | AD87: =ROUND(N87,3) -> 0.3 | AE87: =ROUND(O87-AE$2,3) -> 0.682 | AF87: =IF(AE87>AE86,ROUND((AE87-AE86)*130,1),0) -> 0 | AG87: =AF87 -> 0 | AH87: =ROUND((0.6105*(EXP((17.273*U87)/(U87+237.3))))*Y87/100,3) -> 0.518 | AI87: =ROUND(AH87/Y87*(100-Y87),3) -> 0.13 | AK87: 19.52
A88: 84 | B88: 24 | C88: 231.4125 | D88: -2.52475 | E88: 4.115 | F88: -8.397 | G88: 54.095833 | H88: 80.8 | I88: 28.4 | J88: 0 | K88: 1.27875 | L88: 7.55 | M88: 0.222 | N88: 0.296 | O88: 0.684 | Q88: =A88 -> 84 | R88: =B88 -> 24 | S88: =ROUND(C88*0.0864,2) -> 19.99 | T88: =ROUND(D88,1) -> -2.5 | U88: =ROUND(E88,1) -> 4.1 | V88: =ROUND(F88,1) -> -8.4 | W88: =ROUND(G88,1) -> 54.1 | X88: =ROUND(H88,1) -> 80.8 | Y88: =ROUND(I88,1) -> 28.4 | Z88: =ROUND(J88,2) -> 0 | AA88: =ROUND(K88,2) -> 1.28 | AB88: =ROUND(L88,2) -> 7.55 | AC88: =ROUND(M88,3) -> 0.222 | AD88: =ROUND(N88,3) -> 0.296 | AE88: =ROUND(O88-AE$2,3) -> 0.684 | AF88: =IF(AE88>AE87,ROUND((AE88-AE87)*130,1),0) -> 0.3 | AG88: =AF88 -> 0.3 | AH88: =ROUND((0.6105*(EXP((17.273*U88)/(U88+237.3))))*Y88/100,3) -> 0.232 | AI88: =ROUND(AH88/Y88*(100-Y88),3) -> 0.585 | AK88: 19.79
... A90: 86 | B90: 24 | C90: 121.72083 | D90: -3.185375 | E90: 1.697 | F90: -6.674 | G90: 83.945833 | H90: 97.2 | I90: 65.2 | J90: 0.2 | K90: 0.88083333 | L90: 7.55 | M90: 0.221 | N90: 0.289 | O90: 0.664 | Q90: =A90 -> 86 | R90: =B90 -> 24 | S90: =ROUND(C90*0.0864,2) -> 10.52 | T90: =ROUND(D90,1) -> -3.2 | U90: =ROUND(E90,1) -> 1.7 | V90: =ROUND(F90,1) -> -6.7 | W90: =ROUND(G90,1) -> 83.9 | X90: =ROUND(H90,1) -> 97.2 | Y90: =ROUND(I90,1) -> 65.2 | Z90: =ROUND(J90,2) -> 0.2 | AA90: =ROUND(K90,2) -> 0.88 | AB90: =ROUND(L90,2) -> 7.55 | AC90: =ROUND(M90,3) -> 0.221 | AD90: =ROUND(N90,3) -> 0.289 | AE90: =ROUND(O90-AE$2,3) -> 0.664 | AF90: =IF(AE90>AE89,ROUND((AE90-AE89)*130,1),0) -> 0 | AG90: =AF90 -> 0 | AH90: =ROUND((0.6105*(EXP((17.273*U90)/(U90+237.3))))*Y90/100,3) -> 0.45 | AI90: =ROUND(AH90/Y90*(100-Y90),3) -> 0.24 | AK90: 20.31
A91: 87 | B91: 24 | C91: 62.320833 | D91: -4.4007083 | E91: -2.712 | F91: -6.61 | G91: 94.741667 | H91: 97.3 | I91: 88.8 | J91: 0 | K91: 1.7 | L91: 7.55 | M91: 0.22 | N91: 0.287 | O91: 1.089 | Q91: =A91 -> 87 | R91: =B91 -> 24 | S91: =ROUND(C91*0.0864,2) -> 5.38 | T91: =ROUND(D91,1) -> -4.4 | U91: =ROUND(E91,1) -> -2.7 | V91: =ROUND(F91,1) -> -6.6 | W91: =ROUND(G91,1) -> 94.7 | X91: =ROUND(H91,1) -> 97.3 | Y91: =ROUND(I91,1) -> 88.8 | Z91: =ROUND(J91,2) -> 0 | AA91: =ROUND(K91,2) -> 1.7 | AB91: =ROUND(L91,2) -> 7.55 | AC91: =ROUND(M91,3) -> 0.22 | AD91: =ROUND(N91,3) -> 0.287 | AE91: 0.78 | AF91: =IF(AE91>AE90,ROUND((AE91-AE90)*130,1),0) -> 15.1 | AG91: =AF91 -> 15.1 | AH91: =ROUND((0.6105*(EXP((17.273*U91)/(U91+237.3))))*Y91/100,3) -> 0.444 | AI91: =ROUND(AH91/Y91*(100-Y91),3) -> 0.056 | AK91: 20.57
A92: 88 | B92: 24 | C92: 115.525 | D92: -3.8132917 | E92: -0.367 | F92: -7.381 | G92: 96.9875 | H92: 98.3 | I92: 95.6 | J92: 7.8 | K92: 0.60833333 | L92: 6.04 | M92: 0.22 | N92: 0.284 | O92: 0.762 | Q92: =A92 -> 88 | R92: =B92 -> 24 | S92: =ROUND(C92*0.0864,2) -> 9.98 | T92: =ROUND(D92,1) -> -3.8 | U92: =ROUND(E92,1) -> -0.4 | V92: =ROUND(F92,1) -> -7.4 | W92: =ROUND(G92,1) -> 97 | X92: =ROUND(H92,1) -> 98.3 | Y92: =ROUND(I92,1) -> 95.6 | Z92: =ROUND(J92,2) -> 7.8 | AA92: =ROUND(K92,2) -> 0.61 | AB92: =ROUND(L92,2) -> 6.04 | AC92: =ROUND(M92,3) -> 0.22 | AD92: =ROUND(N92,3) -> 0.284 | AE92: =ROUND(O92-AE$2,3) -> 0.762 | AF92: =IF(AE92>AE91,ROUND((AE92-AE91)*130,1),0) -> 0 | AG92: =AF92 -> 0 | AH92: =ROUND((0.6105*(EXP((17.273*U92)/(U92+237.3))))*Y92/100,3) -> 0.567 | AI92: =ROUND(AH92/Y92*(100-Y92),3) -> 0.026 | AK92: 20.83
A93: 89 | B93: 24 | C93: 131.09583 | D93: -3.6295417 | E93: 0.907 | F93: -7.219 | G93: 92.041667 | H93: 97.5 | I93: 79.5 | J93: 6.6 | K93: 0.33625 | L93: 4.53 | M93: 0.219 | N93: 0.282 | O93: 0.85 | Q93: =A93 -> 89 | R93: =B93 -> 24 | S93: =ROUND(C93*0.0864,2) -> 11.33 | T93: =ROUND(D93,1) -> -3.6 | U93: =ROUND(E93,1) -> 0.9 | V93: =ROUND(F93,1) -> -7.2 | W93: =ROUND(G93,1) -> 92 | X93: =ROUND(H93,1) -> 97.5 | Y93: =ROUND(I93,1) -> 79.5 | Z93: =ROUND(J93,2) -> 6.6 | AA93: =ROUND(K93,2) -> 0.34 | AB93: =ROUND(L93,2) -> 4.53 | AC93: =ROUND(M93,3) -> 0.219 | AD93: =ROUND(N93,3) -> 0.282 | AE93: =ROUND(O93-AE$2,3) -> 0.85 | AF93: =IF(AE93>AE92,ROUND((AE93-AE92)*130,1),0) -> 11.4 | AG93: =AF93 -> 11.4 | AH93: =ROUND((0.6105*(EXP((17.273*U93)/(U93+237.3))))*Y93/100,3) -> 0.518 | AI93: =ROUND(AH93/Y93*(100-Y93),3) -> 0.134 | AK93: 21.1
A94: 90 | B94: 24 | C94: 189.425 | D94: -3.9320417 | E94: 1.561 | F94: -9.816 | G94: 75.0875 | H94: 94.9 | I94: 50.5 | J94: 0.2 | K94: 0.33416667 | L94: 5.03 | M94: 0.219 | N94: 0.281 | O94: 0.834 | Q94: =A94 -> 90 | R94: =B94 -> 24 | S94: =ROUND(C94*0.0864,2) -> 16.37 | T94: =ROUND(D94,1) -> -3.9 | U94: =ROUND(E94,1) -> 1.6 | V94: =ROUND(F94,1) -> -9.8 | W94: =ROUND(G94,1) -> 75.1 | X94: =ROUND(H94,1) -> 94.9 | Y94: =ROUND(I94,1) -> 50.5 | Z94: =ROUND(J94,2) -> 0.2 | AA94: =ROUND(K94,2) -> 0.33 | AB94: =ROUND(L94,2) -> 5.03 | AC94: =ROUND(M94,3) -> 0.219 | AD94: =ROUND(N94,3) -> 0.281 | AE94: =ROUND(O94-AE$2,3) -> 0.834 | AF94: =IF(AE94>AE93,ROUND((AE94-AE93)*130,1),0) -> 0 | AG94: =AF94 -> 0 | AH94: =ROUND((0.6105*(EXP((17.273*U94)/(U94+237.3))))*Y94/100,3) -> 0.346 | AI94: =ROUND(AH94/Y94*(100-Y94),3) -> 0.339 | AK94: 21.36
A95: 91 | B95: 24 | C95: 226.77083 | D95: -1.3542083 | E95: 4.454 | F95: -6.77 | G95: 71.995833 | H95: 94.1 | I95: 50.5 | J95: 0.2 | K95: 1.3425 | L95: 7.55 | M95: 0.218 | N95: 0.279 | O95: 0.799 | Q95: =A95 -> 91 | R95: =B95 -> 24 | S95: =ROUND(C95*0.0864,2) -> 19.59 | T95: =ROUND(D95,1) -> -1.4 | U95: =ROUND(E95,1) -> 4.5 | V95: =ROUND(F95,1) -> -6.8 | W95: =ROUND(G95,1) -> 72 | X95: =ROUND(H95,1) -> 94.1 | Y95: =ROUND(I95,1) -> 50.5 | Z95: =ROUND(J95,2) -> 0.2 | AA95: =ROUND(K95,2) -> 1.34 | AB95: =ROUND(L95,2) -> 7.55 | AC95: =ROUND(M95,3) -> 0.218 | AD95: =ROUND(N95,3) -> 0.279 | AE95: =ROUND(O95-AE$2,3) -> 0.799 | AF95: =IF(AE95>AE94,ROUND((AE95-AE94)*130,1),0) -> 0 | AG95: =AF95 -> 0 | AH95: =ROUND((0.6105*(EXP((17.273*U95)/(U95+237.3))))*Y95/100,3) -> 0.425 | AI95: =ROUND(AH95/Y95*(100-Y95),3) -> 0.417 | AK95: 21.62
A96: 92 | B96: 24 | C96: 232.86667 | D96: 3.3424167 | E96: 9.485 | F96: -2.479 | G96: 66.266667 | H96: 83.1 | I96: 40.2 | J96: 0 | K96: 1.3425 | L96: 10.57 | M96: 0.224 | N96: 0.297 | O96: 0.737 | Q96: =A96 -> 92 | R96: =B96 -> 24 | S96: =ROUND(C96*0.0864,2) -> 20.12 | T96: =ROUND(D96,1) -> 3.3 | U96: =ROUND(E96,1) -> 9.5 | V96: =ROUND(F96,1) -> -2.5 | W96: =ROUND(G96,1) -> 66.3 | X96: =ROUND(H96,1) -> 83.1 | Y96: =ROUND(I96,1) -> 40.2 | Z96: =ROUND(J96,2) -> 0 | AA96: =ROUND(K96,2) -> 1.34 | AB96: =ROUND(L96,2) -> 10.57 | AC96: =ROUND(M96,3) -> 0.224 | AD96: =ROUND(N96,3) -> 0.297 | AE96: =ROUND(O96-AE$2,3) -> 0.737 | AF96: =IF(AE96>AE95,ROUND((AE96-AE95)*130,1),0) -> 0 | AG96: =AF96 -> 0 | AH96: =ROUND((0.6105*(EXP((17.273*U96)/(U96+237.3))))*Y96/100,3) -> 0.477 | AI96: =ROUND(AH96/Y96*(100-Y96),3) -> 0.71 | AK96: 21.88
A97: 93 | B97: 24 | C97: 154.17083 | D97: 6.3205833 | E97: 10.907 | F97: -0.311 | G97: 66.554167 | H97: 85.6 | I97: 48 | J97: 0 | K97: 2.9145833 | L97: 10.57 | M97: 0.235 | N97: 0.324 | O97: 0.679 | Q97: =A97 -> 93 | R97: =B97 -> 24 | S97: =ROUND(C97*0.0864,2) -> 13.32 | T97: =ROUND(D97,1) -> 6.3 | U97: =ROUND(E97,1) -> 10.9 | V97: =ROUND(F97,1) -> -0.3 | W97: =ROUND(G97,1) -> 66.6 | X97: =ROUND(H97,1) -> 85.6 | Y97: =ROUND(I97,1) -> 48 | Z97: =ROUND(J97,2) -> 0 | AA97: =ROUND(K97,2) -> 2.91 | AB97: =ROUND(L97,2) -> 10.57 | AC97: =ROUND(M97,3) -> 0.235 | AD97: =ROUND(N97,3) -> 0.324 | AE97: =ROUND(O97-AE$2,3) -> 0.679 | AF97: =IF(AE97>AE96,ROUND((AE97-AE96)*130,1),0) -> 0 | AG97: =AF97 -> 0 | AH97: =ROUND((0.6105*(EXP((17.273*U97)/(U97+237.3))))*Y97/100,3) -> 0.626 | AI97: =ROUND(AH97/Y97*(100-Y97),3) -> 0.678 | AK97: 22.13
A98: 94 | B98: 24 | C98: 237.9125 | D98: -2.2601667 | E98: 2.664 | F98: -5.48 | G98: 61.3375 | H98: 81.1 | I98: 40.6 | J98: 0 | K98: 1.9295833 | L98: 8.56 | M98: 0.232 | N98: 0.321 | O98: 0.659 | Q98: =A98 -> 94 | R98: =B98 -> 24 | S98: =ROUND(C98*0.0864,2) -> 20.56 | T98: =ROUND(D98,1) -> -2.3 | U98: =ROUND(E98,1) -> 2.7 | V98: =ROUND(F98,1) -> -5.5 | W98: =ROUND(G98,1) -> 61.3 | X98: =ROUND(H98,1) -> 81.1 | Y98: =ROUND(I98,1) -> 40.6 | Z98: =ROUND(J98,2) -> 0 | AA98: =ROUND(K98,2) -> 1.93 | AB98: =ROUND(L98,2) -> 8.56 | AC98: =ROUND(M98,3) -> 0.232 | AD98: =ROUND(N98,3) -> 0.321 | AE98: =ROUND(O98-AE$2,3) -> 0.659 | AF98: =IF(AE98>AE97,ROUND((AE98-AE97)*130,1),0) -> 0 | AG98: =AF98 -> 0 | AH98: =ROUND((0.6105*(EXP((17.273*U98)/(U98+237.3))))*Y98/100,3) -> 0.301 | AI98: =ROUND(AH98/Y98*(100-Y98),3) -> 0.44 | AK98: 22.39
A99: 95 | B99: 24 | C99: 113.7 | D99: -3.8658333 | E99: -1.384 | F99: -6.642 | G99: 90.9125 | H99: 95.9 | I99: 82.3 | J99: 2.6 | K99: 2.6004167 | L99: 9.56 | M99: 0.232 | N99: 0.318 | O99: 0.704 | Q99: =A99 -> 95 | R99: =B99 -> 24 | S99: =ROUND(C99*0.0864,2) -> 9.82 | T99: =ROUND(D99,1) -> -3.9 | U99: =ROUND(E99,1) -> -1.4 | V99: =ROUND(F99,1) -> -6.6 | W99: =ROUND(G99,1) -> 90.9 | X99: =ROUND(H99,1) -> 95.9 | Y99: =ROUND(I99,1) -> 82.3 | Z99: =ROUND(J99,2) -> 2.6 | AA99: =ROUND(K99,2) -> 2.6 | AB99: =ROUND(L99,2) -> 9.56 | AC99: =ROUND(M99,3) -> 0.232 | AD99: =ROUND(N99,3) -> 0.318 | AE99: =ROUND(O99-AE$2,3) -> 0.704 | AF99: =IF(AE99>AE98,ROUND((AE99-AE98)*130,1),0) -> 5.8 | AG99: =AF99 -> 5.8 | AH99: =ROUND((0.6105*(EXP((17.273*U99)/(U99+237.3))))*Y99/100,3) -> 0.453 | AI99: =ROUND(AH99/Y99*(100-Y99),3) -> 0.097 | AK99: 22.65
A100: 96 | B100: 24 | C100: 118.8 | D100: -3.1865 | E100: 0.024 | F100: -4.743 | G100: 96.6375 | H100: 97.8 | I100: 95.9 | J100: 5.8 | K100: 2.4320833 | L100: 9.06 | M100: 0.232 | N100: 0.312 | O100: 0.661 | Q100: =A100 -> 96 | R100: =B100 -> 24 | S100: =ROUND(C100*0.0864,2) -> 10.26 | T100: =ROUND(D100,1) -> -3.2 | U100: =ROUND(E100,1) -> 0 | V100: =ROUND(F100,1) -> -4.7 | W100: =ROUND(G100,1) -> 96.6 | X100: =ROUND(H100,1) -> 97.8 | Y100: =ROUND(I100,1) -> 95.9 | Z100: =ROUND(J100,2) -> 5.8 | AA100: =ROUND(K100,2) -> 2.43 | AB100: =ROUND(L100,2) -> 9.06 | AC100: =ROUND(M100,3) -> 0.232 | AD100: =ROUND(N100,3) -> 0.312 | AE100: =ROUND(O100-AE$2,3) -> 0.661 | AF100: =IF(AE100>AE99,ROUND((AE100-AE99)*130,1),0) -> 0 | AG100: =AF100 -> 0 | AH100: =ROUND((0.6105*(EXP((17.273*U100)/(U100+237.3))))*Y100/100,3) -> 0.585 | AI100: =ROUND(AH100/Y100*(100-Y100),3) -> 0.025 | AK100: 22.9
A101: 97 | B101: 24 | C101: 179.00833 | D101: -2.61575 | E101: 2.289 | F101: -5.202 | G101: 85.795833 | H101: 97.7 | I101: 70.1 | J101: 1.2 | K101: 1.5091667 | L101: 7.05 | M101: 0.227 | N101: 0.305 | O101: 0.707 | Q101: =A101 -> 97 | R101: =B101 -> 24 | S101: =ROUND(C101*0.0864,2) -> 15.47 | T101: =ROUND(D101,1) -> -2.6 | U101: =ROUND(E101,1) -> 2.3 | V101: =ROUND(F101,1) -> -5.2 | W101: =ROUND(G101,1) -> 85.8 | X101: =ROUND(H101,1) -> 97.7 | Y101: =ROUND(I101,1) -> 70.1 | Z101: =ROUND(J101,2) -> 1.2 | AA101: =ROUND(K101,2) -> 1.51 | AB101: =ROUND(L101,2) -> 7.05 | AC101: =ROUND(M101,3) -> 0.227 | AD101: =ROUND(N101,3) -> 0.305 | AE101: =ROUND(O101-AE$2,3) -> 0.707 | AF101: =IF(AE101>AE100,ROUND((AE101-AE100)*130,1),0) -> 6 | AG101: =AF101 -> 6 | AH101: =ROUND((0.6105*(EXP((17.273*U101)/(U101+237.3))))*Y101/100,3) -> 0.505 | AI101: =ROUND(AH101/Y101*(100-Y101),3) -> 0.215 | AK101: 23.16
A102: 98 | B102: 24 | C102: 169.63333 | D102: -2.8345833 | E102: 2.37 | F102: -6.42 | G102: 78.645833 | H102: 92.6 | I102: 57.8 | J102: 0 | K102: 1.5520833 | L102: 7.55 | M102: 0.226 | N102: 0.299 | O102: 0.664 | Q102: =A102 -> 98 | R102: =B102 -> 24 | S102: =ROUND(C102*0.0864,2) -> 14.66 | T102: =ROUND(D102,1) -> -2.8 | U102: =ROUND(E102,1) -> 2.4 | V102: =ROUND(F102,1) -> -6.4 | W102: =ROUND(G102,1) -> 78.6 | X102: =ROUND(H102,1) -> 92.6 | Y102: =ROUND(I102,1) -> 57.8 | Z102: =ROUND(J102,2) -> 0 | AA102: =ROUND(K102,2) -> 1.55 | AB102: =ROUND(L102,2) -> 7.55 | AC102: =ROUND(M102,3) -> 0.226 | AD102: =ROUND(N102,3) -> 0.299 | AE102: =ROUND(O102-AE$2,3) -> 0.664 | AF102: =IF(AE102>AE101,ROUND((AE102-AE101)*130,1),0) -> 0 | AG102: =AF102 -> 0 | AH102: =ROUND((0.6105*(EXP((17.273*U102)/(U102+237.3))))*Y102/100,3) -> 0.419 | AI102: =ROUND(AH102/Y102*(100-Y102),3) -> 0.306 | AK102: 23.41
A103: 99 | B103: 24 | C103: 83.075 | D103: -2.6851667 | E103: -0.958 | F103: -5.574 | G103: 88.475 | H103: 96.1 | I103: 69.7 | J103: 0.6 | K103: 1.3420833 | L103: 7.05 | M103: 0.225 | N103: 0.294 | O103: 0.703 | Q103: =A103 -> 99 | R103: =B103 -> 24 | S103: =ROUND(C103*0.0864,2) -> 7.18 | T103: =ROUND(D103,1) -> -2.7 | U103: =ROUND(E103,1) -> -1 | V103: =ROUND(F103,1) -> -5.6 | W103: =ROUND(G103,1) -> 88.5 | X103: =ROUND(H103,1) -> 96.1 | Y103: =ROUND(I103,1) -> 69.7 | Z103: =ROUND(J103,2) -> 0.6 | AA103: =ROUND(K103,2) -> 1.34 | AB103: =ROUND(L103,2) -> 7.05 | AC103: =ROUND(M103,3) -> 0.225 | AD103: =ROUND(N103,3) -> 0.294 | AE103: =ROUND(O103-AE$2,3) -> 0.703 | AF103: =IF(AE103>AE102,ROUND((AE103-AE102)*130,1),0) -> 5.1 | AG103: =AF103 -> 5.1 | AH103: =ROUND((0.6105*(EXP((17.273*U103)/(U103+237.3))))*Y103/100,3) -> 0.396 | AI103: =ROUND(AH103/Y103*(100-Y103),3) -> 0.172 | AK103: 23.66
... A114: 110 | B114: 24 | C114: 284.99583 | D114: -1.2699167 | E114: 4.141 | F114: -7.284 | G114: 47.229167 | H114: 71 | I114: 31.3 | J114: 0 | K114: 1.0491667 | L114: 6.04 | M114: 0.242 | N114: 0.334 | O114: 0.523 | Q114: =A114 -> 110 | R114: =B114 -> 24 | S114: =ROUND(C114*0.0864,2) -> 24.62 | T114: =ROUND(D114,1) -> -1.3 | U114: =ROUND(E114,1) -> 4.1 | V114: =ROUND(F114,1) -> -7.3 | W114: =ROUND(G114,1) -> 47.2 | X114: =ROUND(H114,1) -> 71 | Y114: =ROUND(I114,1) -> 31.3 | Z114: =ROUND(J114,2) -> 0 | AA114: =ROUND(K114,2) -> 1.05 | AB114: =ROUND(L114,2) -> 6.04 | AC114: =ROUND(M114,3) -> 0.242 | AD114: =ROUND(N114,3) -> 0.334 | AE114: =ROUND(O114-AE$2,3) -> 0.523 | AF114: =IF(AE114>AE113,ROUND((AE114-AE113)*130,1),0) -> 0 | AG114: =AF114 -> 0 | AH114: =ROUND((0.6105*(EXP((17.273*U114)/(U114+237.3))))*Y114/100,3) -> 0.256 | AI114: =ROUND(AH114/Y114*(100-Y114),3) -> 0.562 | AK114: 26.29
A115: 111 | B115: 24 | C115: 300.25833 | D115: 0.6265 | E115: 6.281 | F115: -5.295 | G115: 49.370833 | H115: 94.3 | I115: 33.1 | J115: 0 | K115: 3.0616667 | L115: 10.07 | M115: 0.244 | N115: 0.34 | O115: 0.805 | Q115: =A115 -> 111 | R115: =B115 -> 24 | S115: =ROUND(C115*0.0864,2) -> 25.94 | T115: =ROUND(D115,1) -> 0.6 | U115: =ROUND(E115,1) -> 6.3 | V115: =ROUND(F115,1) -> -5.3 | W115: =ROUND(G115,1) -> 49.4 | X115: =ROUND(H115,1) -> 94.3 | Y115: =ROUND(I115,1) -> 33.1 | Z115: =ROUND(J115,2) -> 0 | AA115: =ROUND(K115,2) -> 3.06 | AB115: =ROUND(L115,2) -> 10.07 | AC115: =ROUND(M115,3) -> 0.244 | AD115: =ROUND(N115,3) -> 0.34 | AE115: 0.53 | AF115: =IF(AE115>AE114,ROUND((AE115-AE114)*130,1),0) -> 0.9 | AG115: =AF115 -> 0.9 | AH115: =ROUND((0.6105*(EXP((17.273*U115)/(U115+237.3))))*Y115/100,3) -> 0.316 | AI115: =ROUND(AH115/Y115*(100-Y115),3) -> 0.639 | AK115: 26.52
A116: 112 | B116: 24 | C116: 273.625 | D116: -2.4457083 | E116: 2.664 | F116: -6.199 | G116: 72.045833 | H116: 94.3 | I116: 48.6 | J116: 4.8 | K116: 3.3970833 | L116: 13.09 | M116: 0.241 | N116: 0.337 | O116: 0.543 | Q116: =A116 -> 112 | R116: =B116 -> 24 | S116: =ROUND(C116*0.0864,2) -> 23.64 | T116: =ROUND(D116,1) -> -2.4 | U116: =ROUND(E116,1) -> 2.7 | V116: =ROUND(F116,1) -> -6.2 | W116: =ROUND(G116,1) -> 72 | X116: =ROUND(H116,1) -> 94.3 | Y116: =ROUND(I116,1) -> 48.6 | Z116: =ROUND(J116,2) -> 4.8 | AA116: =ROUND(K116,2) -> 3.4 | AB116: =ROUND(L116,2) -> 13.09 | AC116: =ROUND(M116,3) -> 0.241 | AD116: =ROUND(N116,3) -> 0.337 | AE116: =ROUND(O116-AE$2,3) -> 0.543 | AF116: =IF(AE116>AE115,ROUND((AE116-AE115)*130,1),0) -> 1.7 | AG116: =AF116 -> 1.7 | AH116: =ROUND((0.6105*(EXP((17.273*U116)/(U116+237.3))))*Y116/100,3) -> 0.36 | AI116: =ROUND(AH116/Y116*(100-Y116),3) -> 0.381 | AK116: 26.74
A117: 113 | B117: 24 | C117: 300.28333 | D117: -0.70979167 | E117: 5.745 | F117: -6.042 | G117: 63.720833 | H117: 89.3 | I117: 37.9 | J117: 0 | K117: 1.3641667 | L117: 6.54 | M117: 0.244 | N117: 0.341 | O117: 0.54 | Q117: =A117 -> 113 | R117: =B117 -> 24 | S117: =ROUND(C117*0.0864,2) -> 25.94 | T117: =ROUND(D117,1) -> -0.7 | U117: =ROUND(E117,1) -> 5.7 | V117: =ROUND(F117,1) -> -6 | W117: =ROUND(G117,1) -> 63.7 | X117: =ROUND(H117,1) -> 89.3 | Y117: =ROUND(I117,1) -> 37.9 | Z117: =ROUND(J117,2) -> 0 | AA117: =ROUND(K117,2) -> 1.36 | AB117: =ROUND(L117,2) -> 6.54 | AC117: =ROUND(M117,3) -> 0.244 | AD117: =ROUND(N117,3) -> 0.341 | AE117: =ROUND(O117-AE$2,3) -> 0.54 | AF117: =IF(AE117>AE116,ROUND((AE117-AE116)*130,1),0) -> 0 | AG117: =AF117 -> 0 | AH117: =ROUND((0.6105*(EXP((17.273*U117)/(U117+237.3))))*Y117/100,3) -> 0.347 | AI117: =ROUND(AH117/Y117*(100-Y117),3) -> 0.569 | AK117: 26.96
A118: 114 | B118: 24 | C118: 280.49167 | D118: 2.9157917 | E118: 8.767 | F118: -2.102 | G118: 47.783333 | H118: 68.7 | I118: 31.8 | J118: 0 | K118: 1.8033333 | L118: 8.56 | M118: 0.249 | N118: 0.358 | O118: 0.492 | Q118: =A118 -> 114 | R118: =B118 -> 24 | S118: =ROUND(C118*0.0864,2) -> 24.23 | T118: =ROUND(D118,1) -> 2.9 | U118: =ROUND(E118,1) -> 8.8 | V118: =ROUND(F118,1) -> -2.1 | W118: =ROUND(G118,1) -> 47.8 | X118: =ROUND(H118,1) -> 68.7 | Y118: =ROUND(I118,1) -> 31.8 | Z118: =ROUND(J118,2) -> 0 | AA118: =ROUND(K118,2) -> 1.8 | AB118: =ROUND(L118,2) -> 8.56 | AC118: =ROUND(M118,3) -> 0.249 | AD118: =ROUND(N118,3) -> 0.358 | AE118: =ROUND(O118-AE$2,3) -> 0.492 | AF118: =IF(AE118>AE117,ROUND((AE118-AE117)*130,1),0) -> 0 | AG118: =AF118 -> 0 | AH118: =ROUND((0.6105*(EXP((17.273*U118)/(U118+237.3))))*Y118/100,3) -> 0.36 | AI118: =ROUND(AH118/Y118*(100-Y118),3) -> 0.772 | AK118: 27.18
A119: 115 | B119: 24 | C119: 158.85417 | D119: 1.7455 | E119: 5.565 | F119: -0.817 | G119: 71.225 | H119: 91.6 | I119: 55.4 | J119: 0.8 | K119: 0.90125 | L119: 6.04 | M119: 0.248 | N119: 0.356 | O119: 0.478 | Q119: =A119 -> 115 | R119: =B119 -> 24 | S119: =ROUND(C119*0.0864,2) -> 13.73 | T119: =ROUND(D119,1) -> 1.7 | U119: =ROUND(E119,1) -> 5.6 | V119: =ROUND(F119,1) -> -0.8 | W119: =ROUND(G119,1) -> 71.2 | X119: =ROUND(H119,1) -> 91.6 | Y119: =ROUND(I119,1) -> 55.4 | Z119: =ROUND(J119,2) -> 0.8 | AA119: =ROUND(K119,2) -> 0.9 | AB119: =ROUND(L119,2) -> 6.04 | AC119: =ROUND(M119,3) -> 0.248 | AD119: =ROUND(N119,3) -> 0.356 | AE119: =ROUND(O119-AE$2,3) -> 0.478 | AF119: =IF(AE119>AE118,ROUND((AE119-AE118)*130,1),0) -> 0 | AG119: =AF119 -> 0 | AH119: =ROUND((0.6105*(EXP((17.273*U119)/(U119+237.3))))*Y119/100,3) -> 0.504 | AI119: =ROUND(AH119/Y119*(100-Y119),3) -> 0.406 | AK119: 27.41
A120: 116 | B120: 24 | C120: 95.604167 | D120: 0.137875 | E120: 1.778 | F120: -2.363 | G120: 91.329167 | H120: 97.6 | I120: 79.8 | J120: 7.4 | K120: 0.35583333 | L120: 4.53 | M120: 0.244 | N120: 0.347 | O120: 0.47 | Q120: =A120 -> 116 | R120: =B120 -> 24 | S120: =ROUND(C120*0.0864,2) -> 8.26 | T120: =ROUND(D120,1) -> 0.1 | U120: =ROUND(E120,1) -> 1.8 | V120: =ROUND(F120,1) -> -2.4 | W120: =ROUND(G120,1) -> 91.3 | X120: =ROUND(H120,1) -> 97.6 | Y120: =ROUND(I120,1) -> 79.8 | Z120: =ROUND(J120,2) -> 7.4 | AA120: =ROUND(K120,2) -> 0.36 | AB120: =ROUND(L120,2) -> 4.53 | AC120: =ROUND(M120,3) -> 0.244 | AD120: =ROUND(N120,3) -> 0.347 | AE120: =ROUND(O120-AE$2,3) -> 0.47 | AF120: =IF(AE120>AE119,ROUND((AE120-AE119)*130,1),0) -> 0 | AG120: =AF120 -> 0 | AH120: =ROUND((0.6105*(EXP((17.273*U120)/(U120+237.3))))*Y120/100,3) -> 0.555 | AI120: =ROUND(AH120/Y120*(100-Y120),3) -> 0.14 | AK120: 27.61
A121: 117 | B121: 24 | C121: 143.80417 | D121: 1.177125 | E121: 4.662 | F121: -0.704 | G121: 93.879167 | H121: 99 | I121: 82.6 | J121: 9.4 | K121: 0.0625 | L121: 4.03 | M121: 0.245 | N121: 0.356 | O121: 0.512 | Q121: =A121 -> 117 | R121: =B121 -> 24 | S121: =ROUND(C121*0.0864,2) -> 12.42 | T121: =ROUND(D121,1) -> 1.2 | U121: =ROUND(E121,1) -> 4.7 | V121: =ROUND(F121,1) -> -0.7 | W121: =ROUND(G121,1) -> 93.9 | X121: =ROUND(H121,1) -> 99 | Y121: =ROUND(I121,1) -> 82.6 | Z121: =ROUND(J121,2) -> 9.4 | AA121: =ROUND(K121,2) -> 0.06 | AB121: =ROUND(L121,2) -> 4.03 | AC121: =ROUND(M121,3) -> 0.245 | AD121: =ROUND(N121,3) -> 0.356 | AE121: =ROUND(O121-AE$2,3) -> 0.512 | AF121: =IF(AE121>AE120,ROUND((AE121-AE120)*130,1),0) -> 5.5 | AG121: =AF121 -> 5.5 | AH121: =ROUND((0.6105*(EXP((17.273*U121)/(U121+237.3))))*Y121/100,3) -> 0.705 | AI121: =ROUND(AH121/Y121*(100-Y121),3) -> 0.149 | AK121: 27.82
A122: 118 | B122: 24 | C122: 107.1375 | D122: 0.65233333 | E122: 4.037 | F122: -1.299 | G122: 95.933333 | H122: 99.3 | I122: 79.9 | J122: 3.8 | K122: 0.5025 | L122: 7.05 | M122: 0.244 | N122: 0.349 | O122: 0.521 | Q122: =A122 -> 118 | R122: =B122 -> 24 | S122: =ROUND(C122*0.0864,2) -> 9.26 | T122: =ROUND(D122,1) -> 0.7 | U122: =ROUND(E122,1) -> 4 | V122: =ROUND(F122,1) -> -1.3 | W122: =ROUND(G122,1) -> 95.9 | X122: =ROUND(H122,1) -> 99.3 | Y122: =ROUND(I122,1) -> 79.9 | Z122: =ROUND(J122,2) -> 3.8 | AA122: =ROUND(K122,2) -> 0.5 | AB122: =ROUND(L122,2) -> 7.05 | AC122: =ROUND(M122,3) -> 0.244 | AD122: =ROUND(N122,3) -> 0.349 | AE122: =ROUND(O122-AE$2,3) -> 0.521 | AF122: =IF(AE122>AE121,ROUND((AE122-AE121)*130,1),0) -> 1.2 | AG122: =AF122 -> 1.2 | AH122: =ROUND((0.6105*(EXP((17.273*U122)/(U122+237.3))))*Y122/100,3) -> 0.65 | AI122: =ROUND(AH122/Y122*(100-Y122),3) -> 0.164 | AK122: 28.03
A123: 119 | B123: 24 | C123: 113.47083 | D123: -1.4240833 | E123: 2.101 | F123: -4.834 | G123: 90.875 | H123: 97.6 | I123: 66.9 | J123: 0 | K123: 0.81708333 | L123: 7.05 | M123: 0.244 | N123: 0.341 | O123: 0.595 | Q123: =A123 -> 119 | R123: =B123 -> 24 | S123: =ROUND(C123*0.0864,2) -> 9.8 | T123: =ROUND(D123,1) -> -1.4 | U123: =ROUND(E123,1) -> 2.1 | V123: =ROUND(F123,1) -> -4.8 | W123: =ROUND(G123,1) -> 90.9 | X123: =ROUND(H123,1) -> 97.6 | Y123: =ROUND(I123,1) -> 66.9 | Z123: =ROUND(J123,2) -> 0 | AA123: =ROUND(K123,2) -> 0.82 | AB123: =ROUND(L123,2) -> 7.05 | AC123: =ROUND(M123,3) -> 0.244 | AD123: =ROUND(N123,3) -> 0.341 | AE123: =ROUND(O123-AE$2,3) -> 0.595 | AF123: =IF(AE123>AE122,ROUND((AE123-AE122)*130,1),0) -> 9.6 | AG123: =AF123 -> 9.6 | AH123: =ROUND((0.6105*(EXP((17.273*U123)/(U123+237.3))))*Y123/100,3) -> 0.475 | AI123: =ROUND(AH123/Y123*(100-Y123),3) -> 0.235 | AK123: 28.24
...

Sheet GraphDay

Sheet Meta
A1: Meta data Station PL
A2: Last edit 20/12/25
B3: Hobo Data logger and asssociated sensors with hourly data downloaded from DataGarrison
B4: Hourly values (DataHour worksheet) used to give daily summary (DataDay worksheet)
C5: Daily data graphed in GraphDay
A7: Sola radiation W/m2, MJ/m2/d
B8: Added estimate of maximum clear sky solar radiation
A10: Air temperature C
A12: Relative humidity %
A14: Rainfall mm
A16: Snow Depth cm, m
B17: Data needs filtering
C18: Daily precipitation falling as snow (density of 0.13 to allow for compression to end of day) and rain gauge (discounted snow melt in gauge) for annual estimate of precipitation
A19: Soil moisture m3/m3
B20: TDR probes at 0.1 and 0.2 m
A22: Wind speed m/s
A24: Wind direction degrees
B25: wind rose as % time in octants
A27: Vapour pressure and vapour pressure deficit kPa
B28: Calculated from air temperature and relative humidity
