Workbook

Sheet Data
A1: Penticton Creek Site P1 2019-2025 Daily data
A2: Last edit 2/01/26
A3: Site | B3: Date | C3: Key | D3: Solar | E3: Reflect | F3: Tave | G3: Tmax | H3: Tmin | I3: RHave | J3: RHmin | K3: Wind | L3: WindMax | M3: Precip | N3: SnowD | O3: Tsnow | P3: IRTSurfA | Q3: IRTSurfX | R3: IRTSurfN | S3: Tsoil005 | T3: Tsoil15 | U3: Tsoil50 | V3: SoilH2O | W3: Vapres | X3: vpdX | Y3: Wind Direction (fraction of day) | AG3: ClrSky
D4: MJ/m2/d | E4: MJ/m2/d | F4: C | G4: C | H4: C | I4: % | J4: % | K4: m/s | L4: m/s | M4: mm | N4: m | O4: C | P4: C | Q4: C | R4: C | S4: C | T4: C | U4: C | V4: m3/m3 | W4: kPa | X4: kPa | Y4: N-NE | Z4: NE-E | AA4: E-SE | AB4: SE-S | AC4: S-SW | AD4: SW-W | AE4: W-NW | AF4: NW-N | AG4: MJ/m2/d
A5: P1 | B5: 43466 | C5: 2019001 | D5: 0.64 | E5: NAN | F5: -5.5 | G5: -0.7 | H5: -9.5 | I5: 87.5 | J5: 79.7 | K5: 0 | L5: 0 | M5: 0 | N5: 0.7 | O5: -1 | P5: NAN | Q5: NAN | R5: NAN | S5: -0.1 | T5: 0.5 | U5: 1.1 | V5: NAN | W5: 0.461 | X5: 0.117 | Y5: NAN | Z5: NAN | AA5: NAN | AB5: NAN | AC5: NAN | AD5: NAN | AE5: NAN | AF5: NAN | AG5: 5.14
A6: P1 | B6: 43467 | C6: 2019002 | D6: 0.42 | E6: NAN | F6: -8 | G6: -6.9 | H6: -9.6 | I6: 90.7 | J6: 87.8 | K6: 0 | L6: 0 | M6: 0 | N6: 0.679 | O6: -1 | P6: NAN | Q6: NAN | R6: NAN | S6: -0.1 | T6: 0.4 | U6: 1 | V6: NAN | W6: 0.32 | X6: 0.044 | Y6: NAN | Z6: NAN | AA6: NAN | AB6: NAN | AC6: NAN | AD6: NAN | AE6: NAN | AF6: NAN | AG6: 5.18
A7: P1 | B7: 43468 | C7: 2019003 | D7: 0.43 | E7: NAN | F7: -3.4 | G7: 0.5 | H7: -7.1 | I7: 93.8 | J7: 90.9 | K7: 0.1 | L7: 2.3 | M7: 2 | N7: 0.669 | O7: -0.9 | P7: NAN | Q7: NAN | R7: NAN | S7: 0 | T7: 0.5 | U7: 1.1 | V7: NAN | W7: 0.573 | X7: 0.057 | Y7: NAN | Z7: NAN | AA7: NAN | AB7: NAN | AC7: NAN | AD7: NAN | AE7: NAN | AF7: NAN | AG7: 5.22
A8: P1 | B8: 43469 | C8: 2019004 | D8: 3.19 | E8: NAN | F8: -3 | G8: 0.8 | H8: -9.9 | I8: 89 | J8: 74 | K8: 0.1 | L8: 2.6 | M8: 0 | N8: 0.641 | O8: -0.8 | P8: NAN | Q8: NAN | R8: NAN | S8: -0.1 | T8: 0.5 | U8: 1.1 | V8: NAN | W8: 0.477 | X8: 0.168 | Y8: NAN | Z8: NAN | AA8: NAN | AB8: NAN | AC8: NAN | AD8: NAN | AE8: NAN | AF8: NAN | AG8: 5.27
A9: P1 | B9: 43470 | C9: 2019005 | D9: 2.04 | E9: NAN | F9: -2.3 | G9: 0.6 | H9: -6.9 | I9: 88.6 | J9: 79.1 | K9: 0 | L9: 1 | M9: 0 | N9: 0.642 | O9: -0.9 | P9: NAN | Q9: NAN | R9: NAN | S9: 0 | T9: 0.5 | U9: 1.1 | V9: NAN | W9: 0.503 | X9: 0.133 | Y9: NAN | Z9: NAN | AA9: NAN | AB9: NAN | AC9: NAN | AD9: NAN | AE9: NAN | AF9: NAN | AG9: 5.32
A10: P1 | B10: 43471 | C10: 2019006 | D10: 3.15 | E10: NAN | F10: -5.2 | G10: -1.2 | H10: -14.2 | I10: 83.9 | J10: 63.2 | K10: 0 | L10: 1.6 | M10: 0 | N10: 0.635 | O10: -0.8 | P10: NAN | Q10: NAN | R10: NAN | S10: -0.1 | T10: 0.4 | U10: 1 | V10: NAN | W10: 0.353 | X10: 0.206 | Y10: NAN | Z10: NAN | AA10: NAN | AB10: NAN | AC10: NAN | AD10: NAN | AE10: NAN | AF10: NAN | AG10: 5.37
A11: P1 | B11: 43472 | C11: 2019007 | D11: 3.11 | E11: NAN | F11: -9.6 | G11: -4.8 | H11: -18.2 | I11: 79.4 | J11: 55.5 | K11: 0 | L11: 1.7 | M11: 0.6 | N11: 0.632 | O11: -1.1 | P11: NAN | Q11: NAN | R11: NAN | S11: -0.1 | T11: 0.4 | U11: 1 | V11: NAN | W11: 0.237 | X11: 0.19 | Y11: NAN | Z11: NAN | AA11: NAN | AB11: NAN | AC11: NAN | AD11: NAN | AE11: NAN | AF11: NAN | AG11: 5.43
A12: P1 | B12: 43473 | C12: 2019008 | D12: 1.75 | E12: NAN | F12: -10.6 | G12: -6 | H12: -19.1 | I12: 79.2 | J12: 40.2 | K12: 0.1 | L12: 1.1 | M12: 3.2 | N12: 0.66 | O12: -1.5 | P12: NAN | Q12: NAN | R12: NAN | S12: -0.1 | T12: 0.4 | U12: 1 | V12: NAN | W12: 0.157 | X12: 0.234 | Y12: NAN | Z12: NAN | AA12: NAN | AB12: NAN | AC12: NAN | AD12: NAN | AE12: NAN | AF12: NAN | AG12: 5.49
A13: P1 | B13: 43474 | C13: 2019009 | D13: 0.74 | E13: NAN | F13: -2.1 | G13: 0.6 | H13: -6.1 | I13: 91.9 | J13: 87.5 | K13: 0.2 | L13: 2.3 | M13: 0 | N13: 0.659 | O13: -1.5 | P13: NAN | Q13: NAN | R13: NAN | S13: -0.1 | T13: 0.5 | U13: 1 | V13: NAN | W13: 0.557 | X13: 0.08 | Y13: NAN | Z13: NAN | AA13: NAN | AB13: NAN | AC13: NAN | AD13: NAN | AE13: NAN | AF13: NAN | AG13: 5.56
A14: P1 | B14: 43475 | C14: 2019010 | D14: 3.29 | E14: NAN | F14: -1.4 | G14: 2.1 | H14: -3.7 | I14: 94.4 | J14: 81.8 | K14: 0.3 | L14: 1.5 | M14: 0 | N14: 0.643 | O14: -1.1 | P14: NAN | Q14: NAN | R14: NAN | S14: -0.1 | T14: 0.5 | U14: 1 | V14: NAN | W14: 0.58 | X14: 0.129 | Y14: NAN | Z14: NAN | AA14: NAN | AB14: NAN | AC14: NAN | AD14: NAN | AE14: NAN | AF14: NAN | AG14: 5.63
A15: P1 | B15: 43476 | C15: 2019011 | D15: 2.75 | E15: NAN | F15: -2.3 | G15: 0.5 | H15: -4.1 | I15: 93.2 | J15: 89.6 | K15: 0.5 | L15: 1.8 | M15: 0 | N15: 0.623 | O15: -0.9 | P15: NAN | Q15: NAN | R15: NAN | S15: 0 | T15: 0.4 | U15: 1 | V15: NAN | W15: 0.567 | X15: 0.066 | Y15: NAN | Z15: NAN | AA15: NAN | AB15: NAN | AC15: NAN | AD15: NAN | AE15: NAN | AF15: NAN | AG15: 5.7
A16: P1 | B16: 43477 | C16: 2019012 | D16: 3.83 | E16: NAN | F16: -3.8 | G16: 0.7 | H16: -8.5 | I16: 88.1 | J16: 74.3 | K16: 0.2 | L16: 1.3 | M16: 0 | N16: 0.626 | O16: -0.9 | P16: NAN | Q16: NAN | R16: NAN | S16: 0 | T16: 0.4 | U16: 1 | V16: NAN | W16: 0.476 | X16: 0.165 | Y16: NAN | Z16: NAN | AA16: NAN | AB16: NAN | AC16: NAN | AD16: NAN | AE16: NAN | AF16: NAN | AG16: 5.77
... A24: P1 | B24: 43485 | C24: 2019020 | D24: 2.95 | E24: NAN | F24: -8.2 | G24: -2.8 | H24: -12.7 | I24: 88 | J24: 75.1 | K24: 0 | L24: 0 | M24: 0 | N24: 0.645 | O24: -1.1 | P24: NAN | Q24: NAN | R24: NAN | S24: -0.1 | T24: 0.4 | U24: 0.9 | V24: NAN | W24: 0.374 | X24: 0.124 | Y24: NAN | Z24: NAN | AA24: NAN | AB24: NAN | AC24: NAN | AD24: NAN | AE24: NAN | AF24: NAN | AG24: 6.51
A25: P1 | B25: 43486 | C25: 2019021 | D25: 1.21 | E25: NAN | F25: -9.6 | G25: -4.7 | H25: -15.7 | I25: 84.9 | J25: 76.4 | K25: 0 | L25: 0.5 | M25: 0 | N25: 0.639 | O25: -1.5 | P25: -13.2 | Q25: -6.3 | R25: -19.3 | S25: -0.1 | T25: 0.4 | U25: 0.9 | V25: NAN | W25: 0.328 | X25: 0.101 | Y25: NAN | Z25: NAN | AA25: NAN | AB25: NAN | AC25: NAN | AD25: NAN | AE25: NAN | AF25: NAN | AG25: 6.61
A26: P1 | B26: 43487 | C26: 2019022 | D26: 0.42 | E26: NAN | F26: -7.5 | G26: -5.9 | H26: -12.8 | I26: 90.4 | J26: 85.7 | K26: 0 | L26: 0 | M26: 12.4 | N26: 0.742 | O26: -1.7 | P26: -9.2 | Q26: -6.9 | R26: -15.5 | S26: -0.1 | T26: 0.4 | U26: 0.9 | V26: NAN | W26: 0.337 | X26: 0.056 | Y26: NAN | Z26: NAN | AA26: NAN | AB26: NAN | AC26: NAN | AD26: NAN | AE26: NAN | AF26: NAN | AG26: 6.73
A27: P1 | B27: 43488 | C27: 2019023 | D27: 0.99 | E27: NAN | F27: -5.8 | G27: -1.4 | H27: -10.4 | I27: 89.6 | J27: 80.5 | K27: 0 | L27: 1.4 | M27: 9.2 | N27: 0.815 | O27: -1.6 | P27: NAN | Q27: NAN | R27: NAN | S27: -0.1 | T27: 0.4 | U27: 0.9 | V27: NAN | W27: 0.444 | X27: 0.108 | Y27: NAN | Z27: NAN | AA27: NAN | AB27: NAN | AC27: NAN | AD27: NAN | AE27: NAN | AF27: NAN | AG27: 6.84
A28: P1 | B28: 43489 | C28: 2019024 | D28: 4.65 | E28: NAN | F28: -3.6 | G28: 2.4 | H28: -10.5 | I28: 82 | J28: 50.4 | K28: 0 | L28: 1.7 | M28: 0 | N28: 0.785 | O28: -1.4 | P28: NAN | Q28: NAN | R28: NAN | S28: -0.1 | T28: 0.4 | U28: 0.9 | V28: NAN | W28: 0.367 | X28: 0.361 | Y28: NAN | Z28: NAN | AA28: NAN | AB28: NAN | AC28: NAN | AD28: NAN | AE28: NAN | AF28: NAN | AG28: 6.96
A29: P1 | B29: 43490 | C29: 2019025 | D29: 5.68 | E29: NAN | F29: -2 | G29: 3.5 | H29: -8.9 | I29: 79.9 | J29: 56.1 | K29: 0.1 | L29: 1.8 | M29: 0 | N29: 0.768 | O29: -1.3 | P29: NAN | Q29: NAN | R29: NAN | S29: -0.1 | T29: 0.4 | U29: 0.9 | V29: NAN | W29: 0.441 | X29: 0.345 | Y29: NAN | Z29: NAN | AA29: NAN | AB29: NAN | AC29: NAN | AD29: NAN | AE29: NAN | AF29: NAN | AG29: 7.09
A30: P1 | B30: 43491 | C30: 2019026 | D30: 6.17 | E30: NAN | F30: -0.2 | G30: 10.3 | H30: -6.2 | I30: 84.1 | J30: 45.4 | K30: 0 | L30: 0.8 | M30: 0 | N30: 0.754 | O30: -1.2 | P30: NAN | Q30: NAN | R30: NAN | S30: -0.1 | T30: 0.4 | U30: 0.9 | V30: NAN | W30: 0.569 | X30: 0.684 | Y30: NAN | Z30: NAN | AA30: NAN | AB30: NAN | AC30: NAN | AD30: NAN | AE30: NAN | AF30: NAN | AG30: 7.21
A31: P1 | B31: 43492 | C31: 2019027 | D31: 6.58 | E31: NAN | F31: -0.8 | G31: 4.6 | H31: -12.6 | I31: 62.7 | J31: 43.3 | K31: 0 | L31: 1.1 | M31: 2.5 | N31: 0.764 | O31: -1 | P31: NAN | Q31: NAN | R31: NAN | S31: -0.1 | T31: 0.4 | U31: 0.9 | V31: NAN | W31: 0.367 | X31: 0.481 | Y31: NAN | Z31: NAN | AA31: NAN | AB31: NAN | AC31: NAN | AD31: NAN | AE31: NAN | AF31: NAN | AG31: 7.34
A32: P1 | B32: 43493 | C32: 2019028 | D32: 4.97 | E32: NAN | F32: -10.2 | G32: -0.9 | H32: -15.8 | I32: 76.6 | J32: 38 | K32: 0 | L32: 0.5 | M32: 0 | N32: 0.747 | O32: -1 | P32: NAN | Q32: NAN | R32: NAN | S32: -0.1 | T32: 0.3 | U32: 0.8 | V32: NAN | W32: 0.217 | X32: 0.354 | Y32: NAN | Z32: NAN | AA32: NAN | AB32: NAN | AC32: NAN | AD32: NAN | AE32: NAN | AF32: NAN | AG32: 7.47
A33: P1 | B33: 43494 | C33: 2019029 | D33: 6.85 | E33: NAN | F33: -9.9 | G33: 4.2 | H33: -17.9 | I33: 65.8 | J33: 14 | K33: 0 | L33: 0.5 | M33: 0 | N33: 0.735 | O33: -1.3 | P33: NAN | Q33: NAN | R33: NAN | S33: -0.1 | T33: 0.3 | U33: 0.8 | V33: NAN | W33: 0.115 | X33: 0.706 | Y33: NAN | Z33: NAN | AA33: NAN | AB33: NAN | AC33: NAN | AD33: NAN | AE33: NAN | AF33: NAN | AG33: 7.61
A34: P1 | B34: 43495 | C34: 2019030 | D34: 3.84 | E34: NAN | F34: -4.6 | G34: 4 | H34: -14.4 | I34: 66.1 | J34: 29.8 | K34: 0.1 | L34: 1.9 | M34: 0 | N34: 0.737 | O34: -1.6 | P34: NAN | Q34: NAN | R34: NAN | S34: -0.1 | T34: 0.4 | U34: 0.9 | V34: NAN | W34: 0.242 | X34: 0.57 | Y34: NAN | Z34: NAN | AA34: NAN | AB34: NAN | AC34: NAN | AD34: NAN | AE34: NAN | AF34: NAN | AG34: 7.75
A35: P1 | B35: 43496 | C35: 2019031 | D35: 2.58 | E35: NAN | F35: -2.7 | G35: 1.7 | H35: -5.2 | I35: 74.7 | J35: 56.7 | K35: 0.1 | L35: 1.1 | M35: 0 | N35: 0.721 | O35: -1.5 | P35: NAN | Q35: NAN | R35: NAN | S35: -0.1 | T35: 0.4 | U35: 0.9 | V35: NAN | W35: 0.392 | X35: 0.299 | Y35: NAN | Z35: NAN | AA35: NAN | AB35: NAN | AC35: NAN | AD35: NAN | AE35: NAN | AF35: NAN | AG35: 7.9
A36: P1 | B36: 43497 | C36: 2019032 | D36: 4.09 | E36: NAN | F36: -2.2 | G36: 0.7 | H36: -4.2 | I36: 86 | J36: 69.4 | K36: 0.3 | L36: 2 | M36: 0 | N36: 0.719 | O36: -1.2 | P36: NAN | Q36: NAN | R36: NAN | S36: -0.1 | T36: 0.4 | U36: 0.9 | V36: NAN | W36: 0.444 | X36: 0.196 | Y36: NAN | Z36: NAN | AA36: NAN | AB36: NAN | AC36: NAN | AD36: NAN | AE36: NAN | AF36: NAN | AG36: 8.04
A37: P1 | B37: 43498 | C37: 2019033 | D37: 5.78 | E37: NAN | F37: -3.8 | G37: 0.9 | H37: -11.2 | I37: 78.9 | J37: 52.4 | K37: 0.4 | L37: 2.9 | M37: 2.7 | N37: 0.751 | O37: -1 | P37: NAN | Q37: NAN | R37: NAN | S37: -0.1 | T37: 0.3 | U37: 0.9 | V37: NAN | W37: 0.341 | X37: 0.31 | Y37: NAN | Z37: NAN | AA37: NAN | AB37: NAN | AC37: NAN | AD37: NAN | AE37: NAN | AF37: NAN | AG37: 8.2
A38: P1 | B38: 43499 | C38: 2019034 | D38: 5.26 | E38: NAN | F38: -15.5 | G38: -8.5 | H38: -23.9 | I38: 77.9 | J38: 61 | K38: 0.2 | L38: 2.4 | M38: 0 | N38: 0.74 | O38: -1 | P38: NAN | Q38: NAN | R38: NAN | S38: -0.1 | T38: 0.3 | U38: 0.8 | V38: NAN | W38: 0.196 | X38: 0.125 | Y38: NAN | Z38: NAN | AA38: NAN | AB38: NAN | AC38: NAN | AD38: NAN | AE38: NAN | AF38: NAN | AG38: 8.35
... A133: P1 | B133: 43594 | C133: 2019129 | D133: 28.73 | E133: NAN | F133: 8.1 | G133: 17.9 | H133: -2.4 | I133: 54.2 | J133: 21.7 | K133: 0.5 | L133: 2.6 | M133: 0 | N133: 0.018 | O133: 0 | P133: NAN | Q133: NAN | R133: NAN | S133: 0 | T133: 0.2 | U133: 0.4 | V133: NAN | W133: 0.444 | X133: 1.602 | Y133: NAN | Z133: NAN | AA133: NAN | AB133: NAN | AC133: NAN | AD133: NAN | AE133: NAN | AF133: NAN | AG133: 29.94
A134: P1 | B134: 43595 | C134: 2019130 | D134: 25.52 | E134: NAN | F134: 10.2 | G134: 20 | H134: -0.9 | I134: 59.1 | J134: 30.9 | K134: 0.2 | L134: 2.2 | M134: 0 | N134: 0 | O134: NAN | P134: NAN | Q134: NAN | R134: NAN | S134: 0.5 | T134: 0.6 | U134: 0.5 | V134: NAN | W134: 0.723 | X134: 1.617 | Y134: NAN | Z134: NAN | AA134: NAN | AB134: NAN | AC134: NAN | AD134: NAN | AE134: NAN | AF134: NAN | AG134: 30.1
A135: P1 | B135: 43596 | C135: 2019131 | D135: 23.58 | E135: NAN | F135: 12.6 | G135: 21.5 | H135: 0.4 | I135: 53.4 | J135: 26.9 | K135: 0.7 | L135: 3.2 | M135: 0 | N135: 0 | O135: NAN | P135: NAN | Q135: NAN | R135: NAN | S135: 9.4 | T135: 3.6 | U135: 1.2 | V135: NAN | W135: 0.691 | X135: 1.878 | Y135: NAN | Z135: NAN | AA135: NAN | AB135: NAN | AC135: NAN | AD135: NAN | AE135: NAN | AF135: NAN | AG135: 30.26
A136: P1 | B136: 43597 | C136: 2019132 | D136: 28.92 | E136: NAN | F136: 12.3 | G136: 19.9 | H136: 2 | I136: 39.5 | J136: 19.2 | K136: 1.1 | L136: 3.4 | M136: 0 | N136: 0 | O136: NAN | P136: NAN | Q136: NAN | R136: NAN | S136: 11.5 | T136: 6.5 | U136: 2.5 | V136: NAN | W136: 0.446 | X136: 1.877 | Y136: NAN | Z136: NAN | AA136: NAN | AB136: NAN | AC136: NAN | AD136: NAN | AE136: NAN | AF136: NAN | AG136: 30.41
A137: P1 | B137: 43598 | C137: 2019133 | D137: 23.54 | E137: NAN | F137: 10 | G137: 18.1 | H137: -1.2 | I137: 46.7 | J137: 25.3 | K137: 0.8 | L137: 3.1 | M137: 0 | N137: 0 | O137: NAN | P137: NAN | Q137: NAN | R137: NAN | S137: 11.1 | T137: 7.3 | U137: 3.6 | V137: NAN | W137: 0.524 | X137: 1.547 | Y137: NAN | Z137: NAN | AA137: NAN | AB137: NAN | AC137: NAN | AD137: NAN | AE137: NAN | AF137: NAN | AG137: 30.57
A138: P1 | B138: 43599 | C138: 2019134 | D138: 8.52 | E138: NAN | F138: 5.3 | G138: 12.1 | H138: -1.4 | I138: 78.9 | J138: 41.6 | K138: 0.7 | L138: 3.1 | M138: 9.7 | N138: 0 | O138: NAN | P138: NAN | Q138: NAN | R138: NAN | S138: 6.5 | T138: 6.3 | U138: 4.3 | V138: NAN | W138: 0.586 | X138: 0.823 | Y138: NAN | Z138: NAN | AA138: NAN | AB138: NAN | AC138: NAN | AD138: NAN | AE138: NAN | AF138: NAN | AG138: 30.71
A139: P1 | B139: 43600 | C139: 2019135 | D139: 27.41 | E139: NAN | F139: 7.4 | G139: 15.1 | H139: -1.7 | I139: 68.2 | J139: 35.6 | K139: 0.7 | L139: 2.7 | M139: 0 | N139: 0 | O139: NAN | P139: NAN | Q139: NAN | R139: NAN | S139: 10.4 | T139: 6.4 | U139: 4.2 | V139: NAN | W139: 0.611 | X139: 1.105 | Y139: NAN | Z139: NAN | AA139: NAN | AB139: NAN | AC139: NAN | AD139: NAN | AE139: NAN | AF139: NAN | AG139: 30.86
A140: P1 | B140: 43601 | C140: 2019136 | D140: 11.19 | E140: NAN | F140: 8 | G140: 12.2 | H140: 5.5 | I140: 90.5 | J140: 69 | K140: 0.6 | L140: 2.5 | M140: 5.1 | N140: 0 | O140: NAN | P140: NAN | Q140: NAN | R140: NAN | S140: 10.6 | T140: 7.6 | U140: 4.7 | V140: NAN | W140: 0.979 | X140: 0.44 | Y140: NAN | Z140: NAN | AA140: NAN | AB140: NAN | AC140: NAN | AD140: NAN | AE140: NAN | AF140: NAN | AG140: 31
A141: P1 | B141: 43602 | C141: 2019137 | D141: 10.86 | E141: NAN | F141: 5.3 | G141: 7.6 | H141: 0.5 | I141: 85.7 | J141: 68.4 | K141: 1 | L141: 3.2 | M141: 4.8 | N141: 0 | O141: NAN | P141: NAN | Q141: NAN | R141: NAN | S141: 8.9 | T141: 7.5 | U141: 5.1 | V141: NAN | W141: 0.715 | X141: 0.33 | Y141: NAN | Z141: NAN | AA141: NAN | AB141: NAN | AC141: NAN | AD141: NAN | AE141: NAN | AF141: NAN | AG141: 31.14
A142: P1 | B142: 43603 | C142: 2019138 | D142: 11.5 | E142: NAN | F142: 5.1 | G142: 10.9 | H142: 1.1 | I142: 80.4 | J142: 57.5 | K142: 0.6 | L142: 2.6 | M142: 0.5 | N142: 0 | O142: NAN | P142: NAN | Q142: NAN | R142: NAN | S142: 8.3 | T142: 6.7 | U142: 5.2 | V142: NAN | W142: 0.75 | X142: 0.554 | Y142: NAN | Z142: NAN | AA142: NAN | AB142: NAN | AC142: NAN | AD142: NAN | AE142: NAN | AF142: NAN | AG142: 31.27
A143: P1 | B143: 43604 | C143: 2019139 | D143: 15.42 | E143: NAN | F143: 7 | G143: 11.7 | H143: 2.8 | I143: 72.9 | J143: 43.5 | K143: 0.6 | L143: 1.8 | M143: 0 | N143: 0 | O143: NAN | P143: NAN | Q143: NAN | R143: NAN | S143: 9.6 | T143: 7.2 | U143: 5.2 | V143: NAN | W143: 0.597 | X143: 0.775 | Y143: NAN | Z143: NAN | AA143: NAN | AB143: NAN | AC143: NAN | AD143: NAN | AE143: NAN | AF143: NAN | AG143: 31.4
A144: P1 | B144: 43605 | C144: 2019140 | D144: 16.33 | E144: NAN | F144: 6.7 | G144: 11.6 | H144: 2.3 | I144: 59 | J144: 36.8 | K144: 0.7 | L144: 2.4 | M144: 0 | N144: 0 | O144: NAN | P144: NAN | Q144: NAN | R144: NAN | S144: 9.1 | T144: 7.3 | U144: 5.4 | V144: NAN | W144: 0.501 | X144: 0.86 | Y144: NAN | Z144: NAN | AA144: NAN | AB144: NAN | AC144: NAN | AD144: NAN | AE144: NAN | AF144: NAN | AG144: 31.52
A145: P1 | B145: 43606 | C145: 2019141 | D145: 10.58 | E145: NAN | F145: 5.7 | G145: 9.8 | H145: 2.1 | I145: 65.2 | J145: 47.2 | K145: 0.5 | L145: 1.8 | M145: 0 | N145: 0 | O145: NAN | P145: NAN | Q145: NAN | R145: NAN | S145: 7.9 | T145: 6.9 | U145: 5.5 | V145: NAN | W145: 0.571 | X145: 0.639 | Y145: NAN | Z145: NAN | AA145: NAN | AB145: NAN | AC145: NAN | AD145: NAN | AE145: NAN | AF145: NAN | AG145: 31.65
... A165: P1 | B165: 43626 | C165: 2019161 | D165: 15.1 | E165: NAN | F165: 7.8 | G165: 14.1 | H165: 0.4 | I165: 75.2 | J165: 54.5 | K165: 0.6 | L165: 3.2 | M165: 0 | N165: 0 | O165: NAN | P165: NAN | Q165: NAN | R165: NAN | S165: 10.4 | T165: 9.5 | U165: 8.3 | V165: NAN | W165: 0.875 | X165: 0.731 | Y165: NAN | Z165: NAN | AA165: NAN | AB165: NAN | AC165: NAN | AD165: NAN | AE165: NAN | AF165: NAN | AG165: 33.2
A166: P1 | B166: 43627 | C166: 2019162 | D166: NAN | E166: NAN | F166: 12.8 | G166: 20.4 | H166: 4 | I166: 68.8 | J166: 39.6 | K166: 0.6 | L166: 2.4 | M166: 0 | N166: 0 | O166: NAN | P166: NAN | Q166: NAN | R166: NAN | S166: 15.2 | T166: 10.9 | U166: 8.4 | V166: NAN | W166: 0.948 | X166: 1.446 | Y166: NAN | Z166: NAN | AA166: NAN | AB166: NAN | AC166: NAN | AD166: NAN | AE166: NAN | AF166: NAN | AG166: 33.23
A167: P1 | B167: 43628 | C167: 2019163 | D167: NAN | E167: NAN | F167: 15.3 | G167: 25.4 | H167: 3.2 | I167: 62.8 | J167: 27.2 | K167: 0.5 | L167: 2.4 | M167: 0 | N167: 0 | O167: NAN | P167: NAN | Q167: NAN | R167: NAN | S167: 16.9 | T167: 12.3 | U167: 9 | V167: NAN | W167: 0.882 | X167: 2.361 | Y167: NAN | Z167: NAN | AA167: NAN | AB167: NAN | AC167: NAN | AD167: NAN | AE167: NAN | AF167: NAN | AG167: 33.26
A168: P1 | B168: 43629 | C168: 2019164 | D168: NAN | E168: NAN | F168: 15.9 | G168: 23.4 | H168: 7.3 | I168: 50.7 | J168: 28.2 | K168: 1.3 | L168: 3.8 | M168: 0 | N168: 0 | O168: NAN | P168: NAN | Q168: NAN | R168: NAN | S168: 17.4 | T168: 13.2 | U168: 9.7 | V168: NAN | W168: 0.812 | X168: 2.067 | Y168: NAN | Z168: NAN | AA168: NAN | AB168: NAN | AC168: NAN | AD168: NAN | AE168: NAN | AF168: NAN | AG168: 33.29
A169: P1 | B169: 43630 | C169: 2019165 | D169: NAN | E169: NAN | F169: 13.3 | G169: 22.5 | H169: 3.7 | I169: 54.8 | J169: 27.9 | K169: 0.7 | L169: 2.4 | M169: 0 | N169: 0 | O169: NAN | P169: NAN | Q169: NAN | R169: NAN | S169: 18.6 | T169: 13.4 | U169: 10.1 | V169: NAN | W169: 0.759 | X169: 1.961 | Y169: NAN | Z169: NAN | AA169: NAN | AB169: NAN | AC169: NAN | AD169: NAN | AE169: NAN | AF169: NAN | AG169: 33.31
A170: P1 | B170: 43631 | C170: 2019166 | D170: NAN | E170: NAN | F170: 13.9 | G170: 22.7 | H170: 4.9 | I170: 55.4 | J170: 23.1 | K170: 0.6 | L170: 2.3 | M170: 0 | N170: 0 | O170: NAN | P170: 15.8 | Q170: 36.4 | R170: 3.6 | S170: 18.9 | T170: 13.8 | U170: 10.5 | V170: NAN | W170: 0.638 | X170: 2.124 | Y170: NAN | Z170: NAN | AA170: NAN | AB170: NAN | AC170: NAN | AD170: NAN | AE170: NAN | AF170: NAN | AG170: 33.32
A171: P1 | B171: 43632 | C171: 2019167 | D171: NAN | E171: NAN | F171: 13.8 | G171: 22.1 | H171: 4 | I171: 62.9 | J171: 28.1 | K171: 0.5 | L171: 2.9 | M171: 0 | N171: 0 | O171: NAN | P171: 13.7 | Q171: 31.1 | R171: 2.2 | S171: 15.7 | T171: 13 | U171: 10.7 | V171: NAN | W171: 0.749 | X171: 1.916 | Y171: NAN | Z171: NAN | AA171: NAN | AB171: NAN | AC171: NAN | AD171: NAN | AE171: NAN | AF171: NAN | AG171: 33.33
A172: P1 | B172: 43633 | C172: 2019168 | D172: NAN | E172: NAN | F172: 15.3 | G172: 24 | H172: 4.7 | I172: 55.4 | J172: 26.4 | K172: 1.2 | L172: 4.3 | M172: 0 | N172: 0 | O172: NAN | P172: 17.2 | Q172: 38.5 | R172: 2.8 | S172: 20.7 | T172: 13.9 | U172: 10.7 | V172: NAN | W172: 0.787 | X172: 2.194 | Y172: NAN | Z172: NAN | AA172: NAN | AB172: NAN | AC172: NAN | AD172: NAN | AE172: NAN | AF172: NAN | AG172: 33.34
A173: P1 | B173: 43634 | C173: 2019169 | D173: NAN | E173: NAN | F173: 12.5 | G173: 19.7 | H173: 5.7 | I173: 51.8 | J173: 24.2 | K173: 1.6 | L173: 4.2 | M173: 0 | N173: 0 | O173: NAN | P173: 14.6 | Q173: 36.1 | R173: 3.5 | S173: 19.9 | T173: 14.4 | U173: 11.1 | V173: NAN | W173: 0.556 | X173: 1.742 | Y173: NAN | Z173: NAN | AA173: NAN | AB173: NAN | AC173: NAN | AD173: NAN | AE173: NAN | AF173: NAN | AG173: 33.35
A174: P1 | B174: 43635 | C174: 2019170 | D174: NAN | E174: NAN | F174: 4.4 | G174: 9.4 | H174: 0.9 | I174: 78.8 | J174: 49.7 | K174: 1 | L174: 3.4 | M174: 6.6 | N174: 0 | O174: NAN | P174: 5.4 | Q174: 16.9 | R174: -0.8 | S174: 11 | T174: 12.6 | U174: 11.2 | V174: NAN | W174: 0.584 | X174: 0.591 | Y174: NAN | Z174: NAN | AA174: NAN | AB174: NAN | AC174: NAN | AD174: NAN | AE174: NAN | AF174: NAN | AG174: 33.35
A175: P1 | B175: 43636 | C175: 2019171 | D175: NAN | E175: NAN | F175: 2.5 | G175: 4.5 | H175: 1.2 | I175: 91.2 | J175: 73.7 | K175: 0.4 | L175: 3.2 | M175: 18.8 | N175: 0 | O175: NAN | P175: 1.7 | Q175: 7.6 | R175: -0.9 | S175: 5.2 | T175: 9.5 | U175: 10.4 | V175: NAN | W175: 0.619 | X175: 0.221 | Y175: NAN | Z175: NAN | AA175: NAN | AB175: NAN | AC175: NAN | AD175: NAN | AE175: NAN | AF175: NAN | AG175: 33.34
A176: P1 | B176: 43637 | C176: 2019172 | D176: NAN | E176: NAN | F176: 8.5 | G176: 15.8 | H176: 3.5 | I176: 78.4 | J176: 44.3 | K176: 1.2 | L176: 3.8 | M176: 0 | N176: 0 | O176: NAN | P176: 8.9 | Q176: 22.9 | R176: 1.4 | S176: 12.9 | T176: 9.8 | U176: 9.4 | V176: NAN | W176: 0.792 | X176: 0.996 | Y176: NAN | Z176: NAN | AA176: NAN | AB176: NAN | AC176: NAN | AD176: NAN | AE176: NAN | AF176: NAN | AG176: 33.33
A177: P1 | B177: 43638 | C177: 2019173 | D177: NAN | E177: NAN | F177: 9.3 | G177: 15.9 | H177: 2.7 | I177: 74.9 | J177: 44.6 | K177: 0.9 | L177: 3.7 | M177: 0 | N177: 0 | O177: NAN | P177: 9.2 | Q177: 23.5 | R177: 0.8 | S177: 12.7 | T177: 11.2 | U177: 9.7 | V177: NAN | W177: 0.807 | X177: 1.002 | Y177: NAN | Z177: NAN | AA177: NAN | AB177: NAN | AC177: NAN | AD177: NAN | AE177: NAN | AF177: NAN | AG177: 33.32
A178: P1 | B178: 43639 | C178: 2019174 | D178: NAN | E178: NAN | F178: 8 | G178: 14.1 | H178: 4.8 | I178: 74.7 | J178: 30 | K178: 1 | L178: 3.3 | M178: 2.3 | N178: 0 | O178: NAN | P178: 7.4 | Q178: 18.2 | R178: 3 | S178: 11.5 | T178: 11 | U178: 9.9 | V178: NAN | W178: 0.483 | X178: 1.127 | Y178: NAN | Z178: NAN | AA178: NAN | AB178: NAN | AC178: NAN | AD178: NAN | AE178: NAN | AF178: NAN | AG178: 33.3
A179: P1 | B179: 43640 | C179: 2019175 | D179: NAN | E179: NAN | F179: 6.7 | G179: 13.1 | H179: 1.3 | I179: 84 | J179: 50.7 | K179: 0.4 | L179: 1.8 | M179: 5.8 | N179: 0 | O179: NAN | P179: 6.7 | Q179: 21.5 | R179: 0.3 | S179: 11 | T179: 10.6 | U179: 9.8 | V179: NAN | W179: 0.765 | X179: 0.744 | Y179: NAN | Z179: NAN | AA179: NAN | AB179: NAN | AC179: NAN | AD179: NAN | AE179: NAN | AF179: NAN | AG179: 33.27
A180: P1 | B180: 43641 | C180: 2019176 | D180: NAN | E180: NAN | F180: 7.7 | G180: 14.7 | H180: 1 | I180: 76.4 | J180: 39.7 | K180: 0.4 | L180: 2.4 | M180: 0.5 | N180: 0 | O180: NAN | P180: 7.2 | Q180: 22 | R180: -0.3 | S180: 10.5 | T180: 10.2 | U180: 9.6 | V180: NAN | W180: 0.664 | X180: 1.009 | Y180: NAN | Z180: NAN | AA180: NAN | AB180: NAN | AC180: NAN | AD180: NAN | AE180: NAN | AF180: NAN | AG180: 33.25
A181: P1 | B181: 43642 | C181: 2019177 | D181: NAN | E181: NAN | F181: 10.4 | G181: 18.2 | H181: 0.1 | I181: 67.5 | J181: 31.6 | K181: 0.7 | L181: 2.3 | M181: 5.6 | N181: 0 | O181: NAN | P181: 10.4 | Q181: 27.8 | R181: -1.1 | S181: 13.1 | T181: 10.9 | U181: 9.5 | V181: NAN | W181: 0.661 | X181: 1.431 | Y181: NAN | Z181: NAN | AA181: NAN | AB181: NAN | AC181: NAN | AD181: NAN | AE181: NAN | AF181: NAN | AG181: 33.22
... A183: P1 | B183: 43644 | C183: 2019179 | D183: NAN | E183: NAN | F183: 7.1 | G183: 13.9 | H183: 0.1 | I183: 81 | J183: 44.1 | K183: 0.8 | L183: 3.9 | M183: 1.3 | N183: 0 | O183: NAN | P183: 8.6 | Q183: 22.6 | R183: -0.9 | S183: 13.2 | T183: 11.4 | U183: 9.9 | V183: NAN | W183: 0.7 | X183: 0.887 | Y183: NAN | Z183: NAN | AA183: NAN | AB183: NAN | AC183: NAN | AD183: NAN | AE183: NAN | AF183: NAN | AG183: 33.14
A184: P1 | B184: 43645 | C184: 2019180 | D184: NAN | E184: NAN | F184: 7.5 | G184: 14.6 | H184: -1.1 | I184: 74.1 | J184: 47.2 | K184: 0.5 | L184: 2.5 | M184: 0 | N184: 0 | O184: NAN | P184: NAN | Q184: NAN | R184: NAN | S184: 10.3 | T184: 10.6 | U184: 9.9 | V184: NAN | W184: 0.783 | X184: 0.876 | Y184: NAN | Z184: NAN | AA184: NAN | AB184: NAN | AC184: NAN | AD184: NAN | AE184: NAN | AF184: NAN | AG184: 33.1
A185: P1 | B185: 43646 | C185: 2019181 | D185: NAN | E185: NAN | F185: 10.4 | G185: 19.3 | H185: 1 | I185: 68.4 | J185: 33.6 | K185: 0.4 | L185: 1.7 | M185: 0 | N185: 0 | O185: NAN | P185: NAN | Q185: NAN | R185: NAN | S185: 11.9 | T185: 10.7 | U185: 9.7 | V185: NAN | W185: 0.751 | X185: 1.484 | Y185: NAN | Z185: NAN | AA185: NAN | AB185: NAN | AC185: NAN | AD185: NAN | AE185: NAN | AF185: NAN | AG185: 33.05
A186: P1 | B186: 43647 | C186: 2019182 | D186: NAN | E186: NAN | F186: 13.2 | G186: 21.8 | H186: 1.9 | I186: 58.2 | J186: 24.6 | K186: 0.7 | L186: 3.4 | M186: 0 | N186: 0 | O186: NAN | P186: NAN | Q186: NAN | R186: NAN | S186: 15.2 | T186: 11.9 | U186: 9.8 | V186: NAN | W186: 0.642 | X186: 1.968 | Y186: NAN | Z186: NAN | AA186: NAN | AB186: NAN | AC186: NAN | AD186: NAN | AE186: NAN | AF186: NAN | AG186: 33
A187: P1 | B187: 43648 | C187: 2019183 | D187: NAN | E187: NAN | F187: 11 | G187: 16 | H187: 6.1 | I187: 74.8 | J187: 49.9 | K187: 0.6 | L187: 1.9 | M187: 0 | N187: 0 | O187: NAN | P187: 11.5 | Q187: 21.2 | R187: 5.9 | S187: 13.5 | T187: 12.2 | U187: 10.3 | V187: NAN | W187: 0.908 | X187: 0.912 | Y187: NAN | Z187: NAN | AA187: NAN | AB187: NAN | AC187: NAN | AD187: NAN | AE187: NAN | AF187: NAN | AG187: 32.95
A188: P1 | B188: 43649 | C188: 2019184 | D188: NAN | E188: NAN | F188: 12.7 | G188: 20.5 | H188: 2 | I188: 61.5 | J188: 27.5 | K188: 0.6 | L188: 2.5 | M188: 0 | N188: 0 | O188: NAN | P188: 13.7 | Q188: 31.8 | R188: 0.9 | S188: 15.5 | T188: 12.2 | U188: 10.3 | V188: NAN | W188: 0.661 | X188: 1.743 | Y188: NAN | Z188: NAN | AA188: NAN | AB188: NAN | AC188: NAN | AD188: NAN | AE188: NAN | AF188: NAN | AG188: 32.9
A189: P1 | B189: 43650 | C189: 2019185 | D189: NAN | E189: NAN | F189: 11.5 | G189: 16.3 | H189: 7.9 | I189: 77.2 | J189: 54.5 | K189: 0.7 | L189: 2.8 | M189: 0 | N189: 0 | O189: NAN | P189: 11.6 | Q189: 22.1 | R189: 6.7 | S189: 14.5 | T189: 12.7 | U189: 10.7 | V189: NAN | W189: 1.009 | X189: 0.842 | Y189: NAN | Z189: NAN | AA189: NAN | AB189: NAN | AC189: NAN | AD189: NAN | AE189: NAN | AF189: NAN | AG189: 32.84
A190: P1 | B190: 43651 | C190: 2019186 | D190: NAN | E190: NAN | F190: 9.8 | G190: 16.9 | H190: 6.4 | I190: 88.4 | J190: 48.6 | K190: 0.4 | L190: 2 | M190: 29 | N190: 0 | O190: NAN | P190: NAN | Q190: NAN | R190: NAN | S190: 12.6 | T190: 12 | U190: 10.8 | V190: NAN | W190: 0.936 | X190: 0.99 | Y190: NAN | Z190: NAN | AA190: NAN | AB190: NAN | AC190: NAN | AD190: NAN | AE190: NAN | AF190: NAN | AG190: 32.78
A191: P1 | B191: 43652 | C191: 2019187 | D191: NAN | E191: NAN | F191: 10.2 | G191: 17 | H191: 3.9 | I191: 82.4 | J191: 52.5 | K191: 0.4 | L191: 2.2 | M191: 2.3 | N191: 0 | O191: NAN | P191: NAN | Q191: NAN | R191: NAN | S191: 13.9 | T191: 12.1 | U191: 10.7 | V191: NAN | W191: 1.016 | X191: 0.919 | Y191: NAN | Z191: NAN | AA191: NAN | AB191: NAN | AC191: NAN | AD191: NAN | AE191: NAN | AF191: NAN | AG191: 32.71
A192: P1 | B192: 43653 | C192: 2019188 | D192: NAN | E192: NAN | F192: 9.3 | G192: 16 | H192: 3.6 | I192: 77.2 | J192: 45.3 | K192: 0.5 | L192: 2.9 | M192: 0 | N192: 0 | O192: NAN | P192: NAN | Q192: NAN | R192: NAN | S192: 12.8 | T192: 12 | U192: 10.7 | V192: NAN | W192: 0.824 | X192: 0.995 | Y192: NAN | Z192: NAN | AA192: NAN | AB192: NAN | AC192: NAN | AD192: NAN | AE192: NAN | AF192: NAN | AG192: 32.64
A193: P1 | B193: 43654 | C193: 2019189 | D193: NAN | E193: NAN | F193: 9.5 | G193: 17.3 | H193: 1.4 | I193: 81.5 | J193: 49.6 | K193: 0.3 | L193: 1.8 | M193: 2.3 | N193: 0 | O193: NAN | P193: NAN | Q193: NAN | R193: NAN | S193: 11.9 | T193: 11.6 | U193: 10.6 | V193: NAN | W193: 0.977 | X193: 0.993 | Y193: NAN | Z193: NAN | AA193: NAN | AB193: NAN | AC193: NAN | AD193: NAN | AE193: NAN | AF193: NAN | AG193: 32.56
A194: P1 | B194: 43655 | C194: 2019190 | D194: NAN | E194: NAN | F194: 13.7 | G194: 21.9 | H194: 2.9 | I194: 63.5 | J194: 33.4 | K194: 0.7 | L194: 2.7 | M194: 0 | N194: 0 | O194: NAN | P194: NAN | Q194: NAN | R194: NAN | S194: 14.3 | T194: 12 | U194: 10.5 | V194: NAN | W194: 0.879 | X194: 1.753 | Y194: NAN | Z194: NAN | AA194: NAN | AB194: NAN | AC194: NAN | AD194: NAN | AE194: NAN | AF194: NAN | AG194: 32.48
A195: P1 | B195: 43656 | C195: 2019191 | D195: NAN | E195: NAN | F195: 12.7 | G195: 19.4 | H195: 7.9 | I195: 80.8 | J195: 49.3 | K195: 0.7 | L195: 3.2 | M195: 10.2 | N195: 0 | O195: NAN | P195: NAN | Q195: NAN | R195: NAN | S195: 15.1 | T195: 13.1 | U195: 10.9 | V195: NAN | W195: 1.111 | X195: 1.143 | Y195: NAN | Z195: NAN | AA195: NAN | AB195: NAN | AC195: NAN | AD195: NAN | AE195: NAN | AF195: NAN | AG195: 32.4
A196: P1 | B196: 43657 | C196: 2019192 | D196: NAN | E196: NAN | F196: 12.9 | G196: 19.3 | H196: 7.1 | I196: 76.1 | J196: 44.7 | K196: 0.3 | L196: 2.4 | M196: 0 | N196: 0 | O196: NAN | P196: NAN | Q196: NAN | R196: NAN | S196: 16 | T196: 13.4 | U196: 11.1 | V196: NAN | W196: 0.999 | X196: 1.236 | Y196: NAN | Z196: NAN | AA196: NAN | AB196: NAN | AC196: NAN | AD196: NAN | AE196: NAN | AF196: NAN | AG196: 32.31
A197: P1 | B197: 43658 | C197: 2019193 | D197: NAN | E197: NAN | F197: 13.3 | G197: 20.9 | H197: 4.5 | I197: 72.5 | J197: 47.4 | K197: 0.5 | L197: 2.1 | M197: 0 | N197: 0 | O197: NAN | P197: NAN | Q197: NAN | R197: NAN | S197: 16.3 | T197: 13.9 | U197: 11.4 | V197: NAN | W197: 1.171 | X197: 1.299 | Y197: NAN | Z197: NAN | AA197: NAN | AB197: NAN | AC197: NAN | AD197: NAN | AE197: NAN | AF197: NAN | AG197: 32.22
A198: P1 | B198: 43659 | C198: 2019194 | D198: NAN | E198: NAN | F198: 12.9 | G198: 20.4 | H198: 4.4 | I198: 65 | J198: 38.8 | K198: 0.6 | L198: 2.7 | M198: 0 | N198: 0 | O198: NAN | P198: NAN | Q198: NAN | R198: NAN | S198: 15.6 | T198: 13.8 | U198: 11.7 | V198: NAN | W198: 0.931 | X198: 1.468 | Y198: NAN | Z198: NAN | AA198: NAN | AB198: NAN | AC198: NAN | AD198: NAN | AE198: NAN | AF198: NAN | AG198: 32.12
A199: P1 | B199: 43660 | C199: 2019195 | D199: NAN | E199: NAN | F199: 11.7 | G199: 18.5 | H199: 4.7 | I199: 62.7 | J199: 38.9 | K199: 0.9 | L199: 3.2 | M199: 0 | N199: 0 | O199: NAN | P199: NAN | Q199: NAN | R199: NAN | S199: 15.2 | T199: 13.8 | U199: 11.8 | V199: NAN | W199: 0.827 | X199: 1.299 | Y199: NAN | Z199: NAN | AA199: NAN | AB199: NAN | AC199: NAN | AD199: NAN | AE199: NAN | AF199: NAN | AG199: 32.02
A200: P1 | B200: 43661 | C200: 2019196 | D200: NAN | E200: NAN | F200: 11.1 | G200: 19.4 | H200: 4.2 | I200: 70.6 | J200: 33.2 | K200: 0.5 | L200: 2.8 | M200: 0.3 | N200: 0 | O200: NAN | P200: NAN | Q200: NAN | R200: NAN | S200: 16.1 | T200: 13.5 | U200: 11.8 | V200: NAN | W200: 0.747 | X200: 1.503 | Y200: NAN | Z200: NAN | AA200: NAN | AB200: NAN | AC200: NAN | AD200: NAN | AE200: NAN | AF200: NAN | AG200: 31.92
A201: P1 | B201: 43662 | C201: 2019197 | D201: NAN | E201: NAN | F201: 11.3 | G201: 19.5 | H201: 3.1 | I201: 75.3 | J201: 37.1 | K201: 0.4 | L201: 2.2 | M201: 0.3 | N201: 0 | O201: NAN | P201: NAN | Q201: NAN | R201: NAN | S201: 14.2 | T201: 13.4 | U201: 11.8 | V201: NAN | W201: 0.842 | X201: 1.428 | Y201: NAN | Z201: NAN | AA201: NAN | AB201: NAN | AC201: NAN | AD201: NAN | AE201: NAN | AF201: NAN | AG201: 31.81
... A218: P1 | B218: 43679 | C218: 2019214 | D218: NAN | E218: NAN | F218: 15 | G218: 22.5 | H218: 7.7 | I218: 52.6 | J218: 34.7 | K218: 0.9 | L218: 2.8 | M218: 0 | N218: 0 | O218: NAN | P218: NAN | Q218: NAN | R218: NAN | S218: 18.2 | T218: 15.4 | U218: 13.2 | V218: NAN | W218: 0.944 | X218: 1.776 | Y218: NAN | Z218: NAN | AA218: NAN | AB218: NAN | AC218: NAN | AD218: NAN | AE218: NAN | AF218: NAN | AG218: 29.42
A219: P1 | B219: 43680 | C219: 2019215 | D219: 24.55 | E219: NAN | F219: 10.8 | G219: 19.1 | H219: 1.6 | I219: 62.6 | J219: 32.4 | K219: 0.6 | L219: 1.9 | M219: 0 | N219: 0 | O219: NAN | P219: NAN | Q219: NAN | R219: NAN | S219: 16.4 | T219: 14.4 | U219: 13.1 | V219: NAN | W219: 0.715 | X219: 1.492 | Y219: NAN | Z219: NAN | AA219: NAN | AB219: NAN | AC219: NAN | AD219: NAN | AE219: NAN | AF219: NAN | AG219: 29.25
A220: P1 | B220: 43681 | C220: 2019216 | D220: 27.59 | E220: NAN | F220: 12.4 | G220: 22.2 | H220: 1.6 | I220: 61.7 | J220: 20.5 | K220: 0.5 | L220: 1.8 | M220: 0 | N220: 0 | O220: NAN | P220: NAN | Q220: NAN | R220: NAN | S220: 18.3 | T220: 14.4 | U220: 12.9 | V220: NAN | W220: 0.549 | X220: 2.129 | Y220: NAN | Z220: NAN | AA220: NAN | AB220: NAN | AC220: NAN | AD220: NAN | AE220: NAN | AF220: NAN | AG220: 29.08
A221: P1 | B221: 43682 | C221: 2019217 | D221: 27.07 | E221: NAN | F221: 15.9 | G221: 26.8 | H221: 3.4 | I221: 56.7 | J221: 24.2 | K221: 0.4 | L221: 2.7 | M221: 0 | N221: 0 | O221: NAN | P221: NAN | Q221: NAN | R221: NAN | S221: 20.4 | T221: 15 | U221: 12.9 | V221: NAN | W221: 0.852 | X221: 2.669 | Y221: NAN | Z221: NAN | AA221: NAN | AB221: NAN | AC221: NAN | AD221: NAN | AE221: NAN | AF221: NAN | AG221: 28.91
A222: P1 | B222: 43683 | C222: 2019218 | D222: 27.72 | E222: NAN | F222: 17.7 | G222: 29.5 | H222: 5.8 | I222: 42.5 | J222: 7.6 | K222: 0.6 | L222: 3 | M222: 0 | N222: 0 | O222: NAN | P222: NAN | Q222: NAN | R222: NAN | S222: 21.1 | T222: 15.6 | U222: 13.1 | V222: NAN | W222: 0.313 | X222: 3.805 | Y222: NAN | Z222: NAN | AA222: NAN | AB222: NAN | AC222: NAN | AD222: NAN | AE222: NAN | AF222: NAN | AG222: 28.73
A223: P1 | B223: 43684 | C223: 2019219 | D223: 27.66 | E223: NAN | F223: 18.3 | G223: 29.2 | H223: 4.7 | I223: 35.7 | J223: 11.1 | K223: 0.8 | L223: 3.2 | M223: 0 | N223: 0 | O223: NAN | P223: NAN | Q223: NAN | R223: NAN | S223: 21.2 | T223: 15.7 | U223: 13.3 | V223: NAN | W223: 0.448 | X223: 3.588 | Y223: NAN | Z223: NAN | AA223: NAN | AB223: NAN | AC223: NAN | AD223: NAN | AE223: NAN | AF223: NAN | AG223: 28.55
A224: P1 | B224: 43685 | C224: 2019220 | D224: 27.24 | E224: NAN | F224: 19.3 | G224: 27.9 | H224: 8.6 | I224: 35.4 | J224: 13.8 | K224: 0.8 | L224: 3.7 | M224: 0 | N224: 0 | O224: NAN | P224: NAN | Q224: NAN | R224: NAN | S224: 22.1 | T224: 16.2 | U224: 13.5 | V224: NAN | W224: 0.519 | X224: 3.242 | Y224: NAN | Z224: NAN | AA224: NAN | AB224: NAN | AC224: NAN | AD224: NAN | AE224: NAN | AF224: NAN | AG224: 28.36
A225: P1 | B225: 43686 | C225: 2019221 | D225: 21.53 | E225: NAN | F225: 17.3 | G225: 25.6 | H225: 8.7 | I225: 50.6 | J225: 28.3 | K225: 0.7 | L225: 2.4 | M225: 0 | N225: 0 | O225: NAN | P225: NAN | Q225: NAN | R225: NAN | S225: 21.2 | T225: 16.3 | U225: 13.8 | V225: NAN | W225: 0.931 | X225: 2.359 | Y225: NAN | Z225: NAN | AA225: NAN | AB225: NAN | AC225: NAN | AD225: NAN | AE225: NAN | AF225: NAN | AG225: 28.17
A226: P1 | B226: 43687 | C226: 2019222 | D226: 11.5 | E226: NAN | F226: 13.8 | G226: 20.8 | H226: 9 | I226: 80.1 | J226: 43.8 | K226: 0.3 | L226: 2.2 | M226: 23.1 | N226: 0 | O226: NAN | P226: NAN | Q226: NAN | R226: NAN | S226: 16.5 | T226: 15.8 | U226: 13.9 | V226: NAN | W226: 1.074 | X226: 1.378 | Y226: NAN | Z226: NAN | AA226: NAN | AB226: NAN | AC226: NAN | AD226: NAN | AE226: NAN | AF226: NAN | AG226: 27.99
A227: P1 | B227: 43688 | C227: 2019223 | D227: 6.93 | E227: NAN | F227: 9.9 | G227: 12.8 | H227: 8.1 | I227: 91.2 | J227: 71.3 | K227: 0.6 | L227: 2.6 | M227: 8.6 | N227: 0 | O227: NAN | P227: NAN | Q227: NAN | R227: NAN | S227: 12.6 | T227: 13.8 | U227: 13.5 | V227: NAN | W227: 1.056 | X227: 0.425 | Y227: NAN | Z227: NAN | AA227: NAN | AB227: NAN | AC227: NAN | AD227: NAN | AE227: NAN | AF227: NAN | AG227: 27.79
A228: P1 | B228: 43689 | C228: 2019224 | D228: 21.98 | E228: NAN | F228: 11.8 | G228: 19.7 | H228: 6.3 | I228: 72.1 | J228: 32.2 | K228: 0.6 | L228: 2.7 | M228: 0.3 | N228: 0 | O228: NAN | P228: NAN | Q228: NAN | R228: NAN | S228: 14.6 | T228: 13.8 | U228: 13.1 | V228: NAN | W228: 0.74 | X228: 1.558 | Y228: NAN | Z228: NAN | AA228: NAN | AB228: NAN | AC228: NAN | AD228: NAN | AE228: NAN | AF228: NAN | AG228: 27.6
A229: P1 | B229: 43690 | C229: 2019225 | D229: 14.6 | E229: NAN | F229: 10.9 | G229: 19.3 | H229: 3.8 | I229: 82.3 | J229: 38.4 | K229: 0.4 | L229: 2.5 | M229: 5.6 | N229: 0 | O229: NAN | P229: NAN | Q229: NAN | R229: NAN | S229: 12.4 | T229: 13.3 | U229: 13 | V229: NAN | W229: 0.861 | X229: 1.381 | Y229: NAN | Z229: NAN | AA229: NAN | AB229: NAN | AC229: NAN | AD229: NAN | AE229: NAN | AF229: NAN | AG229: 27.4
A230: P1 | B230: 43691 | C230: 2019226 | D230: 24.07 | E230: NAN | F230: 12.3 | G230: 21.2 | H230: 5 | I230: 71.5 | J230: 30.3 | K230: 0.4 | L230: 2.6 | M230: 0 | N230: 0 | O230: NAN | P230: NAN | Q230: NAN | R230: NAN | S230: 14.1 | T230: 13.4 | U230: 12.7 | V230: NAN | W230: 0.765 | X230: 1.76 | Y230: NAN | Z230: NAN | AA230: NAN | AB230: NAN | AC230: NAN | AD230: NAN | AE230: NAN | AF230: NAN | AG230: 27.2
... A285: P1 | B285: 43746 | C285: 2019281 | D285: 3.27 | E285: NAN | F285: -2.9 | G285: 2.6 | H285: -6.4 | I285: 82.1 | J285: 65.3 | K285: 0.2 | L285: 2.8 | M285: 4 | N285: 0.015 | O285: NAN | P285: NAN | Q285: NAN | R285: NAN | S285: 0.6 | T285: 3 | U285: 4.6 | V285: NAN | W285: 0.481 | X285: 0.256 | Y285: NAN | Z285: NAN | AA285: NAN | AB285: NAN | AC285: NAN | AD285: NAN | AE285: NAN | AF285: NAN | AG285: 14.01
A286: P1 | B286: 43747 | C286: 2019282 | D286: 11.72 | E286: NAN | F286: -6.6 | G286: -1.3 | H286: -12.5 | I286: 73.6 | J286: 41.8 | K286: 0.8 | L286: 2 | M286: 3 | N286: 0.021 | O286: 0.2 | P286: NAN | Q286: NAN | R286: NAN | S286: 0.2 | T286: 2.5 | U286: 4.3 | V286: NAN | W286: 0.232 | X286: 0.323 | Y286: NAN | Z286: NAN | AA286: NAN | AB286: NAN | AC286: NAN | AD286: NAN | AE286: NAN | AF286: NAN | AG286: 13.78
A287: P1 | B287: 43748 | C287: 2019283 | D287: 12.28 | E287: NAN | F287: -4.3 | G287: 5.6 | H287: -12.9 | I287: 64.2 | J287: 19 | K287: 0 | L287: 0.7 | M287: 0 | N287: 0.014 | O287: -0.2 | P287: NAN | Q287: NAN | R287: NAN | S287: -0.2 | T287: 2.2 | U287: 4.1 | V287: NAN | W287: 0.173 | X287: 0.738 | Y287: NAN | Z287: NAN | AA287: NAN | AB287: NAN | AC287: NAN | AD287: NAN | AE287: NAN | AF287: NAN | AG287: 13.55
A288: P1 | B288: 43749 | C288: 2019284 | D288: 12.2 | E288: NAN | F288: -2.2 | G288: 6.1 | H288: -10.6 | I288: 65.2 | J288: 34 | K288: 0 | L288: 0 | M288: 0 | N288: 0.005 | O288: -0.7 | P288: NAN | Q288: NAN | R288: NAN | S288: -0.7 | T288: 2 | U288: 3.9 | V288: NAN | W288: 0.321 | X288: 0.623 | Y288: NAN | Z288: NAN | AA288: NAN | AB288: NAN | AC288: NAN | AD288: NAN | AE288: NAN | AF288: NAN | AG288: 13.32
A289: P1 | B289: 43750 | C289: 2019285 | D289: 7.96 | E289: NAN | F289: 0.3 | G289: 7.1 | H289: -5.7 | I289: 64.5 | J289: 31.9 | K289: 0 | L289: 0 | M289: 0 | N289: 0.001 | O289: -0.5 | P289: NAN | Q289: NAN | R289: NAN | S289: -0.5 | T289: 1.7 | U289: 3.6 | V289: NAN | W289: 0.322 | X289: 0.687 | Y289: NAN | Z289: NAN | AA289: NAN | AB289: NAN | AC289: NAN | AD289: NAN | AE289: NAN | AF289: NAN | AG289: 13.09
A290: P1 | B290: 43751 | C290: 2019286 | D290: 1.76 | E290: NAN | F290: 0.8 | G290: 2.1 | H290: -0.4 | I290: 92.6 | J290: 69.9 | K290: 0.1 | L290: 1.2 | M290: 4 | N290: 0.013 | O290: 0 | P290: NAN | Q290: NAN | R290: NAN | S290: 0 | T290: 1.7 | U290: 3.5 | V290: NAN | W290: 0.498 | X290: 0.214 | Y290: NAN | Z290: NAN | AA290: NAN | AB290: NAN | AC290: NAN | AD290: NAN | AE290: NAN | AF290: NAN | AG290: 12.87
A291: P1 | B291: 43752 | C291: 2019287 | D291: 8.53 | E291: NAN | F291: 0.7 | G291: 6.4 | H291: -2.3 | I291: 86.8 | J291: 48.2 | K291: 0.2 | L291: 1.8 | M291: 0 | N291: 0.006 | O291: 0 | P291: NAN | Q291: NAN | R291: NAN | S291: 0 | T291: 1.6 | U291: 3.3 | V291: NAN | W291: 0.462 | X291: 0.497 | Y291: NAN | Z291: NAN | AA291: NAN | AB291: NAN | AC291: NAN | AD291: NAN | AE291: NAN | AF291: NAN | AG291: 12.65
...

Sheet Graph
A1: Daily time series | C1: 1 | D1: =C1+1 -> 2 | E1: =D1+1 -> 3 | F1: =E1+1 -> 4 | G1: =F1+1 -> 5 | H1: =G1+1 -> 6 | I1: =H1+1 -> 7 | J1: =I1+1 -> 8 | K1: =J1+1 -> 9 | ... AG1: =AF1+1 -> 31
A2: Last edit 29/12/25 | C2: Key1 | D2: Solar | E2: Reflect | F2: Tave | G2: Tmax | H2: Tmin | I2: RHave | J2: RHmin | K2: Wind | L2: WindMax | M2: Precip | N2: SnowD | O2: Tsnow | P2: IRTSurfA | Q2: IRTSurX | R2: IRTSurmin | S2: Tsoil005 | T2: Tsoil15 | U2: Tsoil50 | V2: SoilH2O | W2: Vapres | X2: vpdX | Y2: Wind Direction (fraction of day) | Z2: Wind Direction (fraction of day) | AA2: Wind Direction (fraction of day) | AB2: Wind Direction (fraction of day) | AC2: Wind Direction (fraction of day) | AD2: Wind Direction (fraction of day) | AE2: Wind Direction (fraction of day) | AF2: Wind Direction (fraction of day) | AG2: ClrSky
C3: Key1 | D3: MJ/m2/d | E3: MJ/m2/d | F3: C | G3: C | H3: C | I3: % | J3: % | K3: m/s | L3: m/s | M3: mm | N3: m | O3: C | P3: C | Q3: C | R3: C | S3: C | T3: C | U3: C | V3: m3/m3 | W3: kPa | X3: kPa | Y3: N-NE | Z3: NE-E | AA3: E-SE | AB3: SE-S | AC3: S-SW | AD3: SW-W | AE3: W-NW | AF3: NW-N | AG3: MJ/m2/d
E4: Select col# | F4: 5 | G4: 6 | H4: Units
A5: Key1 | B5: =F5 -> Tmax | C5: =G5 -> Tmin | F5: =VLOOKUP($A5,Graph!$C2:$AF2,F4) -> Tmax | G5: =VLOOKUP($A5,Graph!$C2:$AG2,G4) -> Tmin | H5: =VLOOKUP($A5,Graph!$C3:$AF3,F4) -> C | I5: =VLOOKUP($A5,Graph!$C3:$AG3,G4) -> C
A7: 2019001 | B7: =VLOOKUP($A7,Data!$C$5:$AG$2561,F$4) -> -0.7 | C7: =VLOOKUP($A7,Data!$C$5:$AG$2561,G$4) -> -9.5
A8: 2019002 | B8: =VLOOKUP($A8,Data!$C$5:$AG$2561,F$4) -> -6.9 | C8: =VLOOKUP($A8,Data!$C$5:$AG$2561,G$4) -> -9.6
A9: 2019003 | B9: =VLOOKUP($A9,Data!$C$5:$AG$2561,F$4) -> 0.5 | C9: =VLOOKUP($A9,Data!$C$5:$AG$2561,G$4) -> -7.1
A10: 2019004 | B10: =VLOOKUP($A10,Data!$C$5:$AG$2561,F$4) -> 0.8 | C10: =VLOOKUP($A10,Data!$C$5:$AG$2561,G$4) -> -9.9
A11: 2019005 | B11: =VLOOKUP($A11,Data!$C$5:$AG$2561,F$4) -> 0.6 | C11: =VLOOKUP($A11,Data!$C$5:$AG$2561,G$4) -> -6.9
A12: 2019006 | B12: =VLOOKUP($A12,Data!$C$5:$AG$2561,F$4) -> -1.2 | C12: =VLOOKUP($A12,Data!$C$5:$AG$2561,G$4) -> -14.2
A13: 2019007 | B13: =VLOOKUP($A13,Data!$C$5:$AG$2561,F$4) -> -4.8 | C13: =VLOOKUP($A13,Data!$C$5:$AG$2561,G$4) -> -18.2
A14: 2019008 | B14: =VLOOKUP($A14,Data!$C$5:$AG$2561,F$4) -> -6 | C14: =VLOOKUP($A14,Data!$C$5:$AG$2561,G$4) -> -19.1
A15: 2019009 | B15: =VLOOKUP($A15,Data!$C$5:$AG$2561,F$4) -> 0.6 | C15: =VLOOKUP($A15,Data!$C$5:$AG$2561,G$4) -> -6.1
A16: 2019010 | B16: =VLOOKUP($A16,Data!$C$5:$AG$2561,F$4) -> 2.1 | C16: =VLOOKUP($A16,Data!$C$5:$AG$2561,G$4) -> -3.7
A17: 2019011 | B17: =VLOOKUP($A17,Data!$C$5:$AG$2561,F$4) -> 0.5 | C17: =VLOOKUP($A17,Data!$C$5:$AG$2561,G$4) -> -4.1
A18: 2019012 | B18: =VLOOKUP($A18,Data!$C$5:$AG$2561,F$4) -> 0.7 | C18: =VLOOKUP($A18,Data!$C$5:$AG$2561,G$4) -> -8.5
... A2563: 2025365 | B2563: =VLOOKUP($A2563,Data!$C$5:$AG$2561,F$4) -> NAN | C2563: =VLOOKUP($A2563,Data!$C$5:$AG$2561,G$4) -> NAN

Sheet Meta
A1: P1 Daily data 2019 -2025
A2: Last edit 17/12/25
A4: Data worksheet
B5: Data source is daily spreadsheets by year.
C6: Data edits are noted in these spreadsheets
B7: NAN indicates missing data
B8: Clear sky radiation calculated on 10 min time step for lat, long and elevation of site
A10: Graph worksheet
B11: Select one or a pair of variables to review using column number of desired variable
B12: Chose 0 for second variable if only showing one.
