Workbook

Sheet Data
A1: Penticton Creek Site PL and Geonor 2019-2025 Daily data
A2: Last edit 30/12/25
A3: Site | B3: Date | C3: Key | D3: Solar | E3: Tave | F3: Tmax | G3: Tmin | H3: RHMax | I3: RHAve | J3: RHMin | K3: Wind | L3: WindMax | M3: PPT_PL | N3: SnwD2400 | O3: vol10_2400 | P3: vol20_2400 | Q3: vpres | R3: vpdX | S3: Geonor | T3: Sum_PL | U3: SumGeonor | V3: ClrSky
D4: MJ/m2/d | E4: C | F4: C | G4: C | H4: % | I4: % | J4: % | K4: m/s | L4: m/s | M4: mm | N4: m | O4: m3/m3 | P4: m3/m3 | Q4: kPa | R4: kPa | S4: mm | T4: mm | U4: mm | V4: MJ/m2/d
A5: PL_Geonor | B5: 43466 | C5: 2019001 | D5: 2.34 | E5: -5.7 | F5: -3.3 | G5: -9.1 | H5: 98.5 | I5: 93.2 | J5: 79.2 | K5: 0.75 | L5: 5.03 | M5: NAN | N5: NAN | O5: 0.19 | P5: 0.201 | Q5: 0.379 | R5: 0.1 | S5: NAN | T5: NAN | U5: NAN | V5: 5.18
A6: PL_Geonor | B6: 43467 | C6: 2019002 | D6: 1.42 | E6: -5.2 | F6: -1.2 | G6: -9.5 | H6: 98.6 | I6: 96.8 | J6: 93.9 | K6: 1.85 | L6: 9.56 | M6: NAN | N6: NAN | O6: 0.191 | P6: 0.201 | Q6: 0.525 | R6: 0.034 | S6: NAN | T6: NAN | U6: NAN | V6: 5.22
A7: PL_Geonor | B7: 43468 | C7: 2019003 | D7: 1.76 | E7: -3.7 | F7: -1.2 | G7: -8.1 | H7: 100 | I7: 99.8 | J7: 98.4 | K7: 1.55 | L7: 6.04 | M7: NAN | N7: NAN | O7: 0.191 | P7: 0.202 | Q7: 0.55 | R7: 0.009 | S7: NAN | T7: NAN | U7: NAN | V7: 5.26
A8: PL_Geonor | B8: 43469 | C8: 2019004 | D8: 4.69 | E8: -3.4 | F8: -1.4 | G8: -5.6 | H8: 100 | I8: 95.7 | J8: 87.6 | K8: 1.36 | L8: 8.56 | M8: NAN | N8: NAN | O8: 0.191 | P8: 0.202 | Q8: 0.483 | R8: 0.068 | S8: NAN | T8: NAN | U8: NAN | V8: 5.31
A9: PL_Geonor | B9: 43470 | C9: 2019005 | D9: 2.25 | E9: -4.3 | F9: -3.1 | G9: -5.4 | H9: 100 | I9: 99.5 | J9: 96.6 | K9: 2.83 | L9: 12.08 | M9: NAN | N9: NAN | O9: 0.191 | P9: 0.203 | Q9: 0.469 | R9: 0.017 | S9: NAN | T9: NAN | U9: NAN | V9: 5.36
A10: PL_Geonor | B10: 43471 | C10: 2019006 | D10: 5.16 | E10: -6.3 | F10: -3.8 | G10: -10.4 | H10: 100 | I10: 96.4 | J10: 82 | K10: 3.02 | L10: 11.58 | M10: NAN | N10: NAN | O10: 0.191 | P10: 0.204 | Q10: 0.378 | R10: 0.083 | S10: NAN | T10: NAN | U10: NAN | V10: 5.41
A11: PL_Geonor | B11: 43472 | C11: 2019007 | D11: 5.99 | E11: -10.1 | F11: -7.6 | G11: -15.1 | H11: 98.6 | I11: 91.5 | J11: 76.2 | K11: 3.06 | L11: 14.09 | M11: NAN | N11: NAN | O11: 0.191 | P11: 0.204 | Q11: 0.263 | R11: 0.082 | S11: NAN | T11: NAN | U11: NAN | V11: 5.47
A12: PL_Geonor | B12: 43473 | C12: 2019008 | D12: 2.07 | E12: -11.4 | F12: -8.5 | G12: -15.4 | H12: 96.8 | I12: 83.8 | J12: 57.8 | K12: 3.9 | L12: 12.08 | M12: NAN | N12: NAN | O12: 0.191 | P12: 0.204 | Q12: 0.186 | R12: 0.136 | S12: NAN | T12: NAN | U12: NAN | V12: 5.53
A13: PL_Geonor | B13: 43474 | C13: 2019009 | D13: 1.58 | E13: -4.1 | F13: -1.4 | G13: -7.6 | H13: 100 | I13: 99.5 | J13: 97.3 | K13: 2.43 | L13: 8.05 | M13: NAN | N13: NAN | O13: 0.191 | P13: 0.204 | Q13: 0.536 | R13: 0.015 | S13: NAN | T13: NAN | U13: NAN | V13: 5.6
A14: PL_Geonor | B14: 43475 | C14: 2019010 | D14: 3.71 | E14: -2.7 | F14: 0.2 | G14: -4.4 | H14: 100 | I14: 100 | J14: 99.8 | K14: 1.34 | L14: 6.54 | M14: NAN | N14: NAN | O14: 0.191 | P14: 0.203 | Q14: 0.618 | R14: 0.001 | S14: NAN | T14: NAN | U14: NAN | V14: 5.67
A15: PL_Geonor | B15: 43476 | C15: 2019011 | D15: 3.01 | E15: -3.6 | F15: -1.2 | G15: -4.9 | H15: 100 | I15: 100 | J15: 100 | K15: 1.49 | L15: 6.04 | M15: NAN | N15: NAN | O15: 0.191 | P15: 0.204 | Q15: 0.559 | R15: 0 | S15: NAN | T15: NAN | U15: NAN | V15: 5.74
A16: PL_Geonor | B16: 43477 | C16: 2019012 | D16: 5.25 | E16: -3.4 | F16: -1.1 | G16: -4.6 | H16: 100 | I16: 97.7 | J16: 84.3 | K16: 2.52 | L16: 7.55 | M16: NAN | N16: NAN | O16: 0.191 | P16: 0.204 | Q16: 0.475 | R16: 0.088 | S16: NAN | T16: NAN | U16: NAN | V16: 5.82
... A73: PL_Geonor | B73: 43534 | C73: 2019069 | D73: 16.45 | E73: -8.2 | F73: -1 | G73: -14.5 | H73: 92.3 | I73: 77.3 | J73: 56.1 | K73: 1.22 | L73: 6.04 | M73: NAN | N73: NAN | O73: 0.19 | P73: 0.199 | Q73: 0.318 | R73: 0.249 | S73: NAN | T73: NAN | U73: NAN | V73: 15.88
A74: PL_Geonor | B74: 43535 | C74: 2019070 | D74: 6.96 | E74: -8.4 | F74: -6.2 | G74: -10.4 | H74: 91 | I74: 79 | J74: 65.2 | K74: 4.07 | L74: 11.58 | M74: NAN | N74: 0.866 | O74: 0.189 | P74: 0.199 | Q74: 0.25 | R74: 0.133 | S74: NAN | T74: NAN | U74: NAN | V74: 16.13
A75: PL_Geonor | B75: 43536 | C75: 2019071 | D75: 7.13 | E75: -7.2 | F75: -5.8 | G75: -9.6 | H75: 96.3 | I75: 95.2 | J75: 91.4 | K75: 1.8 | L75: 10.57 | M75: 1.6 | N75: 0.878 | O75: 0.189 | P75: 0.199 | Q75: 0.362 | R75: 0.034 | S75: NAN | T75: =M75 -> 1.6 | U75: NAN | V75: 16.39
A76: PL_Geonor | B76: 43537 | C76: 2019072 | D76: 13.77 | E76: -7.7 | F76: -2.5 | G76: -11 | H76: 94.8 | I76: 80 | J76: 54.5 | K76: 1.72 | L76: 8.56 | M76: 1.8 | N76: 0.892 | O76: 0.189 | P76: 0.199 | Q76: 0.277 | R76: 0.231 | S76: NAN | T76: =M76+T75 -> 3.4 | U76: NAN | V76: 16.64
A77: PL_Geonor | B77: 43538 | C77: 2019073 | D77: 12.92 | E77: -5.2 | F77: -0.9 | G77: -10.4 | H77: 87.1 | I77: 70.4 | J77: 50.5 | K77: 1.01 | L77: 6.54 | M77: 0 | N77: 0.879 | O77: 0.189 | P77: 0.199 | Q77: 0.289 | R77: 0.283 | S77: NAN | T77: =M77+T76 -> 3.4 | U77: NAN | V77: 16.9
A78: PL_Geonor | B78: 43539 | C78: 2019074 | D78: 12.54 | E78: -3 | F78: 2.3 | G78: -6 | H78: 89.8 | I78: 79.7 | J78: 56.6 | K78: 2.2 | L78: 9.06 | M78: 0 | N78: 0.84 | O78: 0.189 | P78: 0.199 | Q78: 0.408 | R78: 0.313 | S78: NAN | T78: =M78+T77 -> 3.4 | U78: NAN | V78: 17.16
A79: PL_Geonor | B79: 43540 | C79: 2019075 | D79: 16.25 | E79: -1.3 | F79: 4.3 | G79: -6.4 | H79: 89.5 | I79: 74.1 | J79: 49.4 | K79: 1.76 | L79: 5.54 | M79: 0 | N79: 0.838 | O79: 0.189 | P79: 0.199 | Q79: 0.41 | R79: 0.42 | S79: NAN | T79: =M79+T78 -> 3.4 | U79: NAN | V79: 17.42
A80: PL_Geonor | B80: 43541 | C80: 2019076 | D80: 17.96 | E80: 1.4 | F80: 5.9 | G80: -3.6 | H80: 86.4 | I80: 60.4 | J80: 39.6 | K80: 2.43 | L80: 9.06 | M80: 0 | N80: 0.809 | O80: 0.19 | P80: 0.202 | Q80: 0.368 | R80: 0.561 | S80: NAN | T80: =M80+T79 -> 3.4 | U80: NAN | V80: 17.68
A81: PL_Geonor | B81: 43542 | C81: 2019077 | D81: 18.39 | E81: 3.4 | F81: 8.4 | G81: -2.3 | H81: 61 | I81: 43.4 | J81: 24.3 | K81: 2.14 | L81: 9.56 | M81: 0 | N81: 0.771 | O81: 0.191 | P81: 0.21 | Q81: 0.268 | R81: 0.835 | S81: NAN | T81: =M81+T80 -> 3.4 | U81: NAN | V81: 17.94
A82: PL_Geonor | B82: 43543 | C82: 2019078 | D82: 18.55 | E82: 6 | F82: 11.3 | G82: 0.8 | H82: 51.1 | I82: 35.5 | J82: 25.7 | K82: 1.99 | L82: 7.05 | M82: 0 | N82: 0.702 | O82: 0.194 | P82: 0.232 | Q82: 0.344 | R82: 0.995 | S82: NAN | T82: =M82+T81 -> 3.4 | U82: NAN | V82: 18.2
A83: PL_Geonor | B83: 43544 | C83: 2019079 | D83: 18.83 | E83: 8 | F83: 12.4 | G83: 2.9 | H83: 39.8 | I83: 31 | J83: 22.5 | K83: 2.06 | L83: 9.06 | M83: 0 | N83: 0.652 | O83: 0.198 | P83: 0.249 | Q83: 0.324 | R83: 1.116 | S83: NAN | T83: =M83+T82 -> 3.4 | U83: NAN | V83: 18.47
A84: PL_Geonor | B84: 43545 | C84: 2019080 | D84: 18.53 | E84: 6.6 | F84: 11.9 | G84: 2.4 | H84: 50.3 | I84: 34.1 | J84: 24.4 | K84: 1.7 | L84: 6.04 | M84: 0 | N84: 0.629 | O84: 0.201 | P84: 0.263 | Q84: 0.34 | R84: 1.053 | S84: NAN | T84: =M84+T83 -> 3.4 | U84: NAN | V84: 18.73
A85: PL_Geonor | B85: 43546 | C85: 2019081 | D85: 18.58 | E85: 5.3 | F85: 9.8 | G85: 0.6 | H85: 90.2 | I85: 45.1 | J85: 30.5 | K85: 1.97 | L85: 7.55 | M85: 0 | N85: 0.602 | O85: 0.204 | P85: 0.276 | Q85: 0.369 | R85: 0.841 | S85: NAN | T85: =M85+T84 -> 3.4 | U85: NAN | V85: 18.99
A86: PL_Geonor | B86: 43547 | C86: 2019082 | D86: 7.52 | E86: 1.3 | F86: 3.9 | G86: -0.5 | H86: 97.1 | I86: 80.3 | J86: 63.6 | K86: 1.34 | L86: 5.54 | M86: 0 | N86: 0.594 | O86: 0.205 | P86: 0.265 | Q86: 0.513 | R86: 0.294 | S86: NAN | T86: =M86+T85 -> 3.4 | U86: NAN | V86: 19.25
A87: PL_Geonor | B87: 43548 | C87: 2019083 | D87: 8.45 | E87: 1.7 | F87: 5.6 | G87: -0.7 | H87: 99.2 | I87: 80.9 | J87: 62.3 | K87: 1.76 | L87: 7.05 | M87: 0.3 | N87: 0.596 | O87: 0.206 | P87: 0.268 | Q87: 0.566 | R87: 0.343 | S87: NAN | T87: =M87+T86 -> 3.7 | U87: NAN | V87: 19.52
... A369: PL_Geonor | B369: 43830 | C369: 2019365 | D369: 1.21 | E369: -3.7 | F369: -2 | G369: -6.9 | H369: 100 | I369: 99.8 | J369: 98.7 | K369: 0 | L369: 1.01 | M369: 12.4 | N369: 0.67 | O369: 0.198 | P369: 0.207 | Q369: 0.52 | R369: 0.007 | S369: NAN | T369: =M369+T368 -> 452.41 | U369: NAN | V369: 5.13
A370: PL_Geonor | B370: 43831 | C370: 2020001 | D370: 2.3 | E370: -2.4 | F370: -1.2 | G370: -4.3 | H370: 100 | I370: 96.5 | J370: 86.4 | K370: 3.96 | L370: 14.59 | M370: 0 | N370: 0.642 | O370: 0.197 | P370: 0.207 | Q370: 0.483 | R370: 0.076 | S370: NAN | T370: =M370 -> 0 | U370: NAN | V370: 5.18
A371: PL_Geonor | B371: 43832 | C371: 2020002 | D371: 4.25 | E371: -8.1 | F371: -5.2 | G371: -9.2 | H371: 97.8 | I371: 95.9 | J371: 88.3 | K371: 2.41 | L371: 15.1 | M371: 30 | N371: 0.873 | O371: 0.197 | P371: 0.207 | Q371: 0.366 | R371: 0.048 | S371: NAN | T371: =M371+T370 -> 30 | U371: NAN | V371: 5.22
A372: PL_Geonor | B372: 43833 | C372: 2020003 | D372: 2.81 | E372: -3.9 | F372: -1 | G372: -7.3 | H372: 100 | I372: 97.8 | J372: 72.8 | K372: 0 | L372: 5.54 | M372: 0 | N372: 0.778 | O372: 0.199 | P372: 0.208 | Q372: 0.413 | R372: 0.154 | S372: NAN | T372: =M372+T371 -> 30 | U372: NAN | V372: 5.26
A373: PL_Geonor | B373: 43834 | C373: 2020004 | D373: 3.39 | E373: -5.9 | F373: -1.1 | G373: -7.4 | H373: 97.7 | I373: 80.9 | J373: 70.4 | K373: 3.82 | L373: 17.61 | M373: 0 | N373: 0.737 | O373: 0.199 | P373: 0.208 | Q373: 0.397 | R373: 0.167 | S373: NAN | T373: =M373+T372 -> 30 | U373: NAN | V373: 5.31
A374: PL_Geonor | B374: 43835 | C374: 2020005 | D374: 2.11 | E374: -7.5 | F374: -5.9 | G374: -8.9 | H374: 97.7 | I374: 92.6 | J374: 81.3 | K374: 3.96 | L374: 16.1 | M374: 0 | N374: 0.7 | O374: 0.198 | P374: 0.209 | Q374: 0.32 | R374: 0.074 | S374: NAN | T374: =M374+T373 -> 30 | U374: NAN | V374: 5.36
A375: PL_Geonor | B375: 43836 | C375: 2020006 | D375: 0.88 | E375: -6.8 | F375: -3 | G375: -9.4 | H375: 100 | I375: 96.5 | J375: 86 | K375: 1.03 | L375: 7.05 | M375: 12.1 | N375: 0.793 | O375: 0.199 | P375: 0.209 | Q375: 0.421 | R375: 0.069 | S375: NAN | T375: =M375+T374 -> 42.1 | U375: NAN | V375: 5.41
A376: PL_Geonor | B376: 43837 | C376: 2020007 | D376: 0.97 | E376: -2.5 | F376: -1.7 | G376: -3.4 | H376: 100 | I376: 100 | J376: 100 | K376: 1.05 | L376: 8.05 | M376: 1.4 | N376: 0.804 | O376: 0.199 | P376: 0.21 | Q376: 0.539 | R376: 0 | S376: NAN | T376: =M376+T375 -> 43.5 | U376: NAN | V376: 5.47
A377: PL_Geonor | B377: 43838 | C377: 2020008 | D377: 1.64 | E377: -8.7 | F377: -2.9 | G377: -15.9 | H377: 100 | I377: 97.4 | J377: 93.8 | K377: 1.38 | L377: 10.07 | M377: 42.3 | N377: 1.129 | O377: 0.199 | P377: 0.21 | Q377: 0.462 | R377: 0.031 | S377: NAN | T377: =M377+T376 -> 85.8 | U377: NAN | V377: 5.53
A378: PL_Geonor | B378: 43839 | C378: 2020009 | D378: 3.77 | E378: -12.2 | F378: -8.5 | G378: -15.7 | H378: 95.5 | I378: 94.6 | J378: 93.3 | K378: 0.5 | L378: 7.05 | M378: 0 | N378: 0.797 | O378: 0.199 | P378: 0.21 | Q378: 0.3 | R378: 0.022 | S378: NAN | T378: =M378+T377 -> 85.8 | U378: NAN | V378: 5.6
A379: PL_Geonor | B379: 43840 | C379: 2020010 | D379: 1.2 | E379: -11.3 | F379: -9.9 | G379: -13 | H379: 96.3 | I379: 95.5 | J379: 94.4 | K379: 1.97 | L379: 9.06 | M379: 50.1 | N379: 1.182 | O379: 0.2 | P379: 0.211 | Q379: 0.272 | R379: 0.016 | S379: NAN | T379: =M379+T378 -> 135.9 | U379: NAN | V379: 5.67
A380: PL_Geonor | B380: 43841 | C380: 2020011 | D380: 0.8 | E380: -7.6 | F380: -4.9 | G380: -9.5 | H380: 99 | I380: 97.7 | J380: 96.6 | K380: 0.67 | L380: 5.03 | M380: 0 | N380: 0.916 | O380: 0.2 | P380: 0.211 | Q380: 0.41 | R380: 0.014 | S380: NAN | T380: =M380+T379 -> 135.9 | U380: NAN | V380: 5.74
A381: PL_Geonor | B381: 43842 | C381: 2020012 | D381: 0.82 | E381: -12 | F381: -7.6 | G381: -25.8 | H381: 97.7 | I381: 95.5 | J381: 87.1 | K381: 0.31 | L381: 5.03 | M381: 5.2 | N381: 0.956 | O381: 0.199 | P381: 0.211 | Q381: 0.3 | R381: 0.044 | S381: NAN | T381: =M381+T380 -> 141.1 | U381: NAN | V381: 5.82
A382: PL_Geonor | B382: 43843 | C382: 2020013 | D382: 1.1 | E382: -24.9 | F382: -21.1 | G382: -29.3 | H382: 89.1 | I382: 86.8 | J382: 84.5 | K382: 0.38 | L382: 4.53 | M382: 0 | N382: 0.91 | O382: 0.199 | P382: 0.211 | Q382: 0.096 | R382: 0.018 | S382: NAN | T382: =M382+T381 -> 141.1 | U382: NAN | V382: 5.89
... A410: PL_Geonor | B410: 43871 | C410: 2020041 | D410: 7.34 | E410: -6.4 | F410: -4.1 | G410: -7.9 | H410: 99 | I410: 97.1 | J410: 92.9 | K410: 1.32 | L410: 9.06 | M410: 17 | N410: 1.254 | O410: 0.2 | P410: 0.214 | Q410: 0.419 | R410: 0.032 | S410: NAN | T410: =M410+T409 -> 226.3 | U410: NAN | V410: 9.61
A411: PL_Geonor | B411: 43872 | C411: 2020042 | D411: 10.67 | E411: -4.4 | F411: -1.5 | G411: -6.1 | H411: 98.8 | I411: 95.1 | J411: 88.3 | K411: 4.82 | L411: 16.1 | M411: NAN | N411: NAN | O411: 0.2 | P411: 0.214 | Q411: 0.483 | R411: 0.064 | S411: NAN | T411: =T410 -> 226.3 | U411: NAN | V411: 9.8
A412: PL_Geonor | B412: 43873 | C412: 2020043 | D412: 10.84 | E412: -5.4 | F412: -1.1 | G412: -7.8 | H412: 96.3 | I412: 88.2 | J412: 70.2 | K412: 1.51 | L412: 7.05 | M412: NAN | N412: NAN | O412: 0.2 | P412: 0.214 | Q412: 0.395 | R412: 0.168 | S412: NAN | T412: =T411 -> 226.3 | U412: NAN | V412: 9.99
A413: PL_Geonor | B413: 43874 | C413: 2020044 | D413: 3.27 | E413: -6.3 | F413: -4.2 | G413: -7.9 | H413: 99 | I413: 95.6 | J413: 83.9 | K413: 2.71 | L413: 14.59 | M413: NAN | N413: NAN | O413: 0.201 | P413: 0.214 | Q413: 0.375 | R413: 0.072 | S413: NAN | T413: =T412 -> 226.3 | U413: NAN | V413: 10.18
A414: PL_Geonor | B414: 43875 | C414: 2020045 | D414: 6.89 | E414: -6.6 | F414: -4.5 | G414: -8 | H414: 95.9 | I414: 89.9 | J414: 83.5 | K414: 4.82 | L414: 12.08 | M414: NAN | N414: NAN | O414: 0.201 | P414: 0.215 | Q414: 0.365 | R414: 0.072 | S414: NAN | T414: =T413 -> 226.3 | U414: NAN | V414: 10.37
A415: PL_Geonor | B415: 43876 | C415: 2020046 | D415: 3.02 | E415: -6 | F415: -4.7 | G415: -7.7 | H415: 99.1 | I415: 95.8 | J415: 90.3 | K415: 2.71 | L415: 10.57 | M415: NAN | N415: NAN | O415: 0.2 | P415: 0.215 | Q415: 0.389 | R415: 0.042 | S415: NAN | T415: =T414 -> 226.3 | U415: NAN | V415: 10.57
A416: PL_Geonor | B416: 43877 | C416: 2020047 | D416: 4.56 | E416: -7.7 | F416: -6.7 | G416: -8.7 | H416: 98.1 | I416: 97 | J416: 94.7 | K416: 3.75 | L416: 14.09 | M416: NAN | N416: NAN | O416: 0.201 | P416: 0.215 | Q416: 0.35 | R416: 0.02 | S416: NAN | T416: =T415 -> 226.3 | U416: NAN | V416: 10.77
A417: PL_Geonor | B417: 43878 | C417: 2020048 | D417: 10.24 | E417: -8.9 | F417: -5.6 | G417: -10.3 | H417: 97.1 | I417: 91.6 | J417: 81.8 | K417: 0.84 | L417: 7.05 | M417: NAN | N417: NAN | O417: 0.201 | P417: 0.215 | Q417: 0.329 | R417: 0.073 | S417: NAN | T417: =T416 -> 226.3 | U417: NAN | V417: 10.98
A418: PL_Geonor | B418: 43879 | C418: 2020049 | D418: 8.6 | E418: -10.2 | F418: -6.3 | G418: -14.1 | H418: 94.7 | I418: 86 | J418: 71.2 | K418: 0.94 | L418: 6.04 | M418: NAN | N418: NAN | O418: 0.201 | P418: 0.215 | Q418: 0.271 | R418: 0.11 | S418: NAN | T418: =T417 -> 226.3 | U418: NAN | V418: 11.19
A419: PL_Geonor | B419: 43880 | C419: 2020050 | D419: 12.17 | E419: -9.3 | F419: -2.2 | G419: -14.6 | H419: 93.1 | I419: 81.9 | J419: 68.9 | K419: 2.01 | L419: 7.55 | M419: NAN | N419: NAN | O419: 0.2 | P419: 0.215 | Q419: 0.358 | R419: 0.162 | S419: NAN | T419: =T418 -> 226.3 | U419: NAN | V419: 11.4
A420: PL_Geonor | B420: 43881 | C420: 2020051 | D420: 12.48 | E420: -8.1 | F420: -4.2 | G420: -11.3 | H420: 87.7 | I420: 79 | J420: 69 | K420: 3.02 | L420: 8.56 | M420: NAN | N420: NAN | O420: 0.201 | P420: 0.215 | Q420: 0.309 | R420: 0.139 | S420: NAN | T420: =T419 -> 226.3 | U420: NAN | V420: 11.61
A421: PL_Geonor | B421: 43882 | C421: 2020052 | D421: 12.15 | E421: -5.2 | F421: -0.8 | G421: -10.5 | H421: 88.6 | I421: 73.3 | J421: 55.3 | K421: 0.86 | L421: 5.54 | M421: NAN | N421: NAN | O421: 0.201 | P421: 0.215 | Q421: 0.318 | R421: 0.257 | S421: NAN | T421: =T420 -> 226.3 | U421: NAN | V421: 11.83
A422: PL_Geonor | B422: 43883 | C422: 2020053 | D422: 5.02 | E422: -5.7 | F422: -3.7 | G422: -9.1 | H422: 95.7 | I422: 81.7 | J422: 63.9 | K422: 1.51 | L422: 9.56 | M422: NAN | N422: NAN | O422: 0.2 | P422: 0.215 | Q422: 0.297 | R422: 0.168 | S422: NAN | T422: =T421 -> 226.3 | U422: NAN | V422: 12.05
... A479: PL_Geonor | B479: 43940 | C479: 2020110 | D479: 18.77 | E479: 2.8 | F479: 7.4 | G479: 0.2 | H479: 96.5 | I479: 77.5 | J479: 54.1 | K479: 1.2 | L479: 6.54 | M479: NAN | N479: NAN | O479: 0.222 | P479: 0.257 | Q479: 0.557 | R479: 0.473 | S479: NAN | T479: =T478 -> 226.3 | U479: NAN | V479: 26.06
A480: PL_Geonor | B480: 43941 | C480: 2020111 | D480: 26.13 | E480: 4.5 | F480: 10.4 | G480: -1.4 | H480: 87.9 | I480: 64.8 | J480: 39.3 | K480: 1.47 | L480: 7.05 | M480: NAN | N480: 1.218 | O480: 0.268 | P480: 0.4 | Q480: 0.495 | R480: 0.765 | S480: NAN | T480: =T479 -> 226.3 | U480: NAN | V480: 26.29
A481: PL_Geonor | B481: 43942 | C481: 2020112 | D481: 16.76 | E481: 1.6 | F481: 5.8 | G481: -1.7 | H481: 85.3 | I481: 75.6 | J481: 56.9 | K481: 3.27 | L481: 11.07 | M481: 0 | N481: 1.165 | O481: 0.259 | P481: 0.386 | Q481: 0.525 | R481: 0.398 | S481: NAN | T481: =M481+T480 -> 226.3 | U481: NAN | V481: 26.52
A482: PL_Geonor | B482: 43943 | C482: 2020113 | D482: 13.13 | E482: -0.3 | F482: 2 | G482: -2.6 | H482: 99.9 | I482: 91 | J482: 77.1 | K482: 1.66 | L482: 8.05 | M482: 3.9 | N482: 1.195 | O482: 0.244 | P482: 0.361 | Q482: 0.544 | R482: 0.162 | S482: NAN | T482: =M482+T481 -> 230.2 | U482: NAN | V482: 26.74
A483: PL_Geonor | B483: 43944 | C483: 2020114 | D483: 11.05 | E483: 0 | F483: 2.5 | G483: -1.9 | H483: 100 | I483: 92.8 | J483: 73.9 | K483: 2.08 | L483: 13.09 | M483: 0 | N483: 1.164 | O483: 0.24 | P483: 0.346 | Q483: 0.54 | R483: 0.191 | S483: NAN | T483: =M483+T482 -> 230.2 | U483: NAN | V483: 26.96
A484: PL_Geonor | B484: 43945 | C484: 2020115 | D484: 18.88 | E484: 1.4 | F484: 5.9 | G484: -3.7 | H484: 96.4 | I484: 72.1 | J484: 40.7 | K484: 0.99 | L484: 5.54 | M484: 0 | N484: 1.133 | O484: 0.243 | P484: 0.35 | Q484: 0.378 | R484: 0.551 | S484: NAN | T484: =M484+T483 -> 230.2 | U484: NAN | V484: 27.18
A485: PL_Geonor | B485: 43946 | C485: 2020116 | D485: 10.09 | E485: 0.8 | F485: 3.9 | G485: -2.4 | H485: 89.5 | I485: 80.9 | J485: 72 | K485: 4.53 | L485: 16.61 | M485: 0 | N485: 1.123 | O485: 0.243 | P485: 0.351 | Q485: 0.581 | R485: 0.226 | S485: NAN | T485: =M485+T484 -> 230.2 | U485: NAN | V485: 27.41
A486: PL_Geonor | B486: 43947 | C486: 2020117 | D486: 20.65 | E486: 0.5 | F486: 3.2 | G486: -4 | H486: 85.6 | I486: 68.7 | J486: 51 | K486: 2.5 | L486: 11.58 | M486: 0 | N486: 1.098 | O486: 0.244 | P486: 0.355 | Q486: 0.392 | R486: 0.377 | S486: NAN | T486: =M486+T485 -> 230.2 | U486: NAN | V486: 27.61
A487: PL_Geonor | B487: 43948 | C487: 2020118 | D487: 22.21 | E487: 0.8 | F487: 3.7 | G487: -2.7 | H487: 80.4 | I487: 69.1 | J487: 57.5 | K487: 4.74 | L487: 15.6 | M487: 0 | N487: 1.092 | O487: 0.251 | P487: 0.382 | Q487: 0.458 | R487: 0.339 | S487: NAN | T487: =M487+T486 -> 230.2 | U487: NAN | V487: 27.82
A488: PL_Geonor | B488: 43949 | C488: 2020119 | D488: 17.9 | E488: 0.9 | F488: 5.4 | G488: -4.5 | H488: 86.9 | I488: 70.2 | J488: 44.4 | K488: 1.53 | L488: 8.56 | M488: 0 | N488: 1.071 | O488: 0.244 | P488: 0.361 | Q488: 0.398 | R488: 0.498 | S488: NAN | T488: =M488+T487 -> 230.2 | U488: NAN | V488: 28.03
A489: PL_Geonor | B489: 43950 | C489: 2020120 | D489: 15.59 | E489: 5.4 | F489: 9.7 | G489: 2 | H489: 75.6 | I489: 63.8 | J489: 45.4 | K489: 2.29 | L489: 11.58 | M489: 0 | N489: 1.028 | O489: 0.271 | P489: 0.389 | Q489: 0.546 | R489: 0.657 | S489: NAN | T489: =M489+T488 -> 230.2 | U489: NAN | V489: 28.24
A490: PL_Geonor | B490: 43951 | C490: 2020121 | D490: 24.32 | E490: 2.6 | F490: 5.7 | G490: -2.7 | H490: 83.4 | I490: 70.3 | J490: 51.9 | K490: 2.24 | L490: 9.56 | M490: 0 | N490: 0.991 | O490: 0.375 | P490: 0.389 | Q490: 0.475 | R490: 0.44 | S490: NAN | T490: =M490+T489 -> 230.2 | U490: NAN | V490: 28.44
A491: PL_Geonor | B491: 43952 | C491: 2020122 | D491: 18.2 | E491: 2.3 | F491: 6.9 | G491: -2.6 | H491: 81.4 | I491: 61.9 | J491: 46.2 | K491: 2.01 | L491: 9.06 | M491: 0 | N491: 0.954 | O491: 0.316 | P491: 0.393 | Q491: 0.46 | R491: 0.536 | S491: NAN | T491: =M491+T490 -> 230.2 | U491: NAN | V491: 28.64
A492: PL_Geonor | B492: 43953 | C492: 2020123 | D492: 17.03 | E492: 2.9 | F492: 7 | G492: -1.2 | H492: 98.1 | I492: 64.6 | J492: 50.9 | K492: 3.25 | L492: 11.58 | M492: 5.9 | N492: 0.999 | O492: 0.342 | P492: 0.39 | Q492: 0.51 | R492: 0.492 | S492: NAN | T492: =M492+T491 -> 236.1 | U492: NAN | V492: 28.82
... A534: PL_Geonor | B534: 43995 | C534: 2020165 | D534: 5.36 | E534: 1.9 | F534: 5.1 | G534: 0.1 | H534: 100 | I534: 96 | J534: 87.5 | K534: 1.62 | L534: 7.55 | M534: 14.2 | N534: 0 | O534: 0.239 | P534: 0.377 | Q534: 0.768 | R534: 0.11 | S534: NAN | T534: =M534+T533 -> 383.8 | U534: NAN | V534: 33.42
A535: PL_Geonor | B535: 43996 | C535: 2020166 | D535: NAN | E535: 0.6 | F535: 2.1 | G535: -0.4 | H535: 100 | I535: 99.7 | J535: 98.3 | K535: 1.93 | L535: 8.56 | M535: 5.6 | N535: 0 | O535: 0.238 | P535: NAN | Q535: 0.698 | R535: 0.012 | S535: NAN | T535: =M535+T534 -> 389.4 | U535: NAN | V535: 33.44
A536: PL_Geonor | B536: 43997 | C536: 2020167 | D536: NAN | E536: 2.7 | F536: 6.4 | G536: -0.8 | H536: 99.5 | I536: 94.2 | J536: 80 | K536: 0.92 | L536: 6.54 | M536: 0.2 | N536: 0 | O536: 0.227 | P536: NAN | Q536: 0.769 | R536: 0.192 | S536: NAN | T536: =M536+T535 -> 389.6 | U536: NAN | V536: 33.45
A537: PL_Geonor | B537: 43998 | C537: 2020168 | D537: NAN | E537: 5.5 | F537: 11.2 | G537: 1.2 | H537: 99.8 | I537: 86.1 | J537: 59.7 | K537: 1.26 | L537: 6.04 | M537: 0.4 | N537: 0 | O537: 0.22 | P537: NAN | Q537: 0.794 | R537: 0.536 | S537: NAN | T537: =M537+T536 -> 390 | U537: NAN | V537: 33.47
A538: PL_Geonor | B538: 43999 | C538: 2020169 | D538: NAN | E538: 8.2 | F538: 13.5 | G538: 3.6 | H538: 94.4 | I538: 78.4 | J538: 60.3 | K538: 1.09 | L538: 8.56 | M538: 0 | N538: 0 | O538: 0.215 | P538: NAN | Q538: 0.933 | R538: 0.614 | S538: NAN | T538: =M538+T537 -> 390 | U538: NAN | V538: 33.48
A539: PL_Geonor | B539: 44000 | C539: 2020170 | D539: NAN | E539: 11 | F539: 17.8 | G539: 3.9 | H539: 95.4 | I539: 65.5 | J539: 36.1 | K539: 0.88 | L539: 6.04 | M539: 0 | N539: 0 | O539: 0.211 | P539: NAN | Q539: 0.736 | R539: 1.303 | S539: NAN | T539: =M539+T538 -> 390 | U539: NAN | V539: 33.48
A540: PL_Geonor | B540: 44001 | C540: 2020171 | D540: NAN | E540: 13.2 | F540: 18.5 | G540: 6.3 | H540: 75.3 | I540: 56.2 | J540: 37.3 | K540: 1.17 | L540: 6.54 | M540: 0 | N540: 0 | O540: 0.208 | P540: NAN | Q540: 0.794 | R540: 1.335 | S540: NAN | T540: =M540+T539 -> 390 | U540: NAN | V540: 33.48
A541: PL_Geonor | B541: 44002 | C541: 2020172 | D541: NAN | E541: 10 | F541: 12.8 | G541: 7.5 | H541: 93.9 | I541: 83.8 | J541: 73.9 | K541: 1.03 | L541: 6.04 | M541: 1.6 | N541: 0 | O541: 0.207 | P541: NAN | Q541: 1.092 | R541: 0.386 | S541: NAN | T541: =M541+T540 -> 391.6 | U541: NAN | V541: 33.47
A542: PL_Geonor | B542: 44003 | C542: 2020173 | D542: NAN | E542: 10.8 | F542: 17.1 | G542: 6.6 | H542: 94.7 | I542: 72.4 | J542: 49.5 | K542: 1.66 | L542: 7.05 | M542: 0.2 | N542: 0 | O542: 0.207 | P542: NAN | Q542: 0.965 | R542: 0.984 | S542: NAN | T542: =M542+T541 -> 391.8 | U542: NAN | V542: 33.46
A543: PL_Geonor | B543: 44004 | C543: 2020174 | D543: NAN | E543: 12.8 | F543: 19.4 | G543: 6.1 | H543: 80 | I543: 52.4 | J543: 39.1 | K543: 1.74 | L543: 7.05 | M543: 0 | N543: 0 | O543: 0.205 | P543: NAN | Q543: 0.881 | R543: 1.372 | S543: NAN | T543: =M543+T542 -> 391.8 | U543: NAN | V543: 33.45
A544: PL_Geonor | B544: 44005 | C544: 2020175 | D544: NAN | E544: 13.6 | F544: 19.7 | G544: 9.3 | H544: 80.2 | I544: 71.1 | J544: 49.1 | K544: 1.34 | L544: 11.58 | M544: 1.6 | N544: 0 | O544: 0.205 | P544: NAN | Q544: 1.127 | R544: 1.168 | S544: NAN | T544: =M544+T543 -> 393.4 | U544: NAN | V544: 33.44
A545: PL_Geonor | B545: 44006 | C545: 2020176 | D545: NAN | E545: 11.1 | F545: 14.6 | G545: 7.9 | H545: 97.4 | I545: 85.5 | J545: 72 | K545: 1.17 | L545: 8.05 | M545: 14.4 | N545: 0 | O545: 0.233 | P545: NAN | Q545: 1.196 | R545: 0.465 | S545: NAN | T545: =M545+T544 -> 407.8 | U545: NAN | V545: 33.41
A546: PL_Geonor | B546: 44007 | C546: 2020177 | D546: NAN | E546: 13.7 | F546: 20.3 | G546: 7.2 | H546: 97.8 | I546: 71.5 | J546: 41.1 | K546: 1.15 | L546: 6.54 | M546: 0.2 | N546: 0 | O546: 0.218 | P546: NAN | Q546: 0.979 | R546: 1.403 | S546: NAN | T546: =M546+T545 -> 408 | U546: NAN | V546: 33.38
... A735: PL_Geonor | B735: 44196 | C735: 2020366 | D735: NAN | E735: -5 | F735: -2.8 | G735: -7.9 | H735: 99.4 | I735: 98.3 | J735: 96.4 | K735: 0 | L735: 2.01 | M735: 0 | N735: 0.668 | O735: 0.188 | P735: NAN | Q735: 0.479 | R735: 0.018 | S735: NAN | T735: =M735+T734 -> 752.3 | U735: NAN | V735: 5.13
A736: PL_Geonor | B736: 44197 | C736: 2021001 | D736: NAN | E736: -5 | F736: -3.6 | G736: -7.1 | H736: 99.6 | I736: 98.7 | J736: 97.5 | K736: 0 | L736: 2.01 | M736: 14.3 | N736: 0.778 | O736: 0.189 | P736: NAN | Q736: 0.456 | R736: 0.012 | S736: NAN | T736: =M736 -> 14.3 | U736: NAN | V736: 5.18
A737: PL_Geonor | B737: 44198 | C737: 2021002 | D737: NAN | E737: -3.5 | F737: -2.7 | G737: -4.7 | H737: 100 | I737: 99.7 | J737: 99.1 | K737: 0 | L737: 0 | M737: 0 | N737: 0.7 | O737: 0.189 | P737: NAN | Q737: 0.496 | R737: 0.005 | S737: NAN | T737: =M737+T736 -> 14.3 | U737: NAN | V737: 5.22
A738: PL_Geonor | B738: 44199 | C738: 2021003 | D738: NAN | E738: -6.1 | F738: -3.5 | G738: -7.7 | H738: 99.6 | I738: 97.9 | J738: 97.1 | K738: 0 | L738: 0.5 | M738: 0 | N738: 0.674 | O738: 0.188 | P738: NAN | Q738: 0.458 | R738: 0.014 | S738: NAN | T738: =M738+T737 -> 14.3 | U738: NAN | V738: 5.26
A739: PL_Geonor | B739: 44200 | C739: 2021004 | D739: NAN | E739: -5 | F739: -2.7 | G739: -6.7 | H739: 100 | I739: 98.6 | J739: 96.7 | K739: 0.36 | L739: 5.54 | M739: 0 | N739: 0.669 | O739: 0.19 | P739: NAN | Q739: 0.484 | R739: 0.017 | S739: NAN | T739: =M739+T738 -> 14.3 | U739: NAN | V739: 5.31
A740: PL_Geonor | B740: 44201 | C740: 2021005 | D740: NAN | E740: -6.3 | F740: -5 | G740: -9 | H740: 98.5 | I740: 94.1 | J740: 81.9 | K740: 1.59 | L740: 8.56 | M740: 1.6 | N740: 0.681 | O740: 0.19 | P740: NAN | Q740: 0.345 | R740: 0.076 | S740: NAN | T740: =M740+T739 -> 15.9 | U740: NAN | V740: 5.36
A741: PL_Geonor | B741: 44202 | C741: 2021006 | D741: NAN | E741: -4.4 | F741: -2.2 | G741: -6.7 | H741: 99.8 | I741: 99.2 | J741: 98.5 | K741: 1.05 | L741: 7.55 | M741: 0 | N741: 0.666 | O741: 0.19 | P741: NAN | Q741: 0.512 | R741: 0.008 | S741: NAN | T741: =M741+T740 -> 15.9 | U741: NAN | V741: 5.41
A742: PL_Geonor | B742: 44203 | C742: 2021007 | D742: NAN | E742: -6.5 | F742: -0.9 | G742: -9.6 | H742: 98.9 | I742: 97.8 | J742: 96.5 | K742: 0.96 | L742: 6.54 | M742: 0 | N742: 0.64 | O742: 0.19 | P742: NAN | Q742: 0.552 | R742: 0.02 | S742: NAN | T742: =M742+T741 -> 15.9 | U742: NAN | V742: 5.47
A743: PL_Geonor | B743: 44204 | C743: 2021008 | D743: NAN | E743: -5.7 | F743: -5.1 | G743: -6.5 | H743: 99 | I743: 98.6 | J743: 98.1 | K743: 0.04 | L743: 3.02 | M743: 0 | N743: 0.64 | O743: 0.191 | P743: NAN | Q743: 0.41 | R743: 0.008 | S743: NAN | T743: =M743+T742 -> 15.9 | U743: NAN | V743: 5.53
A744: PL_Geonor | B744: 44205 | C744: 2021009 | D744: NAN | E744: -7.6 | F744: -5.1 | G744: -9.9 | H744: 98.4 | I744: 97.5 | J744: 96.7 | K744: 0.04 | L744: 2.52 | M744: 2 | N744: 0.655 | O744: 0.191 | P744: NAN | Q744: 0.404 | R744: 0.014 | S744: NAN | T744: =M744+T743 -> 17.9 | U744: NAN | V744: 5.6
A745: PL_Geonor | B745: 44206 | C745: 2021010 | D745: NAN | E745: -6.2 | F745: -4.6 | G745: -7.1 | H745: 98.3 | I745: 98.1 | J745: 97.8 | K745: 0 | L745: 2.01 | M745: 0 | N745: 0.653 | O745: 0.191 | P745: NAN | Q745: 0.424 | R745: 0.01 | S745: NAN | T745: =M745+T744 -> 17.9 | U745: NAN | V745: 5.67
A746: PL_Geonor | B746: 44207 | C746: 2021011 | D746: NAN | E746: -4.8 | F746: -3.1 | G746: -6.1 | H746: 99.8 | I746: 99.1 | J746: 98.4 | K746: 0 | L746: 0 | M746: 7 | N746: 0.707 | O746: 0.191 | P746: NAN | Q746: 0.478 | R746: 0.008 | S746: NAN | T746: =M746+T745 -> 24.9 | U746: NAN | V746: 5.74
A747: PL_Geonor | B747: 44208 | C747: 2021012 | D747: NAN | E747: -2.8 | F747: 1 | G747: -5.2 | H747: 100 | I747: 99.7 | J747: 99.1 | K747: 0.48 | L747: 13.59 | M747: 0.3 | N747: 0.709 | O747: 0.191 | P747: NAN | Q747: 0.65 | R747: 0.006 | S747: NAN | T747: =M747+T746 -> 25.2 | U747: NAN | V747: 5.82
A748: PL_Geonor | B748: 44209 | C748: 2021013 | D748: NAN | E748: -5.3 | F748: 1.2 | G748: -9.2 | H748: 100 | I748: 90.6 | J748: 82.7 | K748: 6.31 | L748: 22.65 | M748: 0 | N748: 0.673 | O748: 0.195 | P748: NAN | Q748: 0.551 | R748: 0.115 | S748: NAN | T748: =M748+T747 -> 25.2 | U748: NAN | V748: 5.89
... A956: PL_Geonor | B956: 44417 | C956: 2021221 | D956: NAN | E956: 8.5 | F956: 15.7 | G956: 4.5 | H956: 97.6 | I956: 89.3 | J956: 68.9 | K956: 0.8 | L956: 12.58 | M956: 0 | N956: 0 | O956: 0.138 | P956: NAN | Q956: 1.229 | R956: 0.555 | S956: NAN | T956: =M956+T955 -> 353.8 | U956: NAN | V956: 28.29
...

Sheet Graph
A1: Daily time series | C1: 1 | D1: =C1+1 -> 2 | E1: =D1+1 -> 3 | F1: =E1+1 -> 4 | G1: =F1+1 -> 5 | H1: =G1+1 -> 6 | I1: =H1+1 -> 7 | J1: =I1+1 -> 8 | K1: =J1+1 -> 9 | ... T1: =S1+1 -> 18 | U1: 19 | V1: 20
A2: Last edit 22/12/25 | C2: Key1 | D2: Solar | E2: Tave | F2: Tmax | G2: Tmin | H2: RHMax | I2: RHAve | J2: RHMin | K2: Wind | L2: WindMax | M2: PPT_PL | N2: SnwD2400 | O2: vol10_2400 | P2: vol20_2400 | Q2: vpres | R2: vpdX | S2: Geonor | T2: Sum_PL | U2: SumGeonor | V2: ClrSky
C3: Key1 | D3: MJ/m2/d | E3: C | F3: C | G3: C | H3: % | I3: % | J3: % | K3: m/s | L3: m/s | M3: mm | N3: m | O3: m3/m3 | P3: m3/m3 | Q3: kPa | R3: kPa | S3: mm | T3: mm | U3: mm | V3: MJ/m2/d
E4: Select col# | F4: 4 | G4: 5 | H4: Units
A5: Key1 | B5: =F5 -> Tmax | C5: =G5 -> Tmin | F5: =VLOOKUP($A5,Graph!$C2:$V2,F4) -> Tmax | G5: =VLOOKUP($A5,Graph!$C2:$V2,G4) -> Tmin | H5: =VLOOKUP($A5,Graph!$C3:$V3,F4) -> C | I5: =VLOOKUP($A5,Graph!$C3:$V3,G4) -> C
A7: 2019001 | B7: =VLOOKUP($A7,Data!$C$5:$V$2561,F$4) -> -3.3 | C7: =VLOOKUP($A7,Data!$C$5:$V$2561,G$4) -> -9.1
A8: 2019002 | B8: =VLOOKUP($A8,Data!$C$5:$V$2561,F$4) -> -1.2 | C8: =VLOOKUP($A8,Data!$C$5:$V$2561,G$4) -> -9.5
A9: 2019003 | B9: =VLOOKUP($A9,Data!$C$5:$V$2561,F$4) -> -1.2 | C9: =VLOOKUP($A9,Data!$C$5:$V$2561,G$4) -> -8.1
A10: 2019004 | B10: =VLOOKUP($A10,Data!$C$5:$V$2561,F$4) -> -1.4 | C10: =VLOOKUP($A10,Data!$C$5:$V$2561,G$4) -> -5.6
A11: 2019005 | B11: =VLOOKUP($A11,Data!$C$5:$V$2561,F$4) -> -3.1 | C11: =VLOOKUP($A11,Data!$C$5:$V$2561,G$4) -> -5.4
A12: 2019006 | B12: =VLOOKUP($A12,Data!$C$5:$V$2561,F$4) -> -3.8 | C12: =VLOOKUP($A12,Data!$C$5:$V$2561,G$4) -> -10.4
A13: 2019007 | B13: =VLOOKUP($A13,Data!$C$5:$V$2561,F$4) -> -7.6 | C13: =VLOOKUP($A13,Data!$C$5:$V$2561,G$4) -> -15.1
A14: 2019008 | B14: =VLOOKUP($A14,Data!$C$5:$V$2561,F$4) -> -8.5 | C14: =VLOOKUP($A14,Data!$C$5:$V$2561,G$4) -> -15.4
A15: 2019009 | B15: =VLOOKUP($A15,Data!$C$5:$V$2561,F$4) -> -1.4 | C15: =VLOOKUP($A15,Data!$C$5:$V$2561,G$4) -> -7.6
A16: 2019010 | B16: =VLOOKUP($A16,Data!$C$5:$V$2561,F$4) -> 0.2 | C16: =VLOOKUP($A16,Data!$C$5:$V$2561,G$4) -> -4.4
A17: 2019011 | B17: =VLOOKUP($A17,Data!$C$5:$V$2561,F$4) -> -1.2 | C17: =VLOOKUP($A17,Data!$C$5:$V$2561,G$4) -> -4.9
A18: 2019012 | B18: =VLOOKUP($A18,Data!$C$5:$V$2561,F$4) -> -1.1 | C18: =VLOOKUP($A18,Data!$C$5:$V$2561,G$4) -> -4.6
... A2563: 2025365 | B2563: =VLOOKUP($A2563,Data!$C$5:$V$2561,F$4) -> NAN | C2563: =VLOOKUP($A2563,Data!$C$5:$V$2561,G$4) -> NAN

Sheet Meta
A1: PL and Geonor Daily data 2019 -2025
A2: Last edit 17/12/25
A4: Data worksheet
B5: Data source is daily spreadsheets by year.
C6: Data edits are noted in these spreadsheets
B7: NAN indicates missing data
B8: Clear sky radiation calculated on 10 min time step for lat, long and elevation of site
A10: Graph worksheet
B11: Select one or a pair of variables to review using column number of desired variable
B12: Chose 0 for second variable if only showing one.
B13: Cannot readily show variables with different units
