Workbook

Sheet DataHour
A1: HoBo station PL hourly 2019 | E1: Hourly output matched to PST hourly as best can using match to the solar diurnal patern | AQ1: 62 | AR1: 162 | AS1: 332
A2: Last edit 9/12/25 | F2: 55.5 | O2: Raw | V2: Edited | W2: Midnight values | AD2: Wind direction summary | AR2: 248
E3: cm | F3: cm | G3: m/s | H3: m/s | I3: degree | J3: C | K3: % | L3: m3/m3 | M3: m3/m3 | N3: mm | O3: W/m2 | U3: W/m2 | V3: W/m2 | Y3: m | AA3: vpres | AB3: vpd | AF3: =MAX(AF6:AF13) -> 8726 | AP3: 248
A4: Date | B4: Doy | C4: PST | D4: HoboTime | E4: Depth | F4: AdjSnow | G4: Wind | H4: Gust | I4: WindDir | J4: Temperature | K4: RH | L4: vol10 | M4: vol20 | N4: Rain | O4: Solar | P4: DewPt, °C (LGR S/N: 10688092, SEN S/N: 20367744) | Q4: Backup Batteries_10688092_V | R4: Batt, V (LGR S/N: 20468345) | S4: blnk | T4: DyTime | U4: Kmax | V4: SolAdj | W4: vol10_2400 | X4: vol20_2400 | Y4: Snw2400 | Z4: Comments | AA4: kPa | AB4: kPa | AE4: Octant | AG4: N | AH4: % | AQ4: Time | AR4: ClrSky | AS4: Incident
A5: 43466 | B5: 1 | C5: 100 | D5: 0.0033680556 | G5: 0 | H5: 1.51 | I5: 219.012 | J5: -9.134 | K5: 95.4 | L5: 0.191 | M5: 0.201 | N5: 0 | O5: 0.625 | R5: 12.53 | T5: =B5*10000+C5 -> 10100 | U5: 0 | V5: =IF(O5<1,0,ROUND(O5,1)) -> 0 | W5: =IF(C5=2400,ROUND(L5,3),"") | X5: =IF(C5=2400,ROUND(M5,3),"") | AA5: =ROUND((0.6105*(EXP((17.273*J5)/(J5+237.3))))*K5/100,3) -> 0.292 | AB5: =ROUND(AA5/K5*(100-K5),3) -> 0.014 | AD5: N | AE5: 0 | AF5: =FREQUENCY(DataHour!I$5:I$8764, AE5) -> 64 | AG5: =AF5 -> 64 | AH5: =AG5/AF$3*100 -> 0.73344029 | AP5: =AP$3*10000+AQ5 -> 2480100 | AQ5: 100 | AR5: =VLOOKUP(AP5,$T$5:$V$8764,2) -> 0 | AS5: =VLOOKUP(AP5,$T$5:$V$8764,3) -> 0
A6: 43466 | B6: 1 | C6: 200 | D6: 0.045034722 | G6: 1.007 | H6: 4.529 | I6: 242.878 | J6: -8 | K6: 87.4 | L6: 0.19 | M6: 0.201 | N6: 0 | O6: 0.625 | R6: 12.53 | T6: =B6*10000+C6 -> 10200 | U6: 0 | V6: =IF(O6<1,0,ROUND(O6,1)) -> 0 | W6: =IF(C6=2400,ROUND(L6,3),"") | X6: =IF(C6=2400,ROUND(M6,3),"") | AA6: =ROUND((0.6105*(EXP((17.273*J6)/(J6+237.3))))*K6/100,3) -> 0.292 | AB6: =ROUND(AA6/K6*(100-K6),3) -> 0.042 | AD6: NE | AE6: 45 | AF6: =FREQUENCY(DataHour!I$5:I$8764, AE6) -> 1024 | AG6: =AF6-AF5 -> 960 | AH6: =AG6/AF$3*100 -> 11.001604 | AP6: =AP$3*10000+AQ6 -> 2480200 | AQ6: 200 | AR6: =VLOOKUP(AP6,$T$5:$V$8764,2) -> 0 | AS6: =VLOOKUP(AP6,$T$5:$V$8764,3) -> 0
A7: 43466 | B7: 1 | C7: 300 | D7: 0.086701389 | G7: 1.51 | H7: 4.529 | I7: 242.878 | J7: -7.968 | K7: 79.2 | L7: 0.19 | M7: 0.201 | N7: 0 | O7: 0.625 | R7: 12.43 | T7: =B7*10000+C7 -> 10300 | U7: 0 | V7: =IF(O7<1,0,ROUND(O7,1)) -> 0 | W7: =IF(C7=2400,ROUND(L7,3),"") | X7: =IF(C7=2400,ROUND(M7,3),"") | AA7: =ROUND((0.6105*(EXP((17.273*J7)/(J7+237.3))))*K7/100,3) -> 0.265 | AB7: =ROUND(AA7/K7*(100-K7),3) -> 0.07 | AD7: E | AE7: 90 | AF7: =FREQUENCY(DataHour!I$5:I$8764, AE7) -> 1966 | AG7: =AF7-AF6 -> 942 | AH7: =AG7/AF$3*100 -> 10.795324 | AP7: =AP$3*10000+AQ7 -> 2480300 | AQ7: 300 | AR7: =VLOOKUP(AP7,$T$5:$V$8764,2) -> 0 | AS7: =VLOOKUP(AP7,$T$5:$V$8764,3) -> 0
A8: 43466 | B8: 1 | C8: 400 | D8: 0.12836806 | G8: 1.007 | H8: 2.516 | I8: 244.282 | J8: -7.804 | K8: 79.6 | L8: 0.19 | M8: 0.201 | N8: 0 | O8: 0.625 | R8: 12.43 | T8: =B8*10000+C8 -> 10400 | U8: 0 | V8: =IF(O8<1,0,ROUND(O8,1)) -> 0 | W8: =IF(C8=2400,ROUND(L8,3),"") | X8: =IF(C8=2400,ROUND(M8,3),"") | AA8: =ROUND((0.6105*(EXP((17.273*J8)/(J8+237.3))))*K8/100,3) -> 0.27 | AB8: =ROUND(AA8/K8*(100-K8),3) -> 0.069 | AD8: SE | AE8: 135 | AF8: =FREQUENCY(DataHour!I$5:I$8764, AE8) -> 2462 | AG8: =AF8-AF7 -> 496 | AH8: =AG8/AF$3*100 -> 5.6841623 | AP8: =AP$3*10000+AQ8 -> 2480400 | AQ8: 400 | AR8: =VLOOKUP(AP8,$T$5:$V$8764,2) -> 0 | AS8: =VLOOKUP(AP8,$T$5:$V$8764,3) -> 0
A9: 43466 | B9: 1 | C9: 500 | D9: 0.17003472 | G9: 1.007 | H9: 3.02 | I9: 251.302 | J9: -8.764 | K9: 81.6 | L9: 0.19 | M9: 0.201 | N9: 0 | O9: 0.625 | R9: 12.43 | T9: =B9*10000+C9 -> 10500 | U9: 0 | V9: =IF(O9<1,0,ROUND(O9,1)) -> 0 | W9: =IF(C9=2400,ROUND(L9,3),"") | X9: =IF(C9=2400,ROUND(M9,3),"") | AA9: =ROUND((0.6105*(EXP((17.273*J9)/(J9+237.3))))*K9/100,3) -> 0.257 | AB9: =ROUND(AA9/K9*(100-K9),3) -> 0.058 | AD9: SE | AE9: 180 | AF9: =FREQUENCY(DataHour!I$5:I$8764, AE9) -> 3049 | AG9: =AF9-AF8 -> 587 | AH9: =AG9/AF$3*100 -> 6.7270227 | AP9: =AP$3*10000+AQ9 -> 2480500 | AQ9: 500 | AR9: =VLOOKUP(AP9,$T$5:$V$8764,2) -> 0 | AS9: =VLOOKUP(AP9,$T$5:$V$8764,3) -> 0
A10: 43466 | B10: 1 | C10: 600 | D10: 0.21170139 | G10: 0.503 | H10: 2.516 | I10: 240.071 | J10: -8.297 | K10: 94.3 | L10: 0.19 | M10: 0.201 | N10: 0 | O10: 0.625 | R10: 12.43 | T10: =B10*10000+C10 -> 10600 | U10: 0 | V10: =IF(O10<1,0,ROUND(O10,1)) -> 0 | W10: =IF(C10=2400,ROUND(L10,3),"") | X10: =IF(C10=2400,ROUND(M10,3),"") | AA10: =ROUND((0.6105*(EXP((17.273*J10)/(J10+237.3))))*K10/100,3) -> 0.308 | AB10: =ROUND(AA10/K10*(100-K10),3) -> 0.019 | AD10: SW | AE10: 225 | AF10: =FREQUENCY(DataHour!I$5:I$8764, AE10) -> 4210 | AG10: =AF10-AF9 -> 1161 | AH10: =AG10/AF$3*100 -> 13.305065 | AP10: =AP$3*10000+AQ10 -> 2480600 | AQ10: 600 | AR10: =VLOOKUP(AP10,$T$5:$V$8764,2) -> 10 | AS10: =VLOOKUP(AP10,$T$5:$V$8764,3) -> 13.1
A11: 43466 | B11: 1 | C11: 700 | D11: 0.25336806 | G11: 0.503 | H11: 3.523 | I11: 234.455 | J11: -6.834 | K11: 95.3 | L11: 0.19 | M11: 0.201 | N11: 0 | O11: 0.625 | R11: 12.43 | T11: =B11*10000+C11 -> 10700 | U11: 0 | V11: =IF(O11<1,0,ROUND(O11,1)) -> 0 | W11: =IF(C11=2400,ROUND(L11,3),"") | X11: =IF(C11=2400,ROUND(M11,3),"") | AA11: =ROUND((0.6105*(EXP((17.273*J11)/(J11+237.3))))*K11/100,3) -> 0.349 | AB11: =ROUND(AA11/K11*(100-K11),3) -> 0.017 | AD11: W | AE11: 270 | AF11: =FREQUENCY(DataHour!I$5:I$8764, AE11) -> 5943 | AG11: =AF11-AF10 -> 1733 | AH11: =AG11/AF$3*100 -> 19.860188 | AP11: =AP$3*10000+AQ11 -> 2480700 | AQ11: 700 | AR11: =VLOOKUP(AP11,$T$5:$V$8764,2) -> 137.3 | AS11: =VLOOKUP(AP11,$T$5:$V$8764,3) -> 201.9
A12: 43466 | B12: 1 | C12: 800 | D12: 0.29503472 | G12: 1.51 | H12: 4.026 | I12: 251.302 | J12: -6.547 | K12: 92.2 | L12: 0.19 | M12: 0.201 | N12: 0 | O12: 0.625 | R12: 12.43 | T12: =B12*10000+C12 -> 10800 | U12: 0 | V12: =IF(O12<1,0,ROUND(O12,1)) -> 0 | W12: =IF(C12=2400,ROUND(L12,3),"") | X12: =IF(C12=2400,ROUND(M12,3),"") | AA12: =ROUND((0.6105*(EXP((17.273*J12)/(J12+237.3))))*K12/100,3) -> 0.345 | AB12: =ROUND(AA12/K12*(100-K12),3) -> 0.029 | AD12: NW | AE12: 315 | AF12: =FREQUENCY(DataHour!I$5:I$8764, AE12) -> 7247 | AG12: =AF12-AF11 -> 1304 | AH12: =AG12/AF$3*100 -> 14.943846 | AP12: =AP$3*10000+AQ12 -> 2480800 | AQ12: 800 | AR12: =VLOOKUP(AP12,$T$5:$V$8764,2) -> 318 | AS12: =VLOOKUP(AP12,$T$5:$V$8764,3) -> 370.6
A13: 43466 | B13: 1 | C13: 900 | D13: 0.33670139 | G13: 0.503 | H13: 3.02 | I13: 214.8 | J13: -7.187 | K13: 92 | L13: 0.19 | M13: 0.201 | N13: 0 | O13: 1.875 | R13: 12.43 | T13: =B13*10000+C13 -> 10900 | U13: 55 | V13: =IF(O13<1,0,ROUND(O13,1)) -> 1.9 | W13: =IF(C13=2400,ROUND(L13,3),"") | X13: =IF(C13=2400,ROUND(M13,3),"") | AA13: =ROUND((0.6105*(EXP((17.273*J13)/(J13+237.3))))*K13/100,3) -> 0.327 | AB13: =ROUND(AA13/K13*(100-K13),3) -> 0.028 | AD13: N | AE13: 360 | AF13: =FREQUENCY(DataHour!I$5:I$8764, AE13) -> 8726 | AG13: =AF13-AF12 -> 1479 | AH13: =AG13/AF$3*100 -> 16.949347 | AP13: =AP$3*10000+AQ13 -> 2480900 | AQ13: 900 | AR13: =VLOOKUP(AP13,$T$5:$V$8764,2) -> 490.7 | AS13: =VLOOKUP(AP13,$T$5:$V$8764,3) -> 530.6
A14: 43466 | B14: 1 | C14: 1000 | D14: 0.37836806 | G14: 1.007 | H14: 5.033 | I14: 240.071 | J14: -5.357 | K14: 94.1 | L14: 0.19 | M14: 0.201 | N14: 0 | O14: 56.875 | R14: 13.18 | T14: =B14*10000+C14 -> 11000 | U14: 166.2 | V14: =IF(O14<1,0,ROUND(O14,1)) -> 56.9 | W14: =IF(C14=2400,ROUND(L14,3),"") | X14: =IF(C14=2400,ROUND(M14,3),"") | AA14: =ROUND((0.6105*(EXP((17.273*J14)/(J14+237.3))))*K14/100,3) -> 0.385 | AB14: =ROUND(AA14/K14*(100-K14),3) -> 0.024 | AP14: =AP$3*10000+AQ14 -> 2481000 | AQ14: 1000 | AR14: =VLOOKUP(AP14,$T$5:$V$8764,2) -> 635 | AS14: =VLOOKUP(AP14,$T$5:$V$8764,3) -> 654.4
A15: 43466 | B15: 1 | C15: 1100 | D15: 0.42003472 | G15: 1.007 | H15: 4.026 | I15: 231.647 | J15: -4.56 | K15: 96.2 | L15: 0.191 | M15: 0.201 | N15: 0 | O15: 154.375 | R15: 13.39 | T15: =B15*10000+C15 -> 11100 | U15: 251.7 | V15: =IF(O15<1,0,ROUND(O15,1)) -> 154.4 | W15: =IF(C15=2400,ROUND(L15,3),"") | X15: =IF(C15=2400,ROUND(M15,3),"") | AA15: =ROUND((0.6105*(EXP((17.273*J15)/(J15+237.3))))*K15/100,3) -> 0.419 | AB15: =ROUND(AA15/K15*(100-K15),3) -> 0.017 | AD15: 360 | AE15: 45 | AF15: 90 | AG15: 135 | AH15: 180 | AI15: 225 | AJ15: 270 | AK15: 315 | AP15: =AP$3*10000+AQ15 -> 2481100 | AQ15: 1100 | AR15: =VLOOKUP(AP15,$T$5:$V$8764,2) -> 737.8 | AS15: =VLOOKUP(AP15,$T$5:$V$8764,3) -> 733.1
A16: 43466 | B16: 1 | C16: 1200 | D16: 0.46170139 | G16: 1.51 | H16: 5.033 | I16: 241.475 | J16: -5.202 | K16: 97.5 | L16: 0.191 | M16: 0.201 | N16: 0 | O16: 84.375 | R16: 13.28 | T16: =B16*10000+C16 -> 11200 | U16: 293.3 | V16: =IF(O16<1,0,ROUND(O16,1)) -> 84.4 | W16: =IF(C16=2400,ROUND(L16,3),"") | X16: =IF(C16=2400,ROUND(M16,3),"") | AA16: =ROUND((0.6105*(EXP((17.273*J16)/(J16+237.3))))*K16/100,3) -> 0.404 | AB16: =ROUND(AA16/K16*(100-K16),3) -> 0.01 | AD16: =AH13+AH5 -> 17.682787 | AE16: =AH6 -> 11.001604 | AF16: =AH7 -> 10.795324 | AG16: =AH8 -> 5.6841623 | AH16: =AH9 -> 6.7270227 | AI16: =AH10 -> 13.305065 | AJ16: =AH11 -> 19.860188 | AK16: =AH12 -> 14.943846 | AP16: =AP$3*10000+AQ16 -> 2481200 | AQ16: 1200 | AR16: =VLOOKUP(AP16,$T$5:$V$8764,2) -> 790.3 | AS16: =VLOOKUP(AP16,$T$5:$V$8764,3) -> 751.9
A17: 43466 | B17: 1 | C17: 1300 | D17: 0.50336806 | G17: 0.503 | H17: 2.013 | I17: 204.973 | J17: -4.865 | K17: 98.2 | L17: 0.191 | M17: 0.201 | N17: 0 | O17: 121.875 | R17: 13.5 | T17: =B17*10000+C17 -> 11300 | U17: 285.3 | V17: =IF(O17<1,0,ROUND(O17,1)) -> 121.9 | W17: =IF(C17=2400,ROUND(L17,3),"") | X17: =IF(C17=2400,ROUND(M17,3),"") | AA17: =ROUND((0.6105*(EXP((17.273*J17)/(J17+237.3))))*K17/100,3) -> 0.418 | AB17: =ROUND(AA17/K17*(100-K17),3) -> 0.008 | AD17: N-NE | AE17: NE-E | AF17: E-SE | AG17: SE-S | AH17: S-SW | AI17: SW-W | AJ17: W-NW | AK17: NW-N | AP17: =AP$3*10000+AQ17 -> 2481300 | AQ17: 1300 | AR17: =VLOOKUP(AP17,$T$5:$V$8764,2) -> 789 | AS17: =VLOOKUP(AP17,$T$5:$V$8764,3) -> 774.4
A18: 43466 | B18: 1 | C18: 1400 | D18: 0.54503472 | G18: 0.503 | H18: 4.026 | I18: 197.953 | J18: -4.106 | K18: 98.5 | L18: 0.19 | M18: 0.201 | N18: 0 | O18: 95.625 | R18: 13.28 | T18: =B18*10000+C18 -> 11400 | U18: 229 | V18: =IF(O18<1,0,ROUND(O18,1)) -> 95.6 | W18: =IF(C18=2400,ROUND(L18,3),"") | X18: =IF(C18=2400,ROUND(M18,3),"") | AA18: =ROUND((0.6105*(EXP((17.273*J18)/(J18+237.3))))*K18/100,3) -> 0.444 | AB18: =ROUND(AA18/K18*(100-K18),3) -> 0.007 | AP18: =AP$3*10000+AQ18 -> 2481400 | AQ18: 1400 | AR18: =VLOOKUP(AP18,$T$5:$V$8764,2) -> 733.3 | AS18: =VLOOKUP(AP18,$T$5:$V$8764,3) -> 730.6
A19: 43466 | B19: 1 | C19: 1500 | D19: 0.58670139 | G19: 0 | H19: 1.51 | I19: 207.78 | J19: -3.627 | K19: 96.3 | L19: 0.19 | M19: 0.201 | N19: 0 | O19: 49.375 | R19: 13.61 | T19: =B19*10000+C19 -> 11500 | U19: 132.8 | V19: =IF(O19<1,0,ROUND(O19,1)) -> 49.4 | W19: =IF(C19=2400,ROUND(L19,3),"") | X19: =IF(C19=2400,ROUND(M19,3),"") | AA19: =ROUND((0.6105*(EXP((17.273*J19)/(J19+237.3))))*K19/100,3) -> 0.45 | AB19: =ROUND(AA19/K19*(100-K19),3) -> 0.017 | AP19: =AP$3*10000+AQ19 -> 2481500 | AQ19: 1500 | AR19: =VLOOKUP(AP19,$T$5:$V$8764,2) -> 628.2 | AS19: =VLOOKUP(AP19,$T$5:$V$8764,3) -> 660.6
A20: 43466 | B20: 1 | C20: 1600 | D20: 0.62836806 | G20: 0 | H20: 2.516 | I20: 186.722 | J20: -3.33 | K20: 96.1 | L20: 0.191 | M20: 0.201 | N20: 0 | O20: 84.375 | R20: 14.04 | T20: =B20*10000+C20 -> 11600 | U20: 25.3 | V20: =IF(O20<1,0,ROUND(O20,1)) -> 84.4 | W20: =IF(C20=2400,ROUND(L20,3),"") | X20: =IF(C20=2400,ROUND(M20,3),"") | AA20: =ROUND((0.6105*(EXP((17.273*J20)/(J20+237.3))))*K20/100,3) -> 0.459 | AB20: =ROUND(AA20/K20*(100-K20),3) -> 0.019 | AP20: =AP$3*10000+AQ20 -> 2481600 | AQ20: 1600 | AR20: =VLOOKUP(AP20,$T$5:$V$8764,2) -> 481.8 | AS20: =VLOOKUP(AP20,$T$5:$V$8764,3) -> 438.1
A21: 43466 | B21: 1 | C21: 1700 | D21: 0.67003472 | G21: 1.007 | H21: 3.02 | I21: 200.761 | J21: -4.076 | K21: 97 | L21: 0.19 | M21: 0.201 | N21: 0 | O21: 0.625 | R21: 13.07 | T21: =B21*10000+C21 -> 11700 | U21: 0 | V21: =IF(O21<1,0,ROUND(O21,1)) -> 0 | W21: =IF(C21=2400,ROUND(L21,3),"") | X21: =IF(C21=2400,ROUND(M21,3),"") | AA21: =ROUND((0.6105*(EXP((17.273*J21)/(J21+237.3))))*K21/100,3) -> 0.438 | AB21: =ROUND(AA21/K21*(100-K21),3) -> 0.014 | AP21: =AP$3*10000+AQ21 -> 2481700 | AQ21: 1700 | AR21: =VLOOKUP(AP21,$T$5:$V$8764,2) -> 308 | AS21: =VLOOKUP(AP21,$T$5:$V$8764,3) -> 256.9
A22: 43466 | B22: 1 | C22: 1800 | D22: 0.71170139 | G22: 1.007 | H22: 3.02 | I22: 230.243 | J22: -4.712 | K22: 96.5 | L22: 0.19 | M22: 0.201 | N22: 0 | O22: 0.625 | R22: 12.86 | T22: =B22*10000+C22 -> 11800 | U22: 0 | V22: =IF(O22<1,0,ROUND(O22,1)) -> 0 | W22: =IF(C22=2400,ROUND(L22,3),"") | X22: =IF(C22=2400,ROUND(M22,3),"") | AA22: =ROUND((0.6105*(EXP((17.273*J22)/(J22+237.3))))*K22/100,3) -> 0.415 | AB22: =ROUND(AA22/K22*(100-K22),3) -> 0.015 | AP22: =AP$3*10000+AQ22 -> 2481800 | AQ22: 1800 | AR22: =VLOOKUP(AP22,$T$5:$V$8764,2) -> 128.2 | AS22: =VLOOKUP(AP22,$T$5:$V$8764,3) -> 78.1
A23: 43466 | B23: 1 | C23: 1900 | D23: 0.75336806 | G23: 0.503 | H23: 2.516 | I23: 248.494 | J23: -5.018 | K23: 96.5 | L23: 0.19 | M23: 0.201 | N23: 0 | O23: 0.625 | R23: 12.75 | T23: =B23*10000+C23 -> 11900 | U23: 0 | V23: =IF(O23<1,0,ROUND(O23,1)) -> 0 | W23: =IF(C23=2400,ROUND(L23,3),"") | X23: =IF(C23=2400,ROUND(M23,3),"") | AA23: =ROUND((0.6105*(EXP((17.273*J23)/(J23+237.3))))*K23/100,3) -> 0.406 | AB23: =ROUND(AA23/K23*(100-K23),3) -> 0.015 | AP23: =AP$3*10000+AQ23 -> 2481900 | AQ23: 1900 | AR23: =VLOOKUP(AP23,$T$5:$V$8764,2) -> 6.8 | AS23: =VLOOKUP(AP23,$T$5:$V$8764,3) -> 0
A24: 43466 | B24: 1 | C24: 2000 | D24: 0.79503472 | G24: 1.51 | H24: 3.523 | I24: 238.667 | J24: -5.018 | K24: 95.7 | L24: 0.19 | M24: 0.201 | N24: 0 | O24: 0.625 | R24: 12.75 | T24: =B24*10000+C24 -> 12000 | U24: 0 | V24: =IF(O24<1,0,ROUND(O24,1)) -> 0 | W24: =IF(C24=2400,ROUND(L24,3),"") | X24: =IF(C24=2400,ROUND(M24,3),"") | AA24: =ROUND((0.6105*(EXP((17.273*J24)/(J24+237.3))))*K24/100,3) -> 0.402 | AB24: =ROUND(AA24/K24*(100-K24),3) -> 0.018 | AP24: =AP$3*10000+AQ24 -> 2482000 | AQ24: 2000 | AR24: =VLOOKUP(AP24,$T$5:$V$8764,2) -> 0 | AS24: =VLOOKUP(AP24,$T$5:$V$8764,3) -> 0
A25: 43466 | B25: 1 | C25: 2100 | D25: 0.83670139 | G25: 0.503 | H25: 2.516 | I25: 259.725 | J25: -4.439 | K25: 94.1 | L25: 0.191 | M25: 0.201 | N25: 0 | O25: 0.625 | R25: 12.64 | T25: =B25*10000+C25 -> 12100 | U25: 0 | V25: =IF(O25<1,0,ROUND(O25,1)) -> 0 | W25: =IF(C25=2400,ROUND(L25,3),"") | X25: =IF(C25=2400,ROUND(M25,3),"") | AA25: =ROUND((0.6105*(EXP((17.273*J25)/(J25+237.3))))*K25/100,3) -> 0.413 | AB25: =ROUND(AA25/K25*(100-K25),3) -> 0.026 | AP25: =AP$3*10000+AQ25 -> 2482100 | AQ25: 2100 | AR25: =VLOOKUP(AP25,$T$5:$V$8764,2) -> 0 | AS25: =VLOOKUP(AP25,$T$5:$V$8764,3) -> 0
A26: 43466 | B26: 1 | C26: 2200 | D26: 0.87836806 | G26: 0.503 | H26: 4.026 | I26: 286.4 | J26: -3.777 | K26: 93.9 | L26: 0.191 | M26: 0.201 | N26: 0 | O26: 0.625 | R26: 12.64 | T26: =B26*10000+C26 -> 12200 | U26: 0 | V26: =IF(O26<1,0,ROUND(O26,1)) -> 0 | W26: =IF(C26=2400,ROUND(L26,3),"") | X26: =IF(C26=2400,ROUND(M26,3),"") | AA26: =ROUND((0.6105*(EXP((17.273*J26)/(J26+237.3))))*K26/100,3) -> 0.434 | AB26: =ROUND(AA26/K26*(100-K26),3) -> 0.028 | AP26: =AP$3*10000+AQ26 -> 2482200 | AQ26: 2200 | AR26: =VLOOKUP(AP26,$T$5:$V$8764,2) -> 0 | AS26: =VLOOKUP(AP26,$T$5:$V$8764,3) -> 0
A27: 43466 | B27: 1 | C27: 2300 | D27: 0.92003472 | G27: 0.503 | H27: 2.516 | I27: 301.843 | J27: -3.538 | K27: 95.1 | L27: 0.191 | M27: 0.201 | N27: 0 | O27: 0.625 | R27: 12.53 | T27: =B27*10000+C27 -> 12300 | U27: 0 | V27: =IF(O27<1,0,ROUND(O27,1)) -> 0 | W27: =IF(C27=2400,ROUND(L27,3),"") | X27: =IF(C27=2400,ROUND(M27,3),"") | AA27: =ROUND((0.6105*(EXP((17.273*J27)/(J27+237.3))))*K27/100,3) -> 0.447 | AB27: =ROUND(AA27/K27*(100-K27),3) -> 0.023 | AP27: =AP$3*10000+AQ27 -> 2482300 | AQ27: 2300 | AR27: =VLOOKUP(AP27,$T$5:$V$8764,2) -> 0 | AS27: =VLOOKUP(AP27,$T$5:$V$8764,3) -> 0
A28: 43466 | B28: 1 | C28: 2400 | D28: 0.96170139 | G28: 0.503 | H28: 3.02 | I28: 249.898 | J28: -3.986 | K28: 93.8 | L28: 0.19 | M28: 0.201 | N28: 0 | O28: 0.625 | R28: 12.53 | T28: =B28*10000+C28 -> 12400 | U28: 0 | V28: =IF(O28<1,0,ROUND(O28,1)) -> 0 | W28: =IF(C28=2400,ROUND(L28,3),"") -> 0.19 | X28: =IF(C28=2400,ROUND(M28,3),"") -> 0.201 | AA28: =ROUND((0.6105*(EXP((17.273*J28)/(J28+237.3))))*K28/100,3) -> 0.426 | AB28: =ROUND(AA28/K28*(100-K28),3) -> 0.028 | AP28: =AP$3*10000+AQ28 -> 2482400 | AQ28: 2400 | AR28: =VLOOKUP(AP28,$T$5:$V$8764,2) -> 0 | AS28: =VLOOKUP(AP28,$T$5:$V$8764,3) -> 0
A29: 43467 | B29: 2 | C29: 100 | D29: 0.0033680556 | G29: 0.503 | H29: 4.529 | I29: 261.129 | J29: -3.36 | K29: 94.7 | L29: 0.191 | M29: 0.201 | N29: 0 | O29: 0.625 | R29: 12.53 | T29: =B29*10000+C29 -> 20100 | U29: 0 | V29: =IF(O29<1,0,ROUND(O29,1)) -> 0 | W29: =IF(C29=2400,ROUND(L29,3),"") | X29: =IF(C29=2400,ROUND(M29,3),"") | AA29: =ROUND((0.6105*(EXP((17.273*J29)/(J29+237.3))))*K29/100,3) -> 0.451 | AB29: =ROUND(AA29/K29*(100-K29),3) -> 0.025 | AP29: =AP5+10000 -> 2490100 | AQ29: 100 | AR29: =VLOOKUP(AP29,$T$5:$V$8764,2) -> 0 | AS29: =VLOOKUP(AP29,$T$5:$V$8764,3) -> 0
A30: 43467 | B30: 2 | C30: 200 | D30: 0.045034722 | G30: 1.51 | H30: 4.026 | I30: 238.667 | J30: -2.888 | K30: 94.2 | L30: 0.191 | M30: 0.201 | N30: 0 | O30: 0.625 | R30: 12.53 | T30: =B30*10000+C30 -> 20200 | U30: 0 | V30: =IF(O30<1,0,ROUND(O30,1)) -> 0 | W30: =IF(C30=2400,ROUND(L30,3),"") | X30: =IF(C30=2400,ROUND(M30,3),"") | AA30: =ROUND((0.6105*(EXP((17.273*J30)/(J30+237.3))))*K30/100,3) -> 0.465 | AB30: =ROUND(AA30/K30*(100-K30),3) -> 0.029 | AP30: =AP6+10000 -> 2490200 | AQ30: 200 | AR30: =VLOOKUP(AP30,$T$5:$V$8764,2) -> 0 | AS30: =VLOOKUP(AP30,$T$5:$V$8764,3) -> 0
A31: 43467 | B31: 2 | C31: 300 | D31: 0.086701389 | G31: 1.51 | H31: 4.026 | I31: 228.839 | J31: -3.301 | K31: 94.4 | L31: 0.191 | M31: 0.201 | N31: 0 | O31: 0.625 | R31: 12.53 | T31: =B31*10000+C31 -> 20300 | U31: 0 | V31: =IF(O31<1,0,ROUND(O31,1)) -> 0 | W31: =IF(C31=2400,ROUND(L31,3),"") | X31: =IF(C31=2400,ROUND(M31,3),"") | AA31: =ROUND((0.6105*(EXP((17.273*J31)/(J31+237.3))))*K31/100,3) -> 0.452 | AB31: =ROUND(AA31/K31*(100-K31),3) -> 0.027 | AP31: =AP7+10000 -> 2490300 | AQ31: 300 | AR31: =VLOOKUP(AP31,$T$5:$V$8764,2) -> 0 | AS31: =VLOOKUP(AP31,$T$5:$V$8764,3) -> 0
A32: 43467 | B32: 2 | C32: 400 | D32: 0.12836806 | G32: 0.503 | H32: 3.02 | I32: 219.012 | J32: -2.918 | K32: 96.5 | L32: 0.191 | M32: 0.201 | N32: 0 | O32: 0.625 | R32: 12.53 | T32: =B32*10000+C32 -> 20400 | U32: 0 | V32: =IF(O32<1,0,ROUND(O32,1)) -> 0 | W32: =IF(C32=2400,ROUND(L32,3),"") | X32: =IF(C32=2400,ROUND(M32,3),"") | AA32: =ROUND((0.6105*(EXP((17.273*J32)/(J32+237.3))))*K32/100,3) -> 0.475 | AB32: =ROUND(AA32/K32*(100-K32),3) -> 0.017 | AP32: =AP8+10000 -> 2490400 | AQ32: 400 | AR32: =VLOOKUP(AP32,$T$5:$V$8764,2) -> 0 | AS32: =VLOOKUP(AP32,$T$5:$V$8764,3) -> 0
A33: 43467 | B33: 2 | C33: 500 | D33: 0.17003472 | G33: 0.503 | H33: 3.02 | I33: 224.627 | J33: -1.27 | K33: 97 | L33: 0.191 | M33: 0.201 | N33: 0 | O33: 0.625 | R33: 12.53 | T33: =B33*10000+C33 -> 20500 | U33: 0 | V33: =IF(O33<1,0,ROUND(O33,1)) -> 0 | W33: =IF(C33=2400,ROUND(L33,3),"") | X33: =IF(C33=2400,ROUND(M33,3),"") | AA33: =ROUND((0.6105*(EXP((17.273*J33)/(J33+237.3))))*K33/100,3) -> 0.54 | AB33: =ROUND(AA33/K33*(100-K33),3) -> 0.017 | AP33: =AP9+10000 -> 2490500 | AQ33: 500 | AR33: =VLOOKUP(AP33,$T$5:$V$8764,2) -> 0 | AS33: =VLOOKUP(AP33,$T$5:$V$8764,3) -> 0
A34: 43467 | B34: 2 | C34: 600 | D34: 0.21170139 | G34: 1.51 | H34: 4.026 | I34: 46.329 | J34: -3.598 | K34: 96.7 | L34: 0.191 | M34: 0.201 | N34: 0 | O34: 0.625 | R34: 12.43 | T34: =B34*10000+C34 -> 20600 | U34: 0 | V34: =IF(O34<1,0,ROUND(O34,1)) -> 0 | W34: =IF(C34=2400,ROUND(L34,3),"") | X34: =IF(C34=2400,ROUND(M34,3),"") | AA34: =ROUND((0.6105*(EXP((17.273*J34)/(J34+237.3))))*K34/100,3) -> 0.453 | AB34: =ROUND(AA34/K34*(100-K34),3) -> 0.015 | AP34: =AP10+10000 -> 2490600 | AQ34: 600 | AR34: =VLOOKUP(AP34,$T$5:$V$8764,2) -> 8.2 | AS34: =VLOOKUP(AP34,$T$5:$V$8764,3) -> 5.6
A35: 43467 | B35: 2 | C35: 700 | D35: 0.25336806 | G35: 0.503 | H35: 3.523 | I35: 94.063 | J35: -1.185 | K35: 96.5 | L35: 0.191 | M35: 0.201 | N35: 0 | O35: 0.625 | R35: 12.43 | T35: =B35*10000+C35 -> 20700 | U35: 0 | V35: =IF(O35<1,0,ROUND(O35,1)) -> 0 | W35: =IF(C35=2400,ROUND(L35,3),"") | X35: =IF(C35=2400,ROUND(M35,3),"") | AA35: =ROUND((0.6105*(EXP((17.273*J35)/(J35+237.3))))*K35/100,3) -> 0.54 | AB35: =ROUND(AA35/K35*(100-K35),3) -> 0.02 | AP35: =AP11+10000 -> 2490700 | AQ35: 700 | AR35: =VLOOKUP(AP35,$T$5:$V$8764,2) -> 133.8 | AS35: =VLOOKUP(AP35,$T$5:$V$8764,3) -> 46.9
A36: 43467 | B36: 2 | C36: 800 | D36: 0.29503472 | G36: 0.503 | H36: 2.516 | I36: 164.259 | J36: -1.929 | K36: 93.9 | L36: 0.191 | M36: 0.201 | N36: 0 | O36: 0.625 | R36: 12.53 | T36: =B36*10000+C36 -> 20800 | U36: 0 | V36: =IF(O36<1,0,ROUND(O36,1)) -> 0 | W36: =IF(C36=2400,ROUND(L36,3),"") | X36: =IF(C36=2400,ROUND(M36,3),"") | AA36: =ROUND((0.6105*(EXP((17.273*J36)/(J36+237.3))))*K36/100,3) -> 0.498 | AB36: =ROUND(AA36/K36*(100-K36),3) -> 0.032 | AP36: =AP12+10000 -> 2490800 | AQ36: 800 | AR36: =VLOOKUP(AP36,$T$5:$V$8764,2) -> 314 | AS36: =VLOOKUP(AP36,$T$5:$V$8764,3) -> 81.9
A37: 43467 | B37: 2 | C37: 900 | D37: 0.33670139 | G37: 1.007 | H37: 3.523 | I37: 92.659 | J37: -3.657 | K37: 95.8 | L37: 0.191 | M37: 0.201 | N37: 0 | O37: 0.625 | R37: 12.53 | T37: =B37*10000+C37 -> 20900 | U37: 55.2 | V37: =IF(O37<1,0,ROUND(O37,1)) -> 0 | W37: =IF(C37=2400,ROUND(L37,3),"") | X37: =IF(C37=2400,ROUND(M37,3),"") | AA37: =ROUND((0.6105*(EXP((17.273*J37)/(J37+237.3))))*K37/100,3) -> 0.446 | AB37: =ROUND(AA37/K37*(100-K37),3) -> 0.02 | AP37: =AP13+10000 -> 2490900 | AQ37: 900 | AR37: =VLOOKUP(AP37,$T$5:$V$8764,2) -> 486.7 | AS37: =VLOOKUP(AP37,$T$5:$V$8764,3) -> 95.6
A38: 43467 | B38: 2 | C38: 1000 | D38: 0.37836806 | G38: 0.503 | H38: 4.026 | I38: 153.027 | J38: -4.167 | K38: 97.3 | L38: 0.191 | M38: 0.201 | N38: 0 | O38: 18.125 | R38: 12.64 | T38: =B38*10000+C38 -> 21000 | U38: 166.8 | V38: =IF(O38<1,0,ROUND(O38,1)) -> 18.1 | W38: =IF(C38=2400,ROUND(L38,3),"") | X38: =IF(C38=2400,ROUND(M38,3),"") | AA38: =ROUND((0.6105*(EXP((17.273*J38)/(J38+237.3))))*K38/100,3) -> 0.436 | AB38: =ROUND(AA38/K38*(100-K38),3) -> 0.012 | AP38: =AP14+10000 -> 2491000 | AQ38: 1000 | AR38: =VLOOKUP(AP38,$T$5:$V$8764,2) -> 630.8 | AS38: =VLOOKUP(AP38,$T$5:$V$8764,3) -> 225.6
A39: 43467 | B39: 2 | C39: 1100 | D39: 0.42003472 | G39: 0.503 | H39: 4.026 | I39: 85.639 | J39: -3.836 | K39: 98.1 | L39: 0.191 | M39: 0.201 | N39: 0 | O39: 46.875 | R39: 13.07 | T39: =B39*10000+C39 -> 21100 | U39: 252.8 | V39: =IF(O39<1,0,ROUND(O39,1)) -> 46.9 | W39: =IF(C39=2400,ROUND(L39,3),"") | X39: =IF(C39=2400,ROUND(M39,3),"") | AA39: =ROUND((0.6105*(EXP((17.273*J39)/(J39+237.3))))*K39/100,3) -> 0.451 | AB39: =ROUND(AA39/K39*(100-K39),3) -> 0.009 | AP39: =AP15+10000 -> 2491100 | AQ39: 1100 | AR39: =VLOOKUP(AP39,$T$5:$V$8764,2) -> 733 | AS39: =VLOOKUP(AP39,$T$5:$V$8764,3) -> 581.9
A40: 43467 | B40: 2 | C40: 1200 | D40: 0.46170139 | G40: 1.007 | H40: 4.026 | I40: 92.659 | J40: -3.627 | K40: 97.5 | L40: 0.191 | M40: 0.201 | N40: 0 | O40: 58.125 | R40: 13.93 | T40: =B40*10000+C40 -> 21200 | U40: 294.8 | V40: =IF(O40<1,0,ROUND(O40,1)) -> 58.1 | W40: =IF(C40=2400,ROUND(L40,3),"") | X40: =IF(C40=2400,ROUND(M40,3),"") | AA40: =ROUND((0.6105*(EXP((17.273*J40)/(J40+237.3))))*K40/100,3) -> 0.455 | AB40: =ROUND(AA40/K40*(100-K40),3) -> 0.012 | AP40: =AP16+10000 -> 2491200 | AQ40: 1200 | AR40: =VLOOKUP(AP40,$T$5:$V$8764,2) -> 785.2 | AS40: =VLOOKUP(AP40,$T$5:$V$8764,3) -> 553.1
... A52: 43467 | B52: 2 | C52: 2400 | D52: 0.96170139 | G52: 2.516 | H52: 6.543 | I52: 46.329 | J52: -8.099 | K52: 97.8 | L52: 0.191 | M52: 0.201 | N52: 0 | O52: 0.625 | R52: 12.53 | T52: =B52*10000+C52 -> 22400 | U52: 0 | V52: =IF(O52<1,0,ROUND(O52,1)) -> 0 | W52: =IF(C52=2400,ROUND(L52,3),"") -> 0.191 | X52: =IF(C52=2400,ROUND(M52,3),"") -> 0.201 | AA52: =ROUND((0.6105*(EXP((17.273*J52)/(J52+237.3))))*K52/100,3) -> 0.324 | AB52: =ROUND(AA52/K52*(100-K52),3) -> 0.007 | AP52: =AP28+10000 -> 2492400 | AQ52: 2400 | AR52: =VLOOKUP(AP52,$T$5:$V$8764,2) -> 0 | AS52: =VLOOKUP(AP52,$T$5:$V$8764,3) -> 0
A53: 43468 | B53: 3 | C53: 100 | D53: 0.0033680556 | G53: 2.013 | H53: 5.536 | I53: 53.349 | J53: -8.099 | K53: 98.4 | L53: 0.191 | M53: 0.201 | N53: 0 | O53: 0.625 | R53: 12.53 | T53: =B53*10000+C53 -> 30100 | U53: 0 | V53: =IF(O53<1,0,ROUND(O53,1)) -> 0 | W53: =IF(C53=2400,ROUND(L53,3),"") | X53: =IF(C53=2400,ROUND(M53,3),"") | AA53: =ROUND((0.6105*(EXP((17.273*J53)/(J53+237.3))))*K53/100,3) -> 0.326 | AB53: =ROUND(AA53/K53*(100-K53),3) -> 0.005
A54: 43468 | B54: 3 | C54: 200 | D54: 0.045034722 | G54: 2.013 | H54: 4.529 | I54: 58.965 | J54: -6.073 | K54: 99.2 | L54: 0.191 | M54: 0.201 | N54: 0 | O54: 0.625 | R54: 12.53 | T54: =B54*10000+C54 -> 30200 | U54: 0 | V54: =IF(O54<1,0,ROUND(O54,1)) -> 0 | W54: =IF(C54=2400,ROUND(L54,3),"") | X54: =IF(C54=2400,ROUND(M54,3),"") | AA54: =ROUND((0.6105*(EXP((17.273*J54)/(J54+237.3))))*K54/100,3) -> 0.385 | AB54: =ROUND(AA54/K54*(100-K54),3) -> 0.003
A55: 43468 | B55: 3 | C55: 300 | D55: 0.086701389 | G55: 1.51 | H55: 5.033 | I55: 60.369 | J55: -4.865 | K55: 99.7 | L55: 0.191 | M55: 0.201 | N55: 0 | O55: 0.625 | R55: 12.53 | T55: =B55*10000+C55 -> 30300 | U55: 0 | V55: =IF(O55<1,0,ROUND(O55,1)) -> 0 | W55: =IF(C55=2400,ROUND(L55,3),"") | X55: =IF(C55=2400,ROUND(M55,3),"") | AA55: =ROUND((0.6105*(EXP((17.273*J55)/(J55+237.3))))*K55/100,3) -> 0.424 | AB55: =ROUND(AA55/K55*(100-K55),3) -> 0.001
A56: 43468 | B56: 3 | C56: 400 | D56: 0.12836806 | G56: 2.516 | H56: 5.033 | I56: 49.137 | J56: -5.698 | K56: 99.5 | L56: 0.191 | M56: 0.201 | N56: 0 | O56: 0.625 | R56: 12.53 | T56: =B56*10000+C56 -> 30400 | U56: 0 | V56: =IF(O56<1,0,ROUND(O56,1)) -> 0 | W56: =IF(C56=2400,ROUND(L56,3),"") | X56: =IF(C56=2400,ROUND(M56,3),"") | AA56: =ROUND((0.6105*(EXP((17.273*J56)/(J56+237.3))))*K56/100,3) -> 0.397 | AB56: =ROUND(AA56/K56*(100-K56),3) -> 0.002
A57: 43468 | B57: 3 | C57: 500 | D57: 0.17003472 | G57: 1.51 | H57: 4.529 | I57: 58.965 | J57: -3.538 | K57: 99.8 | L57: 0.191 | M57: 0.201 | N57: 0 | O57: 0.625 | R57: 12.53 | T57: =B57*10000+C57 -> 30500 | U57: 0 | V57: =IF(O57<1,0,ROUND(O57,1)) -> 0 | W57: =IF(C57=2400,ROUND(L57,3),"") | X57: =IF(C57=2400,ROUND(M57,3),"") | AA57: =ROUND((0.6105*(EXP((17.273*J57)/(J57+237.3))))*K57/100,3) -> 0.469 | AB57: =ROUND(AA57/K57*(100-K57),3) -> 0.001
A58: 43468 | B58: 3 | C58: 600 | D58: 0.21170139 | G58: 1.007 | H58: 3.523 | I58: 74.408 | J58: -4.227 | K58: 100 | L58: 0.191 | M58: 0.201 | N58: 0 | O58: 0.625 | R58: 12.43 | T58: =B58*10000+C58 -> 30600 | U58: 0 | V58: =IF(O58<1,0,ROUND(O58,1)) -> 0 | W58: =IF(C58=2400,ROUND(L58,3),"") | X58: =IF(C58=2400,ROUND(M58,3),"") | AA58: =ROUND((0.6105*(EXP((17.273*J58)/(J58+237.3))))*K58/100,3) -> 0.446 | AB58: =ROUND(AA58/K58*(100-K58),3) -> 0
A59: 43468 | B59: 3 | C59: 700 | D59: 0.25336806 | G59: 1.007 | H59: 3.523 | I59: 85.639 | J59: -3.094 | K59: 100 | L59: 0.191 | M59: 0.201 | N59: 0 | O59: 0.625 | R59: 12.53 | T59: =B59*10000+C59 -> 30700 | U59: 0 | V59: =IF(O59<1,0,ROUND(O59,1)) -> 0 | W59: =IF(C59=2400,ROUND(L59,3),"") | X59: =IF(C59=2400,ROUND(M59,3),"") | AA59: =ROUND((0.6105*(EXP((17.273*J59)/(J59+237.3))))*K59/100,3) -> 0.486 | AB59: =ROUND(AA59/K59*(100-K59),3) -> 0
A60: 43468 | B60: 3 | C60: 800 | D60: 0.29503472 | G60: 1.007 | H60: 3.523 | I60: 78.62 | J60: -3.508 | K60: 100 | L60: 0.191 | M60: 0.201 | N60: 0 | O60: 0.625 | R60: 12.53 | T60: =B60*10000+C60 -> 30800 | U60: 0 | V60: =IF(O60<1,0,ROUND(O60,1)) -> 0 | W60: =IF(C60=2400,ROUND(L60,3),"") | X60: =IF(C60=2400,ROUND(M60,3),"") | AA60: =ROUND((0.6105*(EXP((17.273*J60)/(J60+237.3))))*K60/100,3) -> 0.471 | AB60: =ROUND(AA60/K60*(100-K60),3) -> 0
A61: 43468 | B61: 3 | C61: 900 | D61: 0.33670139 | G61: 1.51 | H61: 4.026 | I61: 82.831 | J61: -4.439 | K61: 100 | L61: 0.191 | M61: 0.201 | N61: 0 | O61: 1.875 | R61: 12.53 | T61: =B61*10000+C61 -> 30900 | U61: 55.8 | V61: =IF(O61<1,0,ROUND(O61,1)) -> 1.9 | W61: =IF(C61=2400,ROUND(L61,3),"") | X61: =IF(C61=2400,ROUND(M61,3),"") | AA61: =ROUND((0.6105*(EXP((17.273*J61)/(J61+237.3))))*K61/100,3) -> 0.439 | AB61: =ROUND(AA61/K61*(100-K61),3) -> 0
A62: 43468 | B62: 3 | C62: 1000 | D62: 0.37836806 | G62: 2.516 | H62: 6.039 | I62: 50.541 | J62: -6.105 | K62: 99.8 | L62: 0.191 | M62: 0.201 | N62: 0 | O62: 30.625 | R62: 12.75 | T62: =B62*10000+C62 -> 31000 | U62: 167.5 | V62: =IF(O62<1,0,ROUND(O62,1)) -> 30.6 | W62: =IF(C62=2400,ROUND(L62,3),"") | X62: =IF(C62=2400,ROUND(M62,3),"") | AA62: =ROUND((0.6105*(EXP((17.273*J62)/(J62+237.3))))*K62/100,3) -> 0.386 | AB62: =ROUND(AA62/K62*(100-K62),3) -> 0.001
A63: 43468 | B63: 3 | C63: 1100 | D63: 0.42003472 | G63: 2.516 | H63: 5.536 | I63: 57.561 | J63: -6.294 | K63: 99.5 | L63: 0.191 | M63: 0.201 | N63: 0 | O63: 58.125 | R63: 13.28 | T63: =B63*10000+C63 -> 31100 | U63: 253.8 | V63: =IF(O63<1,0,ROUND(O63,1)) -> 58.1 | W63: =IF(C63=2400,ROUND(L63,3),"") | X63: =IF(C63=2400,ROUND(M63,3),"") | AA63: =ROUND((0.6105*(EXP((17.273*J63)/(J63+237.3))))*K63/100,3) -> 0.379 | AB63: =ROUND(AA63/K63*(100-K63),3) -> 0.002
A64: 43468 | B64: 3 | C64: 1200 | D64: 0.46170139 | G64: 2.013 | H64: 4.529 | I64: 50.541 | J64: -5.11 | K64: 99.5 | L64: 0.191 | M64: 0.201 | N64: 0 | O64: 68.125 | R64: 13.28 | T64: =B64*10000+C64 -> 31200 | U64: 296.3 | V64: =IF(O64<1,0,ROUND(O64,1)) -> 68.1 | W64: =IF(C64=2400,ROUND(L64,3),"") | X64: =IF(C64=2400,ROUND(M64,3),"") | AA64: =ROUND((0.6105*(EXP((17.273*J64)/(J64+237.3))))*K64/100,3) -> 0.415 | AB64: =ROUND(AA64/K64*(100-K64),3) -> 0.002
... A157: 43472 | B157: 7 | C157: 900 | D157: 0.33670139 | G157: 4.026 | H157: 7.046 | I157: 235.859 | J157: -9.1 | K157: 96.7 | L157: 0.191 | M157: 0.204 | N157: 0 | O157: 13.125 | R157: 12.43 | T157: =B157*10000+C157 -> 70900 | U157: 57.8 | V157: =IF(O157<1,0,ROUND(O157,1)) -> 13.1 | W157: =IF(C157=2400,ROUND(L157,3),"") | X157: =IF(C157=2400,ROUND(M157,3),"") | AA157: =ROUND((0.6105*(EXP((17.273*J157)/(J157+237.3))))*K157/100,3) -> 0.296 | AB157: =ROUND(AA157/K157*(100-K157),3) -> 0.01
A158: 43472 | B158: 7 | C158: 1000 | D158: 0.37836806 | G158: 3.02 | H158: 6.543 | I158: 227.435 | J158: -8.364 | K158: 95.8 | L158: 0.191 | M158: 0.203 | N158: 0 | O158: 138.125 | R158: 13.28 | T158: =B158*10000+C158 -> 71000 | U158: 171.7 | V158: =IF(O158<1,0,ROUND(O158,1)) -> 138.1 | W158: =IF(C158=2400,ROUND(L158,3),"") | X158: =IF(C158=2400,ROUND(M158,3),"") | AA158: =ROUND((0.6105*(EXP((17.273*J158)/(J158+237.3))))*K158/100,3) -> 0.311 | AB158: =ROUND(AA158/K158*(100-K158),3) -> 0.014 | BQ158: =SUM(DataDay!AV132:AV158) -> 42.166
A159: 43472 | B159: 7 | C159: 1100 | D159: 0.42003472 | G159: 4.026 | H159: 8.052 | I159: 214.8 | J159: -8.231 | K159: 95.5 | L159: 0.191 | M159: 0.204 | N159: 0 | O159: 89.375 | R159: 14.04 | T159: =B159*10000+C159 -> 71100 | U159: 259.7 | V159: =IF(O159<1,0,ROUND(O159,1)) -> 89.4 | W159: =IF(C159=2400,ROUND(L159,3),"") | X159: =IF(C159=2400,ROUND(M159,3),"") | AA159: =ROUND((0.6105*(EXP((17.273*J159)/(J159+237.3))))*K159/100,3) -> 0.313 | AB159: =ROUND(AA159/K159*(100-K159),3) -> 0.015
A160: 43472 | B160: 7 | C160: 1200 | D160: 0.46170139 | G160: 6.039 | H160: 12.582 | I160: 221.82 | J160: -7.575 | K160: 88.2 | L160: 0.191 | M160: 0.204 | N160: 0 | O160: 344.375 | R160: 13.39 | T160: =B160*10000+C160 -> 71200 | U160: 304.3 | V160: =IF(O160<1,0,ROUND(O160,1)) -> 344.4 | W160: =IF(C160=2400,ROUND(L160,3),"") | X160: =IF(C160=2400,ROUND(M160,3),"") | AA160: =ROUND((0.6105*(EXP((17.273*J160)/(J160+237.3))))*K160/100,3) -> 0.305 | AB160: =ROUND(AA160/K160*(100-K160),3) -> 0.041
A161: 43472 | B161: 7 | C161: 1300 | D161: 0.50336806 | G161: 6.543 | H161: 12.582 | I161: 227.435 | J161: -7.706 | K161: 78.7 | L161: 0.191 | M161: 0.204 | N161: 0 | O161: 383.125 | R161: 13.71 | T161: =B161*10000+C161 -> 71300 | U161: 298.5 | V161: =IF(O161<1,0,ROUND(O161,1)) -> 383.1 | W161: =IF(C161=2400,ROUND(L161,3),"") | X161: =IF(C161=2400,ROUND(M161,3),"") | AA161: =ROUND((0.6105*(EXP((17.273*J161)/(J161+237.3))))*K161/100,3) -> 0.269 | AB161: =ROUND(AA161/K161*(100-K161),3) -> 0.073
A162: 43472 | B162: 7 | C162: 1400 | D162: 0.54503472 | G162: 7.046 | H162: 14.092 | I162: 234.455 | J162: -7.706 | K162: 77.8 | L162: 0.191 | M162: 0.204 | N162: 0 | O162: 334.375 | R162: 13.39 | T162: =B162*10000+C162 -> 71400 | U162: 244 | V162: =IF(O162<1,0,ROUND(O162,1)) -> 334.4 | W162: =IF(C162=2400,ROUND(L162,3),"") | X162: =IF(C162=2400,ROUND(M162,3),"") | AA162: =ROUND((0.6105*(EXP((17.273*J162)/(J162+237.3))))*K162/100,3) -> 0.266 | AB162: =ROUND(AA162/K162*(100-K162),3) -> 0.076
A163: 43472 | B163: 7 | C163: 1500 | D163: 0.58670139 | G163: 6.543 | H163: 12.078 | I163: 234.455 | J163: -7.706 | K163: 76.2 | L163: 0.191 | M163: 0.204 | N163: 0 | O163: 291.875 | R163: 13.39 | T163: =B163*10000+C163 -> 71500 | U163: 148 | V163: =IF(O163<1,0,ROUND(O163,1)) -> 291.9 | W163: =IF(C163=2400,ROUND(L163,3),"") | X163: =IF(C163=2400,ROUND(M163,3),"") | AA163: =ROUND((0.6105*(EXP((17.273*J163)/(J163+237.3))))*K163/100,3) -> 0.261 | AB163: =ROUND(AA163/K163*(100-K163),3) -> 0.082
A164: 43472 | B164: 7 | C164: 1600 | D164: 0.62836806 | G164: 5.536 | H164: 11.575 | I164: 234.455 | J164: -9.1 | K164: 76.3 | L164: 0.191 | M164: 0.204 | N164: 0 | O164: 55.625 | R164: 13.5 | T164: =B164*10000+C164 -> 71600 | U164: 35.3 | V164: =IF(O164<1,0,ROUND(O164,1)) -> 55.6 | W164: =IF(C164=2400,ROUND(L164,3),"") | X164: =IF(C164=2400,ROUND(M164,3),"") | AA164: =ROUND((0.6105*(EXP((17.273*J164)/(J164+237.3))))*K164/100,3) -> 0.234 | AB164: =ROUND(AA164/K164*(100-K164),3) -> 0.073
A165: 43472 | B165: 7 | C165: 1700 | D165: 0.67003472 | G165: 5.033 | H165: 10.569 | I165: 237.263 | J165: -9.576 | K165: 77.3 | L165: 0.191 | M165: 0.204 | N165: 0 | O165: 13.125 | R165: 13.28 | T165: =B165*10000+C165 -> 71700 | U165: 0 | V165: =IF(O165<1,0,ROUND(O165,1)) -> 13.1 | W165: =IF(C165=2400,ROUND(L165,3),"") | X165: =IF(C165=2400,ROUND(M165,3),"") | AA165: =ROUND((0.6105*(EXP((17.273*J165)/(J165+237.3))))*K165/100,3) -> 0.228 | AB165: =ROUND(AA165/K165*(100-K165),3) -> 0.067
A166: 43472 | B166: 7 | C166: 1800 | D166: 0.71170139 | G166: 2.516 | H166: 7.046 | I166: 284.996 | J166: -11.04 | K166: 93.2 | L166: 0.191 | M166: 0.204 | N166: 0 | O166: 0.625 | R166: 12.96 | T166: =B166*10000+C166 -> 71800 | U166: 0 | V166: =IF(O166<1,0,ROUND(O166,1)) -> 0 | W166: =IF(C166=2400,ROUND(L166,3),"") | X166: =IF(C166=2400,ROUND(M166,3),"") | AA166: =ROUND((0.6105*(EXP((17.273*J166)/(J166+237.3))))*K166/100,3) -> 0.245 | AB166: =ROUND(AA166/K166*(100-K166),3) -> 0.018
A167: 43472 | B167: 7 | C167: 1900 | D167: 0.75336806 | G167: 1.51 | H167: 5.033 | I167: 269.553 | J167: -11.505 | K167: 94.6 | L167: 0.191 | M167: 0.204 | N167: 0 | O167: 0.625 | R167: 12.86 | T167: =B167*10000+C167 -> 71900 | U167: 0 | V167: =IF(O167<1,0,ROUND(O167,1)) -> 0 | W167: =IF(C167=2400,ROUND(L167,3),"") | X167: =IF(C167=2400,ROUND(M167,3),"") | AA167: =ROUND((0.6105*(EXP((17.273*J167)/(J167+237.3))))*K167/100,3) -> 0.24 | AB167: =ROUND(AA167/K167*(100-K167),3) -> 0.014
A168: 43472 | B168: 7 | C168: 2000 | D168: 0.79503472 | G168: 1.007 | H168: 4.026 | I168: 219.012 | J168: -11.903 | K168: 94.6 | L168: 0.191 | M168: 0.204 | N168: 0 | O168: 0.625 | R168: 12.75 | T168: =B168*10000+C168 -> 72000 | U168: 0 | V168: =IF(O168<1,0,ROUND(O168,1)) -> 0 | W168: =IF(C168=2400,ROUND(L168,3),"") | X168: =IF(C168=2400,ROUND(M168,3),"") | AA168: =ROUND((0.6105*(EXP((17.273*J168)/(J168+237.3))))*K168/100,3) -> 0.232 | AB168: =ROUND(AA168/K168*(100-K168),3) -> 0.013
A169: 43472 | B169: 7 | C169: 2100 | D169: 0.83670139 | G169: 0.503 | H169: 3.02 | I169: 270.957 | J169: -13.619 | K169: 94 | L169: 0.191 | M169: 0.204 | N169: 0 | O169: 0.625 | R169: 12.64 | T169: =B169*10000+C169 -> 72100 | U169: 0 | V169: =IF(O169<1,0,ROUND(O169,1)) -> 0 | W169: =IF(C169=2400,ROUND(L169,3),"") | X169: =IF(C169=2400,ROUND(M169,3),"") | AA169: =ROUND((0.6105*(EXP((17.273*J169)/(J169+237.3))))*K169/100,3) -> 0.2 | AB169: =ROUND(AA169/K169*(100-K169),3) -> 0.013
A170: 43472 | B170: 7 | C170: 2200 | D170: 0.87836806 | G170: 1.007 | H170: 2.013 | I170: 355.192 | J170: -14.905 | K170: 93.2 | L170: 0.191 | M170: 0.204 | N170: 0 | O170: 0.625 | R170: 12.64 | T170: =B170*10000+C170 -> 72200 | U170: 0 | V170: =IF(O170<1,0,ROUND(O170,1)) -> 0 | W170: =IF(C170=2400,ROUND(L170,3),"") | X170: =IF(C170=2400,ROUND(M170,3),"") | AA170: =ROUND((0.6105*(EXP((17.273*J170)/(J170+237.3))))*K170/100,3) -> 0.179 | AB170: =ROUND(AA170/K170*(100-K170),3) -> 0.013
... A1670: 43535 | B1670: 70 | C1670: 1000 | D1670: 0.37836806 | G1670: 6.039 | H1670: 10.065 | I1670: 42.118 | J1670: -10.058 | K1670: 80.1 | L1670: 0.191 | M1670: 0.199 | N1670: 0 | O1670: 176.875 | R1670: 13.93 | T1670: =B1670*10000+C1670 -> 701000 | U1670: 470 | V1670: =IF(O1670<1,0,ROUND(O1670,1)) -> 176.9 | W1670: =IF(C1670=2400,ROUND(L1670,3),"") | X1670: =IF(C1670=2400,ROUND(M1670,3),"") | AA1670: =ROUND((0.6105*(EXP((17.273*J1670)/(J1670+237.3))))*K1670/100,3) -> 0.228 | AB1670: =ROUND(AA1670/K1670*(100-K1670),3) -> 0.057
A1671: 43535 | B1671: 70 | C1671: 1100 | G1671: 6.039 | H1671: 10.065 | I1671: 42.118 | J1671: -10.058 | K1671: 80.1 | L1671: 0.191 | M1671: 0.199 | N1671: 0 | O1671: 250 | T1671: =B1671*10000+C1671 -> 701100 | U1671: 582 | V1671: =IF(O1671<1,0,ROUND(O1671,1)) -> 250 | W1671: =IF(C1671=2400,ROUND(L1671,3),"") | X1671: =IF(C1671=2400,ROUND(M1671,3),"") | AA1671: =ROUND((0.6105*(EXP((17.273*J1671)/(J1671+237.3))))*K1671/100,3) -> 0.228 | AB1671: =ROUND(AA1671/K1671*(100-K1671),3) -> 0.057
A1672: 43535 | B1672: 70 | C1672: 1200 | G1672: 6.039 | H1672: 10.065 | I1672: 42.118 | J1672: -10.058 | K1672: 80.1 | L1672: 0.191 | M1672: 0.199 | N1672: 0 | O1672: 350 | T1672: =B1672*10000+C1672 -> 701200 | U1672: 643.8 | V1672: =IF(O1672<1,0,ROUND(O1672,1)) -> 350 | W1672: =IF(C1672=2400,ROUND(L1672,3),"") | X1672: =IF(C1672=2400,ROUND(M1672,3),"") | Z1672: Missing hourly scan. Shift another hour to provide the best match to solar trace | AA1672: =ROUND((0.6105*(EXP((17.273*J1672)/(J1672+237.3))))*K1672/100,3) -> 0.228 | AB1672: =ROUND(AA1672/K1672*(100-K1672),3) -> 0.057
A1673: 43535 | B1673: 70 | C1673: 1300 | D1673: 0.56681713 | E1673: 142.46 | F1673: =IF(E1673>F$2,E1673-F$2,0) -> 86.96 | G1673: 5.03 | H1673: 8.56 | I1673: 60.4 | J1673: -7.316 | K1673: 76.5 | L1673: 0.189 | M1673: 0.199 | O1673: 394.4 | T1673: =B1673*10000+C1673 -> 701300 | U1673: 649.8 | V1673: =IF(O1673<1,0,ROUND(O1673,1)) -> 394.4 | W1673: =IF(C1673=2400,ROUND(L1673,3),"") | X1673: =IF(C1673=2400,ROUND(M1673,3),"") | AA1673: =ROUND((0.6105*(EXP((17.273*J1673)/(J1673+237.3))))*K1673/100,3) -> 0.27 | AB1673: =ROUND(AA1673/K1673*(100-K1673),3) -> 0.083
A1674: 43535 | B1674: 70 | C1674: 1400 | D1674: 0.6084838 | E1674: 142.46 | F1674: =IF(E1674>F$2,E1674-F$2,0) -> 86.96 | G1674: 4.529 | H1674: 9.059 | I1674: 77.216 | J1674: -7.09 | K1674: 76.4 | L1674: 0.189 | M1674: 0.199 | N1674: 0 | O1674: 251.875 | T1674: =B1674*10000+C1674 -> 701400 | U1674: 599.5 | V1674: =IF(O1674<1,0,ROUND(O1674,1)) -> 251.9 | W1674: =IF(C1674=2400,ROUND(L1674,3),"") | X1674: =IF(C1674=2400,ROUND(M1674,3),"") | Y1674: =IF(C1674=2400,ROUND(F1674/100,3),"") | AA1674: =ROUND((0.6105*(EXP((17.273*J1674)/(J1674+237.3))))*K1674/100,3) -> 0.274 | AB1674: =ROUND(AA1674/K1674*(100-K1674),3) -> 0.085
A1675: 43535 | B1675: 70 | C1675: 1500 | D1675: 0.65015046 | E1675: 142.23 | F1675: =IF(E1675>F$2,E1675-F$2,0) -> 86.73 | G1675: 4.026 | H1675: 7.549 | I1675: 82.831 | J1675: -6.231 | K1675: 74.3 | L1675: 0.189 | M1675: 0.199 | N1675: 0 | O1675: 225.625 | T1675: =B1675*10000+C1675 -> 701500 | U1675: 497.7 | V1675: =IF(O1675<1,0,ROUND(O1675,1)) -> 225.6 | W1675: =IF(C1675=2400,ROUND(L1675,3),"") | X1675: =IF(C1675=2400,ROUND(M1675,3),"") | Y1675: =IF(C1675=2400,ROUND(F1675/100,3),"") | AA1675: =ROUND((0.6105*(EXP((17.273*J1675)/(J1675+237.3))))*K1675/100,3) -> 0.285 | AB1675: =ROUND(AA1675/K1675*(100-K1675),3) -> 0.099
A1676: 43535 | B1676: 70 | C1676: 1600 | D1676: 0.69181713 | E1676: 142.23 | F1676: =IF(E1676>F$2,E1676-F$2,0) -> 86.73 | G1676: 4.026 | H1676: 7.549 | I1676: 70.196 | J1676: -6.77 | K1676: 75.4 | L1676: 0.189 | M1676: 0.199 | N1676: 0 | O1676: 111.875 | T1676: =B1676*10000+C1676 -> 701600 | U1676: 352.8 | V1676: =IF(O1676<1,0,ROUND(O1676,1)) -> 111.9 | W1676: =IF(C1676=2400,ROUND(L1676,3),"") | X1676: =IF(C1676=2400,ROUND(M1676,3),"") | Y1676: =IF(C1676=2400,ROUND(F1676/100,3),"") | AA1676: =ROUND((0.6105*(EXP((17.273*J1676)/(J1676+237.3))))*K1676/100,3) -> 0.277 | AB1676: =ROUND(AA1676/K1676*(100-K1676),3) -> 0.09
A1677: 43535 | B1677: 70 | C1677: 1700 | D1677: 0.7334838 | E1677: 142.23 | F1677: =IF(E1677>F$2,E1677-F$2,0) -> 86.73 | G1677: 4.529 | H1677: 9.562 | I1677: 68.792 | J1677: -7.09 | K1677: 79 | L1677: 0.189 | M1677: 0.199 | N1677: 0 | O1677: 85.625 | T1677: =B1677*10000+C1677 -> 701700 | U1677: 181.7 | V1677: =IF(O1677<1,0,ROUND(O1677,1)) -> 85.6 | W1677: =IF(C1677=2400,ROUND(L1677,3),"") | X1677: =IF(C1677=2400,ROUND(M1677,3),"") | Y1677: =IF(C1677=2400,ROUND(F1677/100,3),"") | AA1677: =ROUND((0.6105*(EXP((17.273*J1677)/(J1677+237.3))))*K1677/100,3) -> 0.283 | AB1677: =ROUND(AA1677/K1677*(100-K1677),3) -> 0.075
A1678: 43535 | B1678: 70 | C1678: 1800 | D1678: 0.77515046 | E1678: 142.11 | F1678: =IF(E1678>F$2,E1678-F$2,0) -> 86.61 | G1678: 3.523 | H1678: 7.046 | I1678: 70.196 | J1678: -7.64 | K1678: 82.5 | L1678: 0.189 | M1678: 0.199 | N1678: 0 | O1678: 11.875 | T1678: =B1678*10000+C1678 -> 701800 | U1678: 28.3 | V1678: =IF(O1678<1,0,ROUND(O1678,1)) -> 11.9 | W1678: =IF(C1678=2400,ROUND(L1678,3),"") | X1678: =IF(C1678=2400,ROUND(M1678,3),"") | Y1678: =IF(C1678=2400,ROUND(F1678/100,3),"") | AA1678: =ROUND((0.6105*(EXP((17.273*J1678)/(J1678+237.3))))*K1678/100,3) -> 0.284 | AB1678: =ROUND(AA1678/K1678*(100-K1678),3) -> 0.06
A1679: 43535 | B1679: 70 | C1679: 1900 | D1679: 0.81681713 | E1679: 142.11 | F1679: =IF(E1679>F$2,E1679-F$2,0) -> 86.61 | G1679: 4.026 | H1679: 6.543 | I1679: 51.945 | J1679: -8.099 | K1679: 86.6 | L1679: 0.189 | M1679: 0.199 | N1679: 0 | O1679: 0.625 | T1679: =B1679*10000+C1679 -> 701900 | U1679: 0 | V1679: =IF(O1679<1,0,ROUND(O1679,1)) -> 0 | W1679: =IF(C1679=2400,ROUND(L1679,3),"") | X1679: =IF(C1679=2400,ROUND(M1679,3),"") | Y1679: =IF(C1679=2400,ROUND(F1679/100,3),"") | AA1679: =ROUND((0.6105*(EXP((17.273*J1679)/(J1679+237.3))))*K1679/100,3) -> 0.287 | AB1679: =ROUND(AA1679/K1679*(100-K1679),3) -> 0.044
A1680: 43535 | B1680: 70 | C1680: 2000 | D1680: 0.8584838 | E1680: 142.11 | F1680: =IF(E1680>F$2,E1680-F$2,0) -> 86.61 | G1680: 4.026 | H1680: 6.039 | I1680: 40.714 | J1680: -8.264 | K1680: 88.3 | L1680: 0.189 | M1680: 0.199 | N1680: 0 | O1680: 0.625 | T1680: =B1680*10000+C1680 -> 702000 | U1680: 0 | V1680: =IF(O1680<1,0,ROUND(O1680,1)) -> 0 | W1680: =IF(C1680=2400,ROUND(L1680,3),"") | X1680: =IF(C1680=2400,ROUND(M1680,3),"") | Y1680: =IF(C1680=2400,ROUND(F1680/100,3),"") | AA1680: =ROUND((0.6105*(EXP((17.273*J1680)/(J1680+237.3))))*K1680/100,3) -> 0.289 | AB1680: =ROUND(AA1680/K1680*(100-K1680),3) -> 0.038
A1681: 43535 | B1681: 70 | C1681: 2100 | D1681: 0.90015046 | E1681: 142.23 | F1681: =IF(E1681>F$2,E1681-F$2,0) -> 86.73 | G1681: 4.026 | H1681: 6.543 | I1681: 42.118 | J1681: -8.331 | K1681: 89.5 | L1681: 0.189 | M1681: 0.199 | N1681: 0 | O1681: 0.625 | T1681: =B1681*10000+C1681 -> 702100 | U1681: 0 | V1681: =IF(O1681<1,0,ROUND(O1681,1)) -> 0 | W1681: =IF(C1681=2400,ROUND(L1681,3),"") | X1681: =IF(C1681=2400,ROUND(M1681,3),"") | Y1681: =IF(C1681=2400,ROUND(F1681/100,3),"") | AA1681: =ROUND((0.6105*(EXP((17.273*J1681)/(J1681+237.3))))*K1681/100,3) -> 0.291 | AB1681: =ROUND(AA1681/K1681*(100-K1681),3) -> 0.034
A1682: 43535 | B1682: 70 | C1682: 2200 | D1682: 0.94181713 | E1682: 142.11 | F1682: =IF(E1682>F$2,E1682-F$2,0) -> 86.61 | G1682: 4.026 | H1682: 6.543 | I1682: 40.714 | J1682: -8.364 | K1682: 90.9 | L1682: 0.189 | M1682: 0.199 | N1682: 0 | O1682: 0.625 | T1682: =B1682*10000+C1682 -> 702200 | U1682: 0 | V1682: =IF(O1682<1,0,ROUND(O1682,1)) -> 0 | W1682: =IF(C1682=2400,ROUND(L1682,3),"") | X1682: =IF(C1682=2400,ROUND(M1682,3),"") | Y1682: =IF(C1682=2400,ROUND(F1682/100,3),"") | AA1682: =ROUND((0.6105*(EXP((17.273*J1682)/(J1682+237.3))))*K1682/100,3) -> 0.295 | AB1682: =ROUND(AA1682/K1682*(100-K1682),3) -> 0.03
A1683: 43535 | B1683: 70 | C1683: 2300 | D1683: 0.9834838 | E1683: 142.23 | F1683: =IF(E1683>F$2,E1683-F$2,0) -> 86.73 | G1683: 3.02 | H1683: 5.536 | I1683: 40.714 | J1683: -8.497 | K1683: 90.4 | L1683: 0.189 | M1683: 0.199 | N1683: 0 | O1683: 0.625 | T1683: =B1683*10000+C1683 -> 702300 | U1683: 0 | V1683: =IF(O1683<1,0,ROUND(O1683,1)) -> 0 | W1683: =IF(C1683=2400,ROUND(L1683,3),"") | X1683: =IF(C1683=2400,ROUND(M1683,3),"") | Y1683: =IF(C1683=2400,ROUND(F1683/100,3),"") | AA1683: =ROUND((0.6105*(EXP((17.273*J1683)/(J1683+237.3))))*K1683/100,3) -> 0.291 | AB1683: =ROUND(AA1683/K1683*(100-K1683),3) -> 0.031
A1684: 43535 | B1684: 70 | C1684: 2400 | D1684: 0.025150463 | E1684: 142.11 | F1684: =IF(E1684>F$2,E1684-F$2,0) -> 86.61 | G1684: 3.02 | H1684: 5.033 | I1684: 37.906 | J1684: -7.935 | K1684: 91 | L1684: 0.189 | M1684: 0.199 | N1684: 0 | O1684: 0.625 | T1684: =B1684*10000+C1684 -> 702400 | U1684: 0 | V1684: =IF(O1684<1,0,ROUND(O1684,1)) -> 0 | W1684: =IF(C1684=2400,ROUND(L1684,3),"") -> 0.189 | X1684: =IF(C1684=2400,ROUND(M1684,3),"") -> 0.199 | Y1684: =IF(C1684=2400,ROUND(F1684/100,3),"") -> 0.866 | AA1684: =ROUND((0.6105*(EXP((17.273*J1684)/(J1684+237.3))))*K1684/100,3) -> 0.306 | AB1684: =ROUND(AA1684/K1684*(100-K1684),3) -> 0.03
A1685: 43536 | B1685: 71 | C1685: 100 | D1685: 0.06681713 | E1685: 142 | F1685: =IF(E1685>F$2,E1685-F$2,0) -> 86.5 | G1685: 2.013 | H1685: 5.033 | I1685: 42.118 | J1685: -7.935 | K1685: 91.4 | L1685: 0.189 | M1685: 0.199 | N1685: 0 | O1685: 0.625 | T1685: =B1685*10000+C1685 -> 710100 | U1685: 0 | V1685: =IF(O1685<1,0,ROUND(O1685,1)) -> 0 | W1685: =IF(C1685=2400,ROUND(L1685,3),"") | X1685: =IF(C1685=2400,ROUND(M1685,3),"") | Y1685: =IF(C1685=2400,ROUND(F1685/100,3),"") | AA1685: =ROUND((0.6105*(EXP((17.273*J1685)/(J1685+237.3))))*K1685/100,3) -> 0.307 | AB1685: =ROUND(AA1685/K1685*(100-K1685),3) -> 0.029
... A5249: 43684 | B5249: 219 | C5249: 1300 | D5249: 247.56682 | E5249: 55.77 | F5249: =IF(E5249>F$2,E5249-F$2,0) -> 0.27 | G5249: 2.013 | H5249: 6.543 | I5249: 258.322 | J5249: 24.581 | K5249: 17.2 | L5249: 0.186 | M5249: 0.19 | N5249: 0 | O5249: 881.875 | T5249: =B5249*10000+C5249 -> 2191300 | U5249: 917.5 | V5249: =IF(O5249<1,0,ROUND(O5249,1)) -> 881.9 | W5249: =IF(C5249=2400,ROUND(L5249,3),"") | X5249: =IF(C5249=2400,ROUND(M5249,3),"") | Y5249: =IF(C5249=2400,ROUND(F5249/100,3),"") | AA5249: =ROUND((0.6105*(EXP((17.273*J5249)/(J5249+237.3))))*K5249/100,3) -> 0.531 | AB5249: =ROUND(AA5249/K5249*(100-K5249),3) -> 2.556
A5250: 43684 | B5250: 219 | C5250: 1400 | D5250: 247.60848 | E5250: 55.54 | F5250: =IF(E5250>F$2,E5250-F$2,0) -> 0.04 | G5250: 2.516 | H5250: 7.046 | I5250: 240.071 | J5250: 25.647 | K5250: 17.7 | L5250: 0.186 | M5250: 0.19 | O5250: 811.875 | T5250: =B5250*10000+C5250 -> 2191400 | U5250: 874.7 | V5250: =IF(O5250<1,0,ROUND(O5250,1)) -> 811.9 | W5250: =IF(C5250=2400,ROUND(L5250,3),"") | X5250: =IF(C5250=2400,ROUND(M5250,3),"") | Y5250: =IF(C5250=2400,ROUND(F5250/100,3),"") | AA5250: =ROUND((0.6105*(EXP((17.273*J5250)/(J5250+237.3))))*K5250/100,3) -> 0.583 | AB5250: =ROUND(AA5250/K5250*(100-K5250),3) -> 2.711
A5251: 43684 | B5251: 219 | C5251: 1500 | D5251: 247.65015 | E5251: 55.18 | F5251: =IF(E5251>F$2,E5251-F$2,0) -> 0 | G5251: 2.516 | H5251: 6.543 | I5251: 238.667 | J5251: 25.477 | K5251: 15.6 | L5251: 0.186 | M5251: 0.19 | O5251: 701.875 | T5251: =B5251*10000+C5251 -> 2191500 | U5251: 782.7 | V5251: =IF(O5251<1,0,ROUND(O5251,1)) -> 701.9 | W5251: =IF(C5251=2400,ROUND(L5251,3),"") | X5251: =IF(C5251=2400,ROUND(M5251,3),"") | Y5251: =IF(C5251=2400,ROUND(F5251/100,3),"") | AA5251: =ROUND((0.6105*(EXP((17.273*J5251)/(J5251+237.3))))*K5251/100,3) -> 0.508 | AB5251: =ROUND(AA5251/K5251*(100-K5251),3) -> 2.748
A5252: 43684 | B5252: 219 | C5252: 1600 | D5252: 247.69182 | E5252: 54.95 | F5252: =IF(E5252>F$2,E5252-F$2,0) -> 0 | G5252: 3.02 | H5252: 6.543 | I5252: 213.396 | J5252: 25.186 | K5252: 16 | L5252: 0.186 | M5252: 0.19 | O5252: 555.625 | T5252: =B5252*10000+C5252 -> 2191600 | U5252: 648.7 | V5252: =IF(O5252<1,0,ROUND(O5252,1)) -> 555.6 | W5252: =IF(C5252=2400,ROUND(L5252,3),"") | X5252: =IF(C5252=2400,ROUND(M5252,3),"") | Y5252: =IF(C5252=2400,ROUND(F5252/100,3),"") | AA5252: =ROUND((0.6105*(EXP((17.273*J5252)/(J5252+237.3))))*K5252/100,3) -> 0.512 | AB5252: =ROUND(AA5252/K5252*(100-K5252),3) -> 2.688
A5253: 43684 | B5253: 219 | C5253: 1700 | D5253: 247.73348 | E5253: 54.83 | F5253: =IF(E5253>F$2,E5253-F$2,0) -> 0 | G5253: 3.02 | H5253: 7.046 | I5253: 234.455 | J5253: 24.726 | K5253: 15.2 | L5253: 0.186 | M5253: 0.19 | O5253: 394.375 | T5253: =B5253*10000+C5253 -> 2191700 | U5253: 483.7 | V5253: =IF(O5253<1,0,ROUND(O5253,1)) -> 394.4 | W5253: =IF(C5253=2400,ROUND(L5253,3),"") | X5253: =IF(C5253=2400,ROUND(M5253,3),"") | Y5253: =IF(C5253=2400,ROUND(F5253/100,3),"") | AA5253: =ROUND((0.6105*(EXP((17.273*J5253)/(J5253+237.3))))*K5253/100,3) -> 0.474 | AB5253: =ROUND(AA5253/K5253*(100-K5253),3) -> 2.644
A5254: 43684 | B5254: 219 | C5254: 1800 | D5254: 247.77515 | E5254: 54.95 | F5254: =IF(E5254>F$2,E5254-F$2,0) -> 0 | G5254: 3.02 | H5254: 8.052 | I5254: 256.918 | J5254: 22.513 | K5254: 17.6 | L5254: 0.186 | M5254: 0.19 | O5254: 214.375 | T5254: =B5254*10000+C5254 -> 2191800 | U5254: 302.2 | V5254: =IF(O5254<1,0,ROUND(O5254,1)) -> 214.4 | W5254: =IF(C5254=2400,ROUND(L5254,3),"") | X5254: =IF(C5254=2400,ROUND(M5254,3),"") | Y5254: =IF(C5254=2400,ROUND(F5254/100,3),"") | AA5254: =ROUND((0.6105*(EXP((17.273*J5254)/(J5254+237.3))))*K5254/100,3) -> 0.48 | AB5254: =ROUND(AA5254/K5254*(100-K5254),3) -> 2.247
A5255: 43684 | B5255: 219 | C5255: 1900 | D5255: 247.81682 | E5255: 54.72 | F5255: =IF(E5255>F$2,E5255-F$2,0) -> 0 | G5255: 3.02 | H5255: 7.046 | I5255: 262.533 | J5255: 20.341 | K5255: 24.9 | L5255: 0.187 | M5255: 0.19 | O5255: 54.375 | T5255: =B5255*10000+C5255 -> 2191900 | U5255: 125.3 | V5255: =IF(O5255<1,0,ROUND(O5255,1)) -> 54.4 | W5255: =IF(C5255=2400,ROUND(L5255,3),"") | X5255: =IF(C5255=2400,ROUND(M5255,3),"") | Y5255: =IF(C5255=2400,ROUND(F5255/100,3),"") | AA5255: =ROUND((0.6105*(EXP((17.273*J5255)/(J5255+237.3))))*K5255/100,3) -> 0.594 | AB5255: =ROUND(AA5255/K5255*(100-K5255),3) -> 1.792
A5256: 43684 | B5256: 219 | C5256: 2000 | D5256: 247.85848 | E5256: 54.72 | F5256: =IF(E5256>F$2,E5256-F$2,0) -> 0 | G5256: 2.516 | H5256: 7.046 | I5256: 258.322 | J5256: 17.891 | K5256: 28.6 | L5256: 0.187 | M5256: 0.19 | O5256: 0.625 | T5256: =B5256*10000+C5256 -> 2192000 | U5256: 8.3 | V5256: =IF(O5256<1,0,ROUND(O5256,1)) -> 0 | W5256: =IF(C5256=2400,ROUND(L5256,3),"") | X5256: =IF(C5256=2400,ROUND(M5256,3),"") | Y5256: =IF(C5256=2400,ROUND(F5256/100,3),"") | AA5256: =ROUND((0.6105*(EXP((17.273*J5256)/(J5256+237.3))))*K5256/100,3) -> 0.586 | AB5256: =ROUND(AA5256/K5256*(100-K5256),3) -> 1.463
A5257: 43684 | B5257: 219 | C5257: 2100 | D5257: 247.90015 | E5257: 54.83 | F5257: =IF(E5257>F$2,E5257-F$2,0) -> 0 | G5257: 2.516 | H5257: 7.046 | I5257: 256.918 | J5257: 17.201 | K5257: 31.3 | L5257: 0.186 | M5257: 0.19 | O5257: 0.625 | T5257: =B5257*10000+C5257 -> 2192100 | U5257: 0 | V5257: =IF(O5257<1,0,ROUND(O5257,1)) -> 0 | W5257: =IF(C5257=2400,ROUND(L5257,3),"") | X5257: =IF(C5257=2400,ROUND(M5257,3),"") | Y5257: =IF(C5257=2400,ROUND(F5257/100,3),"") | AA5257: =ROUND((0.6105*(EXP((17.273*J5257)/(J5257+237.3))))*K5257/100,3) -> 0.614 | AB5257: =ROUND(AA5257/K5257*(100-K5257),3) -> 1.348
A5258: 43684 | B5258: 219 | C5258: 2200 | D5258: 247.94182 | E5258: 54.95 | F5258: =IF(E5258>F$2,E5258-F$2,0) -> 0 | G5258: 2.516 | H5258: 7.046 | I5258: 242.878 | J5258: 16.225 | K5258: 36.1 | L5258: 0.186 | M5258: 0.191 | O5258: 0.625 | T5258: =B5258*10000+C5258 -> 2192200 | U5258: 0 | V5258: =IF(O5258<1,0,ROUND(O5258,1)) -> 0 | W5258: =IF(C5258=2400,ROUND(L5258,3),"") | X5258: =IF(C5258=2400,ROUND(M5258,3),"") | Y5258: =IF(C5258=2400,ROUND(F5258/100,3),"") | AA5258: =ROUND((0.6105*(EXP((17.273*J5258)/(J5258+237.3))))*K5258/100,3) -> 0.666 | AB5258: =ROUND(AA5258/K5258*(100-K5258),3) -> 1.179
A5259: 43684 | B5259: 219 | C5259: 2300 | D5259: 247.98348 | E5259: 54.95 | F5259: =IF(E5259>F$2,E5259-F$2,0) -> 0 | G5259: 2.516 | H5259: 8.052 | I5259: 237.263 | J5259: 16.939 | K5259: 34.9 | L5259: 0.186 | M5259: 0.19 | O5259: 0.625 | T5259: =B5259*10000+C5259 -> 2192300 | U5259: 0 | V5259: =IF(O5259<1,0,ROUND(O5259,1)) -> 0 | W5259: =IF(C5259=2400,ROUND(L5259,3),"") | X5259: =IF(C5259=2400,ROUND(M5259,3),"") | Y5259: =IF(C5259=2400,ROUND(F5259/100,3),"") | AA5259: =ROUND((0.6105*(EXP((17.273*J5259)/(J5259+237.3))))*K5259/100,3) -> 0.673 | AB5259: =ROUND(AA5259/K5259*(100-K5259),3) -> 1.255
A5260: 43684 | B5260: 219 | C5260: 2400 | D5260: 248.02515 | E5260: 55.77 | F5260: =IF(E5260>F$2,E5260-F$2,0) -> 0.27 | G5260: 2.516 | H5260: 7.046 | I5260: 214.8 | J5260: 15.652 | K5260: 39.8 | L5260: 0.186 | M5260: 0.19 | O5260: 0.625 | T5260: =B5260*10000+C5260 -> 2192400 | U5260: 0 | V5260: =IF(O5260<1,0,ROUND(O5260,1)) -> 0 | W5260: =IF(C5260=2400,ROUND(L5260,3),"") -> 0.186 | X5260: =IF(C5260=2400,ROUND(M5260,3),"") -> 0.19 | Y5260: =IF(C5260=2400,ROUND(F5260/100,3),"") -> 0.003 | AA5260: =ROUND((0.6105*(EXP((17.273*J5260)/(J5260+237.3))))*K5260/100,3) -> 0.708 | AB5260: =ROUND(AA5260/K5260*(100-K5260),3) -> 1.071
A5261: 43685 | B5261: 220 | C5261: 100 | D5261: 248.06682 | E5261: 54.6 | F5261: =IF(E5261>F$2,E5261-F$2,0) -> 0 | G5261: 2.516 | H5261: 7.046 | I5261: 226.031 | J5261: 15.318 | K5261: 40.2 | L5261: 0.186 | M5261: 0.19 | O5261: 0.625 | T5261: =B5261*10000+C5261 -> 2200100 | U5261: 0 | V5261: =IF(O5261<1,0,ROUND(O5261,1)) -> 0 | W5261: =IF(C5261=2400,ROUND(L5261,3),"") | X5261: =IF(C5261=2400,ROUND(M5261,3),"") | Y5261: =IF(C5261=2400,ROUND(F5261/100,3),"") | AA5261: =ROUND((0.6105*(EXP((17.273*J5261)/(J5261+237.3))))*K5261/100,3) -> 0.699 | AB5261: =ROUND(AA5261/K5261*(100-K5261),3) -> 1.04
... A6814: 43749 | B6814: 284 | C6814: 1800 | D6814: 312.77515 | E6814: 57.64 | F6814: =IF(E6814>F$2,E6814-F$2,0) -> 2.14 | G6814: 2.516 | H6814: 5.033 | I6814: 42.118 | J6814: -0.088 | K6814: 54.9 | L6814: 0.231 | M6814: 0.248 | O6814: 0.625 | T6814: =B6814*10000+C6814 -> 2841800 | U6814: 0 | V6814: =IF(O6814<1,0,ROUND(O6814,1)) -> 0 | W6814: =IF(C6814=2400,ROUND(L6814,3),"") | X6814: =IF(C6814=2400,ROUND(M6814,3),"") | Y6814: =IF(C6814=2400,ROUND(F6814/100,3),"") | AA6814: =ROUND((0.6105*(EXP((17.273*J6814)/(J6814+237.3))))*K6814/100,3) -> 0.333 | AB6814: =ROUND(AA6814/K6814*(100-K6814),3) -> 0.274
A6815: 43749 | B6815: 284 | C6815: 1900 | D6815: 312.81682 | E6815: 57.52 | F6815: =IF(E6815>F$2,E6815-F$2,0) -> 2.02 | L6815: 0.23 | M6815: 0.346 | O6815: 0 | T6815: =B6815*10000+C6815 -> 2841900 | U6815: 0 | V6815: =IF(O6815<1,0,ROUND(O6815,1)) -> 0 | W6815: =IF(C6815=2400,ROUND(L6815,3),"") | X6815: =IF(C6815=2400,ROUND(M6815,3),"") | Y6815: =IF(C6815=2400,ROUND(F6815/100,3),"") | AA6815: =ROUND((0.6105*(EXP((17.273*J6815)/(J6815+237.3))))*K6815/100,3) -> 0 | AB6815: =ROUND(AA6815/K6815*(100-K6815),3) -> #DIV/0!
A6816: 43749 | B6816: 284 | C6816: 2000 | D6816: 312.85848 | E6816: 57.52 | F6816: =IF(E6816>F$2,E6816-F$2,0) -> 2.02 | L6816: 0.23 | M6816: 0.346 | O6816: 0 | T6816: =B6816*10000+C6816 -> 2842000 | U6816: 0 | V6816: =IF(O6816<1,0,ROUND(O6816,1)) -> 0 | W6816: =IF(C6816=2400,ROUND(L6816,3),"") | X6816: =IF(C6816=2400,ROUND(M6816,3),"") | Y6816: =IF(C6816=2400,ROUND(F6816/100,3),"") | AA6816: =ROUND((0.6105*(EXP((17.273*J6816)/(J6816+237.3))))*K6816/100,3) -> 0 | AB6816: =ROUND(AA6816/K6816*(100-K6816),3) -> #DIV/0!
A6817: 43749 | B6817: 284 | C6817: 2100 | D6817: 312.90015 | E6817: 57.52 | F6817: =IF(E6817>F$2,E6817-F$2,0) -> 2.02 | L6817: 0.23 | M6817: 0.346 | O6817: 0 | T6817: =B6817*10000+C6817 -> 2842100 | U6817: 0 | V6817: =IF(O6817<1,0,ROUND(O6817,1)) -> 0 | W6817: =IF(C6817=2400,ROUND(L6817,3),"") | X6817: =IF(C6817=2400,ROUND(M6817,3),"") | Y6817: =IF(C6817=2400,ROUND(F6817/100,3),"") | AA6817: =ROUND((0.6105*(EXP((17.273*J6817)/(J6817+237.3))))*K6817/100,3) -> 0 | AB6817: =ROUND(AA6817/K6817*(100-K6817),3) -> #DIV/0!
...

Sheet DataDay
A1: HoBo station PL daily 2019 calcuated from hourly file | AB1: Estimated from hourly data | AF1: Calc from snowfall | AO1: PB | AU1: For PL assessment see worksheet PBvPL for graphs
A2: Last edit 20/12/25 | Q2: Daily PL | AB2: Estimated | AE2: 0 | AG2: Rain | AH2: TXRHn | AO2: Daily
S3: MJ/m2/d | T3: C | U3: C | V3: C | W3: % | X3: % | Y3: % | Z3: mm | AA3: m/s | AB3: m/s | AC3: m3/m3 | AD3: m3/m3 | AE3: m | AF3: PPT | AG3: PPT | AH3: vpres | AI3: vpdX | AK3: MJ/m2/d | AR3: From hourly file | AY3: From hourly file
A4: Row Labels | B4: Count of Temperature | C4: Average of SolAdj | D4: Average of Temperature | E4: Max of Temperature | F4: Min of Temperature | G4: Average of RH | H4: Max of RH | I4: Min of RH | J4: Sum of Rain | K4: Average of Wind | L4: Max of Gust | M4: Max of vol10_2400 | N4: Max of vol20_2400 | O4: Max of Snw2400 | Q4: DoY | R4: Hours | S4: Solar | T4: Tave | U4: Tmax | V4: Tmin | W4: RHAve | X4: RHMax | Y4: RHMin | Z4: Rain | AA4: Wind | AB4: WindMax | AC4: vol10_2400 | AD4: vol20_2400 | AE4: SnwD2400 | AF4: mm | AG4: mm | AH4: kPa | AI4: kPa | AK4: ClearSky | AO4: Solar | AP4: Tave | AQ4: Tmax | AR4: Tmin | AS4: RHAve | AT4: RHMax | AU4: RHMin | AV4: Rain | AW4: Wind | AX4: WindMax | AY4: Snow | AZ4: RHMin | BA4: Rain | BB4: Wind | BC4: WindMax | BD4: Snow
A5: 1 | B5: 24 | C5: 27.0375 | D5: -5.67275 | E5: -3.33 | F5: -9.134 | G5: 93.1875 | H5: 98.5 | I5: 79.2 | J5: 0 | K5: 0.75495833 | L5: 5.033 | M5: 0.19 | N5: 0.201 | Q5: =A5 -> 1 | R5: =B5 -> 24 | S5: =ROUND(C5*0.0864,2) -> 2.34 | T5: =ROUND(D5,1) -> -5.7 | U5: =ROUND(E5,1) -> -3.3 | V5: =ROUND(F5,1) -> -9.1 | W5: =ROUND(G5,1) -> 93.2 | X5: =ROUND(H5,1) -> 98.5 | Y5: =ROUND(I5,1) -> 79.2 | Z5: =ROUND(J5,2) -> 0 | AA5: =ROUND(K5,2) -> 0.75 | AB5: =ROUND(L5,2) -> 5.03 | AC5: =ROUND(M5,3) -> 0.19 | AD5: =ROUND(N5,3) -> 0.201 | AF5: NAN | AG5: =AF5 -> NAN | AH5: =ROUND((0.6105*(EXP((17.273*U5)/(U5+237.3))))*Y5/100,3) -> 0.379 | AI5: =ROUND(AH5/Y5*(100-Y5),3) -> 0.1 | AK5: 5.18 | AO5: 1.7 | AP5: -5.3 | AQ5: -2.8 | AR5: -8.5 | AS5: 92.5 | AT5: 94 | AU5: 90.1 | AV5: 0 | AW5: 0.72 | AX5: 3.07 | AY5: 0.854 | AZ5: 90.1 | BA5: 0 | BB5: 0.72 | BC5: 3.07 | BD5: 0.854
A6: 2 | B6: 24 | C6: 16.379167 | D6: -5.20775 | E6: -1.185 | F6: -9.508 | G6: 96.825 | H6: 98.6 | I6: 93.9 | J6: 0 | K6: 1.8453333 | L6: 9.562 | M6: 0.191 | N6: 0.201 | Q6: =A6 -> 2 | R6: =B6 -> 24 | S6: =ROUND(C6*0.0864,2) -> 1.42 | T6: =ROUND(D6,1) -> -5.2 | U6: =ROUND(E6,1) -> -1.2 | V6: =ROUND(F6,1) -> -9.5 | W6: =ROUND(G6,1) -> 96.8 | X6: =ROUND(H6,1) -> 98.6 | Y6: =ROUND(I6,1) -> 93.9 | Z6: =ROUND(J6,2) -> 0 | AA6: =ROUND(K6,2) -> 1.85 | AB6: =ROUND(L6,2) -> 9.56 | AC6: =ROUND(M6,3) -> 0.191 | AD6: =ROUND(N6,3) -> 0.201 | AF6: NAN | AG6: =AF6 -> NAN | AH6: =ROUND((0.6105*(EXP((17.273*U6)/(U6+237.3))))*Y6/100,3) -> 0.525 | AI6: =ROUND(AH6/Y6*(100-Y6),3) -> 0.034 | AK6: 5.22 | AO6: 1.28 | AP6: -4.1 | AQ6: -1.4 | AR6: -8.6 | AS6: 93.6 | AT6: 95.6 | AU6: 90.5 | AV6: 0 | AW6: 1.1 | AX6: 3.87 | AY6: 0.831 | AZ6: 90.5 | BA6: 0 | BB6: 1.1 | BC6: 3.87 | BD6: 0.831
A7: 3 | B7: 24 | C7: 20.416667 | D7: -3.7495833 | E7: -1.157 | F7: -8.099 | G7: 99.808333 | H7: 100 | I7: 98.4 | J7: 0 | K7: 1.5518333 | L7: 6.039 | M7: 0.191 | N7: 0.202 | Q7: =A7 -> 3 | R7: =B7 -> 24 | S7: =ROUND(C7*0.0864,2) -> 1.76 | T7: =ROUND(D7,1) -> -3.7 | U7: =ROUND(E7,1) -> -1.2 | V7: =ROUND(F7,1) -> -8.1 | W7: =ROUND(G7,1) -> 99.8 | X7: =ROUND(H7,1) -> 100 | Y7: =ROUND(I7,1) -> 98.4 | Z7: =ROUND(J7,2) -> 0 | AA7: =ROUND(K7,2) -> 1.55 | AB7: =ROUND(L7,2) -> 6.04 | AC7: =ROUND(M7,3) -> 0.191 | AD7: =ROUND(N7,3) -> 0.202 | AF7: NAN | AG7: =AF7 -> NAN | AH7: =ROUND((0.6105*(EXP((17.273*U7)/(U7+237.3))))*Y7/100,3) -> 0.55 | AI7: =ROUND(AH7/Y7*(100-Y7),3) -> 0.009 | AK7: 5.26 | AO7: 1.15 | AP7: -2.8 | AQ7: -1.3 | AR7: -4.7 | AS7: 94.7 | AT7: 96.1 | AU7: 93.3 | AV7: 0 | AW7: 1.93 | AX7: 5.09 | AY7: 0.823 | AZ7: 93.3 | BA7: 0 | BB7: 1.93 | BC7: 5.09 | BD7: 0.823
A8: 4 | B8: 24 | C8: 54.245833 | D8: -3.4182083 | E8: -1.356 | F8: -5.636 | G8: 95.666667 | H8: 100 | I8: 87.6 | J8: 0 | K8: 1.3630417 | L8: 8.556 | M8: 0.191 | N8: 0.202 | Q8: =A8 -> 4 | R8: =B8 -> 24 | S8: =ROUND(C8*0.0864,2) -> 4.69 | T8: =ROUND(D8,1) -> -3.4 | U8: =ROUND(E8,1) -> -1.4 | V8: =ROUND(F8,1) -> -5.6 | W8: =ROUND(G8,1) -> 95.7 | X8: =ROUND(H8,1) -> 100 | Y8: =ROUND(I8,1) -> 87.6 | Z8: =ROUND(J8,2) -> 0 | AA8: =ROUND(K8,2) -> 1.36 | AB8: =ROUND(L8,2) -> 8.56 | AC8: =ROUND(M8,3) -> 0.191 | AD8: =ROUND(N8,3) -> 0.202 | AF8: NAN | AG8: =AF8 -> NAN | AH8: =ROUND((0.6105*(EXP((17.273*U8)/(U8+237.3))))*Y8/100,3) -> 0.483 | AI8: =ROUND(AH8/Y8*(100-Y8),3) -> 0.068 | AK8: 5.31 | AO8: 4.38 | AP8: -3.4 | AQ8: -0.4 | AR8: -6.4 | AS8: 93.5 | AT8: 95.3 | AU8: 91.9 | AV8: 0 | AW8: 1.78 | AX8: 5.12 | AY8: 0.801 | AZ8: 91.9 | BA8: 0 | BB8: 1.78 | BC8: 5.12 | BD8: 0.801
A9: 5 | B9: 24 | C9: 26.020833 | D9: -4.2912083 | E9: -3.094 | F9: -5.388 | G9: 99.533333 | H9: 100 | I9: 96.6 | J9: 0 | K9: 2.830875 | L9: 12.078 | M9: 0.191 | N9: 0.203 | Q9: =A9 -> 5 | R9: =B9 -> 24 | S9: =ROUND(C9*0.0864,2) -> 2.25 | T9: =ROUND(D9,1) -> -4.3 | U9: =ROUND(E9,1) -> -3.1 | V9: =ROUND(F9,1) -> -5.4 | W9: =ROUND(G9,1) -> 99.5 | X9: =ROUND(H9,1) -> 100 | Y9: =ROUND(I9,1) -> 96.6 | Z9: =ROUND(J9,2) -> 0 | AA9: =ROUND(K9,2) -> 2.83 | AB9: =ROUND(L9,2) -> 12.08 | AC9: =ROUND(M9,3) -> 0.191 | AD9: =ROUND(N9,3) -> 0.203 | AF9: NAN | AG9: =AF9 -> NAN | AH9: =ROUND((0.6105*(EXP((17.273*U9)/(U9+237.3))))*Y9/100,3) -> 0.469 | AI9: =ROUND(AH9/Y9*(100-Y9),3) -> 0.017 | AK9: 5.36 | AO9: 1.68 | AP9: -4.3 | AQ9: -2.5 | AR9: -5.3 | AS9: 93.6 | AT9: 94 | AU9: 93.2 | AV9: 0 | AW9: 2.24 | AX9: 6.49 | AY9: 0.789 | AZ9: 93.2 | BA9: 0 | BB9: 2.24 | BC9: 6.49 | BD9: 0.789
A10: 6 | B10: 24 | C10: 59.7125 | D10: -6.2687917 | E10: -3.777 | F10: -10.406 | G10: 96.391667 | H10: 100 | I10: 82 | J10: 0 | K10: 3.019625 | L10: 11.575 | M10: 0.191 | N10: 0.204 | Q10: =A10 -> 6 | R10: =B10 -> 24 | S10: =ROUND(C10*0.0864,2) -> 5.16 | T10: =ROUND(D10,1) -> -6.3 | U10: =ROUND(E10,1) -> -3.8 | V10: =ROUND(F10,1) -> -10.4 | W10: =ROUND(G10,1) -> 96.4 | X10: =ROUND(H10,1) -> 100 | Y10: =ROUND(I10,1) -> 82 | Z10: =ROUND(J10,2) -> 0 | AA10: =ROUND(K10,2) -> 3.02 | AB10: =ROUND(L10,2) -> 11.58 | AC10: =ROUND(M10,3) -> 0.191 | AD10: =ROUND(N10,3) -> 0.204 | AF10: NAN | AG10: =AF10 -> NAN | AH10: =ROUND((0.6105*(EXP((17.273*U10)/(U10+237.3))))*Y10/100,3) -> 0.378 | AI10: =ROUND(AH10/Y10*(100-Y10),3) -> 0.083 | AK10: 5.41 | AO10: 4.08 | AP10: -6.3 | AQ10: -3.8 | AR10: -9.9 | AS10: 90.4 | AT10: 94.2 | AU10: 79.2 | AV10: 0 | AW10: 1.91 | AX10: 5.37 | AY10: 0.781 | AZ10: 79.2 | BA10: 0 | BB10: 1.91 | BC10: 5.37 | BD10: 0.781
A11: 7 | B11: 24 | C11: 69.295833 | D11: -10.136208 | E11: -7.575 | F11: -15.144 | G11: 91.520833 | H11: 98.6 | I11: 76.2 | J11: 0 | K11: 3.0615833 | L11: 14.092 | M11: 0.191 | N11: 0.204 | Q11: =A11 -> 7 | R11: =B11 -> 24 | S11: =ROUND(C11*0.0864,2) -> 5.99 | T11: =ROUND(D11,1) -> -10.1 | U11: =ROUND(E11,1) -> -7.6 | V11: =ROUND(F11,1) -> -15.1 | W11: =ROUND(G11,1) -> 91.5 | X11: =ROUND(H11,1) -> 98.6 | Y11: =ROUND(I11,1) -> 76.2 | Z11: =ROUND(J11,2) -> 0 | AA11: =ROUND(K11,2) -> 3.06 | AB11: =ROUND(L11,2) -> 14.09 | AC11: =ROUND(M11,3) -> 0.191 | AD11: =ROUND(N11,3) -> 0.204 | AF11: NAN | AG11: =AF11 -> NAN | AH11: =ROUND((0.6105*(EXP((17.273*U11)/(U11+237.3))))*Y11/100,3) -> 0.263 | AI11: =ROUND(AH11/Y11*(100-Y11),3) -> 0.082 | AK11: 5.47 | AO11: 5.05 | AP11: -10.2 | AQ11: -7.5 | AR11: -15 | AS11: 83.7 | AT11: 91 | AU11: 68.2 | AV11: 0 | AW11: 1.55 | AX11: 5.53 | AY11: 0.783 | AZ11: 68.2 | BA11: 0 | BB11: 1.55 | BC11: 5.53 | BD11: 0.783
A12: 8 | B12: 24 | C12: 23.983333 | D12: -11.399792 | E12: -8.463 | F12: -15.425 | G12: 83.804167 | H12: 96.8 | I12: 57.8 | J12: 0 | K12: 3.9002917 | L12: 12.078 | M12: 0.191 | N12: 0.204 | Q12: =A12 -> 8 | R12: =B12 -> 24 | S12: =ROUND(C12*0.0864,2) -> 2.07 | T12: =ROUND(D12,1) -> -11.4 | U12: =ROUND(E12,1) -> -8.5 | V12: =ROUND(F12,1) -> -15.4 | W12: =ROUND(G12,1) -> 83.8 | X12: =ROUND(H12,1) -> 96.8 | Y12: =ROUND(I12,1) -> 57.8 | Z12: =ROUND(J12,2) -> 0 | AA12: =ROUND(K12,2) -> 3.9 | AB12: =ROUND(L12,2) -> 12.08 | AC12: =ROUND(M12,3) -> 0.191 | AD12: =ROUND(N12,3) -> 0.204 | AF12: NAN | AG12: =AF12 -> NAN | AH12: =ROUND((0.6105*(EXP((17.273*U12)/(U12+237.3))))*Y12/100,3) -> 0.186 | AI12: =ROUND(AH12/Y12*(100-Y12),3) -> 0.136 | AK12: 5.53 | AO12: 1.86 | AP12: -11.4 | AQ12: -7.7 | AR12: -15.3 | AS12: 78.7 | AT12: 91.1 | AU12: 55 | AV12: 0 | AW12: 2.37 | AX12: 6.07 | AY12: 0.816 | AZ12: 55 | BA12: 0 | BB12: 2.37 | BC12: 6.07 | BD12: 0.816
A13: 9 | B13: 24 | C13: 18.254167 | D13: -4.0515833 | E13: -1.384 | F13: -7.64 | G13: 99.479167 | H13: 100 | I13: 97.3 | J13: 0 | K13: 2.4324583 | L13: 8.052 | M13: 0.191 | N13: 0.204 | Q13: =A13 -> 9 | R13: =B13 -> 24 | S13: =ROUND(C13*0.0864,2) -> 1.58 | T13: =ROUND(D13,1) -> -4.1 | U13: =ROUND(E13,1) -> -1.4 | V13: =ROUND(F13,1) -> -7.6 | W13: =ROUND(G13,1) -> 99.5 | X13: =ROUND(H13,1) -> 100 | Y13: =ROUND(I13,1) -> 97.3 | Z13: =ROUND(J13,2) -> 0 | AA13: =ROUND(K13,2) -> 2.43 | AB13: =ROUND(L13,2) -> 8.05 | AC13: =ROUND(M13,3) -> 0.191 | AD13: =ROUND(N13,3) -> 0.204 | AF13: NAN | AG13: =AF13 -> NAN | AH13: =ROUND((0.6105*(EXP((17.273*U13)/(U13+237.3))))*Y13/100,3) -> 0.536 | AI13: =ROUND(AH13/Y13*(100-Y13),3) -> 0.015 | AK13: 5.6 | AO13: 1.3 | AP13: -3.7 | AQ13: -1.7 | AR13: -7.2 | AS13: 94 | AT13: 95.6 | AU13: 91.5 | AV13: 0 | AW13: 2.14 | AX13: 5.25 | AY13: 0.809 | AZ13: 91.5 | BA13: 0 | BB13: 2.14 | BC13: 5.25 | BD13: 0.809
A14: 10 | B14: 24 | C14: 42.941667 | D14: -2.736875 | E14: 0.163 | F14: -4.378 | G14: 99.991667 | H14: 100 | I14: 99.8 | J14: 0 | K14: 1.3420833 | L14: 6.543 | M14: 0.191 | N14: 0.203 | Q14: =A14 -> 10 | R14: =B14 -> 24 | S14: =ROUND(C14*0.0864,2) -> 3.71 | T14: =ROUND(D14,1) -> -2.7 | U14: =ROUND(E14,1) -> 0.2 | V14: =ROUND(F14,1) -> -4.4 | W14: =ROUND(G14,1) -> 100 | X14: =ROUND(H14,1) -> 100 | Y14: =ROUND(I14,1) -> 99.8 | Z14: =ROUND(J14,2) -> 0 | AA14: =ROUND(K14,2) -> 1.34 | AB14: =ROUND(L14,2) -> 6.54 | AC14: =ROUND(M14,3) -> 0.191 | AD14: =ROUND(N14,3) -> 0.203 | AF14: NAN | AG14: =AF14 -> NAN | AH14: =ROUND((0.6105*(EXP((17.273*U14)/(U14+237.3))))*Y14/100,3) -> 0.618 | AI14: =ROUND(AH14/Y14*(100-Y14),3) -> 0.001 | AK14: 5.67 | AO14: 4.67 | AP14: -2.5 | AQ14: 1.3 | AR14: -4.4 | AS14: 94.6 | AT14: 96.3 | AU14: 92.6 | AV14: 0 | AW14: 1.22 | AX14: 3.65 | AY14: 0.804 | AZ14: 92.6 | BA14: 0 | BB14: 1.22 | BC14: 3.65 | BD14: 0.804
A15: 11 | B15: 24 | C15: 34.8125 | D15: -3.6397083 | E15: -1.242 | F15: -4.926 | G15: 100 | H15: 100 | I15: 100 | J15: 0 | K15: 1.4889167 | L15: 6.039 | M15: 0.191 | N15: 0.204 | Q15: =A15 -> 11 | R15: =B15 -> 24 | S15: =ROUND(C15*0.0864,2) -> 3.01 | T15: =ROUND(D15,1) -> -3.6 | U15: =ROUND(E15,1) -> -1.2 | V15: =ROUND(F15,1) -> -4.9 | W15: =ROUND(G15,1) -> 100 | X15: =ROUND(H15,1) -> 100 | Y15: =ROUND(I15,1) -> 100 | Z15: =ROUND(J15,2) -> 0 | AA15: =ROUND(K15,2) -> 1.49 | AB15: =ROUND(L15,2) -> 6.04 | AC15: =ROUND(M15,3) -> 0.191 | AD15: =ROUND(N15,3) -> 0.204 | AF15: NAN | AG15: =AF15 -> NAN | AH15: =ROUND((0.6105*(EXP((17.273*U15)/(U15+237.3))))*Y15/100,3) -> 0.559 | AI15: =ROUND(AH15/Y15*(100-Y15),3) -> 0 | AK15: 5.74 | AO15: 2.44 | AP15: -3.5 | AQ15: -0.7 | AR15: -4.9 | AS15: 94.1 | AT15: 95 | AU15: 93.4 | AV15: 0 | AW15: 1.71 | AX15: 4.37 | AY15: 0.803 | AZ15: 93.4 | BA15: 0 | BB15: 1.71 | BC15: 4.37 | BD15: 0.803
A16: 12 | B16: 24 | C16: 60.758333 | D16: -3.432875 | E16: -1.128 | F16: -4.621 | G16: 97.65 | H16: 100 | I16: 84.3 | J16: 0 | K16: 2.5165417 | L16: 7.549 | M16: 0.191 | N16: 0.204 | Q16: =A16 -> 12 | R16: =B16 -> 24 | S16: =ROUND(C16*0.0864,2) -> 5.25 | T16: =ROUND(D16,1) -> -3.4 | U16: =ROUND(E16,1) -> -1.1 | V16: =ROUND(F16,1) -> -4.6 | W16: =ROUND(G16,1) -> 97.7 | X16: =ROUND(H16,1) -> 100 | Y16: =ROUND(I16,1) -> 84.3 | Z16: =ROUND(J16,2) -> 0 | AA16: =ROUND(K16,2) -> 2.52 | AB16: =ROUND(L16,2) -> 7.55 | AC16: =ROUND(M16,3) -> 0.191 | AD16: =ROUND(N16,3) -> 0.204 | AF16: NAN | AG16: =AF16 -> NAN | AH16: =ROUND((0.6105*(EXP((17.273*U16)/(U16+237.3))))*Y16/100,3) -> 0.475 | AI16: =ROUND(AH16/Y16*(100-Y16),3) -> 0.088 | AK16: 5.82 | AO16: 4.83 | AP16: -3.3 | AQ16: -1.2 | AR16: -4.3 | AS16: 85.4 | AT16: 93.5 | AU16: 71 | AV16: 0 | AW16: 1.67 | AX16: 3.92 | AY16: 0.776 | AZ16: 71 | BA16: 0 | BB16: 1.67 | BC16: 3.92 | BD16: 0.776
... A73: 69 | B73: 24 | C73: 190.39583 | D73: -8.2003333 | E73: -1.015 | F73: -14.471 | G73: 77.329167 | H73: 92.3 | I73: 56.1 | J73: 2.8 | K73: 1.2163333 | L73: 6.039 | M73: 0.19 | N73: 0.199 | Q73: =A73 -> 69 | R73: =B73 -> 24 | S73: =ROUND(C73*0.0864,2) -> 16.45 | T73: =ROUND(D73,1) -> -8.2 | U73: =ROUND(E73,1) -> -1 | V73: =ROUND(F73,1) -> -14.5 | W73: =ROUND(G73,1) -> 77.3 | X73: =ROUND(H73,1) -> 92.3 | Y73: =ROUND(I73,1) -> 56.1 | Z73: =ROUND(J73,2) -> 2.8 | AA73: =ROUND(K73,2) -> 1.22 | AB73: =ROUND(L73,2) -> 6.04 | AC73: =ROUND(M73,3) -> 0.19 | AD73: =ROUND(N73,3) -> 0.199 | AF73: NAN | AG73: =AF73 -> NAN | AH73: =ROUND((0.6105*(EXP((17.273*U73)/(U73+237.3))))*Y73/100,3) -> 0.318 | AI73: =ROUND(AH73/Y73*(100-Y73),3) -> 0.249 | AK73: 15.88 | AO73: 13.8 | AP73: -7.4 | AQ73: 0.2 | AR73: -14 | AS73: 70.7 | AT73: 86 | AU73: 38.9 | AV73: 0 | AW73: 0.94 | AX73: 3.1 | AY73: 1.142 | AZ73: 38.9 | BA73: 0 | BB73: 0.94 | BC73: 3.1 | BD73: 1.142
A74: 70 | B74: 24 | C74: 80.55 | D74: -8.403 | E74: -6.231 | F74: -10.441 | G74: 78.966667 | H74: 91 | I74: 65.2 | J74: 0 | K74: 4.068 | L74: 11.575 | M74: 0.189 | N74: 0.199 | O74: 0.866 | Q74: =A74 -> 70 | R74: =B74 -> 24 | S74: =ROUND(C74*0.0864,2) -> 6.96 | T74: =ROUND(D74,1) -> -8.4 | U74: =ROUND(E74,1) -> -6.2 | V74: =ROUND(F74,1) -> -10.4 | W74: =ROUND(G74,1) -> 79 | X74: =ROUND(H74,1) -> 91 | Y74: =ROUND(I74,1) -> 65.2 | Z74: =ROUND(J74,2) -> 0 | AA74: =ROUND(K74,2) -> 4.07 | AB74: =ROUND(L74,2) -> 11.58 | AC74: =ROUND(M74,3) -> 0.189 | AD74: =ROUND(N74,3) -> 0.199 | AE74: =ROUND(O74-AE$2,3) -> 0.866 | AF74: NAN | AG74: =AF74 -> NAN | AH74: =ROUND((0.6105*(EXP((17.273*U74)/(U74+237.3))))*Y74/100,3) -> 0.25 | AI74: =ROUND(AH74/Y74*(100-Y74),3) -> 0.133 | AK74: 16.13 | AO74: 7.33 | AP74: -7.9 | AQ74: -5.6 | AR74: -10 | AS74: 73.2 | AT74: 87 | AU74: 62.5 | AV74: 0 | AW74: 1.87 | AX74: 4.64 | AY74: 1.126 | AZ74: 62.5 | BA74: 0 | BB74: 1.87 | BC74: 4.64 | BD74: 1.126
A75: 71 | B75: 24 | C75: 82.5 | D75: -7.2385833 | E75: -5.76 | F75: -9.61 | G75: 95.1875 | H75: 96.3 | I75: 91.4 | J75: 0 | K75: 1.8034583 | L75: 10.569 | M75: 0.189 | N75: 0.199 | O75: 0.878 | Q75: =A75 -> 71 | R75: =B75 -> 24 | S75: =ROUND(C75*0.0864,2) -> 7.13 | T75: =ROUND(D75,1) -> -7.2 | U75: =ROUND(E75,1) -> -5.8 | V75: =ROUND(F75,1) -> -9.6 | W75: =ROUND(G75,1) -> 95.2 | X75: =ROUND(H75,1) -> 96.3 | Y75: =ROUND(I75,1) -> 91.4 | Z75: =ROUND(J75,2) -> 0 | AA75: =ROUND(K75,2) -> 1.8 | AB75: =ROUND(L75,2) -> 10.57 | AC75: =ROUND(M75,3) -> 0.189 | AD75: =ROUND(N75,3) -> 0.199 | AE75: =ROUND(O75-AE$2,3) -> 0.878 | AF75: =IF(AE75>AE74,ROUND((AE75-AE74)*130,1),0) -> 1.6 | AG75: =AF75 -> 1.6 | AH75: =ROUND((0.6105*(EXP((17.273*U75)/(U75+237.3))))*Y75/100,3) -> 0.362 | AI75: =ROUND(AH75/Y75*(100-Y75),3) -> 0.034 | AK75: 16.39 | AO75: 4.98 | AP75: -7.2 | AQ75: -5.7 | AR75: -9.9 | AS75: 88.6 | AT75: 91.1 | AU75: 82.9 | AV75: 0 | AW75: 1.13 | AX75: 5.24 | AY75: 1.137 | AZ75: 82.9 | BA75: 0 | BB75: 1.13 | BC75: 5.24 | BD75: 1.137
A76: 72 | B76: 24 | C76: 159.425 | D76: -7.7479583 | E76: -2.537 | F76: -10.969 | G76: 80.041667 | H76: 94.8 | I76: 54.5 | J76: 0.2 | K76: 1.7195833 | L76: 8.556 | M76: 0.189 | N76: 0.199 | O76: 0.892 | Q76: =A76 -> 72 | R76: =B76 -> 24 | S76: =ROUND(C76*0.0864,2) -> 13.77 | T76: =ROUND(D76,1) -> -7.7 | U76: =ROUND(E76,1) -> -2.5 | V76: =ROUND(F76,1) -> -11 | W76: =ROUND(G76,1) -> 80 | X76: =ROUND(H76,1) -> 94.8 | Y76: =ROUND(I76,1) -> 54.5 | Z76: =ROUND(J76,2) -> 0.2 | AA76: =ROUND(K76,2) -> 1.72 | AB76: =ROUND(L76,2) -> 8.56 | AC76: =ROUND(M76,3) -> 0.189 | AD76: =ROUND(N76,3) -> 0.199 | AE76: =ROUND(O76-AE$2,3) -> 0.892 | AF76: =IF(AE76>AE75,ROUND((AE76-AE75)*130,1),0) -> 1.8 | AG76: =AF76 -> 1.8 | AH76: =ROUND((0.6105*(EXP((17.273*U76)/(U76+237.3))))*Y76/100,3) -> 0.277 | AI76: =ROUND(AH76/Y76*(100-Y76),3) -> 0.231 | AK76: 16.64 | AO76: 12.44 | AP76: -7.8 | AQ76: -2.5 | AR76: -11.1 | AS76: 72 | AT76: 85.5 | AU76: 48.5 | AV76: 0 | AW76: 1.09 | AX76: 3.83 | AY76: 1.127 | AZ76: 48.5 | BA76: 0 | BB76: 1.09 | BC76: 3.83 | BD76: 1.127
A77: 73 | B77: 24 | C77: 149.52917 | D77: -5.15475 | E77: -0.93 | F77: -10.371 | G77: 70.4375 | H77: 87.1 | I77: 50.5 | J77: 1.6 | K77: 1.0065 | L77: 6.543 | M77: 0.189 | N77: 0.199 | O77: 0.879 | Q77: =A77 -> 73 | R77: =B77 -> 24 | S77: =ROUND(C77*0.0864,2) -> 12.92 | T77: =ROUND(D77,1) -> -5.2 | U77: =ROUND(E77,1) -> -0.9 | V77: =ROUND(F77,1) -> -10.4 | W77: =ROUND(G77,1) -> 70.4 | X77: =ROUND(H77,1) -> 87.1 | Y77: =ROUND(I77,1) -> 50.5 | Z77: =ROUND(J77,2) -> 1.6 | AA77: =ROUND(K77,2) -> 1.01 | AB77: =ROUND(L77,2) -> 6.54 | AC77: =ROUND(M77,3) -> 0.189 | AD77: =ROUND(N77,3) -> 0.199 | AE77: =ROUND(O77-AE$2,3) -> 0.879 | AF77: =IF(AE77>AE76,ROUND((AE77-AE76)*130,1),0) -> 0 | AG77: =AF77 -> 0 | AH77: =ROUND((0.6105*(EXP((17.273*U77)/(U77+237.3))))*Y77/100,3) -> 0.289 | AI77: =ROUND(AH77/Y77*(100-Y77),3) -> 0.283 | AK77: 16.9 | AO77: 11.92 | AP77: -4.4 | AQ77: 1.6 | AR77: -10.1 | AS77: 62.4 | AT77: 84 | AU77: 38.5 | AV77: 0 | AW77: 0.91 | AX77: 3.57 | AY77: 1.117 | AZ77: 38.5 | BA77: 0 | BB77: 0.91 | BC77: 3.57 | BD77: 1.117
A78: 74 | B78: 24 | C78: 145.10417 | D78: -2.9555 | E78: 2.262 | F78: -6.01 | G78: 79.675 | H78: 89.8 | I78: 56.6 | J78: 0 | K78: 2.2017917 | L78: 9.059 | M78: 0.189 | N78: 0.199 | O78: 0.84 | Q78: =A78 -> 74 | R78: =B78 -> 24 | S78: =ROUND(C78*0.0864,2) -> 12.54 | T78: =ROUND(D78,1) -> -3 | U78: =ROUND(E78,1) -> 2.3 | V78: =ROUND(F78,1) -> -6 | W78: =ROUND(G78,1) -> 79.7 | X78: =ROUND(H78,1) -> 89.8 | Y78: =ROUND(I78,1) -> 56.6 | Z78: =ROUND(J78,2) -> 0 | AA78: =ROUND(K78,2) -> 2.2 | AB78: =ROUND(L78,2) -> 9.06 | AC78: =ROUND(M78,3) -> 0.189 | AD78: =ROUND(N78,3) -> 0.199 | AE78: =ROUND(O78-AE$2,3) -> 0.84 | AF78: =IF(AE78>AE77,ROUND((AE78-AE77)*130,1),0) -> 0 | AG78: =AF78 -> 0 | AH78: =ROUND((0.6105*(EXP((17.273*U78)/(U78+237.3))))*Y78/100,3) -> 0.408 | AI78: =ROUND(AH78/Y78*(100-Y78),3) -> 0.313 | AK78: 17.16 | AO78: 10.98 | AP78: -2.2 | AQ78: 5 | AR78: -6.1 | AS78: 72.7 | AT78: 87.8 | AU78: 42.2 | AV78: 0 | AW78: 1.23 | AX78: 4.09 | AY78: 1.09 | AZ78: 42.2 | BA78: 0 | BB78: 1.23 | BC78: 4.09 | BD78: 1.09
A79: 75 | B79: 24 | C79: 188.125 | D79: -1.2759167 | E79: 4.324 | F79: -6.42 | G79: 74.129167 | H79: 89.5 | I79: 49.4 | J79: 0 | K79: 1.7615 | L79: 5.536 | M79: 0.189 | N79: 0.199 | O79: 0.838 | Q79: =A79 -> 75 | R79: =B79 -> 24 | S79: =ROUND(C79*0.0864,2) -> 16.25 | T79: =ROUND(D79,1) -> -1.3 | U79: =ROUND(E79,1) -> 4.3 | V79: =ROUND(F79,1) -> -6.4 | W79: =ROUND(G79,1) -> 74.1 | X79: =ROUND(H79,1) -> 89.5 | Y79: =ROUND(I79,1) -> 49.4 | Z79: =ROUND(J79,2) -> 0 | AA79: =ROUND(K79,2) -> 1.76 | AB79: =ROUND(L79,2) -> 5.54 | AC79: =ROUND(M79,3) -> 0.189 | AD79: =ROUND(N79,3) -> 0.199 | AE79: =ROUND(O79-AE$2,3) -> 0.838 | AF79: =IF(AE79>AE78,ROUND((AE79-AE78)*130,1),0) -> 0 | AG79: =AF79 -> 0 | AH79: =ROUND((0.6105*(EXP((17.273*U79)/(U79+237.3))))*Y79/100,3) -> 0.41 | AI79: =ROUND(AH79/Y79*(100-Y79),3) -> 0.42 | AK79: 17.42 | AO79: 15.21 | AP79: -0.3 | AQ79: 7.8 | AR79: -5.5 | AS79: 65.8 | AT79: 85 | AU79: 34.9 | AV79: 0 | AW79: 0.99 | AX79: 2.92 | AY79: 1.066 | AZ79: 34.9 | BA79: 0 | BB79: 0.99 | BC79: 2.92 | BD79: 1.066
A80: 76 | B80: 24 | C80: 207.82083 | D80: 1.38725 | E80: 5.898 | F80: -3.568 | G80: 60.4375 | H80: 86.4 | I80: 39.6 | J80: 0 | K80: 2.432625 | L80: 9.059 | M80: 0.19 | N80: 0.202 | O80: 0.809 | Q80: =A80 -> 76 | R80: =B80 -> 24 | S80: =ROUND(C80*0.0864,2) -> 17.96 | T80: =ROUND(D80,1) -> 1.4 | U80: =ROUND(E80,1) -> 5.9 | V80: =ROUND(F80,1) -> -3.6 | W80: =ROUND(G80,1) -> 60.4 | X80: =ROUND(H80,1) -> 86.4 | Y80: =ROUND(I80,1) -> 39.6 | Z80: =ROUND(J80,2) -> 0 | AA80: =ROUND(K80,2) -> 2.43 | AB80: =ROUND(L80,2) -> 9.06 | AC80: =ROUND(M80,3) -> 0.19 | AD80: =ROUND(N80,3) -> 0.202 | AE80: =ROUND(O80-AE$2,3) -> 0.809 | AF80: =IF(AE80>AE79,ROUND((AE80-AE79)*130,1),0) -> 0 | AG80: =AF80 -> 0 | AH80: =ROUND((0.6105*(EXP((17.273*U80)/(U80+237.3))))*Y80/100,3) -> 0.368 | AI80: =ROUND(AH80/Y80*(100-Y80),3) -> 0.561 | AK80: 17.68 | AO80: 16.43 | AP80: 1.5 | AQ80: 6.1 | AR80: -2.9 | AS80: 54.5 | AT80: 78.7 | AU80: 36.2 | AV80: 0 | AW80: 1.76 | AX80: 4.94 | AY80: 1.039 | AZ80: 36.2 | BA80: 0 | BB80: 1.76 | BC80: 4.94 | BD80: 1.039
A81: 77 | B81: 24 | C81: 212.8125 | D81: 3.4444583 | E81: 8.419 | F81: -2.305 | G81: 43.4125 | H81: 61 | I81: 24.3 | J81: 0 | K81: 2.1389167 | L81: 9.562 | M81: 0.191 | N81: 0.21 | O81: 0.771 | Q81: =A81 -> 77 | R81: =B81 -> 24 | S81: =ROUND(C81*0.0864,2) -> 18.39 | T81: =ROUND(D81,1) -> 3.4 | U81: =ROUND(E81,1) -> 8.4 | V81: =ROUND(F81,1) -> -2.3 | W81: =ROUND(G81,1) -> 43.4 | X81: =ROUND(H81,1) -> 61 | Y81: =ROUND(I81,1) -> 24.3 | Z81: =ROUND(J81,2) -> 0 | AA81: =ROUND(K81,2) -> 2.14 | AB81: =ROUND(L81,2) -> 9.56 | AC81: =ROUND(M81,3) -> 0.191 | AD81: =ROUND(N81,3) -> 0.21 | AE81: =ROUND(O81-AE$2,3) -> 0.771 | AF81: =IF(AE81>AE80,ROUND((AE81-AE80)*130,1),0) -> 0 | AG81: =AF81 -> 0 | AH81: =ROUND((0.6105*(EXP((17.273*U81)/(U81+237.3))))*Y81/100,3) -> 0.268 | AI81: =ROUND(AH81/Y81*(100-Y81),3) -> 0.835 | AK81: 17.94 | AO81: 16.94 | AP81: 4.3 | AQ81: 11.2 | AR81: -1.9 | AS81: 38.8 | AT81: 55.1 | AU81: 18.5 | AV81: 0 | AW81: 1.39 | AX81: 4.28 | AY81: 1.008 | AZ81: 18.5 | BA81: 0 | BB81: 1.39 | BC81: 4.28 | BD81: 1.008
A82: 78 | B82: 24 | C82: 214.68333 | D82: 6.0013333 | E82: 11.321 | F82: 0.797 | G82: 35.529167 | H82: 51.1 | I82: 25.7 | J82: 0 | K82: 1.9921667 | L82: 7.046 | M82: 0.194 | N82: 0.232 | O82: 0.702 | Q82: =A82 -> 78 | R82: =B82 -> 24 | S82: =ROUND(C82*0.0864,2) -> 18.55 | T82: =ROUND(D82,1) -> 6 | U82: =ROUND(E82,1) -> 11.3 | V82: =ROUND(F82,1) -> 0.8 | W82: =ROUND(G82,1) -> 35.5 | X82: =ROUND(H82,1) -> 51.1 | Y82: =ROUND(I82,1) -> 25.7 | Z82: =ROUND(J82,2) -> 0 | AA82: =ROUND(K82,2) -> 1.99 | AB82: =ROUND(L82,2) -> 7.05 | AC82: =ROUND(M82,3) -> 0.194 | AD82: =ROUND(N82,3) -> 0.232 | AE82: =ROUND(O82-AE$2,3) -> 0.702 | AF82: =IF(AE82>AE81,ROUND((AE82-AE81)*130,1),0) -> 0 | AG82: =AF82 -> 0 | AH82: =ROUND((0.6105*(EXP((17.273*U82)/(U82+237.3))))*Y82/100,3) -> 0.344 | AI82: =ROUND(AH82/Y82*(100-Y82),3) -> 0.995 | AK82: 18.2 | AO82: 17.18 | AP82: 6.7 | AQ82: 12.9 | AR82: 1.3 | AS82: 31.6 | AT82: 47 | AU82: 20.2 | AV82: 0 | AW82: 1.21 | AX82: 3.53 | AY82: 0.974 | AZ82: 20.2 | BA82: 0 | BB82: 1.21 | BC82: 3.53 | BD82: 0.974
A83: 79 | B83: 24 | C83: 217.92083 | D83: 7.992375 | E83: 12.364 | F83: 2.93 | G83: 31.004167 | H83: 39.8 | I83: 22.5 | J83: 0 | K83: 2.0550417 | L83: 9.059 | M83: 0.198 | N83: 0.249 | O83: 0.652 | Q83: =A83 -> 79 | R83: =B83 -> 24 | S83: =ROUND(C83*0.0864,2) -> 18.83 | T83: =ROUND(D83,1) -> 8 | U83: =ROUND(E83,1) -> 12.4 | V83: =ROUND(F83,1) -> 2.9 | W83: =ROUND(G83,1) -> 31 | X83: =ROUND(H83,1) -> 39.8 | Y83: =ROUND(I83,1) -> 22.5 | Z83: =ROUND(J83,2) -> 0 | AA83: =ROUND(K83,2) -> 2.06 | AB83: =ROUND(L83,2) -> 9.06 | AC83: =ROUND(M83,3) -> 0.198 | AD83: =ROUND(N83,3) -> 0.249 | AE83: =ROUND(O83-AE$2,3) -> 0.652 | AF83: =IF(AE83>AE82,ROUND((AE83-AE82)*130,1),0) -> 0 | AG83: =AF83 -> 0 | AH83: =ROUND((0.6105*(EXP((17.273*U83)/(U83+237.3))))*Y83/100,3) -> 0.324 | AI83: =ROUND(AH83/Y83*(100-Y83),3) -> 1.116 | AK83: 18.47 | AO83: 17.44 | AP83: 8.3 | AQ83: 14.7 | AR83: 3.5 | AS83: 30.1 | AT83: 41.7 | AU83: 18.4 | AV83: 0 | AW83: 1.6 | AX83: 4.09 | AY83: 0.938 | AZ83: 18.4 | BA83: 0 | BB83: 1.6 | BC83: 4.09 | BD83: 0.938
A84: 80 | B84: 24 | C84: 214.425 | D84: 6.613375 | E84: 11.88 | F84: 2.423 | G84: 34.116667 | H84: 50.3 | I84: 24.4 | J84: 0 | K84: 1.6985 | L84: 6.039 | M84: 0.201 | N84: 0.263 | O84: 0.629 | Q84: =A84 -> 80 | R84: =B84 -> 24 | S84: =ROUND(C84*0.0864,2) -> 18.53 | T84: =ROUND(D84,1) -> 6.6 | U84: =ROUND(E84,1) -> 11.9 | V84: =ROUND(F84,1) -> 2.4 | W84: =ROUND(G84,1) -> 34.1 | X84: =ROUND(H84,1) -> 50.3 | Y84: =ROUND(I84,1) -> 24.4 | Z84: =ROUND(J84,2) -> 0 | AA84: =ROUND(K84,2) -> 1.7 | AB84: =ROUND(L84,2) -> 6.04 | AC84: =ROUND(M84,3) -> 0.201 | AD84: =ROUND(N84,3) -> 0.263 | AE84: =ROUND(O84-AE$2,3) -> 0.629 | AF84: =IF(AE84>AE83,ROUND((AE84-AE83)*130,1),0) -> 0 | AG84: =AF84 -> 0 | AH84: =ROUND((0.6105*(EXP((17.273*U84)/(U84+237.3))))*Y84/100,3) -> 0.34 | AI84: =ROUND(AH84/Y84*(100-Y84),3) -> 1.053 | AK84: 18.73 | AO84: 17.2 | AP84: 7.7 | AQ84: 14.7 | AR84: 2.4 | AS84: 29.4 | AT84: 42.2 | AU84: 20.3 | AV84: 0 | AW84: 1.12 | AX84: 3.29 | AY84: 0.917 | AZ84: 20.3 | BA84: 0 | BB84: 1.12 | BC84: 3.29 | BD84: 0.917
A85: 81 | B85: 24 | C85: 215.00417 | D85: 5.2675 | E85: 9.78 | F85: 0.632 | G85: 45.116667 | H85: 90.2 | I85: 30.5 | J85: 0 | K85: 1.9711667 | L85: 7.549 | M85: 0.204 | N85: 0.276 | O85: 0.602 | Q85: =A85 -> 81 | R85: =B85 -> 24 | S85: =ROUND(C85*0.0864,2) -> 18.58 | T85: =ROUND(D85,1) -> 5.3 | U85: =ROUND(E85,1) -> 9.8 | V85: =ROUND(F85,1) -> 0.6 | W85: =ROUND(G85,1) -> 45.1 | X85: =ROUND(H85,1) -> 90.2 | Y85: =ROUND(I85,1) -> 30.5 | Z85: =ROUND(J85,2) -> 0 | AA85: =ROUND(K85,2) -> 1.97 | AB85: =ROUND(L85,2) -> 7.55 | AC85: =ROUND(M85,3) -> 0.204 | AD85: =ROUND(N85,3) -> 0.276 | AE85: =ROUND(O85-AE$2,3) -> 0.602 | AF85: =IF(AE85>AE84,ROUND((AE85-AE84)*130,1),0) -> 0 | AG85: =AF85 -> 0 | AH85: =ROUND((0.6105*(EXP((17.273*U85)/(U85+237.3))))*Y85/100,3) -> 0.369 | AI85: =ROUND(AH85/Y85*(100-Y85),3) -> 0.841 | AK85: 18.99 | AO85: 16.84 | AP85: 6.1 | AQ85: 12.5 | AR85: 0.6 | AS85: 42.8 | AT85: 92.1 | AU85: 23.9 | AV85: 0 | AW85: 1.27 | AX85: 3.94 | AY85: 0.893 | AZ85: 23.9 | BA85: 0 | BB85: 1.27 | BC85: 3.94 | BD85: 0.893
A86: 82 | B86: 24 | C86: 87.0375 | D86: 1.290625 | E86: 3.932 | F86: -0.507 | G86: 80.316667 | H86: 97.1 | I86: 63.6 | J86: 0.2 | K86: 1.3420833 | L86: 5.536 | M86: 0.205 | N86: 0.265 | O86: 0.594 | Q86: =A86 -> 82 | R86: =B86 -> 24 | S86: =ROUND(C86*0.0864,2) -> 7.52 | T86: =ROUND(D86,1) -> 1.3 | U86: =ROUND(E86,1) -> 3.9 | V86: =ROUND(F86,1) -> -0.5 | W86: =ROUND(G86,1) -> 80.3 | X86: =ROUND(H86,1) -> 97.1 | Y86: =ROUND(I86,1) -> 63.6 | Z86: =ROUND(J86,2) -> 0.2 | AA86: =ROUND(K86,2) -> 1.34 | AB86: =ROUND(L86,2) -> 5.54 | AC86: =ROUND(M86,3) -> 0.205 | AD86: =ROUND(N86,3) -> 0.265 | AE86: =ROUND(O86-AE$2,3) -> 0.594 | AF86: =IF(AE86>AE85,ROUND((AE86-AE85)*130,1),0) -> 0 | AG86: =AF86 -> 0 | AH86: =ROUND((0.6105*(EXP((17.273*U86)/(U86+237.3))))*Y86/100,3) -> 0.513 | AI86: =ROUND(AH86/Y86*(100-Y86),3) -> 0.294 | AK86: 19.25 | AO86: 7.48 | AP86: 1.5 | AQ86: 4.8 | AR86: -0.5 | AS86: 76.6 | AT86: 95.2 | AU86: 57 | AV86: 0 | AW86: 1.08 | AX86: 3.41 | AY86: 0.891 | AZ86: 57 | BA86: 0 | BB86: 1.08 | BC86: 3.41 | BD86: 0.891
... A130: 126 | B130: 24 | C130: 302.94583 | D130: 5.7863333 | E130: 11.127 | F130: 1.262 | G130: 54.720833 | H130: 73.8 | I130: 37.8 | J130: 0 | K130: 1.803375 | L130: 10.065 | M130: 0.317 | N130: 0.348 | O130: 0.001 | Q130: =A130 -> 126 | R130: =B130 -> 24 | S130: =ROUND(C130*0.0864,2) -> 26.17 | T130: =ROUND(D130,1) -> 5.8 | U130: =ROUND(E130,1) -> 11.1 | V130: =ROUND(F130,1) -> 1.3 | W130: =ROUND(G130,1) -> 54.7 | X130: =ROUND(H130,1) -> 73.8 | Y130: =ROUND(I130,1) -> 37.8 | Z130: =ROUND(J130,2) -> 0 | AA130: =ROUND(K130,2) -> 1.8 | AB130: =ROUND(L130,2) -> 10.07 | AC130: =ROUND(M130,3) -> 0.317 | AD130: =ROUND(N130,3) -> 0.348 | AE130: =ROUND(O130-AE$2,3) -> 0.001 | AF130: =IF(AE130>AE129,ROUND((AE130-AE129)*130,1),0) -> 0 | AG130: =AF130 -> 0 | AH130: =ROUND((0.6105*(EXP((17.273*U130)/(U130+237.3))))*Y130/100,3) -> 0.499 | AI130: =ROUND(AH130/Y130*(100-Y130),3) -> 0.821 | AK130: 29.55 | AO130: 23.35 | AP130: 5.9 | AQ130: 11 | AR130: 1 | AS130: 51.4 | AT130: 73.4 | AU130: 34.1 | AV130: 0 | AW130: 1.25 | AX130: 4.44 | AY130: 0.444 | AZ130: 34.1 | BA130: 0 | BB130: 1.25 | BC130: 4.44 | BD130: 0.444
A131: 127 | B131: 24 | C131: 315.23333 | D131: 5.9213333 | E131: 10.541 | F131: 1.453 | G131: 58.8625 | H131: 80.4 | I131: 42.3 | J131: 0 | K131: 1.5307917 | L131: 8.556 | M131: 0.322 | N131: 0.349 | O131: 0 | Q131: =A131 -> 127 | R131: =B131 -> 24 | S131: =ROUND(C131*0.0864,2) -> 27.24 | T131: =ROUND(D131,1) -> 5.9 | U131: =ROUND(E131,1) -> 10.5 | V131: =ROUND(F131,1) -> 1.5 | W131: =ROUND(G131,1) -> 58.9 | X131: =ROUND(H131,1) -> 80.4 | Y131: =ROUND(I131,1) -> 42.3 | Z131: =ROUND(J131,2) -> 0 | AA131: =ROUND(K131,2) -> 1.53 | AB131: =ROUND(L131,2) -> 8.56 | AC131: =ROUND(M131,3) -> 0.322 | AD131: =ROUND(N131,3) -> 0.349 | AE131: =ROUND(O131-AE$2,3) -> 0 | AG131: =Z131 -> 0 | AH131: =ROUND((0.6105*(EXP((17.273*U131)/(U131+237.3))))*Y131/100,3) -> 0.537 | AI131: =ROUND(AH131/Y131*(100-Y131),3) -> 0.733 | AK131: 29.72 | AO131: 26.04 | AP131: 5.8 | AQ131: 10.5 | AR131: 1.1 | AS131: 55.9 | AT131: 80.7 | AU131: 39 | AV131: 0 | AW131: 1.12 | AX131: 4.8 | AY131: 0.385 | AZ131: 39 | BA131: 0 | BB131: 1.12 | BC131: 4.8 | BD131: 0.385
A132: 128 | B132: 24 | C132: 262.89583 | D132: 6.4112917 | E132: 11.273 | F132: 2.289 | G132: 57.479167 | H132: 66.6 | I132: 44.6 | J132: 0 | K132: 1.2372083 | L132: 7.549 | M132: 0.319 | N132: 0.352 | O132: 0 | Q132: =A132 -> 128 | R132: =B132 -> 24 | S132: =ROUND(C132*0.0864,2) -> 22.71 | T132: =ROUND(D132,1) -> 6.4 | U132: =ROUND(E132,1) -> 11.3 | V132: =ROUND(F132,1) -> 2.3 | W132: =ROUND(G132,1) -> 57.5 | X132: =ROUND(H132,1) -> 66.6 | Y132: =ROUND(I132,1) -> 44.6 | Z132: =ROUND(J132,2) -> 0 | AA132: =ROUND(K132,2) -> 1.24 | AB132: =ROUND(L132,2) -> 7.55 | AC132: =ROUND(M132,3) -> 0.319 | AD132: =ROUND(N132,3) -> 0.352 | AE132: =ROUND(O132-AE$2,3) -> 0 | AG132: =Z132 -> 0 | AH132: =ROUND((0.6105*(EXP((17.273*U132)/(U132+237.3))))*Y132/100,3) -> 0.597 | AI132: =ROUND(AH132/Y132*(100-Y132),3) -> 0.742 | AK132: 29.89 | AO132: 22.49 | AP132: 6.2 | AQ132: 10.9 | AR132: 2.8 | AS132: 55.4 | AT132: 65.7 | AU132: 41.3 | AV132: 0 | AW132: 0.98 | AX132: 4.44 | AY132: 0.317 | AZ132: 41.3 | BA132: 0 | BB132: 0.98 | BC132: 4.44 | BD132: 0.317
A133: 129 | B133: 24 | C133: 323.45833 | D133: 8.2125417 | E133: 14.697 | F133: 2.423 | G133: 45.570833 | H133: 61.7 | I133: 30.1 | J133: 0 | K133: 1.7824583 | L133: 7.549 | M133: 0.306 | N133: 0.352 | O133: 0 | Q133: =A133 -> 129 | R133: =B133 -> 24 | S133: =ROUND(C133*0.0864,2) -> 27.95 | T133: =ROUND(D133,1) -> 8.2 | U133: =ROUND(E133,1) -> 14.7 | V133: =ROUND(F133,1) -> 2.4 | W133: =ROUND(G133,1) -> 45.6 | X133: =ROUND(H133,1) -> 61.7 | Y133: =ROUND(I133,1) -> 30.1 | Z133: =ROUND(J133,2) -> 0 | AA133: =ROUND(K133,2) -> 1.78 | AB133: =ROUND(L133,2) -> 7.55 | AC133: =ROUND(M133,3) -> 0.306 | AD133: =ROUND(N133,3) -> 0.352 | AE133: =ROUND(O133-AE$2,3) -> 0 | AG133: =Z133 -> 0 | AH133: =ROUND((0.6105*(EXP((17.273*U133)/(U133+237.3))))*Y133/100,3) -> 0.503 | AI133: =ROUND(AH133/Y133*(100-Y133),3) -> 1.168 | AK133: 30.06 | AO133: 26.77 | AP133: 8.4 | AQ133: 14.2 | AR133: 2.8 | AS133: 40.7 | AT133: 55.3 | AU133: 27.1 | AV133: 0 | AW133: 1.28 | AX133: 4.2 | AY133: 0.26 | AZ133: 27.1 | BA133: 0 | BB133: 1.28 | BC133: 4.2 | BD133: 0.26
A134: 130 | B134: 24 | C134: 319.34583 | D134: 10.175 | E134: 16.654 | F134: 3.722 | G134: 51.770833 | H134: 67 | I134: 38 | J134: 0 | K134: 1.6147917 | L134: 7.046 | M134: 0.282 | N134: 0.349 | O134: 0 | Q134: =A134 -> 130 | R134: =B134 -> 24 | S134: =ROUND(C134*0.0864,2) -> 27.59 | T134: =ROUND(D134,1) -> 10.2 | U134: =ROUND(E134,1) -> 16.7 | V134: =ROUND(F134,1) -> 3.7 | W134: =ROUND(G134,1) -> 51.8 | X134: =ROUND(H134,1) -> 67 | Y134: =ROUND(I134,1) -> 38 | Z134: =ROUND(J134,2) -> 0 | AA134: =ROUND(K134,2) -> 1.61 | AB134: =ROUND(L134,2) -> 7.05 | AC134: =ROUND(M134,3) -> 0.282 | AD134: =ROUND(N134,3) -> 0.349 | AE134: =ROUND(O134-AE$2,3) -> 0 | AG134: =Z134 -> 0 | AH134: =ROUND((0.6105*(EXP((17.273*U134)/(U134+237.3))))*Y134/100,3) -> 0.722 | AI134: =ROUND(AH134/Y134*(100-Y134),3) -> 1.178 | AK134: 30.22 | AO134: 24.08 | AP134: 10.8 | AQ134: 15.6 | AR134: 5.8 | AS134: 46.2 | AT134: 58.4 | AU134: 37.2 | AV134: 0 | AW134: 1.03 | AX134: 3.73 | AY134: 0.187 | AZ134: 37.2 | BA134: 0 | BB134: 1.03 | BC134: 3.73 | BD134: 0.187
A135: 131 | B135: 24 | C135: 286.75 | D135: 12.217958 | E135: 18.343 | F135: 5.796 | G135: 49.8625 | H135: 71.4 | I135: 33.3 | J135: 0 | K135: 2.411625 | L135: 11.575 | M135: 0.264 | N135: 0.316 | O135: 0 | Q135: =A135 -> 131 | R135: =B135 -> 24 | S135: =ROUND(C135*0.0864,2) -> 24.78 | T135: =ROUND(D135,1) -> 12.2 | U135: =ROUND(E135,1) -> 18.3 | V135: =ROUND(F135,1) -> 5.8 | W135: =ROUND(G135,1) -> 49.9 | X135: =ROUND(H135,1) -> 71.4 | Y135: =ROUND(I135,1) -> 33.3 | Z135: =ROUND(J135,2) -> 0 | AA135: =ROUND(K135,2) -> 2.41 | AB135: =ROUND(L135,2) -> 11.58 | AC135: =ROUND(M135,3) -> 0.264 | AD135: =ROUND(N135,3) -> 0.316 | AE135: =ROUND(O135-AE$2,3) -> 0 | AG135: =Z135 -> 0 | AH135: =ROUND((0.6105*(EXP((17.273*U135)/(U135+237.3))))*Y135/100,3) -> 0.7 | AI135: =ROUND(AH135/Y135*(100-Y135),3) -> 1.402 | AK135: 30.38 | AO135: 21.64 | AP135: 12.6 | AQ135: 17.8 | AR135: 7.4 | AS135: 45.6 | AT135: 62.5 | AU135: 32.2 | AV135: 0 | AW135: 1.32 | AX135: 4.56 | AY135: 0.099 | AZ135: 32.2 | BA135: 0 | BB135: 1.32 | BC135: 4.56 | BD135: 0.099
A136: 132 | B136: 24 | C136: 309.925 | D136: 10.874333 | E136: 16.701 | F136: 6.585 | G136: 38.920833 | H136: 53.9 | I136: 24.4 | J136: 0 | K136: 2.369625 | L136: 10.065 | M136: 0.255 | N136: 0.296 | O136: 0 | Q136: =A136 -> 132 | R136: =B136 -> 24 | S136: =ROUND(C136*0.0864,2) -> 26.78 | T136: =ROUND(D136,1) -> 10.9 | U136: =ROUND(E136,1) -> 16.7 | V136: =ROUND(F136,1) -> 6.6 | W136: =ROUND(G136,1) -> 38.9 | X136: =ROUND(H136,1) -> 53.9 | Y136: =ROUND(I136,1) -> 24.4 | Z136: =ROUND(J136,2) -> 0 | AA136: =ROUND(K136,2) -> 2.37 | AB136: =ROUND(L136,2) -> 10.07 | AC136: =ROUND(M136,3) -> 0.255 | AD136: =ROUND(N136,3) -> 0.296 | AE136: =ROUND(O136-AE$2,3) -> 0 | AG136: =Z136 -> 0 | AH136: =ROUND((0.6105*(EXP((17.273*U136)/(U136+237.3))))*Y136/100,3) -> 0.464 | AI136: =ROUND(AH136/Y136*(100-Y136),3) -> 1.438 | AK136: 30.54 | AO136: 25.6 | AP136: 10.5 | AQ136: 16.3 | AR136: 6.6 | AS136: 38.1 | AT136: 52.8 | AU136: 24 | AV136: 0 | AW136: 1.39 | AX136: 5.19 | AY136: 0 | AZ136: 24 | BA136: 0 | BB136: 1.39 | BC136: 5.19 | BD136: 0
A137: 133 | B137: 24 | C137: 255.3375 | D137: 8.7995833 | E137: 13.882 | F137: 1.94 | G137: 42.545833 | H137: 56.8 | I137: 33.4 | J137: 0 | K137: 1.7197083 | L137: 8.556 | M137: 0.246 | N137: 0.278 | O137: 0 | Q137: =A137 -> 133 | R137: =B137 -> 24 | S137: =ROUND(C137*0.0864,2) -> 22.06 | T137: =ROUND(D137,1) -> 8.8 | U137: =ROUND(E137,1) -> 13.9 | V137: =ROUND(F137,1) -> 1.9 | W137: =ROUND(G137,1) -> 42.5 | X137: =ROUND(H137,1) -> 56.8 | Y137: =ROUND(I137,1) -> 33.4 | Z137: =ROUND(J137,2) -> 0 | AA137: =ROUND(K137,2) -> 1.72 | AB137: =ROUND(L137,2) -> 8.56 | AC137: =ROUND(M137,3) -> 0.246 | AD137: =ROUND(N137,3) -> 0.278 | AE137: =ROUND(O137-AE$2,3) -> 0 | AG137: =Z137 -> 0 | AH137: =ROUND((0.6105*(EXP((17.273*U137)/(U137+237.3))))*Y137/100,3) -> 0.53 | AI137: =ROUND(AH137/Y137*(100-Y137),3) -> 1.057 | AK137: 30.69 | AO137: 20.64 | AP137: 8.4 | AQ137: 13.4 | AR137: 2.8 | AS137: 42.1 | AT137: 51.7 | AU137: 32.5 | AV137: 0 | AW137: 1.18 | AX137: 4.58 | AY137: 0 | AZ137: 32.5 | BA137: 0 | BB137: 1.18 | BC137: 4.58 | BD137: 0
A138: 134 | B138: 24 | C138: 112.78333 | D138: 4.7712083 | E138: 9.188 | F138: 0.632 | G138: 71.995833 | H138: 97.9 | I138: 46.1 | J138: 6.602 | K138: 2.9567083 | L138: 12.582 | M138: 0.241 | N138: 0.304 | O138: 0 | Q138: =A138 -> 134 | R138: =B138 -> 24 | S138: =ROUND(C138*0.0864,2) -> 9.74 | T138: =ROUND(D138,1) -> 4.8 | U138: =ROUND(E138,1) -> 9.2 | V138: =ROUND(F138,1) -> 0.6 | W138: =ROUND(G138,1) -> 72 | X138: =ROUND(H138,1) -> 97.9 | Y138: =ROUND(I138,1) -> 46.1 | Z138: =ROUND(J138,2) -> 6.6 | AA138: =ROUND(K138,2) -> 2.96 | AB138: =ROUND(L138,2) -> 12.58 | AC138: =ROUND(M138,3) -> 0.241 | AD138: =ROUND(N138,3) -> 0.304 | AE138: =ROUND(O138-AE$2,3) -> 0 | AG138: =Z138 -> 6.6 | AH138: =ROUND((0.6105*(EXP((17.273*U138)/(U138+237.3))))*Y138/100,3) -> 0.536 | AI138: =ROUND(AH138/Y138*(100-Y138),3) -> 0.627 | AK138: 30.84 | AO138: 8.12 | AP138: 4.8 | AQ138: 8.9 | AR138: 0.8 | AS138: 70.5 | AT138: 96.7 | AU138: 45.4 | AV138: 8.13 | AW138: 1.84 | AX138: 6.42 | AY138: 0 | AZ138: 45.4 | BA138: 8.13 | BB138: 1.84 | BC138: 6.42 | BD138: 0
A139: 135 | B139: 24 | C139: 272.89583 | D139: 5.3897917 | E139: 12.098 | F139: -0.789 | G139: 73.6625 | H139: 97 | I139: 50.2 | J139: 0 | K139: 1.4260417 | L139: 8.556 | M139: 0.242 | N139: 0.273 | O139: 0 | Q139: =A139 -> 135 | R139: =B139 -> 24 | S139: =ROUND(C139*0.0864,2) -> 23.58 | T139: =ROUND(D139,1) -> 5.4 | U139: =ROUND(E139,1) -> 12.1 | V139: =ROUND(F139,1) -> -0.8 | W139: =ROUND(G139,1) -> 73.7 | X139: =ROUND(H139,1) -> 97 | Y139: =ROUND(I139,1) -> 50.2 | Z139: =ROUND(J139,2) -> 0 | AA139: =ROUND(K139,2) -> 1.43 | AB139: =ROUND(L139,2) -> 8.56 | AC139: =ROUND(M139,3) -> 0.242 | AD139: =ROUND(N139,3) -> 0.273 | AE139: =ROUND(O139-AE$2,3) -> 0 | AG139: =Z139 -> 0 | AH139: =ROUND((0.6105*(EXP((17.273*U139)/(U139+237.3))))*Y139/100,3) -> 0.708 | AI139: =ROUND(AH139/Y139*(100-Y139),3) -> 0.702 | AK139: 30.98 | AO139: 22.32 | AP139: 5.4 | AQ139: 10.8 | AR139: -0.6 | AS139: 70.2 | AT139: 93.4 | AU139: 47.5 | AV139: 0.254 | AW139: 1.14 | AX139: 4.55 | AY139: 0 | AZ139: 47.5 | BA139: 0.254 | BB139: 1.14 | BC139: 4.55 | BD139: 0
A140: 136 | B140: 24 | C140: 63.983333 | D140: 5.3435 | E140: 7.745 | F140: 3.827 | G140: 97.691667 | H140: 100 | I140: 92 | J140: 6 | K140: 0.58716667 | L140: 6.039 | M140: 0.241 | N140: 0.283 | O140: 0 | Q140: =A140 -> 136 | R140: =B140 -> 24 | S140: =ROUND(C140*0.0864,2) -> 5.53 | T140: =ROUND(D140,1) -> 5.3 | U140: =ROUND(E140,1) -> 7.7 | V140: =ROUND(F140,1) -> 3.8 | W140: =ROUND(G140,1) -> 97.7 | X140: =ROUND(H140,1) -> 100 | Y140: =ROUND(I140,1) -> 92 | Z140: =ROUND(J140,2) -> 6 | AA140: =ROUND(K140,2) -> 0.59 | AB140: =ROUND(L140,2) -> 6.04 | AC140: =ROUND(M140,3) -> 0.241 | AD140: =ROUND(N140,3) -> 0.283 | AE140: =ROUND(O140-AE$2,3) -> 0 | AG140: =Z140 -> 6 | AH140: =ROUND((0.6105*(EXP((17.273*U140)/(U140+237.3))))*Y140/100,3) -> 0.967 | AI140: =ROUND(AH140/Y140*(100-Y140),3) -> 0.084 | AK140: 31.13 | AO140: 6.55 | AP140: 5.4 | AQ140: 8.8 | AR140: 3.7 | AS140: 95 | AT140: 97.4 | AU140: 87.7 | AV140: 7.112 | AW140: 0.94 | AX140: 3.33 | AY140: 0 | AZ140: 87.7 | BA140: 7.112 | BB140: 0.94 | BC140: 3.33 | BD140: 0
A141: 137 | B141: 24 | C141: 125.59583 | D141: 3.3195 | E141: 5.231 | F141: -0.704 | G141: 94.9375 | H141: 100 | I141: 87.1 | J141: 4.4 | K141: 1.7615 | L141: 9.059 | M141: 0.244 | N141: 0.281 | O141: 0 | Q141: =A141 -> 137 | R141: =B141 -> 24 | S141: =ROUND(C141*0.0864,2) -> 10.85 | T141: =ROUND(D141,1) -> 3.3 | U141: =ROUND(E141,1) -> 5.2 | V141: =ROUND(F141,1) -> -0.7 | W141: =ROUND(G141,1) -> 94.9 | X141: =ROUND(H141,1) -> 100 | Y141: =ROUND(I141,1) -> 87.1 | Z141: =ROUND(J141,2) -> 4.4 | AA141: =ROUND(K141,2) -> 1.76 | AB141: =ROUND(L141,2) -> 9.06 | AC141: =ROUND(M141,3) -> 0.244 | AD141: =ROUND(N141,3) -> 0.281 | AE141: =ROUND(O141-AE$2,3) -> 0 | AG141: =Z141 -> 4.4 | AH141: =ROUND((0.6105*(EXP((17.273*U141)/(U141+237.3))))*Y141/100,3) -> 0.77 | AI141: =ROUND(AH141/Y141*(100-Y141),3) -> 0.114 | AK141: 31.26 | AO141: 9.82 | AP141: 3.3 | AQ141: 4.7 | AR141: -0.2 | AS141: 90 | AT141: 97.5 | AU141: 77.7 | AV141: 4.064 | AW141: 1.44 | AX141: 4.43 | AY141: 0 | AZ141: 77.7 | BA141: 4.064 | BB141: 1.44 | BC141: 4.43 | BD141: 0
A142: 138 | B142: 24 | C142: 113.46667 | D142: 2.436875 | E142: 6.535 | F142: -0.535 | G142: 93.475 | H142: 99.2 | I142: 82.3 | J142: 0 | K142: 0.671125 | L142: 6.543 | M142: 0.238 | N142: 0.265 | O142: 0 | Q142: =A142 -> 138 | R142: =B142 -> 24 | S142: =ROUND(C142*0.0864,2) -> 9.8 | T142: =ROUND(D142,1) -> 2.4 | U142: =ROUND(E142,1) -> 6.5 | V142: =ROUND(F142,1) -> -0.5 | W142: =ROUND(G142,1) -> 93.5 | X142: =ROUND(H142,1) -> 99.2 | Y142: =ROUND(I142,1) -> 82.3 | Z142: =ROUND(J142,2) -> 0 | AA142: =ROUND(K142,2) -> 0.67 | AB142: =ROUND(L142,2) -> 6.54 | AC142: =ROUND(M142,3) -> 0.238 | AD142: =ROUND(N142,3) -> 0.265 | AE142: =ROUND(O142-AE$2,3) -> 0 | AG142: =Z142 -> 0 | AH142: =ROUND((0.6105*(EXP((17.273*U142)/(U142+237.3))))*Y142/100,3) -> 0.796 | AI142: =ROUND(AH142/Y142*(100-Y142),3) -> 0.171 | AK142: 31.4 | AO142: 9.67 | AP142: 2.6 | AQ142: 7 | AR142: 0 | AS142: 88.3 | AT142: 95.1 | AU142: 74 | AV142: 1.27 | AW142: 1.06 | AX142: 3.98 | AY142: 0 | AZ142: 74 | BA142: 1.27 | BB142: 1.06 | BC142: 3.98 | BD142: 0
... A174: 170 | B174: 24 | C174: 178.17917 | D174: 2.1862917 | E174: 5.898 | F174: -0.088 | G174: 86.775 | H174: 97.6 | I174: 63.2 | J174: 7.402 | K174: 2.4114583 | L174: 11.072 | M174: 0.212 | N174: 0.206 | O174: 0 | Q174: =A174 -> 170 | R174: =B174 -> 24 | S174: =ROUND(C174*0.0864,2) -> 15.39 | T174: =ROUND(D174,1) -> 2.2 | U174: =ROUND(E174,1) -> 5.9 | V174: =ROUND(F174,1) -> -0.1 | W174: =ROUND(G174,1) -> 86.8 | X174: =ROUND(H174,1) -> 97.6 | Y174: =ROUND(I174,1) -> 63.2 | Z174: =ROUND(J174,2) -> 7.4 | AA174: =ROUND(K174,2) -> 2.41 | AB174: =ROUND(L174,2) -> 11.07 | AC174: =ROUND(M174,3) -> 0.212 | AD174: =ROUND(N174,3) -> 0.206 | AE174: =ROUND(O174-AE$2,3) -> 0 | AG174: =Z174 -> 7.4 | AH174: =ROUND((0.6105*(EXP((17.273*U174)/(U174+237.3))))*Y174/100,3) -> 0.587 | AI174: =ROUND(AH174/Y174*(100-Y174),3) -> 0.342 | AK174: 33.48 | AO174: 14.48 | AP174: 1.9 | AQ174: 4.6 | AR174: -0.1 | AS174: 86 | AT174: 95.8 | AU174: 60.1 | AV174: 8.1 | AW174: 1.33 | AX174: 4.39 | AY174: 0 | AZ174: 60.1 | BA174: 8.1 | BB174: 1.33 | BC174: 4.39 | BD174: 0
A175: 171 | B175: 24 | C175: 49.325 | D175: 0.287375 | E175: 1.317 | F175: -0.395 | G175: 99.108333 | H175: 100 | I175: 96.2 | J175: 4.8 | K175: 1.0694583 | L175: 9.562 | M175: 0.212 | N175: 0.221 | O175: 0.066 | Q175: =A175 -> 171 | R175: =B175 -> 24 | S175: =ROUND(C175*0.0864,2) -> 4.26 | T175: =ROUND(D175,1) -> 0.3 | U175: =ROUND(E175,1) -> 1.3 | V175: =ROUND(F175,1) -> -0.4 | W175: =ROUND(G175,1) -> 99.1 | X175: =ROUND(H175,1) -> 100 | Y175: =ROUND(I175,1) -> 96.2 | Z175: =ROUND(J175,2) -> 4.8 | AA175: =ROUND(K175,2) -> 1.07 | AB175: =ROUND(L175,2) -> 9.56 | AC175: =ROUND(M175,3) -> 0.212 | AD175: =ROUND(N175,3) -> 0.221 | AE175: 0 | AG175: =Z175 -> 4.8 | AH175: =ROUND((0.6105*(EXP((17.273*U175)/(U175+237.3))))*Y175/100,3) -> 0.645 | AI175: =ROUND(AH175/Y175*(100-Y175),3) -> 0.025 | AK175: 33.47 | AO175: 3.11 | AP175: 0.1 | AQ175: 0.8 | AR175: -0.5 | AS175: 95.6 | AT175: 96.7 | AU175: 92.7 | AV175: 4.1 | AW175: 1.06 | AX175: 4.71 | AY175: 0 | AZ175: 92.7 | BA175: 4.1 | BB175: 1.06 | BC175: 4.71 | BD175: 0
A176: 172 | B176: 24 | C176: 348.17917 | D176: 6.8375 | E176: 12.823 | F176: 1.398 | G176: 84.241667 | H176: 100 | I176: 59.6 | J176: 17.005 | K176: 2.809875 | L176: 10.569 | M176: 0.238 | N176: 0.249 | O176: 0 | Q176: =A176 -> 172 | R176: =B176 -> 24 | S176: =ROUND(C176*0.0864,2) -> 30.08 | T176: =ROUND(D176,1) -> 6.8 | U176: =ROUND(E176,1) -> 12.8 | V176: =ROUND(F176,1) -> 1.4 | W176: =ROUND(G176,1) -> 84.2 | X176: =ROUND(H176,1) -> 100 | Y176: =ROUND(I176,1) -> 59.6 | Z176: =ROUND(J176,2) -> 17.01 | AA176: =ROUND(K176,2) -> 2.81 | AB176: =ROUND(L176,2) -> 10.57 | AC176: =ROUND(M176,3) -> 0.238 | AD176: =ROUND(N176,3) -> 0.249 | AE176: =ROUND(O176-AE$2,3) -> 0 | AG176: =Z176 -> 17.01 | AH176: =ROUND((0.6105*(EXP((17.273*U176)/(U176+237.3))))*Y176/100,3) -> 0.881 | AI176: =ROUND(AH176/Y176*(100-Y176),3) -> 0.597 | AK176: 33.46 | AO176: 24.62 | AP176: 6.5 | AQ176: 12.1 | AR176: 1.2 | AS176: 81.1 | AT176: 97 | AU176: 59.8 | AV176: 17.5 | AW176: 1.87 | AX176: 5.3 | AY176: 0 | AZ176: 59.8 | BA176: 17.5 | BB176: 1.87 | BC176: 5.3 | BD176: 0
A177: 173 | B177: 24 | C177: 263.61667 | D177: 8.3292917 | E177: 13.305 | F177: 3.827 | G177: 78.179167 | H177: 93.2 | I177: 58.1 | J177: 0 | K177: 1.8453333 | L177: 9.562 | M177: 0.225 | N177: 0.234 | O177: 0 | Q177: =A177 -> 173 | R177: =B177 -> 24 | S177: =ROUND(C177*0.0864,2) -> 22.78 | T177: =ROUND(D177,1) -> 8.3 | U177: =ROUND(E177,1) -> 13.3 | V177: =ROUND(F177,1) -> 3.8 | W177: =ROUND(G177,1) -> 78.2 | X177: =ROUND(H177,1) -> 93.2 | Y177: =ROUND(I177,1) -> 58.1 | Z177: =ROUND(J177,2) -> 0 | AA177: =ROUND(K177,2) -> 1.85 | AB177: =ROUND(L177,2) -> 9.56 | AC177: =ROUND(M177,3) -> 0.225 | AD177: =ROUND(N177,3) -> 0.234 | AE177: =ROUND(O177-AE$2,3) -> 0 | AG177: =Z177 -> 0 | AH177: =ROUND((0.6105*(EXP((17.273*U177)/(U177+237.3))))*Y177/100,3) -> 0.887 | AI177: =ROUND(AH177/Y177*(100-Y177),3) -> 0.64 | AK177: 33.45 | AO177: 21 | AP177: 8.4 | AQ177: 12.7 | AR177: 4.2 | AS177: 75.6 | AT177: 91.8 | AU177: 56.5 | AV177: 0 | AW177: 1.23 | AX177: 4.32 | AY177: 0 | AZ177: 56.5 | BA177: 0 | BB177: 1.23 | BC177: 4.32 | BD177: 0
A178: 174 | B178: 24 | C178: 172.8625 | D178: 5.969625 | E178: 11.613 | F178: 2.956 | G178: 82.266667 | H178: 98.6 | I178: 44.2 | J178: 1.6 | K178: 2.306625 | L178: 10.569 | M178: 0.22 | N178: 0.229 | O178: 0 | Q178: =A178 -> 174 | R178: =B178 -> 24 | S178: =ROUND(C178*0.0864,2) -> 14.94 | T178: =ROUND(D178,1) -> 6 | U178: =ROUND(E178,1) -> 11.6 | V178: =ROUND(F178,1) -> 3 | W178: =ROUND(G178,1) -> 82.3 | X178: =ROUND(H178,1) -> 98.6 | Y178: =ROUND(I178,1) -> 44.2 | Z178: =ROUND(J178,2) -> 1.6 | AA178: =ROUND(K178,2) -> 2.31 | AB178: =ROUND(L178,2) -> 10.57 | AC178: =ROUND(M178,3) -> 0.22 | AD178: =ROUND(N178,3) -> 0.229 | AE178: =ROUND(O178-AE$2,3) -> 0 | AG178: =Z178 -> 1.6 | AH178: =ROUND((0.6105*(EXP((17.273*U178)/(U178+237.3))))*Y178/100,3) -> 0.604 | AI178: =ROUND(AH178/Y178*(100-Y178),3) -> 0.763 | AK178: 33.44 | AO178: 15.21 | AP178: 5.9 | AQ178: 10.6 | AR178: 2.9 | AS178: 79.5 | AT178: 96.4 | AU178: 40.8 | AV178: 2.5 | AW178: 1.37 | AX178: 4.96 | AY178: 0 | AZ178: 40.8 | BA178: 2.5 | BB178: 1.37 | BC178: 4.96 | BD178: 0
A179: 175 | B179: 24 | C179: 199.00417 | D179: 4.977 | E179: 9.756 | F179: 1.561 | G179: 87.545833 | H179: 98.5 | I179: 69.1 | J179: 5.202 | K179: 1.027625 | L179: 5.536 | M179: 0.223 | N179: 0.235 | O179: 0 | Q179: =A179 -> 175 | R179: =B179 -> 24 | S179: =ROUND(C179*0.0864,2) -> 17.19 | T179: =ROUND(D179,1) -> 5 | U179: =ROUND(E179,1) -> 9.8 | V179: =ROUND(F179,1) -> 1.6 | W179: =ROUND(G179,1) -> 87.5 | X179: =ROUND(H179,1) -> 98.5 | Y179: =ROUND(I179,1) -> 69.1 | Z179: =ROUND(J179,2) -> 5.2 | AA179: =ROUND(K179,2) -> 1.03 | AB179: =ROUND(L179,2) -> 5.54 | AC179: =ROUND(M179,3) -> 0.223 | AD179: =ROUND(N179,3) -> 0.235 | AE179: =ROUND(O179-AE$2,3) -> 0 | AG179: =Z179 -> 5.2 | AH179: =ROUND((0.6105*(EXP((17.273*U179)/(U179+237.3))))*Y179/100,3) -> 0.837 | AI179: =ROUND(AH179/Y179*(100-Y179),3) -> 0.374 | AK179: 33.41 | AO179: 14.6 | AP179: 4.7 | AQ179: 8.6 | AR179: 1.5 | AS179: 85.8 | AT179: 96 | AU179: 70 | AV179: 5.6 | AW179: 0.99 | AX179: 3.52 | AY179: 0 | AZ179: 70 | BA179: 5.6 | BB179: 0.99 | BC179: 3.52 | BD179: 0
A180: 176 | B180: 24 | C180: 158.175 | D180: 6.7448333 | E180: 12.654 | F180: 1.994 | G180: 74.645833 | H180: 94.8 | I180: 55.9 | J180: 0 | K180: 1.3003333 | L180: 7.549 | M180: 0.219 | N180: 0.228 | O180: 0 | Q180: =A180 -> 176 | R180: =B180 -> 24 | S180: =ROUND(C180*0.0864,2) -> 13.67 | T180: =ROUND(D180,1) -> 6.7 | U180: =ROUND(E180,1) -> 12.7 | V180: =ROUND(F180,1) -> 2 | W180: =ROUND(G180,1) -> 74.6 | X180: =ROUND(H180,1) -> 94.8 | Y180: =ROUND(I180,1) -> 55.9 | Z180: =ROUND(J180,2) -> 0 | AA180: =ROUND(K180,2) -> 1.3 | AB180: =ROUND(L180,2) -> 7.55 | AC180: =ROUND(M180,3) -> 0.219 | AD180: =ROUND(N180,3) -> 0.228 | AE180: =ROUND(O180-AE$2,3) -> 0 | AG180: =Z180 -> 0 | AH180: =ROUND((0.6105*(EXP((17.273*U180)/(U180+237.3))))*Y180/100,3) -> 0.821 | AI180: =ROUND(AH180/Y180*(100-Y180),3) -> 0.648 | AK180: 33.38 | AO180: 17.46 | AP180: 6.8 | AQ180: 11.8 | AR180: 2.2 | AS180: 71 | AT180: 92.3 | AU180: 46.8 | AV180: 0 | AW180: 0.94 | AX180: 3.52 | AY180: 0 | AZ180: 46.8 | BA180: 0 | BB180: 0.94 | BC180: 3.52 | BD180: 0
A181: 177 | B181: 24 | C181: 290.15833 | D181: 9.144625 | E181: 14.481 | F181: 3.696 | G181: 63.0125 | H181: 88.9 | I181: 44.9 | J181: 2.801 | K181: 1.6985417 | L181: 8.556 | M181: 0.214 | N181: 0.228 | O181: 0.001 | Q181: =A181 -> 177 | R181: =B181 -> 24 | S181: =ROUND(C181*0.0864,2) -> 25.07 | T181: =ROUND(D181,1) -> 9.1 | U181: =ROUND(E181,1) -> 14.5 | V181: =ROUND(F181,1) -> 3.7 | W181: =ROUND(G181,1) -> 63 | X181: =ROUND(H181,1) -> 88.9 | Y181: =ROUND(I181,1) -> 44.9 | Z181: =ROUND(J181,2) -> 2.8 | AA181: =ROUND(K181,2) -> 1.7 | AB181: =ROUND(L181,2) -> 8.56 | AC181: =ROUND(M181,3) -> 0.214 | AD181: =ROUND(N181,3) -> 0.228 | AE181: 0 | AG181: =Z181 -> 2.8 | AH181: =ROUND((0.6105*(EXP((17.273*U181)/(U181+237.3))))*Y181/100,3) -> 0.741 | AI181: =ROUND(AH181/Y181*(100-Y181),3) -> 0.909 | AK181: 33.35 | AO181: 22.98 | AP181: 9.2 | AQ181: 14.5 | AR181: 3.7 | AS181: 62.1 | AT181: 92.9 | AU181: 42.4 | AV181: 3.8 | AW181: 1.22 | AX181: 3.96 | AY181: 0 | AZ181: 42.4 | BA181: 3.8 | BB181: 1.22 | BC181: 3.96 | BD181: 0
A182: 178 | B182: 24 | C182: 168.98333 | D182: 6.4373333 | E182: 11.686 | F182: 2.477 | G182: 84.525 | H182: 98.9 | I182: 56.8 | J182: 5.401 | K182: 2.0132083 | L182: 9.059 | M182: 0.221 | N182: 0.243 | O182: 0 | Q182: =A182 -> 178 | R182: =B182 -> 24 | S182: =ROUND(C182*0.0864,2) -> 14.6 | T182: =ROUND(D182,1) -> 6.4 | U182: =ROUND(E182,1) -> 11.7 | V182: =ROUND(F182,1) -> 2.5 | W182: =ROUND(G182,1) -> 84.5 | X182: =ROUND(H182,1) -> 98.9 | Y182: =ROUND(I182,1) -> 56.8 | Z182: =ROUND(J182,2) -> 5.4 | AA182: =ROUND(K182,2) -> 2.01 | AB182: =ROUND(L182,2) -> 9.06 | AC182: =ROUND(M182,3) -> 0.221 | AD182: =ROUND(N182,3) -> 0.243 | AE182: =ROUND(O182-AE$2,3) -> 0 | AG182: =Z182 -> 5.4 | AH182: =ROUND((0.6105*(EXP((17.273*U182)/(U182+237.3))))*Y182/100,3) -> 0.781 | AI182: =ROUND(AH182/Y182*(100-Y182),3) -> 0.594 | AK182: 33.32 | AO182: 13.09 | AP182: 6.5 | AQ182: 12 | AR182: 2.6 | AS182: 82.6 | AT182: 96.5 | AU182: 51.9 | AV182: 6.4 | AW182: 1.5 | AX182: 3.92 | AY182: 0 | AZ182: 51.9 | BA182: 6.4 | BB182: 1.5 | BC182: 3.92 | BD182: 0
A183: 179 | B183: 24 | C183: 205.10417 | D183: 4.9245417 | E183: 11.248 | F183: 1.453 | G183: 87.283333 | H183: 100 | I183: 59.2 | J183: 0.4 | K183: 1.8873333 | L183: 9.059 | M183: 0.22 | N183: 0.232 | O183: 0 | Q183: =A183 -> 179 | R183: =B183 -> 24 | S183: =ROUND(C183*0.0864,2) -> 17.72 | T183: =ROUND(D183,1) -> 4.9 | U183: =ROUND(E183,1) -> 11.2 | V183: =ROUND(F183,1) -> 1.5 | W183: =ROUND(G183,1) -> 87.3 | X183: =ROUND(H183,1) -> 100 | Y183: =ROUND(I183,1) -> 59.2 | Z183: =ROUND(J183,2) -> 0.4 | AA183: =ROUND(K183,2) -> 1.89 | AB183: =ROUND(L183,2) -> 9.06 | AC183: =ROUND(M183,3) -> 0.22 | AD183: =ROUND(N183,3) -> 0.232 | AE183: =ROUND(O183-AE$2,3) -> 0 | AG183: =Z183 -> 0.4 | AH183: =ROUND((0.6105*(EXP((17.273*U183)/(U183+237.3))))*Y183/100,3) -> 0.787 | AI183: =ROUND(AH183/Y183*(100-Y183),3) -> 0.542 | AK183: 33.27 | AO183: 21.64 | AP183: 5.1 | AQ183: 11 | AR183: 1.8 | AS183: 82.7 | AT183: 96.8 | AU183: 55.5 | AV183: 0.5 | AW183: 1.52 | AX183: 5.64 | AY183: 0 | AZ183: 55.5 | BA183: 0.5 | BB183: 1.52 | BC183: 5.64 | BD183: 0
A184: 180 | B184: 24 | C184: 203.44167 | D184: 6.639375 | E184: 12.001 | F184: 0.742 | G184: 76.7 | H184: 94.7 | I184: 62.7 | J184: 0 | K184: 1.0485833 | L184: 6.039 | M184: 0.216 | N184: 0.226 | O184: 0 | Q184: =A184 -> 180 | R184: =B184 -> 24 | S184: =ROUND(C184*0.0864,2) -> 17.58 | T184: =ROUND(D184,1) -> 6.6 | U184: =ROUND(E184,1) -> 12 | V184: =ROUND(F184,1) -> 0.7 | W184: =ROUND(G184,1) -> 76.7 | X184: =ROUND(H184,1) -> 94.7 | Y184: =ROUND(I184,1) -> 62.7 | Z184: =ROUND(J184,2) -> 0 | AA184: =ROUND(K184,2) -> 1.05 | AB184: =ROUND(L184,2) -> 6.04 | AC184: =ROUND(M184,3) -> 0.216 | AD184: =ROUND(N184,3) -> 0.226 | AE184: =ROUND(O184-AE$2,3) -> 0 | AG184: =Z184 -> 0 | AH184: =ROUND((0.6105*(EXP((17.273*U184)/(U184+237.3))))*Y184/100,3) -> 0.879 | AI184: =ROUND(AH184/Y184*(100-Y184),3) -> 0.523 | AK184: 33.23 | AO184: 15.68 | AP184: 6.4 | AQ184: 10.7 | AR184: 1.1 | AS184: 73.4 | AT184: 91.4 | AU184: 58 | AV184: 0.3 | AW184: 1.04 | AX184: 3.45 | AY184: 0 | AZ184: 58 | BA184: 0.3 | BB184: 1.04 | BC184: 3.45 | BD184: 0
A185: 181 | B185: 24 | C185: 233.74167 | D185: 9.8689583 | E185: 16.749 | F185: 3.142 | G185: 65.883333 | H185: 88.8 | I185: 42 | J185: 0 | K185: 1.258375 | L185: 6.543 | M185: 0.213 | N185: 0.223 | O185: 0 | Q185: =A185 -> 181 | R185: =B185 -> 24 | S185: =ROUND(C185*0.0864,2) -> 20.2 | T185: =ROUND(D185,1) -> 9.9 | U185: =ROUND(E185,1) -> 16.7 | V185: =ROUND(F185,1) -> 3.1 | W185: =ROUND(G185,1) -> 65.9 | X185: =ROUND(H185,1) -> 88.8 | Y185: =ROUND(I185,1) -> 42 | Z185: =ROUND(J185,2) -> 0 | AA185: =ROUND(K185,2) -> 1.26 | AB185: =ROUND(L185,2) -> 6.54 | AC185: =ROUND(M185,3) -> 0.213 | AD185: =ROUND(N185,3) -> 0.223 | AE185: =ROUND(O185-AE$2,3) -> 0 | AG185: =Z185 -> 0 | AH185: =ROUND((0.6105*(EXP((17.273*U185)/(U185+237.3))))*Y185/100,3) -> 0.798 | AI185: =ROUND(AH185/Y185*(100-Y185),3) -> 1.102 | AK185: 33.18 | AO185: 18.53 | AP185: 9.7 | AQ185: 15.4 | AR185: 4 | AS185: 63.1 | AT185: 82.1 | AU185: 41.1 | AV185: 0.3 | AW185: 1.04 | AX185: 2.95 | AY185: 0 | AZ185: 41.1 | BA185: 0.3 | BB185: 1.04 | BC185: 2.95 | BD185: 0
A186: 182 | B186: 24 | C186: 302.3875 | D186: 12.69 | E186: 19.175 | F186: 6.153 | G186: 55.916667 | H186: 81.1 | I186: 32.6 | J186: 0 | K186: 1.8872083 | L186: 8.052 | M186: 0.211 | N186: 0.219 | O186: 0 | Q186: =A186 -> 182 | R186: =B186 -> 24 | S186: =ROUND(C186*0.0864,2) -> 26.13 | T186: =ROUND(D186,1) -> 12.7 | U186: =ROUND(E186,1) -> 19.2 | V186: =ROUND(F186,1) -> 6.2 | W186: =ROUND(G186,1) -> 55.9 | X186: =ROUND(H186,1) -> 81.1 | Y186: =ROUND(I186,1) -> 32.6 | Z186: =ROUND(J186,2) -> 0 | AA186: =ROUND(K186,2) -> 1.89 | AB186: =ROUND(L186,2) -> 8.05 | AC186: =ROUND(M186,3) -> 0.211 | AD186: =ROUND(N186,3) -> 0.219 | AE186: =ROUND(O186-AE$2,3) -> 0 | AG186: =Z186 -> 0 | AH186: =ROUND((0.6105*(EXP((17.273*U186)/(U186+237.3))))*Y186/100,3) -> 0.725 | AI186: =ROUND(AH186/Y186*(100-Y186),3) -> 1.499 | AK186: 33.14 | AO186: 24.65 | AP186: 12.7 | AQ186: 18.1 | AR186: 7.3 | AS186: 53.9 | AT186: 78.5 | AU186: 31.7 | AV186: 0 | AW186: 1.31 | AX186: 4.26 | AY186: 0 | AZ186: 31.7 | BA186: 0 | BB186: 1.31 | BC186: 4.26 | BD186: 0
A187: 183 | B187: 24 | C187: 177.9125 | D187: 9.7680417 | E187: 13.69 | F187: 6.458 | G187: 76.429167 | H187: 90.1 | I187: 54.5 | J187: 0 | K187: 1.7615417 | L187: 7.549 | M187: 0.209 | N187: 0.217 | O187: 0 | Q187: =A187 -> 183 | R187: =B187 -> 24 | S187: =ROUND(C187*0.0864,2) -> 15.37 | T187: =ROUND(D187,1) -> 9.8 | U187: =ROUND(E187,1) -> 13.7 | V187: =ROUND(F187,1) -> 6.5 | W187: =ROUND(G187,1) -> 76.4 | X187: =ROUND(H187,1) -> 90.1 | Y187: =ROUND(I187,1) -> 54.5 | Z187: =ROUND(J187,2) -> 0 | AA187: =ROUND(K187,2) -> 1.76 | AB187: =ROUND(L187,2) -> 7.55 | AC187: =ROUND(M187,3) -> 0.209 | AD187: =ROUND(N187,3) -> 0.217 | AE187: =ROUND(O187-AE$2,3) -> 0 | AG187: =Z187 -> 0 | AH187: =ROUND((0.6105*(EXP((17.273*U187)/(U187+237.3))))*Y187/100,3) -> 0.854 | AI187: =ROUND(AH187/Y187*(100-Y187),3) -> 0.713 | AK187: 33.08 | AO187: 13.58 | AP187: 9.5 | AQ187: 13.6 | AR187: 6.8 | AS187: 75.7 | AT187: 90.1 | AU187: 51.5 | AV187: 0 | AW187: 1.17 | AX187: 3.79 | AY187: 0 | AZ187: 51.5 | BA187: 0 | BB187: 1.17 | BC187: 3.79 | BD187: 0
A188: 184 | B188: 24 | C188: 243.47083 | D188: 11.553042 | E188: 17.272 | F188: 5.154 | G188: 63.441667 | H188: 89.6 | I188: 36.6 | J188: 0 | K188: 1.4050833 | L188: 6.543 | M188: 0.208 | N188: 0.214 | O188: 0 | Q188: =A188 -> 184 | R188: =B188 -> 24 | S188: =ROUND(C188*0.0864,2) -> 21.04 | T188: =ROUND(D188,1) -> 11.6 | U188: =ROUND(E188,1) -> 17.3 | V188: =ROUND(F188,1) -> 5.2 | W188: =ROUND(G188,1) -> 63.4 | X188: =ROUND(H188,1) -> 89.6 | Y188: =ROUND(I188,1) -> 36.6 | Z188: =ROUND(J188,2) -> 0 | AA188: =ROUND(K188,2) -> 1.41 | AB188: =ROUND(L188,2) -> 6.54 | AC188: =ROUND(M188,3) -> 0.208 | AD188: =ROUND(N188,3) -> 0.214 | AE188: =ROUND(O188-AE$2,3) -> 0 | AG188: =Z188 -> 0 | AH188: =ROUND((0.6105*(EXP((17.273*U188)/(U188+237.3))))*Y188/100,3) -> 0.723 | AI188: =ROUND(AH188/Y188*(100-Y188),3) -> 1.252 | AK188: 33.03 | AO188: 19.73 | AP188: 11.1 | AQ188: 16 | AR188: 5.7 | AS188: 62.1 | AT188: 86.7 | AU188: 36.8 | AV188: 0 | AW188: 1.06 | AX188: 4.47 | AY188: 0 | AZ188: 36.8 | BA188: 0 | BB188: 1.06 | BC188: 4.47 | BD188: 0
A189: 185 | B189: 24 | C189: 130.52083 | D189: 9.4535417 | E189: 13.594 | F189: 7.167 | G189: 84.454167 | H189: 93.8 | I189: 69.2 | J189: 0 | K189: 1.59375 | L189: 6.543 | M189: 0.207 | N189: 0.213 | O189: 0 | Q189: =A189 -> 185 | R189: =B189 -> 24 | S189: =ROUND(C189*0.0864,2) -> 11.28 | T189: =ROUND(D189,1) -> 9.5 | U189: =ROUND(E189,1) -> 13.6 | V189: =ROUND(F189,1) -> 7.2 | W189: =ROUND(G189,1) -> 84.5 | X189: =ROUND(H189,1) -> 93.8 | Y189: =ROUND(I189,1) -> 69.2 | Z189: =ROUND(J189,2) -> 0 | AA189: =ROUND(K189,2) -> 1.59 | AB189: =ROUND(L189,2) -> 6.54 | AC189: =ROUND(M189,3) -> 0.207 | AD189: =ROUND(N189,3) -> 0.213 | AE189: =ROUND(O189-AE$2,3) -> 0 | AG189: =Z189 -> 0 | AH189: =ROUND((0.6105*(EXP((17.273*U189)/(U189+237.3))))*Y189/100,3) -> 1.077 | AI189: =ROUND(AH189/Y189*(100-Y189),3) -> 0.479 | AK189: 32.97 | AO189: 10.91 | AP189: 9.3 | AQ189: 12.4 | AR189: 7.2 | AS189: 83.2 | AT189: 92.9 | AU189: 68.5 | AV189: 0 | AW189: 1.07 | AX189: 3.62 | AY189: 0 | AZ189: 68.5 | BA189: 0 | BB189: 1.07 | BC189: 3.62 | BD189: 0
A190: 186 | B190: 24 | C190: 125.3625 | D190: 8.0132917 | E190: 11.929 | F190: 6.051 | G190: 89.7875 | H190: 99.1 | I190: 66.6 | J190: 26.004 | K190: 1.51 | L190: 8.556 | M190: 0.262 | N190: 0.278 | O190: 0 | Q190: =A190 -> 186 | R190: =B190 -> 24 | S190: =ROUND(C190*0.0864,2) -> 10.83 | T190: =ROUND(D190,1) -> 8 | U190: =ROUND(E190,1) -> 11.9 | V190: =ROUND(F190,1) -> 6.1 | W190: =ROUND(G190,1) -> 89.8 | X190: =ROUND(H190,1) -> 99.1 | Y190: =ROUND(I190,1) -> 66.6 | Z190: =ROUND(J190,2) -> 26 | AA190: =ROUND(K190,2) -> 1.51 | AB190: =ROUND(L190,2) -> 8.56 | AC190: =ROUND(M190,3) -> 0.262 | AD190: =ROUND(N190,3) -> 0.278 | AE190: =ROUND(O190-AE$2,3) -> 0 | AG190: =Z190 -> 26 | AH190: =ROUND((0.6105*(EXP((17.273*U190)/(U190+237.3))))*Y190/100,3) -> 0.928 | AI190: =ROUND(AH190/Y190*(100-Y190),3) -> 0.465 | AK190: 32.91 | AO190: 10.71 | AP190: 8.1 | AQ190: 12.5 | AR190: 6.2 | AS190: 87.3 | AT190: 96.6 | AU190: 59.6 | AV190: 27.9 | AW190: 1.17 | AX190: 3.88 | AY190: 0 | AZ190: 59.6 | BA190: 27.9 | BB190: 1.17 | BC190: 3.88 | BD190: 0
A191: 187 | B191: 24 | C191: 207.19167 | D191: 8.4216667 | E191: 12.509 | F191: 5.076 | G191: 87.304167 | H191: 100 | I191: 73 | J191: 2.4 | K191: 0.98575 | L191: 5.536 | M191: 0.242 | N191: 0.262 | O191: 0 | Q191: =A191 -> 187 | R191: =B191 -> 24 | S191: =ROUND(C191*0.0864,2) -> 17.9 | T191: =ROUND(D191,1) -> 8.4 | U191: =ROUND(E191,1) -> 12.5 | V191: =ROUND(F191,1) -> 5.1 | W191: =ROUND(G191,1) -> 87.3 | X191: =ROUND(H191,1) -> 100 | Y191: =ROUND(I191,1) -> 73 | Z191: =ROUND(J191,2) -> 2.4 | AA191: =ROUND(K191,2) -> 0.99 | AB191: =ROUND(L191,2) -> 5.54 | AC191: =ROUND(M191,3) -> 0.242 | AD191: =ROUND(N191,3) -> 0.262 | AE191: =ROUND(O191-AE$2,3) -> 0 | AG191: =Z191 -> 2.4 | AH191: =ROUND((0.6105*(EXP((17.273*U191)/(U191+237.3))))*Y191/100,3) -> 1.058 | AI191: =ROUND(AH191/Y191*(100-Y191),3) -> 0.391 | AK191: 32.84 | AO191: 15.93 | AP191: 8.2 | AQ191: 11.8 | AR191: 4.9 | AS191: 83.7 | AT191: 96.8 | AU191: 70 | AV191: 2.3 | AW191: 0.89 | AX191: 3.12 | AY191: 0 | AZ191: 70 | BA191: 2.3 | BB191: 0.89 | BC191: 3.12 | BD191: 0
A192: 188 | B192: 24 | C192: 164.94167 | D192: 8.2054167 | E192: 13.906 | F192: 4.037 | G192: 81.875 | H192: 94.3 | I192: 59.2 | J192: 0 | K192: 1.17425 | L192: 6.543 | M192: 0.231 | N192: 0.248 | O192: 0 | Q192: =A192 -> 188 | R192: =B192 -> 24 | S192: =ROUND(C192*0.0864,2) -> 14.25 | T192: =ROUND(D192,1) -> 8.2 | U192: =ROUND(E192,1) -> 13.9 | V192: =ROUND(F192,1) -> 4 | W192: =ROUND(G192,1) -> 81.9 | X192: =ROUND(H192,1) -> 94.3 | Y192: =ROUND(I192,1) -> 59.2 | Z192: =ROUND(J192,2) -> 0 | AA192: =ROUND(K192,2) -> 1.17 | AB192: =ROUND(L192,2) -> 6.54 | AC192: =ROUND(M192,3) -> 0.231 | AD192: =ROUND(N192,3) -> 0.248 | AE192: =ROUND(O192-AE$2,3) -> 0 | AG192: =Z192 -> 0 | AH192: =ROUND((0.6105*(EXP((17.273*U192)/(U192+237.3))))*Y192/100,3) -> 0.94 | AI192: =ROUND(AH192/Y192*(100-Y192),3) -> 0.648 | AK192: 32.77 | AO192: 16.41 | AP192: 7.8 | AQ192: 12.3 | AR192: 4.4 | AS192: 79.7 | AT192: 91.9 | AU192: 59.4 | AV192: 0 | AW192: 1.14 | AX192: 3.73 | AY192: 0 | AZ192: 59.4 | BA192: 0 | BB192: 1.14 | BC192: 3.73 | BD192: 0
A193: 189 | B193: 24 | C193: 188.90833 | D193: 9.0909583 | E193: 14.433 | F193: 3.958 | G193: 79.6 | H193: 93.5 | I193: 58.7 | J193: 8.402 | K193: 0.75491667 | L193: 5.536 | M193: 0.245 | N193: 0.262 | O193: 0 | Q193: =A193 -> 189 | R193: =B193 -> 24 | S193: =ROUND(C193*0.0864,2) -> 16.32 | T193: =ROUND(D193,1) -> 9.1 | U193: =ROUND(E193,1) -> 14.4 | V193: =ROUND(F193,1) -> 4 | W193: =ROUND(G193,1) -> 79.6 | X193: =ROUND(H193,1) -> 93.5 | Y193: =ROUND(I193,1) -> 58.7 | Z193: =ROUND(J193,2) -> 8.4 | AA193: =ROUND(K193,2) -> 0.75 | AB193: =ROUND(L193,2) -> 5.54 | AC193: =ROUND(M193,3) -> 0.245 | AD193: =ROUND(N193,3) -> 0.262 | AE193: =ROUND(O193-AE$2,3) -> 0 | AG193: =Z193 -> 8.4 | AH193: =ROUND((0.6105*(EXP((17.273*U193)/(U193+237.3))))*Y193/100,3) -> 0.963 | AI193: =ROUND(AH193/Y193*(100-Y193),3) -> 0.678 | AK193: 32.69 | AO193: 17.13 | AP193: 9.2 | AQ193: 13.6 | AR193: 4.3 | AS193: 76.1 | AT193: 89.4 | AU193: 59.7 | AV193: 5.3 | AW193: 0.83 | AX193: 3.12 | AY193: 0 | AZ193: 59.7 | BA193: 5.3 | BB193: 0.83 | BC193: 3.12 | BD193: 0
... A205: 201 | B205: 24 | C205: 191.925 | D205: 8.012375 | E205: 13.185 | F205: 4.662 | G205: 81.245833 | H205: 94 | I205: 61.8 | J205: 1 | K205: 0.755 | L205: 4.529 | M205: 0.222 | N205: 0.231 | O205: 0 | Q205: =A205 -> 201 | R205: =B205 -> 24 | S205: =ROUND(C205*0.0864,2) -> 16.58 | T205: =ROUND(D205,1) -> 8 | U205: =ROUND(E205,1) -> 13.2 | V205: =ROUND(F205,1) -> 4.7 | W205: =ROUND(G205,1) -> 81.2 | X205: =ROUND(H205,1) -> 94 | Y205: =ROUND(I205,1) -> 61.8 | Z205: =ROUND(J205,2) -> 1 | AA205: =ROUND(K205,2) -> 0.76 | AB205: =ROUND(L205,2) -> 4.53 | AC205: =ROUND(M205,3) -> 0.222 | AD205: =ROUND(N205,3) -> 0.231 | AE205: =ROUND(O205-AE$2,3) -> 0 | AG205: =Z205 -> 1 | AH205: =ROUND((0.6105*(EXP((17.273*U205)/(U205+237.3))))*Y205/100,3) -> 0.937 | AI205: =ROUND(AH205/Y205*(100-Y205),3) -> 0.579 | AK205: 31.47 | AO205: 16.46 | AP205: 7.7 | AQ205: 12.7 | AR205: 4.6 | AS205: 79.6 | AT205: 92.8 | AU205: 60.8 | AV205: 1.3 | AW205: 0.85 | AX205: 3.03 | AY205: 0 | AZ205: 60.8 | BA205: 1.3 | BB205: 0.85 | BC205: 3.03 | BD205: 0
A206: 202 | B206: 24 | C206: 333.69583 | D206: 13.466458 | E206: 20.174 | F206: 6.204 | G206: 58.6875 | H206: 87.1 | I206: 36.9 | J206: 0 | K206: 1.5308333 | L206: 7.549 | M206: 0.217 | N206: 0.225 | O206: 0.003 | Q206: =A206 -> 202 | R206: =B206 -> 24 | S206: =ROUND(C206*0.0864,2) -> 28.83 | T206: =ROUND(D206,1) -> 13.5 | U206: =ROUND(E206,1) -> 20.2 | V206: =ROUND(F206,1) -> 6.2 | W206: =ROUND(G206,1) -> 58.7 | X206: =ROUND(H206,1) -> 87.1 | Y206: =ROUND(I206,1) -> 36.9 | Z206: =ROUND(J206,2) -> 0 | AA206: =ROUND(K206,2) -> 1.53 | AB206: =ROUND(L206,2) -> 7.55 | AC206: =ROUND(M206,3) -> 0.217 | AD206: =ROUND(N206,3) -> 0.225 | AE206: 0 | AG206: =Z206 -> 0 | AH206: =ROUND((0.6105*(EXP((17.273*U206)/(U206+237.3))))*Y206/100,3) -> 0.873 | AI206: =ROUND(AH206/Y206*(100-Y206),3) -> 1.493 | AK206: 31.34 | AO206: 28.11 | AP206: 13.5 | AQ206: 20.5 | AR206: 6.6 | AS206: 56 | AT206: 84.3 | AU206: 35.5 | AV206: 0 | AW206: 1.11 | AX206: 3.89 | AY206: 0 | AZ206: 35.5 | BA206: 0 | BB206: 1.11 | BC206: 3.89 | BD206: 0
A207: 203 | B207: 24 | C207: 303.7 | D207: 16.540083 | E207: 23.978 | F207: 11.273 | G207: 48.9 | H207: 80.7 | I207: 32.6 | J207: 1.2 | K207: 1.489 | L207: 13.588 | M207: 0.215 | N207: 0.223 | O207: 0 | Q207: =A207 -> 203 | R207: =B207 -> 24 | S207: =ROUND(C207*0.0864,2) -> 26.24 | T207: =ROUND(D207,1) -> 16.5 | U207: =ROUND(E207,1) -> 24 | V207: =ROUND(F207,1) -> 11.3 | W207: =ROUND(G207,1) -> 48.9 | X207: =ROUND(H207,1) -> 80.7 | Y207: =ROUND(I207,1) -> 32.6 | Z207: =ROUND(J207,2) -> 1.2 | AA207: =ROUND(K207,2) -> 1.49 | AB207: =ROUND(L207,2) -> 13.59 | AC207: =ROUND(M207,3) -> 0.215 | AD207: =ROUND(N207,3) -> 0.223 | AE207: =ROUND(O207-AE$2,3) -> 0 | AG207: =Z207 -> 1.2 | AH207: =ROUND((0.6105*(EXP((17.273*U207)/(U207+237.3))))*Y207/100,3) -> 0.973 | AI207: =ROUND(AH207/Y207*(100-Y207),3) -> 2.012 | AK207: 31.21 | AO207: 20.84 | AP207: 16.3 | AQ207: 23.2 | AR207: 12 | AS207: 49 | AT207: 80.8 | AU207: 32.5 | AV207: 2.3 | AW207: 1.06 | AX207: 5.71 | AY207: 0 | AZ207: 32.5 | BA207: 2.3 | BB207: 1.06 | BC207: 5.71 | BD207: 0
A208: 204 | B208: 24 | C208: 187.42083 | D208: 14.805208 | E208: 21.342 | F208: 9.188 | G208: 66.558333 | H208: 88.4 | I208: 51.2 | J208: 1.4 | K208: 1.90825 | L208: 10.065 | M208: 0.212 | N208: 0.221 | O208: 0 | Q208: =A208 -> 204 | R208: =B208 -> 24 | S208: =ROUND(C208*0.0864,2) -> 16.19 | T208: =ROUND(D208,1) -> 14.8 | U208: =ROUND(E208,1) -> 21.3 | V208: =ROUND(F208,1) -> 9.2 | W208: =ROUND(G208,1) -> 66.6 | X208: =ROUND(H208,1) -> 88.4 | Y208: =ROUND(I208,1) -> 51.2 | Z208: =ROUND(J208,2) -> 1.4 | AA208: =ROUND(K208,2) -> 1.91 | AB208: =ROUND(L208,2) -> 10.07 | AC208: =ROUND(M208,3) -> 0.212 | AD208: =ROUND(N208,3) -> 0.221 | AE208: =ROUND(O208-AE$2,3) -> 0 | AG208: =Z208 -> 1.4 | AH208: =ROUND((0.6105*(EXP((17.273*U208)/(U208+237.3))))*Y208/100,3) -> 1.297 | AI208: =ROUND(AH208/Y208*(100-Y208),3) -> 1.236 | AK208: 31.08 | AO208: 13.78 | AP208: 14.9 | AQ208: 20.4 | AR208: 8.9 | AS208: 65.8 | AT208: 90.5 | AU208: 48.2 | AV208: 2.3 | AW208: 1.39 | AX208: 4.77 | AY208: 0 | AZ208: 48.2 | BA208: 2.3 | BB208: 1.39 | BC208: 4.77 | BD208: 0
A209: 205 | B209: 24 | C209: 153.22917 | D209: 7.288375 | E209: 11.662 | F209: 3.801 | G209: 77.358333 | H209: 93.5 | I209: 56.9 | J209: 2.201 | K209: 2.91475 | L209: 12.078 | M209: 0.214 | N209: 0.22 | O209: 0 | Q209: =A209 -> 205 | R209: =B209 -> 24 | S209: =ROUND(C209*0.0864,2) -> 13.24 | T209: =ROUND(D209,1) -> 7.3 | U209: =ROUND(E209,1) -> 11.7 | V209: =ROUND(F209,1) -> 3.8 | W209: =ROUND(G209,1) -> 77.4 | X209: =ROUND(H209,1) -> 93.5 | Y209: =ROUND(I209,1) -> 56.9 | Z209: =ROUND(J209,2) -> 2.2 | AA209: =ROUND(K209,2) -> 2.91 | AB209: =ROUND(L209,2) -> 12.08 | AC209: =ROUND(M209,3) -> 0.214 | AD209: =ROUND(N209,3) -> 0.22 | AE209: =ROUND(O209-AE$2,3) -> 0 | AG209: =Z209 -> 2.2 | AH209: =ROUND((0.6105*(EXP((17.273*U209)/(U209+237.3))))*Y209/100,3) -> 0.782 | AI209: =ROUND(AH209/Y209*(100-Y209),3) -> 0.592 | AK209: 30.94 | AO209: 15.24 | AP209: 7.2 | AQ209: 11.6 | AR209: 4.4 | AS209: 74 | AT209: 92.4 | AU209: 53.7 | AV209: 2.8 | AW209: 1.71 | AX209: 5.34 | AY209: 0 | AZ209: 53.7 | BA209: 2.8 | BB209: 1.71 | BC209: 5.34 | BD209: 0
A210: 206 | B210: 24 | C210: 319.99583 | D210: 12.156542 | E210: 19.27 | F210: 2.93 | G210: 58.829167 | H210: 80.6 | I210: 41.6 | J210: 0 | K210: 1.7824167 | L210: 8.052 | M210: 0.211 | N210: 0.217 | O210: 0 | Q210: =A210 -> 206 | R210: =B210 -> 24 | S210: =ROUND(C210*0.0864,2) -> 27.65 | T210: =ROUND(D210,1) -> 12.2 | U210: =ROUND(E210,1) -> 19.3 | V210: =ROUND(F210,1) -> 2.9 | W210: =ROUND(G210,1) -> 58.8 | X210: =ROUND(H210,1) -> 80.6 | Y210: =ROUND(I210,1) -> 41.6 | Z210: =ROUND(J210,2) -> 0 | AA210: =ROUND(K210,2) -> 1.78 | AB210: =ROUND(L210,2) -> 8.05 | AC210: =ROUND(M210,3) -> 0.211 | AD210: =ROUND(N210,3) -> 0.217 | AE210: =ROUND(O210-AE$2,3) -> 0 | AG210: =Z210 -> 0 | AH210: =ROUND((0.6105*(EXP((17.273*U210)/(U210+237.3))))*Y210/100,3) -> 0.931 | AI210: =ROUND(AH210/Y210*(100-Y210),3) -> 1.307 | AK210: 30.8 | AO210: 25.68 | AP210: 11.6 | AQ210: 18.2 | AR210: 3.6 | AS210: 56.8 | AT210: 75.5 | AU210: 41.2 | AV210: 0 | AW210: 1.27 | AX210: 4.9 | AY210: 0 | AZ210: 41.2 | BA210: 0 | BB210: 1.27 | BC210: 4.9 | BD210: 0
A211: 207 | B211: 24 | C211: 337.86667 | D211: 15.531708 | E211: 22.92 | F211: 7.795 | G211: 47.729167 | H211: 80.1 | I211: 26.9 | J211: 0 | K211: 1.6984583 | L211: 7.549 | M211: 0.209 | N211: 0.214 | O211: 0 | Q211: =A211 -> 207 | R211: =B211 -> 24 | S211: =ROUND(C211*0.0864,2) -> 29.19 | T211: =ROUND(D211,1) -> 15.5 | U211: =ROUND(E211,1) -> 22.9 | V211: =ROUND(F211,1) -> 7.8 | W211: =ROUND(G211,1) -> 47.7 | X211: =ROUND(H211,1) -> 80.1 | Y211: =ROUND(I211,1) -> 26.9 | Z211: =ROUND(J211,2) -> 0 | AA211: =ROUND(K211,2) -> 1.7 | AB211: =ROUND(L211,2) -> 7.55 | AC211: =ROUND(M211,3) -> 0.209 | AD211: =ROUND(N211,3) -> 0.214 | AE211: =ROUND(O211-AE$2,3) -> 0 | AG211: =Z211 -> 0 | AH211: =ROUND((0.6105*(EXP((17.273*U211)/(U211+237.3))))*Y211/100,3) -> 0.751 | AI211: =ROUND(AH211/Y211*(100-Y211),3) -> 2.041 | AK211: 30.65 | AO211: 26.11 | AP211: 15.8 | AQ211: 23 | AR211: 8.5 | AS211: 45 | AT211: 73.8 | AU211: 25.9 | AV211: 0 | AW211: 1.19 | AX211: 3.62 | AY211: 0 | AZ211: 25.9 | BA211: 0 | BB211: 1.19 | BC211: 3.62 | BD211: 0
A212: 208 | B212: 24 | C212: 290.9375 | D212: 11.614333 | E212: 16.106 | F212: 6.153 | G212: 59.3875 | H212: 89.4 | I212: 42.9 | J212: 0 | K212: 2.4954583 | L212: 11.575 | M212: 0.207 | N212: 0.212 | O212: 0 | Q212: =A212 -> 208 | R212: =B212 -> 24 | S212: =ROUND(C212*0.0864,2) -> 25.14 | T212: =ROUND(D212,1) -> 11.6 | U212: =ROUND(E212,1) -> 16.1 | V212: =ROUND(F212,1) -> 6.2 | W212: =ROUND(G212,1) -> 59.4 | X212: =ROUND(H212,1) -> 89.4 | Y212: =ROUND(I212,1) -> 42.9 | Z212: =ROUND(J212,2) -> 0 | AA212: =ROUND(K212,2) -> 2.5 | AB212: =ROUND(L212,2) -> 11.58 | AC212: =ROUND(M212,3) -> 0.207 | AD212: =ROUND(N212,3) -> 0.212 | AE212: =ROUND(O212-AE$2,3) -> 0 | AG212: =Z212 -> 0 | AH212: =ROUND((0.6105*(EXP((17.273*U212)/(U212+237.3))))*Y212/100,3) -> 0.785 | AI212: =ROUND(AH212/Y212*(100-Y212),3) -> 1.045 | AK212: 30.5 | AO212: 23.88 | AP212: 11.3 | AQ212: 14.9 | AR212: 6.3 | AS212: 59.6 | AT212: 89.7 | AU212: 42.5 | AV212: 0 | AW212: 1.57 | AX212: 6.03 | AY212: 0 | AZ212: 42.5 | BA212: 0 | BB212: 1.57 | BC212: 6.03 | BD212: 0
A213: 209 | B213: 24 | C213: 270.46667 | D213: 11.438292 | E213: 17.796 | F213: 5.257 | G213: 68.429167 | H213: 93.7 | I213: 43.9 | J213: 0 | K213: 1.2791667 | L213: 6.543 | M213: 0.204 | N213: 0.209 | O213: 0 | Q213: =A213 -> 209 | R213: =B213 -> 24 | S213: =ROUND(C213*0.0864,2) -> 23.37 | T213: =ROUND(D213,1) -> 11.4 | U213: =ROUND(E213,1) -> 17.8 | V213: =ROUND(F213,1) -> 5.3 | W213: =ROUND(G213,1) -> 68.4 | X213: =ROUND(H213,1) -> 93.7 | Y213: =ROUND(I213,1) -> 43.9 | Z213: =ROUND(J213,2) -> 0 | AA213: =ROUND(K213,2) -> 1.28 | AB213: =ROUND(L213,2) -> 6.54 | AC213: =ROUND(M213,3) -> 0.204 | AD213: =ROUND(N213,3) -> 0.209 | AE213: =ROUND(O213-AE$2,3) -> 0 | AG213: =Z213 -> 0 | AH213: =ROUND((0.6105*(EXP((17.273*U213)/(U213+237.3))))*Y213/100,3) -> 0.895 | AI213: =ROUND(AH213/Y213*(100-Y213),3) -> 1.144 | AK213: 30.35 | AO213: 25.27 | AP213: 10.7 | AQ213: 16.4 | AR213: 4.9 | AS213: 68 | AT213: 93.7 | AU213: 42.6 | AV213: 0 | AW213: 1.02 | AX213: 3.26 | AY213: 0 | AZ213: 42.6 | BA213: 0 | BB213: 1.02 | BC213: 3.26 | BD213: 0
A214: 210 | B214: 24 | C214: 312.99167 | D214: 14.612042 | E214: 21.342 | F214: 7.091 | G214: 50.070833 | H214: 73.7 | I214: 28.5 | J214: 0 | K214: 1.7615 | L214: 7.549 | M214: 0.203 | N214: 0.207 | O214: 0 | Q214: =A214 -> 210 | R214: =B214 -> 24 | S214: =ROUND(C214*0.0864,2) -> 27.04 | T214: =ROUND(D214,1) -> 14.6 | U214: =ROUND(E214,1) -> 21.3 | V214: =ROUND(F214,1) -> 7.1 | W214: =ROUND(G214,1) -> 50.1 | X214: =ROUND(H214,1) -> 73.7 | Y214: =ROUND(I214,1) -> 28.5 | Z214: =ROUND(J214,2) -> 0 | AA214: =ROUND(K214,2) -> 1.76 | AB214: =ROUND(L214,2) -> 7.55 | AC214: =ROUND(M214,3) -> 0.203 | AD214: =ROUND(N214,3) -> 0.207 | AE214: =ROUND(O214-AE$2,3) -> 0 | AG214: =Z214 -> 0 | AH214: =ROUND((0.6105*(EXP((17.273*U214)/(U214+237.3))))*Y214/100,3) -> 0.722 | AI214: =ROUND(AH214/Y214*(100-Y214),3) -> 1.811 | AK214: 30.19 | AO214: 24.11 | AP214: 14.5 | AQ214: 21.4 | AR214: 8.2 | AS214: 47.5 | AT214: 65.8 | AU214: 27.6 | AV214: 0 | AW214: 1.21 | AX214: 3.96 | AY214: 0 | AZ214: 27.6 | BA214: 0 | BB214: 1.21 | BC214: 3.96 | BD214: 0
A215: 211 | B215: 24 | C215: 290.55 | D215: 13.018083 | E215: 19.365 | F215: 8.319 | G215: 53.458333 | H215: 67.9 | I215: 32.1 | J215: 0 | K215: 1.992125 | L215: 8.556 | M215: 0.201 | N215: 0.206 | O215: 0 | Q215: =A215 -> 211 | R215: =B215 -> 24 | S215: =ROUND(C215*0.0864,2) -> 25.1 | T215: =ROUND(D215,1) -> 13 | U215: =ROUND(E215,1) -> 19.4 | V215: =ROUND(F215,1) -> 8.3 | W215: =ROUND(G215,1) -> 53.5 | X215: =ROUND(H215,1) -> 67.9 | Y215: =ROUND(I215,1) -> 32.1 | Z215: =ROUND(J215,2) -> 0 | AA215: =ROUND(K215,2) -> 1.99 | AB215: =ROUND(L215,2) -> 8.56 | AC215: =ROUND(M215,3) -> 0.201 | AD215: =ROUND(N215,3) -> 0.206 | AE215: =ROUND(O215-AE$2,3) -> 0 | AG215: =Z215 -> 0 | AH215: =ROUND((0.6105*(EXP((17.273*U215)/(U215+237.3))))*Y215/100,3) -> 0.723 | AI215: =ROUND(AH215/Y215*(100-Y215),3) -> 1.529 | AK215: 30.03 | AO215: 24.34 | AP215: 12.8 | AQ215: 18.6 | AR215: 8.4 | AS215: 52.7 | AT215: 66.6 | AU215: 31.7 | AV215: 0 | AW215: 1.32 | AX215: 4.79 | AY215: 0 | AZ215: 31.7 | BA215: 0 | BB215: 1.32 | BC215: 4.79 | BD215: 0
A216: 212 | B216: 24 | C216: 297.8875 | D216: 13.40375 | E216: 20.103 | F216: 7.192 | G216: 61.6625 | H216: 80.7 | I216: 42.2 | J216: 0 | K216: 1.5308333 | L216: 8.052 | M216: 0.199 | N216: 0.204 | O216: 0 | Q216: =A216 -> 212 | R216: =B216 -> 24 | S216: =ROUND(C216*0.0864,2) -> 25.74 | T216: =ROUND(D216,1) -> 13.4 | U216: =ROUND(E216,1) -> 20.1 | V216: =ROUND(F216,1) -> 7.2 | W216: =ROUND(G216,1) -> 61.7 | X216: =ROUND(H216,1) -> 80.7 | Y216: =ROUND(I216,1) -> 42.2 | Z216: =ROUND(J216,2) -> 0 | AA216: =ROUND(K216,2) -> 1.53 | AB216: =ROUND(L216,2) -> 8.05 | AC216: =ROUND(M216,3) -> 0.199 | AD216: =ROUND(N216,3) -> 0.204 | AE216: =ROUND(O216-AE$2,3) -> 0 | AG216: =Z216 -> 0 | AH216: =ROUND((0.6105*(EXP((17.273*U216)/(U216+237.3))))*Y216/100,3) -> 0.993 | AI216: =ROUND(AH216/Y216*(100-Y216),3) -> 1.36 | AK216: 29.87 | AO216: 22.89 | AP216: 13.3 | AQ216: 20.3 | AR216: 7.6 | AS216: 60.8 | AT216: 77.7 | AU216: 40.5 | AV216: 0 | AW216: 1.28 | AX216: 4.13 | AY216: 0 | AZ216: 40.5 | BA216: 0 | BB216: 1.28 | BC216: 4.13 | BD216: 0
A217: 213 | B217: 24 | C217: 274.5625 | D217: 15.0625 | E217: 21.246 | F217: 8.941 | G217: 53.75 | H217: 81.8 | I217: 33.1 | J217: 0 | K217: 2.118 | L217: 7.549 | M217: 0.198 | N217: 0.202 | O217: 0 | Q217: =A217 -> 213 | R217: =B217 -> 24 | S217: =ROUND(C217*0.0864,2) -> 23.72 | T217: =ROUND(D217,1) -> 15.1 | U217: =ROUND(E217,1) -> 21.2 | V217: =ROUND(F217,1) -> 8.9 | W217: =ROUND(G217,1) -> 53.8 | X217: =ROUND(H217,1) -> 81.8 | Y217: =ROUND(I217,1) -> 33.1 | Z217: =ROUND(J217,2) -> 0 | AA217: =ROUND(K217,2) -> 2.12 | AB217: =ROUND(L217,2) -> 7.55 | AC217: =ROUND(M217,3) -> 0.198 | AD217: =ROUND(N217,3) -> 0.202 | AE217: =ROUND(O217-AE$2,3) -> 0 | AG217: =Z217 -> 0 | AH217: =ROUND((0.6105*(EXP((17.273*U217)/(U217+237.3))))*Y217/100,3) -> 0.833 | AI217: =ROUND(AH217/Y217*(100-Y217),3) -> 1.684 | AK217: 29.71 | AO217: 23.13 | AP217: 15 | AQ217: 21.5 | AR217: 8.9 | AS217: 52.5 | AT217: 79.3 | AU217: 32 | AV217: 0 | AW217: 1.53 | AX217: 4.04 | AY217: 0 | AZ217: 32 | BA217: 0 | BB217: 1.53 | BC217: 4.04 | BD217: 0
A218: 214 | B218: 24 | C218: 265.39167 | D218: 13.766333 | E218: 18.39 | F218: 7.142 | G218: 51.466667 | H218: 63.1 | I218: 43.2 | J218: 0 | K218: 2.726125 | L218: 10.065 | M218: 0.196 | N218: 0.2 | O218: 0 | Q218: =A218 -> 214 | R218: =B218 -> 24 | S218: =ROUND(C218*0.0864,2) -> 22.93 | T218: =ROUND(D218,1) -> 13.8 | U218: =ROUND(E218,1) -> 18.4 | V218: =ROUND(F218,1) -> 7.1 | W218: =ROUND(G218,1) -> 51.5 | X218: =ROUND(H218,1) -> 63.1 | Y218: =ROUND(I218,1) -> 43.2 | Z218: =ROUND(J218,2) -> 0 | AA218: =ROUND(K218,2) -> 2.73 | AB218: =ROUND(L218,2) -> 10.07 | AC218: =ROUND(M218,3) -> 0.196 | AD218: =ROUND(N218,3) -> 0.2 | AE218: =ROUND(O218-AE$2,3) -> 0 | AG218: =Z218 -> 0 | AH218: =ROUND((0.6105*(EXP((17.273*U218)/(U218+237.3))))*Y218/100,3) -> 0.914 | AI218: =ROUND(AH218/Y218*(100-Y218),3) -> 1.202 | AK218: 29.54 | AO218: 19.73 | AP218: 13.6 | AQ218: 18.7 | AR218: 7.4 | AS218: 52 | AT218: 62.5 | AU218: 43.9 | AV218: 0 | AW218: 1.66 | AX218: 4.44 | AY218: 0 | AZ218: 43.9 | BA218: 0 | BB218: 1.66 | BC218: 4.44 | BD218: 0
... A222: 218 | B222: 24 | C222: 319.40417 | D222: 18.886292 | E222: 25.525 | F222: 12.219 | G222: 31.658333 | H222: 57.9 | I222: 15.1 | J222: 0 | K222: 1.6985833 | L222: 8.556 | M222: 0.188 | N222: 0.193 | O222: 0 | Q222: =A222 -> 218 | R222: =B222 -> 24 | S222: =ROUND(C222*0.0864,2) -> 27.6 | T222: =ROUND(D222,1) -> 18.9 | U222: =ROUND(E222,1) -> 25.5 | V222: =ROUND(F222,1) -> 12.2 | W222: =ROUND(G222,1) -> 31.7 | X222: =ROUND(H222,1) -> 57.9 | Y222: =ROUND(I222,1) -> 15.1 | Z222: =ROUND(J222,2) -> 0 | AA222: =ROUND(K222,2) -> 1.7 | AB222: =ROUND(L222,2) -> 8.56 | AC222: =ROUND(M222,3) -> 0.188 | AD222: =ROUND(N222,3) -> 0.193 | AE222: =ROUND(O222-AE$2,3) -> 0 | AG222: =Z222 -> 0 | AH222: =ROUND((0.6105*(EXP((17.273*U222)/(U222+237.3))))*Y222/100,3) -> 0.493 | AI222: =ROUND(AH222/Y222*(100-Y222),3) -> 2.772 | AK222: 28.85 | AO222: 25.95 | AP222: 18.9 | AQ222: 24.9 | AR222: 12.9 | AS222: 29.4 | AT222: 56.7 | AU222: 14.3 | AV222: 0 | AW222: 1.17 | AX222: 4.73 | AY222: 0 | AZ222: 14.3 | BA222: 0 | BB222: 1.17 | BC222: 4.73 | BD222: 0
A223: 219 | B223: 24 | C223: 318.10417 | D223: 19.291292 | E223: 25.647 | F223: 13.57 | G223: 28.3375 | H223: 45.7 | I223: 15.2 | J223: 0 | K223: 1.8662917 | L223: 8.052 | M223: 0.186 | N223: 0.19 | O223: 0.003 | Q223: =A223 -> 219 | R223: =B223 -> 24 | S223: =ROUND(C223*0.0864,2) -> 27.48 | T223: =ROUND(D223,1) -> 19.3 | U223: =ROUND(E223,1) -> 25.6 | V223: =ROUND(F223,1) -> 13.6 | W223: =ROUND(G223,1) -> 28.3 | X223: =ROUND(H223,1) -> 45.7 | Y223: =ROUND(I223,1) -> 15.2 | Z223: =ROUND(J223,2) -> 0 | AA223: =ROUND(K223,2) -> 1.87 | AB223: =ROUND(L223,2) -> 8.05 | AC223: =ROUND(M223,3) -> 0.186 | AD223: =ROUND(N223,3) -> 0.19 | AE223: 0 | AG223: =Z223 -> 0 | AH223: =ROUND((0.6105*(EXP((17.273*U223)/(U223+237.3))))*Y223/100,3) -> 0.499 | AI223: =ROUND(AH223/Y223*(100-Y223),3) -> 2.784 | AK223: 28.67 | AO223: 25.83 | AP223: 19 | AQ223: 25.2 | AR223: 13 | AS223: 28.1 | AT223: 48.1 | AU223: 15.6 | AV223: 0 | AW223: 1.22 | AX223: 4.36 | AY223: 0 | AZ223: 15.6 | BA223: 0 | BB223: 1.22 | BC223: 4.36 | BD223: 0
A224: 220 | B224: 24 | C224: 321.25 | D224: 18.847958 | E224: 25.671 | F224: 12.074 | G224: 31.616667 | H224: 47.2 | I224: 19.9 | K224: 2.0341667 | L224: 9.059 | M224: 0.183 | N224: 0.186 | O224: 0 | Q224: =A224 -> 220 | R224: =B224 -> 24 | S224: =ROUND(C224*0.0864,2) -> 27.76 | T224: =ROUND(D224,1) -> 18.8 | U224: =ROUND(E224,1) -> 25.7 | V224: =ROUND(F224,1) -> 12.1 | W224: =ROUND(G224,1) -> 31.6 | X224: =ROUND(H224,1) -> 47.2 | Y224: =ROUND(I224,1) -> 19.9 | Z224: =ROUND(J224,2) -> 0 | AA224: =ROUND(K224,2) -> 2.03 | AB224: =ROUND(L224,2) -> 9.06 | AC224: =ROUND(M224,3) -> 0.183 | AD224: =ROUND(N224,3) -> 0.186 | AE224: =ROUND(O224-AE$2,3) -> 0 | AG224: =Z224 -> 0 | AH224: =ROUND((0.6105*(EXP((17.273*U224)/(U224+237.3))))*Y224/100,3) -> 0.657 | AI224: =ROUND(AH224/Y224*(100-Y224),3) -> 2.645 | AK224: 28.48 | AO224: 25.57 | AP224: 18.5 | AQ224: 24.2 | AR224: 12.6 | AS224: 31.2 | AT224: 44.7 | AU224: 19.7 | AV224: 0 | AW224: 1.23 | AX224: 4.82 | AY224: 0 | AZ224: 19.7 | BA224: 0 | BB224: 1.23 | BC224: 4.82 | BD224: 0
A225: 221 | B225: 24 | C225: 251.9 | D225: 16.448417 | E225: 21.223 | F225: 11.832 | G225: 48.308333 | H225: 68.5 | I225: 29.4 | K225: 2.0759583 | L225: 8.556 | M225: 0.18 | N225: 0.183 | O225: 0 | Q225: =A225 -> 221 | R225: =B225 -> 24 | S225: =ROUND(C225*0.0864,2) -> 21.76 | T225: =ROUND(D225,1) -> 16.4 | U225: =ROUND(E225,1) -> 21.2 | V225: =ROUND(F225,1) -> 11.8 | W225: =ROUND(G225,1) -> 48.3 | X225: =ROUND(H225,1) -> 68.5 | Y225: =ROUND(I225,1) -> 29.4 | Z225: =ROUND(J225,2) -> 0 | AA225: =ROUND(K225,2) -> 2.08 | AB225: =ROUND(L225,2) -> 8.56 | AC225: =ROUND(M225,3) -> 0.18 | AD225: =ROUND(N225,3) -> 0.183 | AE225: =ROUND(O225-AE$2,3) -> 0 | AG225: =Z225 -> 0 | AH225: =ROUND((0.6105*(EXP((17.273*U225)/(U225+237.3))))*Y225/100,3) -> 0.74 | AI225: =ROUND(AH225/Y225*(100-Y225),3) -> 1.777 | AK225: 28.29 | AO225: 20.48 | AP225: 16.5 | AQ225: 21.3 | AR225: 12.1 | AS225: 47.9 | AT225: 67.6 | AU225: 29.6 | AV225: 0 | AW225: 1.29 | AX225: 3.9 | AY225: 0 | AZ225: 29.6 | BA225: 0 | BB225: 1.29 | BC225: 3.9 | BD225: 0
A226: 222 | B226: 24 | C226: 94.429167 | D226: 12.308083 | E226: 15.414 | F226: 7.519 | G226: 77.741667 | H226: 94.2 | I226: 63.7 | K226: 0.985625 | L226: 9.562 | M226: 0.178 | N226: 0.181 | O226: 0.001 | Q226: =A226 -> 222 | R226: =B226 -> 24 | S226: =ROUND(C226*0.0864,2) -> 8.16 | T226: =ROUND(D226,1) -> 12.3 | U226: =ROUND(E226,1) -> 15.4 | V226: =ROUND(F226,1) -> 7.5 | W226: =ROUND(G226,1) -> 77.7 | X226: =ROUND(H226,1) -> 94.2 | Y226: =ROUND(I226,1) -> 63.7 | Z226: =ROUND(J226,2) -> 0 | AA226: =ROUND(K226,2) -> 0.99 | AB226: =ROUND(L226,2) -> 9.56 | AC226: =ROUND(M226,3) -> 0.178 | AD226: =ROUND(N226,3) -> 0.181 | AE226: 0 | AG226: =Z226 -> 0 | AH226: =ROUND((0.6105*(EXP((17.273*U226)/(U226+237.3))))*Y226/100,3) -> 1.114 | AI226: =ROUND(AH226/Y226*(100-Y226),3) -> 0.635 | AK226: 28.11 | AO226: 10.35 | AP226: 12.3 | AQ226: 15.9 | AR226: 7.6 | AS226: 76.9 | AT226: 94.6 | AU226: 62.5 | AV226: 14.7 | AW226: 0.72 | AX226: 4.71 | AY226: 0 | AZ226: 62.5 | BA226: 14.7 | BB226: 0.72 | BC226: 4.71 | BD226: 0
A227: 223 | B227: 24 | C227: 65.3625 | D227: 7.8969167 | E227: 10.271 | F227: 6.382 | G227: 93.808333 | H227: 99.2 | I227: 86.4 | K227: 1.8873333 | L227: 9.059 | M227: 0.19 | N227: 0.185 | O227: 0 | Q227: =A227 -> 223 | R227: =B227 -> 24 | S227: =ROUND(C227*0.0864,2) -> 5.65 | T227: =ROUND(D227,1) -> 7.9 | U227: =ROUND(E227,1) -> 10.3 | V227: =ROUND(F227,1) -> 6.4 | W227: =ROUND(G227,1) -> 93.8 | X227: =ROUND(H227,1) -> 99.2 | Y227: =ROUND(I227,1) -> 86.4 | Z227: =ROUND(J227,2) -> 0 | AA227: =ROUND(K227,2) -> 1.89 | AB227: =ROUND(L227,2) -> 9.06 | AC227: =ROUND(M227,3) -> 0.19 | AD227: =ROUND(N227,3) -> 0.185 | AE227: =ROUND(O227-AE$2,3) -> 0 | AG227: =Z227 -> 0 | AH227: =ROUND((0.6105*(EXP((17.273*U227)/(U227+237.3))))*Y227/100,3) -> 1.082 | AI227: =ROUND(AH227/Y227*(100-Y227),3) -> 0.17 | AK227: 27.92 | AO227: 5.12 | AP227: 7.8 | AQ227: 9.7 | AR227: 6.2 | AS227: 91.7 | AT227: 96.4 | AU227: 83.4 | AV227: 12.7 | AW227: 1.15 | AX227: 4.01 | AY227: 0 | AZ227: 83.4 | BA227: 12.7 | BB227: 1.15 | BC227: 4.01 | BD227: 0
A228: 224 | B228: 24 | C228: 195.34167 | D228: 10.22725 | E228: 16.534 | F228: 5.719 | G228: 76.075 | H228: 97.3 | I228: 49.4 | K228: 0.94366667 | L228: 7.549 | M228: 0.188 | N228: 0.188 | O228: 0 | Q228: =A228 -> 224 | R228: =B228 -> 24 | S228: =ROUND(C228*0.0864,2) -> 16.88 | T228: =ROUND(D228,1) -> 10.2 | U228: =ROUND(E228,1) -> 16.5 | V228: =ROUND(F228,1) -> 5.7 | W228: =ROUND(G228,1) -> 76.1 | X228: =ROUND(H228,1) -> 97.3 | Y228: =ROUND(I228,1) -> 49.4 | Z228: =ROUND(J228,2) -> 0 | AA228: =ROUND(K228,2) -> 0.94 | AB228: =ROUND(L228,2) -> 7.55 | AC228: =ROUND(M228,3) -> 0.188 | AD228: =ROUND(N228,3) -> 0.188 | AE228: =ROUND(O228-AE$2,3) -> 0 | AG228: =Z228 -> 0 | AH228: =ROUND((0.6105*(EXP((17.273*U228)/(U228+237.3))))*Y228/100,3) -> 0.927 | AI228: =ROUND(AH228/Y228*(100-Y228),3) -> 0.95 | AK228: 27.72 | AO228: 22.35 | AP228: 10.5 | AQ228: 16.5 | AR228: 5.8 | AS228: 72 | AT228: 94.3 | AU228: 44.9 | AV228: 0.3 | AW228: 0.93 | AX228: 3.71 | AY228: 0 | AZ228: 44.9 | BA228: 0.3 | BB228: 0.93 | BC228: 3.71 | BD228: 0
A229: 225 | B229: 24 | C229: 135.44167 | D229: 10.172625 | E229: 15.342 | F229: 6.408 | G229: 81.9625 | H229: 94.3 | I229: 55.2 | K229: 0.90170833 | L229: 9.562 | M229: 0.209 | N229: 0.187 | O229: 0 | Q229: =A229 -> 225 | R229: =B229 -> 24 | S229: =ROUND(C229*0.0864,2) -> 11.7 | T229: =ROUND(D229,1) -> 10.2 | U229: =ROUND(E229,1) -> 15.3 | V229: =ROUND(F229,1) -> 6.4 | W229: =ROUND(G229,1) -> 82 | X229: =ROUND(H229,1) -> 94.3 | Y229: =ROUND(I229,1) -> 55.2 | Z229: =ROUND(J229,2) -> 0 | AA229: =ROUND(K229,2) -> 0.9 | AB229: =ROUND(L229,2) -> 9.56 | AC229: =ROUND(M229,3) -> 0.209 | AD229: =ROUND(N229,3) -> 0.187 | AE229: =ROUND(O229-AE$2,3) -> 0 | AG229: =Z229 -> 0 | AH229: =ROUND((0.6105*(EXP((17.273*U229)/(U229+237.3))))*Y229/100,3) -> 0.959 | AI229: =ROUND(AH229/Y229*(100-Y229),3) -> 0.778 | AK229: 27.52 | AO229: 11.71 | AP229: 10.4 | AQ229: 15.2 | AR229: 7.1 | AS229: 78.4 | AT229: 92.5 | AU229: 57.7 | AV229: 5.1 | AW229: 0.98 | AX229: 3.45 | AY229: 0 | AZ229: 57.7 | BA229: 5.1 | BB229: 0.98 | BC229: 3.45 | BD229: 0
A230: 226 | B230: 24 | C230: 269.39583 | D230: 12.741625 | E230: 17.796 | F230: 8.792 | G230: 66.175 | H230: 83.6 | I230: 39.9 | K230: 1.3631667 | L230: 6.543 | M230: 0.197 | N230: 0.191 | O230: 0 | Q230: =A230 -> 226 | R230: =B230 -> 24 | S230: =ROUND(C230*0.0864,2) -> 23.28 | T230: =ROUND(D230,1) -> 12.7 | U230: =ROUND(E230,1) -> 17.8 | V230: =ROUND(F230,1) -> 8.8 | W230: =ROUND(G230,1) -> 66.2 | X230: =ROUND(H230,1) -> 83.6 | Y230: =ROUND(I230,1) -> 39.9 | Z230: =ROUND(J230,2) -> 0 | AA230: =ROUND(K230,2) -> 1.36 | AB230: =ROUND(L230,2) -> 6.54 | AC230: =ROUND(M230,3) -> 0.197 | AD230: =ROUND(N230,3) -> 0.191 | AE230: =ROUND(O230-AE$2,3) -> 0 | AG230: =Z230 -> 0 | AH230: =ROUND((0.6105*(EXP((17.273*U230)/(U230+237.3))))*Y230/100,3) -> 0.813 | AI230: =ROUND(AH230/Y230*(100-Y230),3) -> 1.225 | AK230: 27.32 | AO230: 22.99 | AP230: 12.6 | AQ230: 17.2 | AR230: 9.2 | AS230: 63.6 | AT230: 80.7 | AU230: 39.5 | AV230: 0 | AW230: 1.24 | AX230: 3.86 | AY230: 0 | AZ230: 39.5 | BA230: 0 | BB230: 1.24 | BC230: 3.86 | BD230: 0
A231: 227 | B231: 24 | C231: 251.5375 | D231: 12.858708 | E231: 18.889 | F231: 7.569 | G231: 59.291667 | H231: 86.9 | I231: 38.8 | K231: 1.1953333 | L231: 8.052 | M231: 0.193 | N231: 0.191 | O231: 0 | Q231: =A231 -> 227 | R231: =B231 -> 24 | S231: =ROUND(C231*0.0864,2) -> 21.73 | T231: =ROUND(D231,1) -> 12.9 | U231: =ROUND(E231,1) -> 18.9 | V231: =ROUND(F231,1) -> 7.6 | W231: =ROUND(G231,1) -> 59.3 | X231: =ROUND(H231,1) -> 86.9 | Y231: =ROUND(I231,1) -> 38.8 | Z231: =ROUND(J231,2) -> 0 | AA231: =ROUND(K231,2) -> 1.2 | AB231: =ROUND(L231,2) -> 8.05 | AC231: =ROUND(M231,3) -> 0.193 | AD231: =ROUND(N231,3) -> 0.191 | AE231: =ROUND(O231-AE$2,3) -> 0 | AG231: =Z231 -> 0 | AH231: =ROUND((0.6105*(EXP((17.273*U231)/(U231+237.3))))*Y231/100,3) -> 0.847 | AI231: =ROUND(AH231/Y231*(100-Y231),3) -> 1.336 | AK231: 27.11 | AO231: 22.01 | AP231: 12.8 | AQ231: 18.1 | AR231: 8.6 | AS231: 57.2 | AT231: 79.3 | AU231: 39.6 | AV231: 0 | AW231: 1.01 | AX231: 3.3 | AY231: 0 | AZ231: 39.6 | BA231: 0 | BB231: 1.01 | BC231: 3.3 | BD231: 0
A232: 228 | B232: 24 | C232: 81.404167 | D232: 9.6441667 | E232: 13.185 | F232: 6.712 | G232: 80.570833 | H232: 91.2 | I232: 63 | K232: 0.92275 | L232: 6.039 | M232: 0.191 | N232: 0.191 | O232: 0 | Q232: =A232 -> 228 | R232: =B232 -> 24 | S232: =ROUND(C232*0.0864,2) -> 7.03 | T232: =ROUND(D232,1) -> 9.6 | U232: =ROUND(E232,1) -> 13.2 | V232: =ROUND(F232,1) -> 6.7 | W232: =ROUND(G232,1) -> 80.6 | X232: =ROUND(H232,1) -> 91.2 | Y232: =ROUND(I232,1) -> 63 | Z232: =ROUND(J232,2) -> 0 | AA232: =ROUND(K232,2) -> 0.92 | AB232: =ROUND(L232,2) -> 6.04 | AC232: =ROUND(M232,3) -> 0.191 | AD232: =ROUND(N232,3) -> 0.191 | AE232: =ROUND(O232-AE$2,3) -> 0 | AG232: =Z232 -> 0 | AH232: =ROUND((0.6105*(EXP((17.273*U232)/(U232+237.3))))*Y232/100,3) -> 0.956 | AI232: =ROUND(AH232/Y232*(100-Y232),3) -> 0.561 | AK232: 26.9 | AO232: 6.88 | AP232: 9.5 | AQ232: 12.2 | AR232: 6.4 | AS232: 79.3 | AT232: 91.1 | AU232: 64 | AV232: 1 | AW232: 0.84 | AX232: 3.34 | AY232: 0 | AZ232: 64 | BA232: 1 | BB232: 0.84 | BC232: 3.34 | BD232: 0
A233: 229 | B233: 24 | C233: 218.125 | D233: 9.0939167 | E233: 14.457 | F233: 4.506 | G233: 75.004167 | H233: 93.3 | I233: 51.8 | K233: 1.6985833 | L233: 9.562 | M233: 0.191 | N233: 0.191 | O233: 0 | Q233: =A233 -> 229 | R233: =B233 -> 24 | S233: =ROUND(C233*0.0864,2) -> 18.85 | T233: =ROUND(D233,1) -> 9.1 | U233: =ROUND(E233,1) -> 14.5 | V233: =ROUND(F233,1) -> 4.5 | W233: =ROUND(G233,1) -> 75 | X233: =ROUND(H233,1) -> 93.3 | Y233: =ROUND(I233,1) -> 51.8 | Z233: =ROUND(J233,2) -> 0 | AA233: =ROUND(K233,2) -> 1.7 | AB233: =ROUND(L233,2) -> 9.56 | AC233: =ROUND(M233,3) -> 0.191 | AD233: =ROUND(N233,3) -> 0.191 | AE233: =ROUND(O233-AE$2,3) -> 0 | AG233: =Z233 -> 0 | AH233: =ROUND((0.6105*(EXP((17.273*U233)/(U233+237.3))))*Y233/100,3) -> 0.855 | AI233: =ROUND(AH233/Y233*(100-Y233),3) -> 0.796 | AK233: 26.7 | AO233: 17.31 | AP233: 8.9 | AQ233: 14.6 | AR233: 4.5 | AS233: 72.7 | AT233: 91.5 | AU233: 50.2 | AV233: 0.3 | AW233: 1.28 | AX233: 4.2 | AY233: 0 | AZ233: 50.2 | BA233: 0.3 | BB233: 1.28 | BC233: 4.2 | BD233: 0
A234: 230 | B234: 24 | C234: 292.0875 | D234: 12.250833 | E234: 19.77 | F234: 4.272 | G234: 61.175 | H234: 94.5 | I234: 37.2 | K234: 1.7615417 | L234: 8.556 | M234: 0.188 | N234: 0.19 | O234: 0 | Q234: =A234 -> 230 | R234: =B234 -> 24 | S234: =ROUND(C234*0.0864,2) -> 25.24 | T234: =ROUND(D234,1) -> 12.3 | U234: =ROUND(E234,1) -> 19.8 | V234: =ROUND(F234,1) -> 4.3 | W234: =ROUND(G234,1) -> 61.2 | X234: =ROUND(H234,1) -> 94.5 | Y234: =ROUND(I234,1) -> 37.2 | Z234: =ROUND(J234,2) -> 0 | AA234: =ROUND(K234,2) -> 1.76 | AB234: =ROUND(L234,2) -> 8.56 | AC234: =ROUND(M234,3) -> 0.188 | AD234: =ROUND(N234,3) -> 0.19 | AE234: =ROUND(O234-AE$2,3) -> 0 | AG234: =Z234 -> 0 | AH234: =ROUND((0.6105*(EXP((17.273*U234)/(U234+237.3))))*Y234/100,3) -> 0.859 | AI234: =ROUND(AH234/Y234*(100-Y234),3) -> 1.45 | AK234: 26.48 | AO234: 23.3 | AP234: 12.2 | AQ234: 19.7 | AR234: 4.7 | AS234: 59 | AT234: 92.7 | AU234: 36.5 | AV234: 0 | AW234: 1.27 | AX234: 4.48 | AY234: 0 | AZ234: 36.5 | BA234: 0 | BB234: 1.27 | BC234: 4.48 | BD234: 0
A235: 231 | B235: 24 | C235: 290.78333 | D235: 13.269375 | E235: 19.77 | F235: 8.245 | G235: 44.9625 | H235: 62.2 | I235: 32.1 | K235: 1.8873333 | L235: 8.052 | M235: 0.186 | N235: 0.189 | O235: 0 | Q235: =A235 -> 231 | R235: =B235 -> 24 | S235: =ROUND(C235*0.0864,2) -> 25.12 | T235: =ROUND(D235,1) -> 13.3 | U235: =ROUND(E235,1) -> 19.8 | V235: =ROUND(F235,1) -> 8.2 | W235: =ROUND(G235,1) -> 45 | X235: =ROUND(H235,1) -> 62.2 | Y235: =ROUND(I235,1) -> 32.1 | Z235: =ROUND(J235,2) -> 0 | AA235: =ROUND(K235,2) -> 1.89 | AB235: =ROUND(L235,2) -> 8.05 | AC235: =ROUND(M235,3) -> 0.186 | AD235: =ROUND(N235,3) -> 0.189 | AE235: =ROUND(O235-AE$2,3) -> 0 | AG235: =Z235 -> 0 | AH235: =ROUND((0.6105*(EXP((17.273*U235)/(U235+237.3))))*Y235/100,3) -> 0.741 | AI235: =ROUND(AH235/Y235*(100-Y235),3) -> 1.567 | AK235: 26.26 | AO235: 22.99 | AP235: 12.9 | AQ235: 18.9 | AR235: 7.9 | AS235: 44.2 | AT235: 64.7 | AU235: 32.5 | AV235: 0 | AW235: 1.28 | AX235: 3.68 | AY235: 0 | AZ235: 32.5 | BA235: 0 | BB235: 1.28 | BC235: 3.68 | BD235: 0
A236: 232 | B236: 24 | C236: 268.59583 | D236: 16.237042 | E236: 22.011 | F236: 9.435 | G236: 42.291667 | H236: 58.9 | I236: 32.3 | K236: 2.1179583 | L236: 10.065 | M236: 0.185 | N236: 0.187 | O236: 0 | Q236: =A236 -> 232 | R236: =B236 -> 24 | S236: =ROUND(C236*0.0864,2) -> 23.21 | T236: =ROUND(D236,1) -> 16.2 | U236: =ROUND(E236,1) -> 22 | V236: =ROUND(F236,1) -> 9.4 | W236: =ROUND(G236,1) -> 42.3 | X236: =ROUND(H236,1) -> 58.9 | Y236: =ROUND(I236,1) -> 32.3 | Z236: =ROUND(J236,2) -> 0 | AA236: =ROUND(K236,2) -> 2.12 | AB236: =ROUND(L236,2) -> 10.07 | AC236: =ROUND(M236,3) -> 0.185 | AD236: =ROUND(N236,3) -> 0.187 | AE236: =ROUND(O236-AE$2,3) -> 0 | AG236: =Z236 -> 0 | AH236: =ROUND((0.6105*(EXP((17.273*U236)/(U236+237.3))))*Y236/100,3) -> 0.854 | AI236: =ROUND(AH236/Y236*(100-Y236),3) -> 1.79 | AK236: 26.05 | AO236: 21.38 | AP236: 16 | AQ236: 21.9 | AR236: 10.6 | AS236: 42.2 | AT236: 50.7 | AU236: 32.3 | AV236: 0 | AW236: 1.48 | AX236: 4.58 | AY236: 0 | AZ236: 32.3 | BA236: 0 | BB236: 1.48 | BC236: 4.58 | BD236: 0
A237: 233 | B237: 24 | C237: 113.27917 | D237: 12.752667 | E237: 17.867 | F237: 8.12 | G237: 66.704167 | H237: 94.1 | I237: 40.1 | K237: 1.3210833 | L237: 10.569 | M237: 0.183 | N237: 0.186 | O237: 0 | Q237: =A237 -> 233 | R237: =B237 -> 24 | S237: =ROUND(C237*0.0864,2) -> 9.79 | T237: =ROUND(D237,1) -> 12.8 | U237: =ROUND(E237,1) -> 17.9 | V237: =ROUND(F237,1) -> 8.1 | W237: =ROUND(G237,1) -> 66.7 | X237: =ROUND(H237,1) -> 94.1 | Y237: =ROUND(I237,1) -> 40.1 | Z237: =ROUND(J237,2) -> 0 | AA237: =ROUND(K237,2) -> 1.32 | AB237: =ROUND(L237,2) -> 10.57 | AC237: =ROUND(M237,3) -> 0.183 | AD237: =ROUND(N237,3) -> 0.186 | AE237: =ROUND(O237-AE$2,3) -> 0 | AG237: =Z237 -> 0 | AH237: =ROUND((0.6105*(EXP((17.273*U237)/(U237+237.3))))*Y237/100,3) -> 0.822 | AI237: =ROUND(AH237/Y237*(100-Y237),3) -> 1.228 | AK237: 25.83 | AO237: 9.5 | AP237: 12.7 | AQ237: 17.9 | AR237: 8.4 | AS237: 66.6 | AT237: 90.5 | AU237: 42.2 | AV237: 0.5 | AW237: 1 | AX237: 4.33 | AY237: 0 | AZ237: 42.2 | BA237: 0.5 | BB237: 1 | BC237: 4.33 | BD237: 0
A238: 234 | B238: 24 | C238: 286.50833 | D238: 9.614625 | E238: 15.629 | F238: 4.869 | G238: 66.425 | H238: 88.7 | I238: 42.7 | K238: 2.0342083 | L238: 8.556 | M238: 0.181 | N238: 0.184 | O238: 0 | Q238: =A238 -> 234 | R238: =B238 -> 24 | S238: =ROUND(C238*0.0864,2) -> 24.75 | T238: =ROUND(D238,1) -> 9.6 | U238: =ROUND(E238,1) -> 15.6 | V238: =ROUND(F238,1) -> 4.9 | W238: =ROUND(G238,1) -> 66.4 | X238: =ROUND(H238,1) -> 88.7 | Y238: =ROUND(I238,1) -> 42.7 | Z238: =ROUND(J238,2) -> 0 | AA238: =ROUND(K238,2) -> 2.03 | AB238: =ROUND(L238,2) -> 8.56 | AC238: =ROUND(M238,3) -> 0.181 | AD238: =ROUND(N238,3) -> 0.184 | AE238: =ROUND(O238-AE$2,3) -> 0 | AG238: =Z238 -> 0 | AH238: =ROUND((0.6105*(EXP((17.273*U238)/(U238+237.3))))*Y238/100,3) -> 0.757 | AI238: =ROUND(AH238/Y238*(100-Y238),3) -> 1.016 | AK238: 25.61 | AO238: 22.34 | AP238: 9.5 | AQ238: 14.9 | AR238: 5.2 | AS238: 64.2 | AT238: 86.6 | AU238: 42.2 | AV238: 0 | AW238: 1.37 | AX238: 4.29 | AY238: 0 | AZ238: 42.2 | BA238: 0 | BB238: 1.37 | BC238: 4.29 | BD238: 0
... A273: 269 | B273: 24 | C273: 82.1875 | D273: 2.31025 | E273: 6.661 | F273: -1.213 | G273: 92.454167 | H273: 100 | I273: 78.1 | K273: 2.055 | L273: 12.582 | M273: 0.249 | N273: 0.258 | O273: 0 | Q273: =A273 -> 269 | R273: =B273 -> 24 | S273: =ROUND(C273*0.0864,2) -> 7.1 | T273: =ROUND(D273,1) -> 2.3 | U273: =ROUND(E273,1) -> 6.7 | V273: =ROUND(F273,1) -> -1.2 | W273: =ROUND(G273,1) -> 92.5 | X273: =ROUND(H273,1) -> 100 | Y273: =ROUND(I273,1) -> 78.1 | Z273: =ROUND(J273,2) -> 0 | AA273: =ROUND(K273,2) -> 2.06 | AB273: =ROUND(L273,2) -> 12.58 | AC273: =ROUND(M273,3) -> 0.249 | AD273: =ROUND(N273,3) -> 0.258 | AE273: =ROUND(O273-AE$2,3) -> 0 | AG273: =Z273 -> 0 | AH273: =ROUND((0.6105*(EXP((17.273*U273)/(U273+237.3))))*Y273/100,3) -> 0.766 | AI273: =ROUND(AH273/Y273*(100-Y273),3) -> 0.215 | AK273: 17.02 | AO273: 6.94 | AP273: 2.3 | AQ273: 6.7 | AR273: -1.1 | AS273: 87.8 | AT273: 96.8 | AU273: 73 | AV273: 19.8 | AW273: 1.39 | AX273: 6.08 | AY273: 0 | AZ273: 73 | BA273: 19.8 | BB273: 1.39 | BC273: 6.08 | BD273: 0
A274: 270 | B274: 24 | C274: 55.283333 | D274: -1.3366667 | E274: 1.208 | F274: -2.334 | G274: 97.0375 | H274: 100 | I274: 87.8 | K274: 0.31454167 | L274: 6.039 | M274: 0.248 | N274: 0.262 | O274: 0.122 | Q274: =A274 -> 270 | R274: =B274 -> 24 | S274: =ROUND(C274*0.0864,2) -> 4.78 | T274: =ROUND(D274,1) -> -1.3 | U274: =ROUND(E274,1) -> 1.2 | V274: =ROUND(F274,1) -> -2.3 | W274: =ROUND(G274,1) -> 97 | X274: =ROUND(H274,1) -> 100 | Y274: =ROUND(I274,1) -> 87.8 | Z274: =ROUND(J274,2) -> 0 | AA274: =ROUND(K274,2) -> 0.31 | AB274: =ROUND(L274,2) -> 6.04 | AC274: =ROUND(M274,3) -> 0.248 | AD274: =ROUND(N274,3) -> 0.262 | AE274: =ROUND(O274-AE$2,3) -> 0.122 | AF274: =IF(AE274>AE273,ROUND((AE274-AE273)*130,1),0) -> 15.9 | AG274: =AF274 -> 15.9 | AH274: =ROUND((0.6105*(EXP((17.273*U274)/(U274+237.3))))*Y274/100,3) -> 0.585 | AI274: =ROUND(AH274/Y274*(100-Y274),3) -> 0.081 | AK274: 16.77 | AO274: 4.52 | AP274: -1.3 | AQ274: 0.5 | AR274: -2.1 | AS274: 90.2 | AT274: 94.1 | AU274: 79.8 | AV274: 15.3 | AW274: 0.64 | AX274: 3.11 | AY274: 0.123 | AZ274: 79.8 | BA274: 15.3 | BB274: 0.64 | BC274: 3.11 | BD274: 0.123
A275: 271 | B275: 24 | C275: 53.225 | D275: -3.1599583 | E275: -1.384 | F275: -5.511 | G275: 96.704167 | H275: 100 | I275: 88.5 | K275: 1.2584583 | L275: 6.543 | M275: 0.246 | N275: 0.26 | O275: 0.198 | Q275: =A275 -> 271 | R275: =B275 -> 24 | S275: =ROUND(C275*0.0864,2) -> 4.6 | T275: =ROUND(D275,1) -> -3.2 | U275: =ROUND(E275,1) -> -1.4 | V275: =ROUND(F275,1) -> -5.5 | W275: =ROUND(G275,1) -> 96.7 | X275: =ROUND(H275,1) -> 100 | Y275: =ROUND(I275,1) -> 88.5 | Z275: =ROUND(J275,2) -> 0 | AA275: =ROUND(K275,2) -> 1.26 | AB275: =ROUND(L275,2) -> 6.54 | AC275: =ROUND(M275,3) -> 0.246 | AD275: =ROUND(N275,3) -> 0.26 | AE275: =ROUND(O275-AE$2,3) -> 0.198 | AF275: =IF(AE275>AE274,ROUND((AE275-AE274)*130,1),0) -> 9.9 | AG275: =AF275 -> 9.9 | AH275: =ROUND((0.6105*(EXP((17.273*U275)/(U275+237.3))))*Y275/100,3) -> 0.488 | AI275: =ROUND(AH275/Y275*(100-Y275),3) -> 0.063 | AK275: 16.51 | AO275: 3.67 | AP275: -3.2 | AQ275: -1.8 | AR275: -5.5 | AS275: 89.1 | AT275: 94.9 | AU275: 82.4 | AV275: 9.8 | AW275: 0.81 | AX275: 3.17 | AY275: 0.2 | AZ275: 82.4 | BA275: 9.8 | BB275: 0.81 | BC275: 3.17 | BD275: 0.2
A276: 272 | B276: 24 | C276: 80.495833 | D276: -4.9277917 | E276: -3.36 | F276: -6.168 | G276: 97.108333 | H276: 98.3 | I276: 96 | K276: 1.3840417 | L276: 6.543 | M276: 0.243 | N276: 0.257 | O276: 0.193 | Q276: =A276 -> 272 | R276: =B276 -> 24 | S276: =ROUND(C276*0.0864,2) -> 6.95 | T276: =ROUND(D276,1) -> -4.9 | U276: =ROUND(E276,1) -> -3.4 | V276: =ROUND(F276,1) -> -6.2 | W276: =ROUND(G276,1) -> 97.1 | X276: =ROUND(H276,1) -> 98.3 | Y276: =ROUND(I276,1) -> 96 | Z276: =ROUND(J276,2) -> 0 | AA276: =ROUND(K276,2) -> 1.38 | AB276: =ROUND(L276,2) -> 6.54 | AC276: =ROUND(M276,3) -> 0.243 | AD276: =ROUND(N276,3) -> 0.257 | AE276: =ROUND(O276-AE$2,3) -> 0.193 | AF276: =IF(AE276>AE275,ROUND((AE276-AE275)*130,1),0) -> 0 | AG276: =AF276 -> 0 | AH276: =ROUND((0.6105*(EXP((17.273*U276)/(U276+237.3))))*Y276/100,3) -> 0.456 | AI276: =ROUND(AH276/Y276*(100-Y276),3) -> 0.019 | AK276: 16.26 | AO276: 4.62 | AP276: -5 | AQ276: -2.7 | AR276: -6.3 | AS276: 88.7 | AT276: 92.2 | AU276: 83.4 | AV276: 4.4 | AW276: 1.02 | AX276: 3.72 | AY276: 0.219 | AZ276: 83.4 | BA276: 4.4 | BB276: 1.02 | BC276: 3.72 | BD276: 0.219
A277: 273 | B277: 24 | C277: 126.44167 | D277: -3.2820417 | E277: 0.246 | F277: -5.605 | G277: 87.3625 | H277: 95.1 | I277: 70.4 | K277: 0.18879167 | L277: 4.529 | M277: 0.241 | N277: 0.257 | O277: 0.138 | Q277: =A277 -> 273 | R277: =B277 -> 24 | S277: =ROUND(C277*0.0864,2) -> 10.92 | T277: =ROUND(D277,1) -> -3.3 | U277: =ROUND(E277,1) -> 0.2 | V277: =ROUND(F277,1) -> -5.6 | W277: =ROUND(G277,1) -> 87.4 | X277: =ROUND(H277,1) -> 95.1 | Y277: =ROUND(I277,1) -> 70.4 | Z277: =ROUND(J277,2) -> 0 | AA277: =ROUND(K277,2) -> 0.19 | AB277: =ROUND(L277,2) -> 4.53 | AC277: =ROUND(M277,3) -> 0.241 | AD277: =ROUND(N277,3) -> 0.257 | AE277: =ROUND(O277-AE$2,3) -> 0.138 | AF277: =IF(AE277>AE276,ROUND((AE277-AE276)*130,1),0) -> 0 | AG277: =AF277 -> 0 | AH277: =ROUND((0.6105*(EXP((17.273*U277)/(U277+237.3))))*Y277/100,3) -> 0.436 | AI277: =ROUND(AH277/Y277*(100-Y277),3) -> 0.183 | AK277: 16.01 | AO277: 6.73 | AP277: -3.7 | AQ277: -1.1 | AR277: -6 | AS277: 86.8 | AT277: 90.1 | AU277: 79 | AV277: 0 | AW277: 0.55 | AX277: 2.78 | AY277: 0.181 | AZ277: 79 | BA277: 0 | BB277: 0.55 | BC277: 2.78 | BD277: 0.181
A278: 274 | B278: 24 | C278: 113.82917 | D278: -0.85595833 | E278: 4.272 | F278: -5.449 | G278: 85.720833 | H278: 96.4 | I278: 63.1 | K278: 0.188625 | L278: 4.026 | M278: 0.242 | N278: 0.257 | O278: 0.109 | Q278: =A278 -> 274 | R278: =B278 -> 24 | S278: =ROUND(C278*0.0864,2) -> 9.83 | T278: =ROUND(D278,1) -> -0.9 | U278: =ROUND(E278,1) -> 4.3 | V278: =ROUND(F278,1) -> -5.4 | W278: =ROUND(G278,1) -> 85.7 | X278: =ROUND(H278,1) -> 96.4 | Y278: =ROUND(I278,1) -> 63.1 | Z278: =ROUND(J278,2) -> 0 | AA278: =ROUND(K278,2) -> 0.19 | AB278: =ROUND(L278,2) -> 4.03 | AC278: =ROUND(M278,3) -> 0.242 | AD278: =ROUND(N278,3) -> 0.257 | AE278: =ROUND(O278-AE$2,3) -> 0.109 | AF278: =IF(AE278>AE277,ROUND((AE278-AE277)*130,1),0) -> 0 | AG278: =AF278 -> 0 | AH278: =ROUND((0.6105*(EXP((17.273*U278)/(U278+237.3))))*Y278/100,3) -> 0.524 | AI278: =ROUND(AH278/Y278*(100-Y278),3) -> 0.306 | AK278: 15.77 | AO278: 9.96 | AP278: -0.9 | AQ278: 4 | AR278: -5.3 | AS278: 80.6 | AT278: 92.6 | AU278: 59.1 | AV278: 0 | AW278: 0.62 | AX278: 2.6 | AY278: 0.148 | AZ278: 59.1 | BA278: 0 | BB278: 0.62 | BC278: 2.6 | BD278: 0.148
...

Sheet GraphDay

Sheet PBvPL

Sheet Meta
A1: Meta data Station PL
A2: Last edit 20/12/25
B3: Hobo Data logger and asssociated sensors with hourly data downloaded from DataGarrison
B4: Hourly values (DataHour worksheet) used to give daily summary (DataDay worksheet)
C5: Daily data graphed in GraphDay
C6: Compariosn with PB in PBvPL worksheet
A7: Sola radiation W/m2, MJ/m2/d
B8: Added estimate of maximum clear sky solar radiation
A10: Air temperature C
A12: Relative humidity %
A14: Rainfall mm
A16: Snow Depth cm, m
B17: Data needs filtering
C18: Daily precipitation falling as snow (density of 0.13 to allow for compression to end of day) and rain gauge (discounted snow melt in gauge) for annual estimate of precipitation
A19: Soil moisture m3/m3 | C19: p
B20: TDR probes at 0.1 and 0.2 m
A22: Wind speed m/s
A24: Wind direction degrees
B25: wind rose as % time in octants
A27: Vapour pressure and vapour pressure deficit kPa
B28: Calculated from air temperature and relative humidity
