Workbook

Sheet Meta
A1: Meta data for Sicamous base station
A2: Last edit 17/04/25
B3: 21X data logger and storage module
B4: Gap filling of temperature and humidity using relationships between Sicamous Creek and Sicamous FWS
A5: Solar W/m2 | L5: Based on regressions against Sicamous FWS station and UPC
B6: LiCor silicon Pyranometer at 6 m | N6: See columns BZ to DC
B7: Kmax from 10 min simulation | L7: Temperature
A8: PAR mol/m2/d | M8: Jan 1-March 8, n, 7-13 Nov
B9: LiCor PAR sensor 6 m above surface. Calibration drift adjustment | N9: Tave C = UPC* 1.19 - 0.2, R2=0.922
A10: Tair C | N10: Tmin C = UPC* 0.95 - 0.5, R2=0.752
B11: HMP35C in RMYoung pie plate sheild at 6 m | N11: Tmin C = UPC* 1.1 - 1, R2=0.856
B12: Thermocouples referenced to termistor on panel at 3 m, 1.5 m and 0.25 m | M12: March 9- 11 May and gaps where no FWS to 13 Jun
A13: RH % | N13: Tave C = UPC* 1.02 - 0.4, R2=0.932
B14: HMP35C in RMYoung pie plate sheild at 6 m | N14: Tmin C = UPC* 0.96+ 0.2, R2=0.937
B15: Corrected RH based on Rhmax=100. Calculated vpres (kPa) | N15: Tmin C = UPC* 1.1 - 0.4, R2=0.793
A16: Soil temperature C | M16: 12 May-13 Jun with gaps, 18-29 July
B17: Thermocouples referenced to thermistor on panel at 0.15 m and 0.5 m depths | N17: Tave C = FWS* 0.75 - 0.6, R2=0.941
A18: Precipitation mm | N18: Tmax C = FWS*0.95 - 1.2, R2=0.972
B19: Siera Misco tipping bucket | N19: Tmin C = FWS*0.76 - 3.6, R2=0.579
A20: Snow depth m, mm | M20: 2 Sept - 6 Nov
B21: CSI UDG01 | N21: Tave C = FWS* 0.9 - 1.82
B22: Modelled Jan to May using precipitation and estimate of snow pack density. Not reliable. No depth measurment as anchor | N22: Tmax C = FWS*1 - 0.91
A23: Wind m/s | F23: Need better density change model | N23: Tmin C = FWS*0.77 - 3.4
B24: MetOne anemometer at 6 m | L24: Humidity
A25: Wind direction degrees | M25: 12 May-13 Jun with gaps, 18-29 July
B26: MetOne Wind vane at 6 m | N26: Rhmincor % = FWS*0.85 + 1, R2 0.870
M27: 2 Sept - 6 Nov
A28: PPT= snow+rain | N28: Rhmincor % = FWS*0.9 - 7.7
B29: Snow = Daily increase in pack depth and assumed compacted density of 0.13 Mg/m3
B30: Rain = Rain gauge.
C31: If there is a snow pack then review tiping bucket data to determine if likely snow melt rather than rain, i.e., tipping when above zero and low humidity and sunny.
C32: Also sum tipping bucket over days to see if simialr total to water equivalent of snow fal from depth change.
C33: Sicamous Fire Weather Station rainfall adjusted by *1.05, MoTI Malakwa*1.4*1.05 and UPC*1.0
A34: Vapour pressure kPa
B35: Calculated from the daily maximum temperature and mininimum relative humdity: esat(Tmax)*RHmin/100
B36: If no RHmin vpres = esat(Tmin)
A37: Maximum vapour presure deficit
B38: Calculated from the daily maximum temperature and mininimum relative humdity: esat(Tmax)*(1-RHmin/100)
B39: If no RHmin vpd = esat(Tmax) - esat(Tmin)

Sheet PPTest
A1: Precipitation | I1: 0.13 | K1: Rain | L1: 1 | P1: Max density | Q1: 0.4
A2: Last edit 17/04/25 | K2: SnowDepthChange | P2: Start Density | Q2: 0.22
C3: Total | K3: FWS* | L3: 1.05
C4: Solar | D4: Tmax | E4: Tmin | F4: Rhmin | G4: Rain | H4: SnowD | I4: Precip.from | J4: FWS | M4: FWS | N4: Sicamous | P4: density | R4: SWE | S4: dSWE | T4: Melt | AE4: Enderby Snow 1F04 course 50 39 11.97N, 118 55 37.0 W 1947 m
A5: Date | B5: DoY | C5: MJ/m2/d | I5: snow depth | K5: Precipitation | P5: g/cm3 | R5: mm | S5: mm | T5: mm | AE5: Date | AF5: SWE cm | AG5: Depth cm | AH5: %norm
H6: 858 | Q6: =Q2 -> 0.22 | R6: =H6*Q$2 -> 188.76 | S6: 0 | T6: 0
A7: 35065 | B7: 1 | C7: =ROUND(Data!BJ7,2) -> 0 | D7: =ROUND(Data!R7,1) -> 0.8 | E7: =ROUND(Data!AF7,1) -> -7.5 | F7: =Data!BO7 -> 0 | G7: =Data!Q7 -> 0 | H7: =IF(K7>0,ROUND(H6+K7/0.13,0),H6-22) -> 836 | J7: =Data!BS7 -> 0 | K7: =J7*L$3 -> 0 | M7: =J7 -> 0 | N7: =K7 -> 0 | P7: =(R6+K7)/H7 -> 0.22578947 | Q7: =IF(P7>Q$1,Q$1,P7) -> 0.22578947 | R7: =Q7*H7 -> 188.76 | S7: =R7-R6 -> 0 | T7: =ROUND(K7-S7,1) -> 0 | AE7: 35095 | AF7: 234 | AG7: 820 | AH7: 119
A8: 35066 | B8: 2 | C8: =ROUND(Data!BJ8,2) -> 0 | D8: =ROUND(Data!R8,1) -> 2.6 | E8: =ROUND(Data!AF8,1) -> -6.2 | F8: =Data!BO8 -> 0 | G8: =Data!Q8 -> 0 | H8: =IF(K8>0,ROUND(H7+K8/0.13,0),H7-22) -> 909 | J8: =Data!BS8 -> 9 | K8: =J8*L$3 -> 9.45 | M8: =J8+M7 -> 9 | N8: =K8+N7 -> 9.45 | P8: =(R7+K8)/H8 -> 0.21805281 | Q8: =IF(P8>Q$1,Q$1,P8) -> 0.21805281 | R8: =Q8*H8 -> 198.21 | S8: =R8-R7 -> 9.45 | T8: =ROUND(K8-S8,1) -> 0 | AE8: 35120 | AF8: 287 | AG8: 906 | AH8: 108
A9: 35067 | B9: 3 | C9: =ROUND(Data!BJ9,2) -> 0 | D9: =ROUND(Data!R9,1) -> 0.7 | E9: =ROUND(Data!AF9,1) -> -14.5 | F9: =Data!BO9 -> 0 | G9: =Data!Q9 -> 0 | H9: =IF(K9>0,ROUND(H8+K9/0.13,0),H8-22) -> 887 | J9: =Data!BS9 -> 0 | K9: =J9*L$3 -> 0 | M9: =J9+M8 -> 9 | N9: =K9+N8 -> 9.45 | P9: =(R8+K9)/H9 -> 0.2234611 | Q9: =IF(P9>Q$1,Q$1,P9) -> 0.2234611 | R9: =Q9*H9 -> 198.21 | S9: =R9-R8 -> 0 | T9: =ROUND(K9-S9,1) -> 0 | AE9: 35154 | AF9: 261 | AG9: 1018 | AH9: 102
A10: 35068 | B10: 4 | C10: =ROUND(Data!BJ10,2) -> 0 | D10: =ROUND(Data!R10,1) -> -10.4 | E10: =ROUND(Data!AF10,1) -> -21.2 | F10: =Data!BO10 -> 0 | G10: =Data!Q10 -> 0 | H10: =IF(K10>0,ROUND(H9+K10/0.13,0),H9-22) -> 865 | J10: =Data!BS10 -> 0 | K10: =J10*L$3 -> 0 | M10: =J10+M9 -> 9 | N10: =K10+N9 -> 9.45 | P10: =(R9+K10)/H10 -> 0.22914451 | Q10: =IF(P10>Q$1,Q$1,P10) -> 0.22914451 | R10: =Q10*H10 -> 198.21 | S10: =R10-R9 -> 0 | T10: =ROUND(K10-S10,1) -> 0 | AE10: 35185 | AF10: 238 | AG10: 1120 | AH10: 104
A11: 35069 | B11: 5 | C11: =ROUND(Data!BJ11,2) -> 0 | D11: =ROUND(Data!R11,1) -> -6.1 | E11: =ROUND(Data!AF11,1) -> -22.7 | F11: =Data!BO11 -> 0 | G11: =Data!Q11 -> 0 | H11: =IF(K11>0,ROUND(H10+K11/0.13,0),H10-22) -> 877 | J11: =Data!BS11 -> 1.5 | K11: =J11*L$3 -> 1.575 | M11: =J11+M10 -> 10.5 | N11: =K11+N10 -> 11.025 | P11: =(R10+K11)/H11 -> 0.22780502 | Q11: =IF(P11>Q$1,Q$1,P11) -> 0.22780502 | R11: =Q11*H11 -> 199.785 | S11: =R11-R10 -> 1.575 | T11: =ROUND(K11-S11,1) -> 0 | AE11: 35199 | AF11: 288 | AG11: 1233 | AH11: 115
A12: 35070 | B12: 6 | C12: =ROUND(Data!BJ12,2) -> 0 | D12: =ROUND(Data!R12,1) -> -5.2 | E12: =ROUND(Data!AF12,1) -> -14.6 | F12: =Data!BO12 -> 0 | G12: =Data!Q12 -> 0 | H12: =IF(K12>0,ROUND(H11+K12/0.13,0),H11-22) -> 938 | J12: =Data!BS12 -> 7.5 | K12: =J12*L$3 -> 7.875 | M12: =J12+M11 -> 18 | N12: =K12+N11 -> 18.9 | P12: =(R11+K12)/H12 -> 0.22138593 | Q12: =IF(P12>Q$1,Q$1,P12) -> 0.22138593 | R12: =Q12*H12 -> 207.66 | S12: =R12-R11 -> 7.875 | T12: =ROUND(K12-S12,1) -> 0 | AE12: 35216 | AF12: 294 | AG12: 1280 | AH12: 139
A13: 35071 | B13: 7 | C13: =ROUND(Data!BJ13,2) -> 0 | D13: =ROUND(Data!R13,1) -> 0.6 | E13: =ROUND(Data!AF13,1) -> -6.8 | F13: =Data!BO13 -> 0 | G13: =Data!Q13 -> 0 | H13: =IF(K13>0,ROUND(H12+K13/0.13,0),H12-22) -> 916 | J13: =Data!BS13 -> 0 | K13: =J13*L$3 -> 0 | M13: =J13+M12 -> 18 | N13: =K13+N12 -> 18.9 | P13: =(R12+K13)/H13 -> 0.22670306 | Q13: =IF(P13>Q$1,Q$1,P13) -> 0.22670306 | R13: =Q13*H13 -> 207.66 | S13: =R13-R12 -> 0 | T13: =ROUND(K13-S13,1) -> 0 | AE13: 35230 | AF13: 204 | AG13: 1053 | AH13: 154
A14: 35072 | B14: 8 | C14: =ROUND(Data!BJ14,2) -> 0 | D14: =ROUND(Data!R14,1) -> 2.5 | E14: =ROUND(Data!AF14,1) -> -10.2 | F14: =Data!BO14 -> 0 | G14: =Data!Q14 -> 0 | H14: =IF(K14>0,ROUND(H13+K14/0.13,0),H13-22) -> 894 | J14: =Data!BS14 -> 0 | K14: =J14*L$3 -> 0 | M14: =J14+M13 -> 18 | N14: =K14+N13 -> 18.9 | P14: =(R13+K14)/H14 -> 0.23228188 | Q14: =IF(P14>Q$1,Q$1,P14) -> 0.23228188 | R14: =Q14*H14 -> 207.66 | S14: =R14-R13 -> 0 | T14: =ROUND(K14-S14,1) -> 0
A15: 35073 | B15: 9 | C15: =ROUND(Data!BJ15,2) -> 0 | D15: =ROUND(Data!R15,1) -> 0.9 | E15: =ROUND(Data!AF15,1) -> -7.6 | F15: =Data!BO15 -> 0 | G15: =Data!Q15 -> 0 | H15: =IF(K15>0,ROUND(H14+K15/0.13,0),H14-22) -> 872 | J15: =Data!BS15 -> 0 | K15: =J15*L$3 -> 0 | M15: =J15+M14 -> 18 | N15: =K15+N14 -> 18.9 | P15: =(R14+K15)/H15 -> 0.2381422 | Q15: =IF(P15>Q$1,Q$1,P15) -> 0.2381422 | R15: =Q15*H15 -> 207.66 | S15: =R15-R14 -> 0 | T15: =ROUND(K15-S15,1) -> 0
A16: 35074 | B16: 10 | C16: =ROUND(Data!BJ16,2) -> 0 | D16: =ROUND(Data!R16,1) -> -0.4 | E16: =ROUND(Data!AF16,1) -> -6.1 | F16: =Data!BO16 -> 0 | G16: =Data!Q16 -> 0 | H16: =IF(K16>0,ROUND(H15+K16/0.13,0),H15-22) -> 850 | J16: =Data!BS16 -> 0 | K16: =J16*L$3 -> 0 | M16: =J16+M15 -> 18 | N16: =K16+N15 -> 18.9 | P16: =(R15+K16)/H16 -> 0.24430588 | Q16: =IF(P16>Q$1,Q$1,P16) -> 0.24430588 | R16: =Q16*H16 -> 207.66 | S16: =R16-R15 -> 0 | T16: =ROUND(K16-S16,1) -> 0
A17: 35075 | B17: 11 | C17: =ROUND(Data!BJ17,2) -> 0 | D17: =ROUND(Data!R17,1) -> 1.6 | E17: =ROUND(Data!AF17,1) -> -10.4 | F17: =Data!BO17 -> 0 | G17: =Data!Q17 -> 0 | H17: =IF(K17>0,ROUND(H16+K17/0.13,0),H16-22) -> 828 | J17: =Data!BS17 -> 0 | K17: =J17*L$3 -> 0 | M17: =J17+M16 -> 18 | N17: =K17+N16 -> 18.9 | P17: =(R16+K17)/H17 -> 0.2507971 | Q17: =IF(P17>Q$1,Q$1,P17) -> 0.2507971 | R17: =Q17*H17 -> 207.66 | S17: =R17-R16 -> 0 | T17: =ROUND(K17-S17,1) -> 0
A18: 35076 | B18: 12 | C18: =ROUND(Data!BJ18,2) -> 0 | D18: =ROUND(Data!R18,1) -> 1.5 | E18: =ROUND(Data!AF18,1) -> -12.7 | F18: =Data!BO18 -> 0 | G18: =Data!Q18 -> 0 | H18: =IF(K18>0,ROUND(H17+K18/0.13,0),H17-22) -> 806 | J18: =Data!BS18 -> 0 | K18: =J18*L$3 -> 0 | M18: =J18+M17 -> 18 | N18: =K18+N17 -> 18.9 | P18: =(R17+K18)/H18 -> 0.25764268 | Q18: =IF(P18>Q$1,Q$1,P18) -> 0.25764268 | R18: =Q18*H18 -> 207.66 | S18: =R18-R17 -> 0 | T18: =ROUND(K18-S18,1) -> 0
A19: 35077 | B19: 13 | C19: =ROUND(Data!BJ19,2) -> 0 | D19: =ROUND(Data!R19,1) -> 4 | E19: =ROUND(Data!AF19,1) -> -10.2 | F19: =Data!BO19 -> 0 | G19: =Data!Q19 -> 0 | H19: =IF(K19>0,ROUND(H18+K19/0.13,0),H18-22) -> 784 | J19: =Data!BS19 -> 0 | K19: =J19*L$3 -> 0 | M19: =J19+M18 -> 18 | N19: =K19+N18 -> 18.9 | P19: =(R18+K19)/H19 -> 0.26487245 | Q19: =IF(P19>Q$1,Q$1,P19) -> 0.26487245 | R19: =Q19*H19 -> 207.66 | S19: =R19-R18 -> 0 | T19: =ROUND(K19-S19,1) -> 0
A20: 35078 | B20: 14 | C20: =ROUND(Data!BJ20,2) -> 0 | D20: =ROUND(Data!R20,1) -> 2.2 | E20: =ROUND(Data!AF20,1) -> -2.8 | F20: =Data!BO20 -> 0 | G20: =Data!Q20 -> 0 | H20: =IF(K20>0,ROUND(H19+K20/0.13,0),H19-22) -> 762 | J20: =Data!BS20 -> 0 | K20: =J20*L$3 -> 0 | M20: =J20+M19 -> 18 | N20: =K20+N19 -> 18.9 | P20: =(R19+K20)/H20 -> 0.27251969 | Q20: =IF(P20>Q$1,Q$1,P20) -> 0.27251969 | R20: =Q20*H20 -> 207.66 | S20: =R20-R19 -> 0 | T20: =ROUND(K20-S20,1) -> 0
A21: 35079 | B21: 15 | C21: =ROUND(Data!BJ21,2) -> 0 | D21: =ROUND(Data!R21,1) -> 2.8 | E21: =ROUND(Data!AF21,1) -> -4.3 | F21: =Data!BO21 -> 0 | G21: =Data!Q21 -> 0 | H21: =IF(K21>0,ROUND(H20+K21/0.13,0),H20-22) -> 774 | J21: =Data!BS21 -> 1.5 | K21: =J21*L$3 -> 1.575 | M21: =J21+M20 -> 19.5 | N21: =K21+N20 -> 20.475 | P21: =(R20+K21)/H21 -> 0.27032946 | Q21: =IF(P21>Q$1,Q$1,P21) -> 0.27032946 | R21: =Q21*H21 -> 209.235 | S21: =R21-R20 -> 1.575 | T21: =ROUND(K21-S21,1) -> 0
A22: 35080 | B22: 16 | C22: =ROUND(Data!BJ22,2) -> 0 | D22: =ROUND(Data!R22,1) -> 0.5 | E22: =ROUND(Data!AF22,1) -> -17.8 | F22: =Data!BO22 -> 0 | G22: =Data!Q22 -> 0 | H22: =IF(K22>0,ROUND(H21+K22/0.13,0),H21-22) -> 752 | J22: =Data!BS22 -> 0 | K22: =J22*L$3 -> 0 | M22: =J22+M21 -> 19.5 | N22: =K22+N21 -> 20.475 | P22: =(R21+K22)/H22 -> 0.27823803 | Q22: =IF(P22>Q$1,Q$1,P22) -> 0.27823803 | R22: =Q22*H22 -> 209.235 | S22: =R22-R21 -> 0 | T22: =ROUND(K22-S22,1) -> 0
A23: 35081 | B23: 17 | C23: =ROUND(Data!BJ23,2) -> 0 | D23: =ROUND(Data!R23,1) -> -9.2 | E23: =ROUND(Data!AF23,1) -> -30.9 | F23: =Data!BO23 -> 0 | G23: =Data!Q23 -> 0 | H23: =IF(K23>0,ROUND(H22+K23/0.13,0),H22-22) -> 730 | J23: =Data!BS23 -> 0 | K23: =J23*L$3 -> 0 | M23: =J23+M22 -> 19.5 | N23: =K23+N22 -> 20.475 | P23: =(R22+K23)/H23 -> 0.28662329 | Q23: =IF(P23>Q$1,Q$1,P23) -> 0.28662329 | R23: =Q23*H23 -> 209.235 | S23: =R23-R22 -> 0 | T23: =ROUND(K23-S23,1) -> 0
A24: 35082 | B24: 18 | C24: =ROUND(Data!BJ24,2) -> 0 | D24: =ROUND(Data!R24,1) -> -9.3 | E24: =ROUND(Data!AF24,1) -> -32.4 | F24: =Data!BO24 -> 0 | G24: =Data!Q24 -> 0 | H24: =IF(K24>0,ROUND(H23+K24/0.13,0),H23-22) -> 708 | J24: =Data!BS24 -> 0 | K24: =J24*L$3 -> 0 | M24: =J24+M23 -> 19.5 | N24: =K24+N23 -> 20.475 | P24: =(R23+K24)/H24 -> 0.29552966 | Q24: =IF(P24>Q$1,Q$1,P24) -> 0.29552966 | R24: =Q24*H24 -> 209.235 | S24: =R24-R23 -> 0 | T24: =ROUND(K24-S24,1) -> 0
A25: 35083 | B25: 19 | C25: =ROUND(Data!BJ25,2) -> 0 | D25: =ROUND(Data!R25,1) -> -9.1 | E25: =ROUND(Data!AF25,1) -> -17.7 | F25: =Data!BO25 -> 0 | G25: =Data!Q25 -> 0 | H25: =IF(K25>0,ROUND(H24+K25/0.13,0),H24-22) -> 686 | J25: =Data!BS25 -> 0 | K25: =J25*L$3 -> 0 | M25: =J25+M24 -> 19.5 | N25: =K25+N24 -> 20.475 | P25: =(R24+K25)/H25 -> 0.30500729 | Q25: =IF(P25>Q$1,Q$1,P25) -> 0.30500729 | R25: =Q25*H25 -> 209.235 | S25: =R25-R24 -> 0 | T25: =ROUND(K25-S25,1) -> 0
... A51: 35109 | B51: 45 | C51: =ROUND(Data!BJ51,2) -> 0 | D51: =ROUND(Data!R51,1) -> 6.7 | E51: =ROUND(Data!AF51,1) -> -5.7 | F51: =Data!BO51 -> 0 | G51: =Data!Q51 -> 0 | H51: =IF(K51>0,ROUND(H50+K51/0.13,0),H50-22) -> 741 | J51: =Data!BS51 -> 0 | K51: =J51*L$3 -> 0 | M51: =J51+M50 -> 67.5 | N51: =K51+N50 -> 70.875 | P51: =(R50+K51)/H51 -> 0.35038462 | Q51: =IF(P51>Q$1,Q$1,P51) -> 0.35038462 | R51: =Q51*H51 -> 259.635 | S51: =R51-R50 -> 0 | T51: =ROUND(K51-S51,1) -> 0
A52: 35110 | B52: 46 | C52: =ROUND(Data!BJ52,2) -> 0 | D52: =ROUND(Data!R52,1) -> 10.4 | E52: =ROUND(Data!AF52,1) -> -7.8 | F52: =Data!BO52 -> 0 | G52: =Data!Q52 -> 0 | H52: =IF(K52>0,ROUND(H51+K52/0.13,0),H51-22) -> 719 | J52: =Data!EC52 -> 0 | K52: =J52*L$1 -> 0 | M52: =J52+M51 -> 67.5 | N52: =K52+N51 -> 70.875 | P52: =(R51+K52)/H52 -> 0.3611057 | Q52: =IF(P52>Q$1,Q$1,P52) -> 0.3611057 | R52: =Q52*H52 -> 259.635 | S52: =R52-R51 -> 0 | T52: =ROUND(K52-S52,1) -> 0
A53: 35111 | B53: 47 | C53: =ROUND(Data!BJ53,2) -> 0 | D53: =ROUND(Data!R53,1) -> 10.2 | E53: =ROUND(Data!AF53,1) -> -7.8 | F53: =Data!BO53 -> 0 | G53: =Data!Q53 -> 0 | H53: =IF(K53>0,ROUND(H52+K53/0.13,0),H52-22) -> 697 | J53: =Data!EC53 -> 0 | K53: =J53*L$1 -> 0 | M53: =J53+M52 -> 67.5 | N53: =K53+N52 -> 70.875 | P53: =(R52+K53)/H53 -> 0.37250359 | Q53: =IF(P53>Q$1,Q$1,P53) -> 0.37250359 | R53: =Q53*H53 -> 259.635 | S53: =R53-R52 -> 0 | T53: =ROUND(K53-S53,1) -> 0
A54: 35112 | B54: 48 | C54: =ROUND(Data!BJ54,2) -> 0 | D54: =ROUND(Data!R54,1) -> 1 | E54: =ROUND(Data!AF54,1) -> -4.4 | F54: =Data!BO54 -> 0 | G54: =Data!Q54 -> 0 | H54: =IF(K54>0,ROUND(H53+K54/0.13,0),H53-22) -> 722 | J54: =Data!EC54 -> 3.3 | K54: =J54*L$1 -> 3.3 | M54: =J54+M53 -> 70.8 | N54: =K54+N53 -> 74.175 | P54: =(R53+K54)/H54 -> 0.3641759 | Q54: =IF(P54>Q$1,Q$1,P54) -> 0.3641759 | R54: =Q54*H54 -> 262.935 | S54: =R54-R53 -> 3.3 | T54: =ROUND(K54-S54,1) -> 0
A55: 35113 | B55: 49 | C55: =ROUND(Data!BJ55,2) -> 0 | D55: =ROUND(Data!R55,1) -> 4.1 | E55: =ROUND(Data!AF55,1) -> -2.5 | F55: =Data!BO55 -> 0 | G55: =Data!Q55 -> 0 | H55: =IF(K55>0,ROUND(H54+K55/0.13,0),H54-22) -> 737 | J55: =Data!EC55 -> 1.9 | K55: =J55*L$1 -> 1.9 | M55: =J55+M54 -> 72.7 | N55: =K55+N54 -> 76.075 | P55: =(R54+K55)/H55 -> 0.35934193 | Q55: =IF(P55>Q$1,Q$1,P55) -> 0.35934193 | R55: =Q55*H55 -> 264.835 | S55: =R55-R54 -> 1.9 | T55: =ROUND(K55-S55,1) -> 0
A56: 35114 | B56: 50 | C56: =ROUND(Data!BJ56,2) -> 0 | D56: =ROUND(Data!R56,1) -> 1.7 | E56: =ROUND(Data!AF56,1) -> -3.5 | F56: =Data!BO56 -> 0 | G56: =Data!Q56 -> 0 | H56: =IF(K56>0,ROUND(H55+K56/0.13,0),H55-22) -> 769 | J56: =Data!EC56 -> 4.2 | K56: =J56*L$1 -> 4.2 | M56: =J56+M55 -> 76.9 | N56: =K56+N55 -> 80.275 | P56: =(R55+K56)/H56 -> 0.34985046 | Q56: =IF(P56>Q$1,Q$1,P56) -> 0.34985046 | R56: =Q56*H56 -> 269.035 | S56: =R56-R55 -> 4.2 | T56: =ROUND(K56-S56,1) -> 0
A57: 35115 | B57: 51 | C57: =ROUND(Data!BJ57,2) -> 0 | D57: =ROUND(Data!R57,1) -> 0.1 | E57: =ROUND(Data!AF57,1) -> -4.6 | F57: =Data!BO57 -> 0 | G57: =Data!Q57 -> 0 | H57: =IF(K57>0,ROUND(H56+K57/0.13,0),H56-22) -> 786 | J57: =Data!EC57 -> 2.2 | K57: =J57*L$1 -> 2.2 | M57: =J57+M56 -> 79.1 | N57: =K57+N56 -> 82.475 | P57: =(R56+K57)/H57 -> 0.3450827 | Q57: =IF(P57>Q$1,Q$1,P57) -> 0.3450827 | R57: =Q57*H57 -> 271.235 | S57: =R57-R56 -> 2.2 | T57: =ROUND(K57-S57,1) -> 0
A58: 35116 | B58: 52 | C58: =ROUND(Data!BJ58,2) -> 0 | D58: =ROUND(Data!R58,1) -> -1.8 | E58: =ROUND(Data!AF58,1) -> -9.1 | F58: =Data!BO58 -> 0 | G58: =Data!Q58 -> 0 | H58: =IF(K58>0,ROUND(H57+K58/0.13,0),H57-22) -> 829 | J58: =Data!EC58 -> 5.6 | K58: =J58*L$1 -> 5.6 | M58: =J58+M57 -> 84.7 | N58: =K58+N57 -> 88.075 | P58: =(R57+K58)/H58 -> 0.33393848 | Q58: =IF(P58>Q$1,Q$1,P58) -> 0.33393848 | R58: =Q58*H58 -> 276.835 | S58: =R58-R57 -> 5.6 | T58: =ROUND(K58-S58,1) -> 0
A59: 35117 | B59: 53 | C59: =ROUND(Data!BJ59,2) -> 0 | D59: =ROUND(Data!R59,1) -> -6.1 | E59: =ROUND(Data!AF59,1) -> -11.5 | F59: =Data!BO59 -> 0 | G59: =Data!Q59 -> 0 | H59: =IF(K59>0,ROUND(H58+K59/0.13,0),H58-22) -> 837 | J59: =Data!EC59 -> 1.1 | K59: =J59*L$1 -> 1.1 | M59: =J59+M58 -> 85.8 | N59: =K59+N58 -> 89.175 | P59: =(R58+K59)/H59 -> 0.33206093 | Q59: =IF(P59>Q$1,Q$1,P59) -> 0.33206093 | R59: =Q59*H59 -> 277.935 | S59: =R59-R58 -> 1.1 | T59: =ROUND(K59-S59,1) -> 0
A60: 35118 | B60: 54 | C60: =ROUND(Data!BJ60,2) -> 0 | D60: =ROUND(Data!R60,1) -> -3.9 | E60: =ROUND(Data!AF60,1) -> -18.9 | F60: =Data!BO60 -> 0 | G60: =Data!Q60 -> 0 | H60: =IF(K60>0,ROUND(H59+K60/0.13,0),H59-22) -> 852 | J60: =Data!EC60 -> 1.9 | K60: =J60*L$1 -> 1.9 | M60: =J60+M59 -> 87.7 | N60: =K60+N59 -> 91.075 | P60: =(R59+K60)/H60 -> 0.32844484 | Q60: =IF(P60>Q$1,Q$1,P60) -> 0.32844484 | R60: =Q60*H60 -> 279.835 | S60: =R60-R59 -> 1.9 | T60: =ROUND(K60-S60,1) -> 0
A61: 35119 | B61: 55 | C61: =ROUND(Data!BJ61,2) -> 0 | D61: =ROUND(Data!R61,1) -> -5.7 | E61: =ROUND(Data!AF61,1) -> -20.3 | F61: =Data!BO61 -> 0 | G61: =Data!Q61 -> 0 | H61: =IF(K61>0,ROUND(H60+K61/0.13,0),H60-22) -> 830 | J61: =Data!EC61 -> 0 | K61: =J61*L$1 -> 0 | M61: =J61+M60 -> 87.7 | N61: =K61+N60 -> 91.075 | P61: =(R60+K61)/H61 -> 0.3371506 | Q61: =IF(P61>Q$1,Q$1,P61) -> 0.3371506 | R61: =Q61*H61 -> 279.835 | S61: =R61-R60 -> 0 | T61: =ROUND(K61-S61,1) -> 0
A62: 35120 | B62: 56 | C62: =ROUND(Data!BJ62,2) -> 0 | D62: =ROUND(Data!R62,1) -> -8.7 | E62: =ROUND(Data!AF62,1) -> -16 | F62: =Data!BO62 -> 0 | G62: =Data!Q62 -> 0 | H62: =IF(K62>0,ROUND(H61+K62/0.13,0),H61-22) -> 808 | J62: =Data!EC62 -> 0 | K62: =J62*L$1 -> 0 | M62: =J62+M61 -> 87.7 | N62: =K62+N61 -> 91.075 | P62: =(R61+K62)/H62 -> 0.34633045 | Q62: =IF(P62>Q$1,Q$1,P62) -> 0.34633045 | R62: =Q62*H62 -> 279.835 | S62: =R62-R61 -> 0 | T62: =ROUND(K62-S62,1) -> 0
A63: 35121 | B63: 57 | C63: =ROUND(Data!BJ63,2) -> 0 | D63: =ROUND(Data!R63,1) -> -7.2 | E63: =ROUND(Data!AF63,1) -> -23.8 | F63: =Data!BO63 -> 0 | G63: =Data!Q63 -> 0 | H63: =IF(K63>0,ROUND(H62+K63/0.13,0),H62-22) -> 811 | J63: =Data!EC63 -> 0.4 | K63: =J63*L$1 -> 0.4 | M63: =J63+M62 -> 88.1 | N63: =K63+N62 -> 91.475 | P63: =(R62+K63)/H63 -> 0.34554254 | Q63: =IF(P63>Q$1,Q$1,P63) -> 0.34554254 | R63: =Q63*H63 -> 280.235 | S63: =R63-R62 -> 0.4 | T63: =ROUND(K63-S63,1) -> 0
A64: 35122 | B64: 58 | C64: =ROUND(Data!BJ64,2) -> 0 | D64: =ROUND(Data!R64,1) -> -9.2 | E64: =ROUND(Data!AF64,1) -> -24.3 | F64: =Data!BO64 -> 0 | G64: =Data!Q64 -> 0 | H64: =IF(K64>0,ROUND(H63+K64/0.13,0),H63-22) -> 813 | J64: =Data!EC64 -> 0.3 | K64: =J64*L$1 -> 0.3 | M64: =J64+M63 -> 88.4 | N64: =K64+N63 -> 91.775 | P64: =(R63+K64)/H64 -> 0.3450615 | Q64: =IF(P64>Q$1,Q$1,P64) -> 0.3450615 | R64: =Q64*H64 -> 280.535 | S64: =R64-R63 -> 0.3 | T64: =ROUND(K64-S64,1) -> 0
A65: 35123 | B65: 59 | C65: =ROUND(Data!BJ65,2) -> 0 | D65: =ROUND(Data!R65,1) -> -5.5 | E65: =ROUND(Data!AF65,1) -> -24.1 | F65: =Data!BO65 -> 0 | G65: =Data!Q65 -> 0 | H65: =IF(K65>0,ROUND(H64+K65/0.13,0),H64-22) -> 791 | J65: =Data!EC65 -> 0 | K65: =J65*L$1 -> 0 | M65: =J65+M63 -> 88.1 | N65: =K65+N63 -> 91.475 | P65: =(R64+K65)/H65 -> 0.35465866 | Q65: =IF(P65>Q$1,Q$1,P65) -> 0.35465866 | R65: =Q65*H65 -> 280.535 | S65: =R65-R64 -> 0 | T65: =ROUND(K65-S65,1) -> 0
A66: 35124 | B66: 60 | C66: =ROUND(Data!BJ66,2) -> 0 | D66: =ROUND(Data!R66,1) -> -1.7 | E66: =ROUND(Data!AF66,1) -> -22.7 | F66: =Data!BO66 -> 0 | G66: =Data!Q66 -> 0 | H66: =IF(K66>0,ROUND(H65+K66/0.13,0),H65-22) -> 769 | J66: =Data!EC66 -> 0 | K66: =J66*L$1 -> 0 | M66: =J66+M65 -> 88.1 | N66: =K66+N65 -> 91.475 | P66: =(R65+K66)/H66 -> 0.36480494 | Q66: =IF(P66>Q$1,Q$1,P66) -> 0.36480494 | R66: =Q66*H66 -> 280.535 | S66: =R66-R65 -> 0 | T66: =ROUND(K66-S66,1) -> 0
A67: 35125 | B67: 61 | C67: =ROUND(Data!BJ67,2) -> 0 | D67: =ROUND(Data!R67,1) -> 6.7 | E67: =ROUND(Data!AF67,1) -> -16.3 | F67: =Data!BO67 -> 0 | G67: =Data!Q67 -> 0 | H67: =IF(K67>0,ROUND(H66+K67/0.13,0),H66-22) -> 747 | J67: =Data!EC67 -> 0 | K67: =J67*L$1 -> 0 | M67: =J67+M66 -> 88.1 | N67: =K67+N66 -> 91.475 | P67: =(R66+K67)/H67 -> 0.37554886 | Q67: =IF(P67>Q$1,Q$1,P67) -> 0.37554886 | R67: =Q67*H67 -> 280.535 | S67: =R67-R66 -> 0 | T67: =ROUND(K67-S67,1) -> 0
A68: 35126 | B68: 62 | C68: =ROUND(Data!BJ68,2) -> 0 | D68: =ROUND(Data!R68,1) -> 5.1 | E68: =ROUND(Data!AF68,1) -> -12.6 | F68: =Data!BO68 -> 0 | G68: =Data!Q68 -> 0 | H68: =IF(K68>0,ROUND(H67+K68/0.13,0),H67-22) -> 725 | J68: =Data!EC68 -> 0 | K68: =J68*L$1 -> 0 | M68: =J68+M67 -> 88.1 | N68: =K68+N67 -> 91.475 | P68: =(R67+K68)/H68 -> 0.38694483 | Q68: =IF(P68>Q$1,Q$1,P68) -> 0.38694483 | R68: =Q68*H68 -> 280.535 | S68: =R68-R67 -> 0 | T68: =ROUND(K68-S68,1) -> 0
A69: 35127 | B69: 63 | C69: =ROUND(Data!BJ69,2) -> 0 | D69: =ROUND(Data!R69,1) -> -3.2 | E69: =ROUND(Data!AF69,1) -> -12.4 | F69: =Data!BO69 -> 0 | G69: =Data!Q69 -> 0 | H69: =IF(K69>0,ROUND(H68+K69/0.13,0),H68-22) -> 753 | J69: =Data!EC69 -> 3.6 | K69: =J69*L$1 -> 3.6 | M69: =J69+M68 -> 91.7 | N69: =K69+N68 -> 95.075 | P69: =(R68+K69)/H69 -> 0.37733732 | Q69: =IF(P69>Q$1,Q$1,P69) -> 0.37733732 | R69: =Q69*H69 -> 284.135 | S69: =R69-R68 -> 3.6 | T69: =ROUND(K69-S69,1) -> 0
A70: 35128 | B70: 64 | C70: =ROUND(Data!BJ70,2) -> 0 | D70: =ROUND(Data!R70,1) -> -9.5 | E70: =ROUND(Data!AF70,1) -> -15.2 | F70: =Data!BO70 -> 0 | G70: =Data!Q70 -> 0 | H70: =IF(K70>0,ROUND(H69+K70/0.13,0),H69-22) -> 731 | J70: =Data!EC70 -> 0 | K70: =J70*L$1 -> 0 | M70: =J70+M69 -> 91.7 | N70: =K70+N69 -> 95.075 | P70: =(R69+K70)/H70 -> 0.38869357 | Q70: =IF(P70>Q$1,Q$1,P70) -> 0.38869357 | R70: =Q70*H70 -> 284.135 | S70: =R70-R69 -> 0 | T70: =ROUND(K70-S70,1) -> 0
A71: 35129 | B71: 65 | C71: =ROUND(Data!BJ71,2) -> 0 | D71: =ROUND(Data!R71,1) -> -4.6 | E71: =ROUND(Data!AF71,1) -> -18.5 | F71: =Data!BO71 -> 0 | G71: =Data!Q71 -> 0 | H71: =IF(K71>0,ROUND(H70+K71/0.13,0),H70-22) -> 740 | J71: =Data!EC71 -> 1.2 | K71: =J71*L$1 -> 1.2 | M71: =J71+M70 -> 92.9 | N71: =K71+N70 -> 96.275 | P71: =(R70+K71)/H71 -> 0.38558784 | Q71: =IF(P71>Q$1,Q$1,P71) -> 0.38558784 | R71: =Q71*H71 -> 285.335 | S71: =R71-R70 -> 1.2 | T71: =ROUND(K71-S71,1) -> 0
A72: 35130 | B72: 66 | C72: =ROUND(Data!BJ72,2) -> 0 | D72: =ROUND(Data!R72,1) -> -2.8 | E72: =ROUND(Data!AF72,1) -> -18.7 | F72: =Data!BO72 -> 0 | G72: =Data!Q72 -> 0 | H72: =IF(K72>0,ROUND(H71+K72/0.13,0),H71-22) -> 742 | J72: =Data!EC72 -> 0.3 | K72: =J72*L$1 -> 0.3 | M72: =J72+M71 -> 93.2 | N72: =K72+N71 -> 96.575 | P72: =(R71+K72)/H72 -> 0.38495283 | Q72: =IF(P72>Q$1,Q$1,P72) -> 0.38495283 | R72: =Q72*H72 -> 285.635 | S72: =R72-R71 -> 0.3 | T72: =ROUND(K72-S72,1) -> 0
A73: 35131 | B73: 67 | C73: =ROUND(Data!BJ73,2) -> 0 | D73: =ROUND(Data!R73,1) -> -3.4 | E73: =ROUND(Data!AF73,1) -> -12.2 | F73: =Data!BO73 -> 0 | G73: =Data!Q73 -> 0 | H73: =IF(K73>0,ROUND(H72+K73/0.13,0),H72-22) -> 760 | J73: =Data!EC73 -> 2.3 | K73: =J73*L$1 -> 2.3 | M73: =J73+M72 -> 95.5 | N73: =K73+N72 -> 98.875 | P73: =(R72+K73)/H73 -> 0.37886184 | Q73: =IF(P73>Q$1,Q$1,P73) -> 0.37886184 | R73: =Q73*H73 -> 287.935 | S73: =R73-R72 -> 2.3 | T73: =ROUND(K73-S73,1) -> 0
A74: 35132 | B74: 68 | C74: =ROUND(Data!BJ74,2) -> 0 | D74: =ROUND(Data!R74,1) -> 0 | E74: =ROUND(Data!AF74,1) -> -7.1 | F74: =Data!BO74 -> 0 | G74: =Data!Q74 -> 0 | H74: =IF(K74>0,ROUND(H73+K74/0.13,0),H73-22) -> 772 | J74: =Data!EC74 -> 1.6 | K74: =J74*L$1 -> 1.6 | M74: =J74+M73 -> 97.1 | N74: =K74+N73 -> 100.475 | P74: =(R73+K74)/H74 -> 0.37504534 | Q74: =IF(P74>Q$1,Q$1,P74) -> 0.37504534 | R74: =Q74*H74 -> 289.535 | S74: =R74-R73 -> 1.6 | T74: =ROUND(K74-S74,1) -> 0
A75: 35133 | B75: 69 | C75: =ROUND(Data!BJ75,2) -> 0 | D75: =ROUND(Data!R75,1) -> 3.8 | E75: =ROUND(Data!AF75,1) -> -1.2 | F75: =Data!BO75 -> 0 | G75: =Data!Q75 -> 0 | H75: =IF(K75>0,ROUND(H74+K75/0.13,0),H74-22) -> 809 | J75: =Data!EC75 -> 4.8 | K75: =J75*L$1 -> 4.8 | M75: =J75+M74 -> 101.9 | N75: =K75+N74 -> 105.275 | P75: =(R74+K75)/H75 -> 0.36382571 | Q75: =IF(P75>Q$1,Q$1,P75) -> 0.36382571 | R75: =Q75*H75 -> 294.335 | S75: =R75-R74 -> 4.8 | T75: =ROUND(K75-S75,1) -> 0
A76: 35134 | B76: 70 | C76: =ROUND(Data!BJ76,2) -> 0 | D76: =ROUND(Data!R76,1) -> 4.7 | E76: =ROUND(Data!AF76,1) -> -0.7 | F76: =Data!BO76 -> 0 | G76: =Data!Q76 -> 0 | H76: =IF(K76>0,ROUND(H75+K76/0.13,0),H75-22) -> 826 | J76: =Data!EC76 -> 2.2 | K76: =J76*L$1 -> 2.2 | M76: =J76+M75 -> 104.1 | N76: =K76+N75 -> 107.475 | P76: =(R75+K76)/H76 -> 0.35900121 | Q76: =IF(P76>Q$1,Q$1,P76) -> 0.35900121 | R76: =Q76*H76 -> 296.535 | S76: =R76-R75 -> 2.2 | T76: =ROUND(K76-S76,1) -> 0
A77: 35135 | B77: 71 | C77: =ROUND(Data!BJ77,2) -> 0 | D77: =ROUND(Data!R77,1) -> 4.6 | E77: =ROUND(Data!AF77,1) -> -2.8 | F77: =Data!BO77 -> 0 | G77: =Data!Q77 -> 0 | H77: =IF(K77>0,ROUND(H76+K77/0.13,0),H76-22) -> 834 | J77: =Data!EC77 -> 1 | K77: =J77*L$1 -> 1 | M77: =J77+M76 -> 105.1 | N77: =K77+N76 -> 108.475 | P77: =(R76+K77)/H77 -> 0.35675659 | Q77: =IF(P77>Q$1,Q$1,P77) -> 0.35675659 | R77: =Q77*H77 -> 297.535 | S77: =R77-R76 -> 1 | T77: =ROUND(K77-S77,1) -> 0
... A136: 35194 | B136: 130 | C136: =ROUND(Data!BJ136,2) -> 0 | D136: =ROUND(Data!R136,1) -> 5.5 | E136: =ROUND(Data!AF136,1) -> -9.6 | F136: =Data!BO136 -> 0 | G136: =Data!Q136 -> 0 | H136: =IF(K136>0,ROUND(H135+K136/0.13,0),H135-22) -> 868 | J136: =Data!EC136 -> 0 | K136: =J136*L$1 -> 0 | M136: =J136+M135 -> 192.3 | N136: =K136+N135 -> 195.675 | P136: =(R135+K136)/H136 -> 0.34078341 | Q136: =IF(P136>Q$1,Q$1,P136) -> 0.34078341 | R136: =Q136*H136 -> 295.8 | S136: =R136-R135 -> 0 | T136: =ROUND(K136-S136,1) -> 0
A137: 35195 | B137: 131 | C137: =ROUND(Data!BJ137,2) -> 0 | D137: =ROUND(Data!R137,1) -> 4.3 | E137: =ROUND(Data!AF137,1) -> -4.9 | F137: =Data!BO137 -> 0 | G137: =Data!Q137 -> 0 | J137: =Data!BS137 -> 0.5 | K137: =J137*L$3 -> 0.525 | M137: =J137+M136 -> 192.8 | N137: =K137+N136 -> 196.2
A138: 35196 | B138: 132 | C138: =ROUND(Data!BJ138,2) -> 0 | D138: =ROUND(Data!R138,1) -> 5 | E138: =ROUND(Data!AF138,1) -> -4.4 | F138: =Data!BO138 -> 57 | G138: =Data!Q138 -> 0 | J138: =Data!BS138 -> 1.8 | K138: =J138*L$3 -> 1.89 | M138: =J138+M137 -> 194.6 | N138: =K138+N137 -> 198.09
A139: 35197 | B139: 133 | C139: =ROUND(Data!BJ139,2) -> 0 | D139: =ROUND(Data!R139,1) -> 7.3 | E139: =ROUND(Data!AF139,1) -> -2.2 | F139: =Data!BO139 -> 70 | G139: =Data!Q139 -> 0 | J139: =Data!BS139 -> 2.5 | K139: =J139*L$3 -> 2.625 | M139: =J139+M138 -> 197.1 | N139: =K139+N138 -> 200.715
A140: 35198 | B140: 134 | C140: =ROUND(Data!BJ140,2) -> 0 | D140: =ROUND(Data!R140,1) -> 9.2 | E140: =ROUND(Data!AF140,1) -> 0.4 | F140: =Data!BO140 -> 73 | G140: =Data!Q140 -> 0 | J140: =Data!BS140 -> 8.4 | K140: =J140*L$3 -> 8.82 | M140: =J140+M139 -> 205.5 | N140: =K140+N139 -> 209.535
A141: 35199 | B141: 135 | C141: =ROUND(Data!BJ141,2) -> 0 | D141: =ROUND(Data!R141,1) -> 9.8 | E141: =ROUND(Data!AF141,1) -> -0.2 | F141: =Data!BO141 -> 55 | G141: =Data!Q141 -> 0 | J141: =Data!BS141 -> 1.8 | K141: =J141*L$3 -> 1.89 | M141: =J141+M140 -> 207.3 | N141: =K141+N140 -> 211.425
A142: 35200 | B142: 136 | C142: =ROUND(Data!BJ142,2) -> 0 | D142: =ROUND(Data!R142,1) -> 8.6 | E142: =ROUND(Data!AF142,1) -> -0.7 | F142: =Data!BO142 -> 55 | G142: =Data!Q142 -> 0 | J142: =Data!BS142 -> 2 | K142: =J142*L$3 -> 2.1 | M142: =J142+M141 -> 209.3 | N142: =K142+N141 -> 213.525
A143: 35201 | B143: 137 | C143: =ROUND(Data!BJ143,2) -> 0 | D143: =ROUND(Data!R143,1) -> 9.1 | E143: =ROUND(Data!AF143,1) -> -0.6 | F143: =Data!BO143 -> 0 | G143: =Data!Q143 -> 0 | J143: =Data!BS143 -> 4.3 | K143: =J143*L$3 -> 4.515 | M143: =J143+M142 -> 213.6 | N143: =K143+N142 -> 218.04
A144: 35202 | B144: 138 | C144: =ROUND(Data!BJ144,2) -> 0 | D144: =ROUND(Data!R144,1) -> 6.4 | E144: =ROUND(Data!AF144,1) -> 1.3 | F144: =Data!BO144 -> 0 | G144: =Data!Q144 -> 0 | J144: =Data!BS144 -> 12.2 | K144: =J144*L$3 -> 12.81 | M144: =J144+M143 -> 225.8 | N144: =K144+N143 -> 230.85
A145: 35203 | B145: 139 | C145: =ROUND(Data!BJ145,2) -> 0 | D145: =ROUND(Data!R145,1) -> 7.3 | E145: =ROUND(Data!AF145,1) -> -1.5 | F145: =Data!BO145 -> 59 | G145: =Data!Q145 -> 0 | J145: =Data!BS145 -> 3.6 | K145: =J145*L$3 -> 3.78 | M145: =J145+M144 -> 229.4 | N145: =K145+N144 -> 234.63
A146: 35204 | B146: 140 | C146: =ROUND(Data!BJ146,2) -> 0 | D146: =ROUND(Data!R146,1) -> 8.7 | E146: =ROUND(Data!AF146,1) -> -1.4 | F146: =Data!BO146 -> 47 | G146: =Data!Q146 -> 0 | J146: =Data!BS146 -> 4.1 | K146: =J146*L$3 -> 4.305 | M146: =J146+M145 -> 233.5 | N146: =K146+N145 -> 238.935
A147: 35205 | B147: 141 | C147: =ROUND(Data!BJ147,2) -> 0 | D147: =ROUND(Data!R147,1) -> 8.3 | E147: =ROUND(Data!AF147,1) -> -1.9 | F147: =Data!BO147 -> 45 | G147: =Data!Q147 -> 0 | J147: =Data!BS147 -> 0.3 | K147: =J147*L$3 -> 0.315 | M147: =J147+M146 -> 233.8 | N147: =K147+N146 -> 239.25
A148: 35206 | B148: 142 | C148: =ROUND(Data!BJ148,2) -> 0 | D148: =ROUND(Data!R148,1) -> 10 | E148: =ROUND(Data!AF148,1) -> -2.3 | F148: =Data!BO148 -> 39 | G148: =Data!Q148 -> 0 | J148: =Data!BS148 -> 0 | K148: =J148*L$3 -> 0 | M148: =J148+M147 -> 233.8 | N148: =K148+N147 -> 239.25
... A171: 35229 | B171: 165 | C171: =ROUND(Data!BJ171,2) -> 0 | D171: =ROUND(Data!R171,1) -> 13.4 | E171: =ROUND(Data!AF171,1) -> 3.3 | F171: =Data!BO171 -> 35 | G171: =Data!Q171 -> 0 | J171: =Data!BS171 -> 0 | K171: =J171*L$3 -> 0 | M171: =J171+M170 -> 310.2 | N171: =K171+N170 -> 319.47
A172: 35230 | B172: 166 | C172: =ROUND(Data!BJ172,2) -> 29.93 | D172: =ROUND(Data!R172,1) -> 16.8 | E172: =ROUND(Data!AF172,1) -> -1.7 | F172: =Data!BO172 -> 22.4 | G172: =Data!Q172 -> 0 | J172: =Data!BS172 -> 0 | K172: =G172 -> 0 | M172: =J172+M171 -> 310.2 | N172: =K172+N171 -> 319.47
A173: 35231 | B173: 167 | C173: =ROUND(Data!BJ173,2) -> 20.56 | D173: =ROUND(Data!R173,1) -> 15.6 | E173: =ROUND(Data!AF173,1) -> -0.9 | F173: =Data!BO173 -> 38.9 | G173: =Data!Q173 -> 1 | J173: =Data!BS173 -> 0.3 | K173: =G173 -> 1 | M173: =J173+M172 -> 310.5 | N173: =K173+N172 -> 320.47
A174: 35232 | B174: 168 | C174: =ROUND(Data!BJ174,2) -> 26.84 | D174: =ROUND(Data!R174,1) -> 13.2 | E174: =ROUND(Data!AF174,1) -> -2.2 | F174: =Data!BO174 -> 25.2 | G174: =Data!Q174 -> 0 | J174: =Data!BS174 -> 0 | K174: =G174 -> 0 | M174: =J174+M173 -> 310.5 | N174: =K174+N173 -> 320.47
A175: 35233 | B175: 169 | C175: =ROUND(Data!BJ175,2) -> 13.81 | D175: =ROUND(Data!R175,1) -> 7.8 | E175: =ROUND(Data!AF175,1) -> 1.9 | F175: =Data!BO175 -> 56.2 | G175: =Data!Q175 -> 6 | J175: =Data!BS175 -> 9.7 | K175: =G175 -> 6 | M175: =J175+M174 -> 320.2 | N175: =K175+N174 -> 326.47
A176: 35234 | B176: 170 | C176: =ROUND(Data!BJ176,2) -> 4.09 | D176: =ROUND(Data!R176,1) -> 4.5 | E176: =ROUND(Data!AF176,1) -> 0.7 | F176: =Data!BO176 -> 84 | G176: =Data!Q176 -> 9 | J176: =Data!BS176 -> 1 | K176: =G176 -> 9 | M176: =J176+M175 -> 321.2 | N176: =K176+N175 -> 335.47
A177: 35235 | B177: 171 | C177: =ROUND(Data!BJ177,2) -> 11.2 | D177: =ROUND(Data!R177,1) -> 10.3 | E177: =ROUND(Data!AF177,1) -> -0.9 | F177: =Data!BO177 -> 54.6 | G177: =Data!Q177 -> 2 | J177: =Data!BS177 -> 1.3 | K177: =G177 -> 2 | M177: =J177+M176 -> 322.5 | N177: =K177+N176 -> 337.47
A178: 35236 | B178: 172 | C178: =ROUND(Data!BJ178,2) -> 32.58 | D178: =ROUND(Data!R178,1) -> 14.4 | E178: =ROUND(Data!AF178,1) -> -1.9 | F178: =Data!BO178 -> 32.3 | G178: =Data!Q178 -> 0 | J178: =Data!BS178 -> 0 | K178: =G178 -> 0 | M178: =J178+M177 -> 322.5 | N178: =K178+N177 -> 337.47
A179: 35237 | B179: 173 | C179: =ROUND(Data!BJ179,2) -> 19.57 | D179: =ROUND(Data!R179,1) -> 13.7 | E179: =ROUND(Data!AF179,1) -> -1.4 | F179: =Data!BO179 -> 44.7 | G179: =Data!Q179 -> 1 | J179: =Data!BS179 -> 2 | K179: =G179 -> 1 | M179: =J179+M178 -> 324.5 | N179: =K179+N178 -> 338.47
A180: 35238 | B180: 174 | C180: =ROUND(Data!BJ180,2) -> 11.24 | D180: =ROUND(Data!R180,1) -> 11.8 | E180: =ROUND(Data!AF180,1) -> 2.6 | F180: =Data!BO180 -> 64.6 | G180: =Data!Q180 -> 6 | J180: =Data!BS180 -> 2.5 | K180: =G180 -> 6 | M180: =J180+M179 -> 327 | N180: =K180+N179 -> 344.47
A181: 35239 | B181: 175 | C181: =ROUND(Data!BJ181,2) -> 10.6 | D181: =ROUND(Data!R181,1) -> 11.3 | E181: =ROUND(Data!AF181,1) -> 4.8 | F181: =Data!BO181 -> 72.4 | G181: =Data!Q181 -> 10 | J181: =Data!BS181 -> 10.9 | K181: =G181 -> 10 | M181: =J181+M180 -> 337.9 | N181: =K181+N180 -> 354.47
A182: 35240 | B182: 176 | C182: =ROUND(Data!BJ182,2) -> 12.51 | D182: =ROUND(Data!R182,1) -> 9.2 | E182: =ROUND(Data!AF182,1) -> 2.9 | F182: =Data!BO182 -> 73.8 | G182: =Data!Q182 -> 14 | J182: =Data!BS182 -> 8.1 | K182: =G182 -> 14 | M182: =J182+M181 -> 346 | N182: =K182+N181 -> 368.47
A183: 35241 | B183: 177 | C183: =ROUND(Data!BJ183,2) -> 14.32 | D183: =ROUND(Data!R183,1) -> 11.7 | E183: =ROUND(Data!AF183,1) -> 4 | F183: =Data!BO183 -> 61.1 | G183: =Data!Q183 -> 1 | J183: =Data!BS183 -> 2.5 | K183: =G183 -> 1 | M183: =J183+M182 -> 348.5 | N183: =K183+N182 -> 369.47
... A205: 35263 | B205: 199 | C205: =ROUND(Data!BJ205,2) -> 19.41 | D205: =ROUND(Data!R205,1) -> 18.8 | E205: =ROUND(Data!AF205,1) -> 3.3 | F205: =Data!BO205 -> 38.6 | G205: =Data!Q205 -> 17 | J205: =Data!BS205 -> 17 | K205: =G205 -> 17 | M205: =J205+M204 -> 389 | N205: =K205+N204 -> 400.47
A206: 35264 | B206: 200 | C206: =ROUND(Data!BJ206,2) -> 0 | D206: =ROUND(Data!R206,1) -> 10 | E206: =ROUND(Data!AF206,1) -> -0.6 | F206: =Data!BO206 -> 0 | G206: =Data!Q206 -> 0 | J206: =Data!BS206 -> 9.1 | K206: =J206*L$3 -> 9.555 | M206: =J206+M205 -> 398.1 | N206: =K206+N205 -> 410.025
A207: 35265 | B207: 201 | C207: =ROUND(Data!BJ207,2) -> 0 | D207: =ROUND(Data!R207,1) -> 8.5 | E207: =ROUND(Data!AF207,1) -> -0.3 | F207: =Data!BO207 -> 0 | G207: =Data!Q207 -> 0 | J207: =Data!BS207 -> 1.5 | K207: =J207*L$3 -> 1.575 | M207: =J207+M206 -> 399.6 | N207: =K207+N206 -> 411.6
A208: 35266 | B208: 202 | C208: =ROUND(Data!BJ208,2) -> 0 | D208: =ROUND(Data!R208,1) -> 10.8 | E208: =ROUND(Data!AF208,1) -> 1.6 | F208: =Data!BO208 -> 0 | G208: =Data!Q208 -> 0 | J208: =Data!BS208 -> 0.3 | K208: =J208*L$3 -> 0.315 | M208: =J208+M207 -> 399.9 | N208: =K208+N207 -> 411.915
A209: 35267 | B209: 203 | C209: =ROUND(Data!BJ209,2) -> 0 | D209: =ROUND(Data!R209,1) -> 16.6 | E209: =ROUND(Data!AF209,1) -> 2.8 | F209: =Data!BO209 -> 0 | G209: =Data!Q209 -> 0 | J209: =Data!BS209 -> 0 | K209: =J209*L$3 -> 0 | M209: =J209+M208 -> 399.9 | N209: =K209+N208 -> 411.915
A210: 35268 | B210: 204 | C210: =ROUND(Data!BJ210,2) -> 0 | D210: =ROUND(Data!R210,1) -> 21.8 | E210: =ROUND(Data!AF210,1) -> 3.7 | F210: =Data!BO210 -> 0 | G210: =Data!Q210 -> 0 | J210: =Data!BS210 -> 0 | K210: =J210*L$3 -> 0 | M210: =J210+M209 -> 399.9 | N210: =K210+N209 -> 411.915
A211: 35269 | B211: 205 | C211: =ROUND(Data!BJ211,2) -> 0 | D211: =ROUND(Data!R211,1) -> 22.5 | E211: =ROUND(Data!AF211,1) -> 6.7 | F211: =Data!BO211 -> 0 | G211: =Data!Q211 -> 0 | J211: =Data!BS211 -> 0 | K211: =J211*L$3 -> 0 | M211: =J211+M210 -> 399.9 | N211: =K211+N210 -> 411.915
A212: 35270 | B212: 206 | C212: =ROUND(Data!BJ212,2) -> 0 | D212: =ROUND(Data!R212,1) -> 23.8 | E212: =ROUND(Data!AF212,1) -> 7.3 | F212: =Data!BO212 -> 0 | G212: =Data!Q212 -> 0 | J212: =Data!BS212 -> 0 | K212: =J212*L$3 -> 0 | M212: =J212+M211 -> 399.9 | N212: =K212+N211 -> 411.915
A213: 35271 | B213: 207 | C213: =ROUND(Data!BJ213,2) -> 0 | D213: =ROUND(Data!R213,1) -> 21.9 | E213: =ROUND(Data!AF213,1) -> 7.1 | F213: =Data!BO213 -> 0 | G213: =Data!Q213 -> 0 | J213: =Data!BS213 -> 0 | K213: =J213*L$3 -> 0 | M213: =J213+M212 -> 399.9 | N213: =K213+N212 -> 411.915
A214: 35272 | B214: 208 | C214: =ROUND(Data!BJ214,2) -> 0 | D214: =ROUND(Data!R214,1) -> 23.1 | E214: =ROUND(Data!AF214,1) -> 6.4 | F214: =Data!BO214 -> 0 | G214: =Data!Q214 -> 0 | J214: =Data!BS214 -> 0 | K214: =J214*L$3 -> 0 | M214: =J214+M213 -> 399.9 | N214: =K214+N213 -> 411.915
A215: 35273 | B215: 209 | C215: =ROUND(Data!BJ215,2) -> 0 | D215: =ROUND(Data!R215,1) -> 24.9 | E215: =ROUND(Data!AF215,1) -> 7.2 | F215: =Data!BO215 -> 0 | G215: =Data!Q215 -> 0 | J215: =Data!BS215 -> 0 | K215: =J215*L$3 -> 0 | M215: =J215+M214 -> 399.9 | N215: =K215+N214 -> 411.915
A216: 35274 | B216: 210 | C216: =ROUND(Data!BJ216,2) -> 0 | D216: =ROUND(Data!R216,1) -> 26.8 | E216: =ROUND(Data!AF216,1) -> 9.8 | F216: =Data!BO216 -> 0 | G216: =Data!Q216 -> 0 | J216: =Data!BS216 -> 0 | K216: =J216*L$3 -> 0 | M216: =J216+M215 -> 399.9 | N216: =K216+N215 -> 411.915
A217: 35275 | B217: 211 | C217: =ROUND(Data!BJ217,2) -> 0 | D217: =ROUND(Data!R217,1) -> 21.2 | E217: =ROUND(Data!AF217,1) -> 9.2 | F217: =Data!BO217 -> 0 | G217: =Data!Q217 -> 0 | J217: =Data!BS217 -> 0 | K217: =J217*L$3 -> 0 | M217: =J217+M216 -> 399.9 | N217: =K217+N216 -> 411.915
A218: 35276 | B218: 212 | C218: =ROUND(Data!BJ218,2) -> 25.7 | D218: =ROUND(Data!R218,1) -> 22.3 | E218: =ROUND(Data!AF218,1) -> 5.7 | F218: =Data!BO218 -> 22.9 | G218: =Data!Q218 -> 0 | J218: =Data!BS218 -> 0 | K218: =G218 -> 0 | M218: =J218+M217 -> 399.9 | N218: =K218+N217 -> 411.915
A219: 35277 | B219: 213 | C219: =ROUND(Data!BJ219,2) -> 29.37 | D219: =ROUND(Data!R219,1) -> 17.8 | E219: =ROUND(Data!AF219,1) -> 2 | F219: =Data!BO219 -> 24 | G219: =Data!Q219 -> 0 | J219: =Data!BS219 -> 0 | K219: =G219 -> 0 | M219: =J219+M218 -> 399.9 | N219: =K219+N218 -> 411.915
A220: 35278 | B220: 214 | C220: =ROUND(Data!BJ220,2) -> 29.26 | D220: =ROUND(Data!R220,1) -> 20.5 | E220: =ROUND(Data!AF220,1) -> 0.9 | F220: =Data!BO220 -> 20.1 | G220: =Data!Q220 -> 0 | J220: =Data!BS220 -> 0 | K220: =G220 -> 0 | M220: =J220+M219 -> 399.9 | N220: =K220+N219 -> 411.915
A221: 35279 | B221: 215 | C221: =ROUND(Data!BJ221,2) -> 11.93 | D221: =ROUND(Data!R221,1) -> 10.7 | E221: =ROUND(Data!AF221,1) -> 2 | F221: =Data!BO221 -> 55 | G221: =Data!Q221 -> 5 | J221: =Data!BS221 -> 4.6 | K221: =G221 -> 5 | M221: =J221+M220 -> 404.5 | N221: =K221+N220 -> 416.915
A222: 35280 | B222: 216 | C222: =ROUND(Data!BJ222,2) -> 6.08 | D222: =ROUND(Data!R222,1) -> 9.6 | E222: =ROUND(Data!AF222,1) -> 5.3 | F222: =Data!BO222 -> 82.6 | G222: =Data!Q222 -> 9 | J222: =Data!BS222 -> 4.8 | K222: =G222 -> 9 | M222: =J222+M221 -> 409.3 | N222: =K222+N221 -> 425.915
A223: 35281 | B223: 217 | C223: =ROUND(Data!BJ223,2) -> 4.17 | D223: =ROUND(Data!R223,1) -> 7.8 | E223: =ROUND(Data!AF223,1) -> 3.5 | F223: =Data!BO223 -> 85.4 | G223: =Data!Q223 -> 29 | J223: =Data!BS223 -> 23.1 | K223: =G223 -> 29 | M223: =J223+M222 -> 432.4 | N223: =K223+N222 -> 454.915
A224: 35282 | B224: 218 | C224: =ROUND(Data!BJ224,2) -> 4.39 | D224: =ROUND(Data!R224,1) -> 6.2 | E224: =ROUND(Data!AF224,1) -> 3.5 | F224: =Data!BO224 -> 97.9 | G224: =Data!Q224 -> 5 | J224: =Data!BS224 -> 1.8 | K224: =G224 -> 5 | M224: =J224+M223 -> 434.2 | N224: =K224+N223 -> 459.915
A225: 35283 | B225: 219 | C225: =ROUND(Data!BJ225,2) -> 20.42 | D225: =ROUND(Data!R225,1) -> 15.7 | E225: =ROUND(Data!AF225,1) -> 4.1 | F225: =Data!BO225 -> 49.8 | G225: =Data!Q225 -> 0 | J225: =Data!BS225 -> 0 | K225: =G225 -> 0 | M225: =J225+M224 -> 434.2 | N225: =K225+N224 -> 459.915
A226: 35284 | B226: 220 | C226: =ROUND(Data!BJ226,2) -> 28.62 | D226: =ROUND(Data!R226,1) -> 19.8 | E226: =ROUND(Data!AF226,1) -> 2.4 | F226: =Data!BO226 -> 38.7 | G226: =Data!Q226 -> 0 | J226: =Data!BS226 -> 0 | K226: =G226 -> 0 | M226: =J226+M225 -> 434.2 | N226: =K226+N225 -> 459.915
...

Sheet Data
A1: Sicamous Creek 1996 Daily data | I1: RH, Solar and PAR new calibrations added col BL onwards | N1: Removed -6999 indicating bad data | BF1: 3480 | BI1: =2.02 -> 2.02 | BJ1: Recalibrated 30/07/07 | BM1: Rh_adjustment fro Max=100 and min 20=20 | BQ1: UseRHcor
A2: Last edit 21/04/25 | C2: Rainfall - no data | J2: Empty cell indicates no data | BJ2: 1 | BK2: =274/261.1 -> 1.0494064 | BM2: =MAX(BM7:BM372) -> 100 | BP2: esat(tmin) | BQ2: esat(tx)-esat(Tn) | BT2: 1.5 | BV2: Summary
C3: TOTAL | D3: MEAN | E3: MEAN | F3: MEAN | G3: MEAN | H3: MEAN | I3: MEAN | J3: MEAN | K3: MEAN | L3: MEAN | M3: MEAN | N3: MEAN | O3: MEAN | P3: MEAN | Q3: TOTAL | R3: MAX. | S3: TIME | T3: MAX | U3: TIME | V3: MAX | W3: MAX | X3: MAX | Y3: MAX | Z3: MAX | AA3: MAX | AB3: MAX | AC3: MAX | AD3: MAX | AE3: TIME | AF3: MIN | AG3: TIME | AH3: MIN | AI3: TIME | AJ3: MIN | AK3: MIN | AL3: MIN | AM3: MIN | AN3: MIN | AO3: MIN | AP3: MIN | AQ3: MIN | AR3: Wind Rose: | BJ3: Revised | BM3: 0.924 | BP3: Rhmin*Esat(Tx) | BT3: Snow | CV3: Midnight | DD3: FWS | DZ3: UPC
C4: SOLAR | D4: PAR | E4: Ta 6m | F4: RH | G4: Ta 3m | H4: Ta 1.5m | I4: Ta 0.25m | J4: Tstem | K4: Tstem | L4: Tsoil | M4: Tsoil | N4: Tsoil | O4: SHORT | P4: WIND | Q4: RAIN | R4: Ta 6m | S4: tA 6m | T4: RH | U4: RH | V4: Ta 3m | W4: Ta 1.5m | X4: Ta 0.25m | Y4: Tstem | Z4: Tstem | AA4: Tsoil | AB4: Tsoil | AC4: Tsoil | AD4: WIND SPD | AE4: MAX U | AF4: Ta 6m | AG4: tA 6m | AH4: RH | AI4: RH | AJ4: Ta 3m | AK4: Ta 1.5m | AL4: Ta 0.25m | AM4: Tstem | AN4: Tstem | AO4: Tsoil | AP4: Tsoil | AQ4: Tsoil | AZ4: DAILY AVG | BA4: DISTANCE | BB4: BATT. | BC4: Identity | BD4: Distance | BE4: Distance | BF4: Snow depth | BH4: Solarmax | BI4: PARmax | BJ4: Solar | BK4: PAR | BM4: 1 | BP4: Vpres | BQ4: VPDx | BT4: MoTISicamous | BV4: Solar | BW4: PAR | BX4: Ta6Ave | BY4: Ta3Ave | BZ4: Ta15Ave | CA4: Ta025Ave | CB4: TdufAve | CC4: Ts015Ave | CD4: Ts05Ave | CE4: RH6Ave | CF4: Ta6Max | CG4: Ta3Max | CH4: Ta15Max | CI4: Ta025Max | CJ4: TdufMax | CK4: Ts015Max | CL4: Ts05Max | CM4: RH6Max | CN4: Ta6Min | CO4: Ta3Min | CP4: Ta15Min | CQ4: Ta025Min | CR4: TdufMin | CS4: Ts015Min | CT4: Ts05Min | CU4: RH6Min | CV4: SnowD | CW4: Precipitation | CX4: Wind | CY4: WindX | CZ4: Vapres | DA4: vpdX | DB4: BatV | DD4: C | DE4: C | DF4: C | DG4: % | DH4: % | DZ4: Tave | EA4: Tmax | EB4: Tmin | EC4: ppt
A5: Date | B5: DoY | C5: MJ/m2/d | D5: mol/m2/d | E5: C | F5: % | G5: C | H5: C | I5: C | J5: WEST | K5: EAST | L5: duff | M5: 15cm | N5: 50cm | O5: (mV) | P5: (m/s) | Q5: mm | R5: C | T5: % | V5: C | W5: C | X5: C | Y5: WEST | Z5: EAST | AA5: duff | AB5: 15cm | AC5: 50cm | AD5: m/s | AE5: m/s | AF5: C | AG5: C | AH5: % | AJ5: C | AK5: C | AL5: C | AM5: WEST | AN5: EAST | AO5: duff | AP5: 15cm | AQ5: 50cm | AR5: N--NE | AS5: NE--E | AT5: E--SE | AU5: SE--S | AV5: S--SW | AW5: SW--W | AX5: W--NW | AY5: NW--N | AZ5: PANEL T | BA5: (mm) | BB5: (V) | BD5: Max | BE5: Min | BF5: mm | BH5: MJ/m2/d | BI5: mol/m2/d | BM5: RHMax | BN5: RHAvg | BO5: RHMin | BP5: kPa | BQ5: kPa | BS5: FWS | BV5: MJ/m2/d | BW5: mol/m2/d | BX5: C | BY5: C | BZ5: C | CA5: C | CB5: C | CC5: C | CD5: C | CE5: % | CF5: C | CG5: C | CH5: C | CI5: C | CJ5: C | CK5: C | CL5: C | CM5: % | CN5: C | CO5: C | CP5: C | CQ5: C | CR5: C | CS5: C | CT5: C | CU5: % | CV5: mm | CW5: mm/d | CX5: m/s | CY5: m/s | CZ5: kPa | DA5: kPa | DB5: V | DD5: Tav | DE5: Tmax | DF5: Tmin | DG5: Rhav | DH5: Rhmin | DZ5: C | EA5: C | EB5: C | EC5: mm
A7: 35065 | B7: 1 | E7: =ROUND(1.19*DZ7-0.2,1) -> -4 | R7: =ROUND(0.95*EA7-0.5,1) -> 0.8 | AF7: =ROUND(1.1*EB7-1,1) -> -7.5 | BH7: 4.59 | BI7: =BH7*$BI$1 -> 9.2718 | BP7: =ROUND(0.6105*(EXP((17.273*AF7)/(AF7+237.3))), 3) -> 0.347 | BQ7: =ROUND(0.6105*(EXP((17.273*R7)/(R7+237.3)))-BP7, 3) -> 0.3 | BS7: =BT$2*BT7 -> 0 | BT7: 0 | BV7: NA | BW7: NA | BX7: =ROUND(E7,1) -> -4 | BY7: NA | BZ7: NA | CA7: NA | CB7: NA | CC7: NA | CD7: NA | CE7: NA | CF7: =ROUND(R7,1) -> 0.8 | CG7: NA | CH7: NA | CI7: NA | CJ7: NA | CK7: NA | CL7: NA | CM7: NA | CN7: =ROUND(AF7,1) -> -7.5 | CO7: NA | CP7: NA | CQ7: NA | CR7: NA | CS7: NA | CT7: NA | CU7: NA | CV7: NA | CW7: =ROUND(PPTest!K7,1) -> 0 | CX7: NA | CY7: NA | CZ7: =BP7 -> 0.347 | DA7: =BQ7 -> 0.3 | DB7: NA | DZ7: -3.2 | EA7: 1.4 | EB7: -5.9 | EC7: 10
A8: 35066 | B8: 2 | E8: =ROUND(1.19*DZ8-0.2,1) -> -3.1 | R8: =ROUND(0.95*EA8-0.5,1) -> 2.6 | AF8: =ROUND(1.1*EB8-1,1) -> -6.2 | BH8: 4.63 | BI8: =BH8*$BI$1 -> 9.3526 | BP8: =ROUND(0.6105*(EXP((17.273*AF8)/(AF8+237.3))), 3) -> 0.384 | BQ8: =ROUND(0.6105*(EXP((17.273*R8)/(R8+237.3)))-BP8, 3) -> 0.352 | BS8: =BT$2*BT8 -> 9 | BT8: 6 | BV8: NA | BW8: NA | BX8: =ROUND(E8,1) -> -3.1 | BY8: NA | BZ8: NA | CA8: NA | CB8: NA | CC8: NA | CD8: NA | CE8: NA | CF8: =ROUND(R8,1) -> 2.6 | CG8: NA | CH8: NA | CI8: NA | CJ8: NA | CK8: NA | CL8: NA | CM8: NA | CN8: =ROUND(AF8,1) -> -6.2 | CO8: NA | CP8: NA | CQ8: NA | CR8: NA | CS8: NA | CT8: NA | CU8: NA | CV8: NA | CW8: =ROUND(PPTest!K8,1) -> 9.5 | CX8: NA | CY8: NA | CZ8: =BP8 -> 0.384 | DA8: =BQ8 -> 0.352 | DB8: NA | DZ8: -2.4 | EA8: 3.3 | EB8: -4.7 | EC8: 5.6
A9: 35067 | B9: 3 | E9: =ROUND(1.19*DZ9-0.2,1) -> -7.1 | R9: =ROUND(0.95*EA9-0.5,1) -> 0.7 | AF9: =ROUND(1.1*EB9-1,1) -> -14.5 | BH9: 4.67 | BI9: =BH9*$BI$1 -> 9.4334 | BP9: =ROUND(0.6105*(EXP((17.273*AF9)/(AF9+237.3))), 3) -> 0.198 | BQ9: =ROUND(0.6105*(EXP((17.273*R9)/(R9+237.3)))-BP9, 3) -> 0.444 | BS9: =BT$2*BT9 -> 0 | BT9: 0 | BV9: NA | BW9: NA | BX9: =ROUND(E9,1) -> -7.1 | BY9: NA | BZ9: NA | CA9: NA | CB9: NA | CC9: NA | CD9: NA | CE9: NA | CF9: =ROUND(R9,1) -> 0.7 | CG9: NA | CH9: NA | CI9: NA | CJ9: NA | CK9: NA | CL9: NA | CM9: NA | CN9: =ROUND(AF9,1) -> -14.5 | CO9: NA | CP9: NA | CQ9: NA | CR9: NA | CS9: NA | CT9: NA | CU9: NA | CV9: NA | CW9: =ROUND(PPTest!K9,1) -> 0 | CX9: NA | CY9: NA | CZ9: =BP9 -> 0.198 | DA9: =BQ9 -> 0.444 | DB9: NA | DZ9: -5.8 | EA9: 1.3 | EB9: -12.3 | EC9: 5
A10: 35068 | B10: 4 | E10: =ROUND(1.19*DZ10-0.2,1) -> -16.5 | R10: =ROUND(0.95*EA10-0.5,1) -> -10.4 | AF10: =ROUND(1.1*EB10-1,1) -> -21.2 | BH10: 4.72 | BI10: =BH10*$BI$1 -> 9.5344 | BP10: =ROUND(0.6105*(EXP((17.273*AF10)/(AF10+237.3))), 3) -> 0.112 | BQ10: =ROUND(0.6105*(EXP((17.273*R10)/(R10+237.3)))-BP10, 3) -> 0.165 | BS10: =BT$2*BT10 -> 0 | BT10: 0 | BV10: NA | BW10: NA | BX10: =ROUND(E10,1) -> -16.5 | BY10: NA | BZ10: NA | CA10: NA | CB10: NA | CC10: NA | CD10: NA | CE10: NA | CF10: =ROUND(R10,1) -> -10.4 | CG10: NA | CH10: NA | CI10: NA | CJ10: NA | CK10: NA | CL10: NA | CM10: NA | CN10: =ROUND(AF10,1) -> -21.2 | CO10: NA | CP10: NA | CQ10: NA | CR10: NA | CS10: NA | CT10: NA | CU10: NA | CV10: NA | CW10: =ROUND(PPTest!K10,1) -> 0 | CX10: NA | CY10: NA | CZ10: =BP10 -> 0.112 | DA10: =BQ10 -> 0.165 | DB10: NA | DZ10: -13.7 | EA10: -10.4 | EB10: -18.4 | EC10: 2.2
A11: 35069 | B11: 5 | E11: =ROUND(1.19*DZ11-0.2,1) -> -17.2 | R11: =ROUND(0.95*EA11-0.5,1) -> -6.1 | AF11: =ROUND(1.1*EB11-1,1) -> -22.7 | BH11: 4.76 | BI11: =BH11*$BI$1 -> 9.6152 | BP11: =ROUND(0.6105*(EXP((17.273*AF11)/(AF11+237.3))), 3) -> 0.098 | BQ11: =ROUND(0.6105*(EXP((17.273*R11)/(R11+237.3)))-BP11, 3) -> 0.289 | BS11: =BT$2*BT11 -> 1.5 | BT11: 1 | BV11: NA | BW11: NA | BX11: =ROUND(E11,1) -> -17.2 | BY11: NA | BZ11: NA | CA11: NA | CB11: NA | CC11: NA | CD11: NA | CE11: NA | CF11: =ROUND(R11,1) -> -6.1 | CG11: NA | CH11: NA | CI11: NA | CJ11: NA | CK11: NA | CL11: NA | CM11: NA | CN11: =ROUND(AF11,1) -> -22.7 | CO11: NA | CP11: NA | CQ11: NA | CR11: NA | CS11: NA | CT11: NA | CU11: NA | CV11: NA | CW11: =ROUND(PPTest!K11,1) -> 1.6 | CX11: NA | CY11: NA | CZ11: =BP11 -> 0.098 | DA11: =BQ11 -> 0.289 | DB11: NA | DZ11: -14.3 | EA11: -5.9 | EB11: -19.7 | EC11: 2.6
A12: 35070 | B12: 6 | E12: =ROUND(1.19*DZ12-0.2,1) -> -10.3 | R12: =ROUND(0.95*EA12-0.5,1) -> -5.2 | AF12: =ROUND(1.1*EB12-1,1) -> -14.6 | BH12: 4.82 | BI12: =BH12*$BI$1 -> 9.7364 | BP12: =ROUND(0.6105*(EXP((17.273*AF12)/(AF12+237.3))), 3) -> 0.197 | BQ12: =ROUND(0.6105*(EXP((17.273*R12)/(R12+237.3)))-BP12, 3) -> 0.218 | BS12: =BT$2*BT12 -> 7.5 | BT12: 5 | BV12: NA | BW12: NA | BX12: =ROUND(E12,1) -> -10.3 | BY12: NA | BZ12: NA | CA12: NA | CB12: NA | CC12: NA | CD12: NA | CE12: NA | CF12: =ROUND(R12,1) -> -5.2 | CG12: NA | CH12: NA | CI12: NA | CJ12: NA | CK12: NA | CL12: NA | CM12: NA | CN12: =ROUND(AF12,1) -> -14.6 | CO12: NA | CP12: NA | CQ12: NA | CR12: NA | CS12: NA | CT12: NA | CU12: NA | CV12: NA | CW12: =ROUND(PPTest!K12,1) -> 7.9 | CX12: NA | CY12: NA | CZ12: =BP12 -> 0.197 | DA12: =BQ12 -> 0.218 | DB12: NA | DZ12: -8.5 | EA12: -4.9 | EB12: -12.4 | EC12: 0.6
A13: 35071 | B13: 7 | E13: =ROUND(1.19*DZ13-0.2,1) -> -4 | R13: =ROUND(0.95*EA13-0.5,1) -> 0.6 | AF13: =ROUND(1.1*EB13-1,1) -> -6.8 | BH13: 4.87 | BI13: =BH13*$BI$1 -> 9.8374 | BP13: =ROUND(0.6105*(EXP((17.273*AF13)/(AF13+237.3))), 3) -> 0.367 | BQ13: =ROUND(0.6105*(EXP((17.273*R13)/(R13+237.3)))-BP13, 3) -> 0.271 | BS13: =BT$2*BT13 -> 0 | BT13: 0 | BV13: NA | BW13: NA | BX13: =ROUND(E13,1) -> -4 | BY13: NA | BZ13: NA | CA13: NA | CB13: NA | CC13: NA | CD13: NA | CE13: NA | CF13: =ROUND(R13,1) -> 0.6 | CG13: NA | CH13: NA | CI13: NA | CJ13: NA | CK13: NA | CL13: NA | CM13: NA | CN13: =ROUND(AF13,1) -> -6.8 | CO13: NA | CP13: NA | CQ13: NA | CR13: NA | CS13: NA | CT13: NA | CU13: NA | CV13: NA | CW13: =ROUND(PPTest!K13,1) -> 0 | CX13: NA | CY13: NA | CZ13: =BP13 -> 0.367 | DA13: =BQ13 -> 0.271 | DB13: NA | DZ13: -3.2 | EA13: 1.2 | EB13: -5.3 | EC13: 1.8
A14: 35072 | B14: 8 | E14: =ROUND(1.19*DZ14-0.2,1) -> -5.6 | R14: =ROUND(0.95*EA14-0.5,1) -> 2.5 | AF14: =ROUND(1.1*EB14-1,1) -> -10.2 | BH14: 4.93 | BI14: =BH14*$BI$1 -> 9.9586 | BP14: =ROUND(0.6105*(EXP((17.273*AF14)/(AF14+237.3))), 3) -> 0.281 | BQ14: =ROUND(0.6105*(EXP((17.273*R14)/(R14+237.3)))-BP14, 3) -> 0.45 | BS14: =BT$2*BT14 -> 0 | BT14: 0 | BV14: NA | BW14: NA | BX14: =ROUND(E14,1) -> -5.6 | BY14: NA | BZ14: NA | CA14: NA | CB14: NA | CC14: NA | CD14: NA | CE14: NA | CF14: =ROUND(R14,1) -> 2.5 | CG14: NA | CH14: NA | CI14: NA | CJ14: NA | CK14: NA | CL14: NA | CM14: NA | CN14: =ROUND(AF14,1) -> -10.2 | CO14: NA | CP14: NA | CQ14: NA | CR14: NA | CS14: NA | CT14: NA | CU14: NA | CV14: NA | CW14: =ROUND(PPTest!K14,1) -> 0 | CX14: NA | CY14: NA | CZ14: =BP14 -> 0.281 | DA14: =BQ14 -> 0.45 | DB14: NA | DZ14: -4.5 | EA14: 3.2 | EB14: -8.4 | EC14: 0
A15: 35073 | B15: 9 | E15: =ROUND(1.19*DZ15-0.2,1) -> -4 | R15: =ROUND(0.95*EA15-0.5,1) -> 0.9 | AF15: =ROUND(1.1*EB15-1,1) -> -7.6 | BH15: 4.99 | BI15: =BH15*$BI$1 -> 10.0798 | BP15: =ROUND(0.6105*(EXP((17.273*AF15)/(AF15+237.3))), 3) -> 0.345 | BQ15: =ROUND(0.6105*(EXP((17.273*R15)/(R15+237.3)))-BP15, 3) -> 0.307 | BS15: =BT$2*BT15 -> 0 | BT15: 0 | BV15: NA | BW15: NA | BX15: =ROUND(E15,1) -> -4 | BY15: NA | BZ15: NA | CA15: NA | CB15: NA | CC15: NA | CD15: NA | CE15: NA | CF15: =ROUND(R15,1) -> 0.9 | CG15: NA | CH15: NA | CI15: NA | CJ15: NA | CK15: NA | CL15: NA | CM15: NA | CN15: =ROUND(AF15,1) -> -7.6 | CO15: NA | CP15: NA | CQ15: NA | CR15: NA | CS15: NA | CT15: NA | CU15: NA | CV15: NA | CW15: =ROUND(PPTest!K15,1) -> 0 | CX15: NA | CY15: NA | CZ15: =BP15 -> 0.345 | DA15: =BQ15 -> 0.307 | DB15: NA | DZ15: -3.2 | EA15: 1.5 | EB15: -6 | EC15: 0
A16: 35074 | B16: 10 | E16: =ROUND(1.19*DZ16-0.2,1) -> -3.8 | R16: =ROUND(0.95*EA16-0.5,1) -> -0.4 | AF16: =ROUND(1.1*EB16-1,1) -> -6.1 | BH16: 5.06 | BI16: =BH16*$BI$1 -> 10.2212 | BP16: =ROUND(0.6105*(EXP((17.273*AF16)/(AF16+237.3))), 3) -> 0.387 | BQ16: =ROUND(0.6105*(EXP((17.273*R16)/(R16+237.3)))-BP16, 3) -> 0.206 | BS16: =BT$2*BT16 -> 0 | BT16: 0 | BV16: NA | BW16: NA | BX16: =ROUND(E16,1) -> -3.8 | BY16: NA | BZ16: NA | CA16: NA | CB16: NA | CC16: NA | CD16: NA | CE16: NA | CF16: =ROUND(R16,1) -> -0.4 | CG16: NA | CH16: NA | CI16: NA | CJ16: NA | CK16: NA | CL16: NA | CM16: NA | CN16: =ROUND(AF16,1) -> -6.1 | CO16: NA | CP16: NA | CQ16: NA | CR16: NA | CS16: NA | CT16: NA | CU16: NA | CV16: NA | CW16: =ROUND(PPTest!K16,1) -> 0 | CX16: NA | CY16: NA | CZ16: =BP16 -> 0.387 | DA16: =BQ16 -> 0.206 | DB16: NA | DZ16: -3 | EA16: 0.1 | EB16: -4.6 | EC16: 0
A17: 35075 | B17: 11 | E17: =ROUND(1.19*DZ17-0.2,1) -> -3.9 | R17: =ROUND(0.95*EA17-0.5,1) -> 1.6 | AF17: =ROUND(1.1*EB17-1,1) -> -10.4 | BH17: 5.13 | BI17: =BH17*$BI$1 -> 10.3626 | BP17: =ROUND(0.6105*(EXP((17.273*AF17)/(AF17+237.3))), 3) -> 0.277 | BQ17: =ROUND(0.6105*(EXP((17.273*R17)/(R17+237.3)))-BP17, 3) -> 0.408 | BS17: =BT$2*BT17 -> 0 | BT17: 0 | BV17: NA | BW17: NA | BX17: =ROUND(E17,1) -> -3.9 | BY17: NA | BZ17: NA | CA17: NA | CB17: NA | CC17: NA | CD17: NA | CE17: NA | CF17: =ROUND(R17,1) -> 1.6 | CG17: NA | CH17: NA | CI17: NA | CJ17: NA | CK17: NA | CL17: NA | CM17: NA | CN17: =ROUND(AF17,1) -> -10.4 | CO17: NA | CP17: NA | CQ17: NA | CR17: NA | CS17: NA | CT17: NA | CU17: NA | CV17: NA | CW17: =ROUND(PPTest!K17,1) -> 0 | CX17: NA | CY17: NA | CZ17: =BP17 -> 0.277 | DA17: =BQ17 -> 0.408 | DB17: NA | DZ17: -3.1 | EA17: 2.2 | EB17: -8.5 | EC17: 0
A18: 35076 | B18: 12 | E18: =ROUND(1.19*DZ18-0.2,1) -> -6.7 | R18: =ROUND(0.95*EA18-0.5,1) -> 1.5 | AF18: =ROUND(1.1*EB18-1,1) -> -12.7 | BH18: 5.2 | BI18: =BH18*$BI$1 -> 10.504 | BP18: =ROUND(0.6105*(EXP((17.273*AF18)/(AF18+237.3))), 3) -> 0.23 | BQ18: =ROUND(0.6105*(EXP((17.273*R18)/(R18+237.3)))-BP18, 3) -> 0.45 | BS18: =BT$2*BT18 -> 0 | BT18: 0 | BV18: NA | BW18: NA | BX18: =ROUND(E18,1) -> -6.7 | BY18: NA | BZ18: NA | CA18: NA | CB18: NA | CC18: NA | CD18: NA | CE18: NA | CF18: =ROUND(R18,1) -> 1.5 | CG18: NA | CH18: NA | CI18: NA | CJ18: NA | CK18: NA | CL18: NA | CM18: NA | CN18: =ROUND(AF18,1) -> -12.7 | CO18: NA | CP18: NA | CQ18: NA | CR18: NA | CS18: NA | CT18: NA | CU18: NA | CV18: NA | CW18: =ROUND(PPTest!K18,1) -> 0 | CX18: NA | CY18: NA | CZ18: =BP18 -> 0.23 | DA18: =BQ18 -> 0.45 | DB18: NA | DZ18: -5.5 | EA18: 2.1 | EB18: -10.6 | EC18: 0
... A67: 35125 | B67: 61 | E67: =ROUND(1.19*DZ67-0.2,1) -> -5.3 | R67: =ROUND(0.95*EA67-0.5,1) -> 6.7 | AF67: =ROUND(1.1*EB67-1,1) -> -16.3 | BH67: 13.23 | BI67: =BH67*$BI$1 -> 26.7246 | BP67: =ROUND(0.6105*(EXP((17.273*AF67)/(AF67+237.3))), 3) -> 0.171 | BQ67: =ROUND(0.6105*(EXP((17.273*R67)/(R67+237.3)))-BP67, 3) -> 0.81 | BS67: =BT$2*BT67 -> 0 | BT67: 0 | BV67: NA | BW67: NA | BX67: =ROUND(E67,1) -> -5.3 | BY67: NA | BZ67: NA | CA67: NA | CB67: NA | CC67: NA | CD67: NA | CE67: NA | CF67: =ROUND(R67,1) -> 6.7 | CG67: NA | CH67: NA | CI67: NA | CJ67: NA | CK67: NA | CL67: NA | CM67: NA | CN67: =ROUND(AF67,1) -> -16.3 | CO67: NA | CP67: NA | CQ67: NA | CR67: NA | CS67: NA | CT67: NA | CU67: NA | CV67: NA | CW67: =ROUND(PPTest!K67,1) -> 0 | CX67: NA | CY67: NA | CZ67: =BP67 -> 0.171 | DA67: =BQ67 -> 0.81 | DB67: NA | DZ67: -4.3 | EA67: 7.6 | EB67: -13.9 | EC67: 0
A68: 35126 | B68: 62 | E68: =ROUND(1.19*DZ68-0.2,1) -> -2.8 | R68: =ROUND(0.95*EA68-0.5,1) -> 5.1 | AF68: =ROUND(1.1*EB68-1,1) -> -12.6 | BH68: 13.47 | BI68: =BH68*$BI$1 -> 27.2094 | BP68: =ROUND(0.6105*(EXP((17.273*AF68)/(AF68+237.3))), 3) -> 0.232 | BQ68: =ROUND(0.6105*(EXP((17.273*R68)/(R68+237.3)))-BP68, 3) -> 0.646 | BV68: NA | BW68: NA | BX68: =ROUND(E68,1) -> -2.8 | BY68: NA | BZ68: NA | CA68: NA | CB68: NA | CC68: NA | CD68: NA | CE68: NA | CF68: =ROUND(R68,1) -> 5.1 | CG68: NA | CH68: NA | CI68: NA | CJ68: NA | CK68: NA | CL68: NA | CM68: NA | CN68: =ROUND(AF68,1) -> -12.6 | CO68: NA | CP68: NA | CQ68: NA | CR68: NA | CS68: NA | CT68: NA | CU68: NA | CV68: NA | CW68: =ROUND(PPTest!K68,1) -> 0 | CX68: NA | CY68: NA | CZ68: =BP68 -> 0.232 | DA68: =BQ68 -> 0.646 | DB68: NA | DZ68: -2.2 | EA68: 5.9 | EB68: -10.5 | EC68: 0
A69: 35127 | B69: 63 | E69: =ROUND(1.19*DZ69-0.2,1) -> -7.7 | R69: =ROUND(0.95*EA69-0.5,1) -> -3.2 | AF69: =ROUND(1.1*EB69-1,1) -> -12.4 | BH69: 13.71 | BI69: =BH69*$BI$1 -> 27.6942 | BP69: =ROUND(0.6105*(EXP((17.273*AF69)/(AF69+237.3))), 3) -> 0.236 | BQ69: =ROUND(0.6105*(EXP((17.273*R69)/(R69+237.3)))-BP69, 3) -> 0.246 | BV69: NA | BW69: NA | BX69: =ROUND(E69,1) -> -7.7 | BY69: NA | BZ69: NA | CA69: NA | CB69: NA | CC69: NA | CD69: NA | CE69: NA | CF69: =ROUND(R69,1) -> -3.2 | CG69: NA | CH69: NA | CI69: NA | CJ69: NA | CK69: NA | CL69: NA | CM69: NA | CN69: =ROUND(AF69,1) -> -12.4 | CO69: NA | CP69: NA | CQ69: NA | CR69: NA | CS69: NA | CT69: NA | CU69: NA | CV69: NA | CW69: =ROUND(PPTest!K69,1) -> 3.6 | CX69: NA | CY69: NA | CZ69: =BP69 -> 0.236 | DA69: =BQ69 -> 0.246 | DB69: NA | DZ69: -6.3 | EA69: -2.8 | EB69: -10.4 | EC69: 3.6
A70: 35128 | B70: 64 | E70: =ROUND(1.19*DZ70-0.2,1) -> -13.9 | R70: =ROUND(0.95*EA70-0.5,1) -> -9.5 | AF70: =ROUND(1.1*EB70-1,1) -> -15.2 | BH70: 13.95 | BI70: =BH70*$BI$1 -> 28.179 | BP70: =ROUND(0.6105*(EXP((17.273*AF70)/(AF70+237.3))), 3) -> 0.187 | BQ70: =ROUND(0.6105*(EXP((17.273*R70)/(R70+237.3)))-BP70, 3) -> 0.11 | BV70: NA | BW70: NA | BX70: =ROUND(E70,1) -> -13.9 | BY70: NA | BZ70: NA | CA70: NA | CB70: NA | CC70: NA | CD70: NA | CE70: NA | CF70: =ROUND(R70,1) -> -9.5 | CG70: NA | CH70: NA | CI70: NA | CJ70: NA | CK70: NA | CL70: NA | CM70: NA | CN70: =ROUND(AF70,1) -> -15.2 | CO70: NA | CP70: NA | CQ70: NA | CR70: NA | CS70: NA | CT70: NA | CU70: NA | CV70: NA | CW70: =ROUND(PPTest!K70,1) -> 0 | CX70: NA | CY70: NA | CZ70: =BP70 -> 0.187 | DA70: =BQ70 -> 0.11 | DB70: NA | DZ70: -11.5 | EA70: -9.5 | EB70: -12.9 | EC70: 0
A71: 35129 | B71: 65 | E71: =ROUND(1.19*DZ71-0.2,1) -> -13.6 | R71: =ROUND(0.95*EA71-0.5,1) -> -4.6 | AF71: =ROUND(1.1*EB71-1,1) -> -18.5 | BH71: 14.21 | BI71: =BH71*$BI$1 -> 28.7042 | BP71: =ROUND(0.6105*(EXP((17.273*AF71)/(AF71+237.3))), 3) -> 0.142 | BQ71: =ROUND(0.6105*(EXP((17.273*R71)/(R71+237.3)))-BP71, 3) -> 0.292 | BV71: NA | BW71: NA | BX71: =ROUND(E71,1) -> -13.6 | BY71: NA | BZ71: NA | CA71: NA | CB71: NA | CC71: NA | CD71: NA | CE71: NA | CF71: =ROUND(R71,1) -> -4.6 | CG71: NA | CH71: NA | CI71: NA | CJ71: NA | CK71: NA | CL71: NA | CM71: NA | CN71: =ROUND(AF71,1) -> -18.5 | CO71: NA | CP71: NA | CQ71: NA | CR71: NA | CS71: NA | CT71: NA | CU71: NA | CV71: NA | CW71: =ROUND(PPTest!K71,1) -> 1.2 | CX71: NA | CY71: NA | CZ71: =BP71 -> 0.142 | DA71: =BQ71 -> 0.292 | DB71: NA | DZ71: -11.3 | EA71: -4.3 | EB71: -15.9 | EC71: 1.2
A72: 35130 | B72: 66 | E72: =ROUND(1.19*DZ72-0.2,1) -> -9 | R72: =ROUND(0.95*EA72-0.5,1) -> -2.8 | AF72: =ROUND(1.1*EB72-1,1) -> -18.7 | BH72: 14.45 | BI72: =BH72*$BI$1 -> 29.189 | BP72: =ROUND(0.6105*(EXP((17.273*AF72)/(AF72+237.3))), 3) -> 0.139 | BQ72: =ROUND(0.6105*(EXP((17.273*R72)/(R72+237.3)))-BP72, 3) -> 0.358 | BV72: NA | BW72: NA | BX72: =ROUND(E72,1) -> -9 | BY72: NA | BZ72: NA | CA72: NA | CB72: NA | CC72: NA | CD72: NA | CE72: NA | CF72: =ROUND(R72,1) -> -2.8 | CG72: NA | CH72: NA | CI72: NA | CJ72: NA | CK72: NA | CL72: NA | CM72: NA | CN72: =ROUND(AF72,1) -> -18.7 | CO72: NA | CP72: NA | CQ72: NA | CR72: NA | CS72: NA | CT72: NA | CU72: NA | CV72: NA | CW72: =ROUND(PPTest!K72,1) -> 0.3 | CX72: NA | CY72: NA | CZ72: =BP72 -> 0.139 | DA72: =BQ72 -> 0.358 | DB72: NA | DZ72: -7.4 | EA72: -2.4 | EB72: -16.1 | EC72: 0.3
A73: 35131 | B73: 67 | E73: =ROUND(1.19*DZ73-0.2,1) -> -6.5 | R73: =ROUND(0.95*EA73-0.5,1) -> -3.4 | AF73: =ROUND(1.1*EB73-1,1) -> -12.2 | BH73: 14.7 | BI73: =BH73*$BI$1 -> 29.694 | BP73: =ROUND(0.6105*(EXP((17.273*AF73)/(AF73+237.3))), 3) -> 0.239 | BQ73: =ROUND(0.6105*(EXP((17.273*R73)/(R73+237.3)))-BP73, 3) -> 0.236 | BV73: NA | BW73: NA | BX73: =ROUND(E73,1) -> -6.5 | BY73: NA | BZ73: NA | CA73: NA | CB73: NA | CC73: NA | CD73: NA | CE73: NA | CF73: =ROUND(R73,1) -> -3.4 | CG73: NA | CH73: NA | CI73: NA | CJ73: NA | CK73: NA | CL73: NA | CM73: NA | CN73: =ROUND(AF73,1) -> -12.2 | CO73: NA | CP73: NA | CQ73: NA | CR73: NA | CS73: NA | CT73: NA | CU73: NA | CV73: NA | CW73: =ROUND(PPTest!K73,1) -> 2.3 | CX73: NA | CY73: NA | CZ73: =BP73 -> 0.239 | DA73: =BQ73 -> 0.236 | DB73: NA | DZ73: -5.3 | EA73: -3 | EB73: -10.2 | EC73: 2.3
A74: 35132 | B74: 68 | E74: =ROUND(1.19*DZ74-0.2,1) -> -2.8 | R74: =ROUND(0.95*EA74-0.5,1) -> 0 | AF74: =ROUND(1.1*EB74-1,1) -> -7.1 | BH74: 14.96 | BI74: =BH74*$BI$1 -> 30.2192 | BP74: =ROUND(0.6105*(EXP((17.273*AF74)/(AF74+237.3))), 3) -> 0.358 | BQ74: =ROUND(0.6105*(EXP((17.273*R74)/(R74+237.3)))-BP74, 3) -> 0.253 | BV74: NA | BW74: NA | BX74: =ROUND(E74,1) -> -2.8 | BY74: NA | BZ74: NA | CA74: NA | CB74: NA | CC74: NA | CD74: NA | CE74: NA | CF74: =ROUND(R74,1) -> 0 | CG74: NA | CH74: NA | CI74: NA | CJ74: NA | CK74: NA | CL74: NA | CM74: NA | CN74: =ROUND(AF74,1) -> -7.1 | CO74: NA | CP74: NA | CQ74: NA | CR74: NA | CS74: NA | CT74: NA | CU74: NA | CV74: NA | CW74: =ROUND(PPTest!K74,1) -> 1.6 | CX74: NA | CY74: NA | CZ74: =BP74 -> 0.358 | DA74: =BQ74 -> 0.253 | DB74: NA | DZ74: -2.2 | EA74: 0.5 | EB74: -5.5 | EC74: 1.6
A75: 35133 | B75: 69 | E75: =ROUND(1.02*DZ75-0.4,1) -> 0.7 | R75: =ROUND(0.96*EA75+0.2,1) -> 3.8 | AF75: =ROUND(1.1*EB75-0.4,1) -> -1.2 | BH75: 15.22 | BI75: =BH75*$BI$1 -> 30.7444 | BP75: =ROUND(0.6105*(EXP((17.273*AF75)/(AF75+237.3))), 3) -> 0.559 | BQ75: =ROUND(0.6105*(EXP((17.273*R75)/(R75+237.3)))-BP75, 3) -> 0.243 | BV75: NA | BW75: NA | BX75: =ROUND(E75,1) -> 0.7 | BY75: NA | BZ75: NA | CA75: NA | CB75: NA | CC75: NA | CD75: NA | CE75: NA | CF75: =ROUND(R75,1) -> 3.8 | CG75: NA | CH75: NA | CI75: NA | CJ75: NA | CK75: NA | CL75: NA | CM75: NA | CN75: =ROUND(AF75,1) -> -1.2 | CO75: NA | CP75: NA | CQ75: NA | CR75: NA | CS75: NA | CT75: NA | CU75: NA | CV75: NA | CW75: =ROUND(PPTest!K75,1) -> 4.8 | CX75: NA | CY75: NA | CZ75: =BP75 -> 0.559 | DA75: =BQ75 -> 0.243 | DB75: NA | DZ75: 1.1 | EA75: 3.7 | EB75: -0.7 | EC75: 4.8
A76: 35134 | B76: 70 | E76: =ROUND(1.02*DZ76-0.4,1) -> 1.5 | R76: =ROUND(0.96*EA76+0.2,1) -> 4.7 | AF76: =ROUND(1.1*EB76-0.4,1) -> -0.7 | BH76: 15.48 | BI76: =BH76*$BI$1 -> 31.2696 | BP76: =ROUND(0.6105*(EXP((17.273*AF76)/(AF76+237.3))), 3) -> 0.58 | BQ76: =ROUND(0.6105*(EXP((17.273*R76)/(R76+237.3)))-BP76, 3) -> 0.274 | BV76: NA | BW76: NA | BX76: =ROUND(E76,1) -> 1.5 | BY76: NA | BZ76: NA | CA76: NA | CB76: NA | CC76: NA | CD76: NA | CE76: NA | CF76: =ROUND(R76,1) -> 4.7 | CG76: NA | CH76: NA | CI76: NA | CJ76: NA | CK76: NA | CL76: NA | CM76: NA | CN76: =ROUND(AF76,1) -> -0.7 | CO76: NA | CP76: NA | CQ76: NA | CR76: NA | CS76: NA | CT76: NA | CU76: NA | CV76: NA | CW76: =ROUND(PPTest!K76,1) -> 2.2 | CX76: NA | CY76: NA | CZ76: =BP76 -> 0.58 | DA76: =BQ76 -> 0.274 | DB76: NA | DZ76: 1.9 | EA76: 4.7 | EB76: -0.3 | EC76: 2.2
A77: 35135 | B77: 71 | E77: =ROUND(1.02*DZ77-0.4,1) -> 1 | R77: =ROUND(0.96*EA77+0.2,1) -> 4.6 | AF77: =ROUND(1.1*EB77-0.4,1) -> -2.8 | BH77: 15.73 | BI77: =BH77*$BI$1 -> 31.7746 | BP77: =ROUND(0.6105*(EXP((17.273*AF77)/(AF77+237.3))), 3) -> 0.497 | BQ77: =ROUND(0.6105*(EXP((17.273*R77)/(R77+237.3)))-BP77, 3) -> 0.351 | BV77: NA | BW77: NA | BX77: =ROUND(E77,1) -> 1 | BY77: NA | BZ77: NA | CA77: NA | CB77: NA | CC77: NA | CD77: NA | CE77: NA | CF77: =ROUND(R77,1) -> 4.6 | CG77: NA | CH77: NA | CI77: NA | CJ77: NA | CK77: NA | CL77: NA | CM77: NA | CN77: =ROUND(AF77,1) -> -2.8 | CO77: NA | CP77: NA | CQ77: NA | CR77: NA | CS77: NA | CT77: NA | CU77: NA | CV77: NA | CW77: =ROUND(PPTest!K77,1) -> 1 | CX77: NA | CY77: NA | CZ77: =BP77 -> 0.497 | DA77: =BQ77 -> 0.351 | DB77: NA | DZ77: 1.4 | EA77: 4.6 | EB77: -2.2 | EC77: 1
A78: 35136 | B78: 72 | E78: =ROUND(1.02*DZ78-0.4,1) -> -1.9 | R78: =ROUND(0.96*EA78+0.2,1) -> 1.7 | AF78: =ROUND(1.1*EB78-0.4,1) -> -5.6 | BH78: 15.98 | BI78: =BH78*$BI$1 -> 32.2796 | BP78: =ROUND(0.6105*(EXP((17.273*AF78)/(AF78+237.3))), 3) -> 0.402 | BQ78: =ROUND(0.6105*(EXP((17.273*R78)/(R78+237.3)))-BP78, 3) -> 0.288 | BV78: NA | BW78: NA | BX78: =ROUND(E78,1) -> -1.9 | BY78: NA | BZ78: NA | CA78: NA | CB78: NA | CC78: NA | CD78: NA | CE78: NA | CF78: =ROUND(R78,1) -> 1.7 | CG78: NA | CH78: NA | CI78: NA | CJ78: NA | CK78: NA | CL78: NA | CM78: NA | CN78: =ROUND(AF78,1) -> -5.6 | CO78: NA | CP78: NA | CQ78: NA | CR78: NA | CS78: NA | CT78: NA | CU78: NA | CV78: NA | CW78: =ROUND(PPTest!K78,1) -> 0.7 | CX78: NA | CY78: NA | CZ78: =BP78 -> 0.402 | DA78: =BQ78 -> 0.288 | DB78: NA | DZ78: -1.5 | EA78: 1.6 | EB78: -4.7 | EC78: 0.7
A79: 35137 | B79: 73 | E79: =ROUND(1.02*DZ79-0.4,1) -> -0.9 | R79: =ROUND(0.96*EA79+0.2,1) -> 5.3 | AF79: =ROUND(1.1*EB79-0.4,1) -> -5.2 | BH79: 16.25 | BI79: =BH79*$BI$1 -> 32.825 | BP79: =ROUND(0.6105*(EXP((17.273*AF79)/(AF79+237.3))), 3) -> 0.415 | BQ79: =ROUND(0.6105*(EXP((17.273*R79)/(R79+237.3)))-BP79, 3) -> 0.475 | BV79: NA | BW79: NA | BX79: =ROUND(E79,1) -> -0.9 | BY79: NA | BZ79: NA | CA79: NA | CB79: NA | CC79: NA | CD79: NA | CE79: NA | CF79: =ROUND(R79,1) -> 5.3 | CG79: NA | CH79: NA | CI79: NA | CJ79: NA | CK79: NA | CL79: NA | CM79: NA | CN79: =ROUND(AF79,1) -> -5.2 | CO79: NA | CP79: NA | CQ79: NA | CR79: NA | CS79: NA | CT79: NA | CU79: NA | CV79: NA | CW79: =ROUND(PPTest!K79,1) -> 0 | CX79: NA | CY79: NA | CZ79: =BP79 -> 0.415 | DA79: =BQ79 -> 0.475 | DB79: NA | DZ79: -0.5 | EA79: 5.3 | EB79: -4.4 | EC79: 0
A80: 35138 | B80: 74 | E80: =ROUND(1.02*DZ80-0.4,1) -> 3.7 | R80: =ROUND(0.96*EA80+0.2,1) -> 12.3 | AF80: =ROUND(1.1*EB80-0.4,1) -> -4.1 | BH80: 16.51 | BI80: =BH80*$BI$1 -> 33.3502 | BP80: =ROUND(0.6105*(EXP((17.273*AF80)/(AF80+237.3))), 3) -> 0.451 | BQ80: =ROUND(0.6105*(EXP((17.273*R80)/(R80+237.3)))-BP80, 3) -> 0.979 | BV80: NA | BW80: NA | BX80: =ROUND(E80,1) -> 3.7 | BY80: NA | BZ80: NA | CA80: NA | CB80: NA | CC80: NA | CD80: NA | CE80: NA | CF80: =ROUND(R80,1) -> 12.3 | CG80: NA | CH80: NA | CI80: NA | CJ80: NA | CK80: NA | CL80: NA | CM80: NA | CN80: =ROUND(AF80,1) -> -4.1 | CO80: NA | CP80: NA | CQ80: NA | CR80: NA | CS80: NA | CT80: NA | CU80: NA | CV80: NA | CW80: =ROUND(PPTest!K80,1) -> 0 | CX80: NA | CY80: NA | CZ80: =BP80 -> 0.451 | DA80: =BQ80 -> 0.979 | DB80: NA | DZ80: 4 | EA80: 12.6 | EB80: -3.4 | EC80: 0
A81: 35139 | B81: 75 | E81: =ROUND(1.02*DZ81-0.4,1) -> -1.2 | R81: =ROUND(0.96*EA81+0.2,1) -> 3.4 | AF81: =ROUND(1.1*EB81-0.4,1) -> -2.8 | BH81: 16.77 | BI81: =BH81*$BI$1 -> 33.8754 | BP81: =ROUND(0.6105*(EXP((17.273*AF81)/(AF81+237.3))), 3) -> 0.497 | BQ81: =ROUND(0.6105*(EXP((17.273*R81)/(R81+237.3)))-BP81, 3) -> 0.282 | BV81: NA | BW81: NA | BX81: =ROUND(E81,1) -> -1.2 | BY81: NA | BZ81: NA | CA81: NA | CB81: NA | CC81: NA | CD81: NA | CE81: NA | CF81: =ROUND(R81,1) -> 3.4 | CG81: NA | CH81: NA | CI81: NA | CJ81: NA | CK81: NA | CL81: NA | CM81: NA | CN81: =ROUND(AF81,1) -> -2.8 | CO81: NA | CP81: NA | CQ81: NA | CR81: NA | CS81: NA | CT81: NA | CU81: NA | CV81: NA | CW81: =ROUND(PPTest!K81,1) -> 4.4 | CX81: NA | CY81: NA | CZ81: =BP81 -> 0.497 | DA81: =BQ81 -> 0.282 | DB81: NA | DZ81: -0.8 | EA81: 3.3 | EB81: -2.2 | EC81: 4.4
A82: 35140 | B82: 76 | E82: =ROUND(1.02*DZ82-0.4,1) -> -3.2 | R82: =ROUND(0.96*EA82+0.2,1) -> -1 | AF82: =ROUND(1.1*EB82-0.4,1) -> -5.1 | BH82: 17.03 | BI82: =BH82*$BI$1 -> 34.4006 | BP82: =ROUND(0.6105*(EXP((17.273*AF82)/(AF82+237.3))), 3) -> 0.418 | BQ82: =ROUND(0.6105*(EXP((17.273*R82)/(R82+237.3)))-BP82, 3) -> 0.149 | BV82: NA | BW82: NA | BX82: =ROUND(E82,1) -> -3.2 | BY82: NA | BZ82: NA | CA82: NA | CB82: NA | CC82: NA | CD82: NA | CE82: NA | CF82: =ROUND(R82,1) -> -1 | CG82: NA | CH82: NA | CI82: NA | CJ82: NA | CK82: NA | CL82: NA | CM82: NA | CN82: =ROUND(AF82,1) -> -5.1 | CO82: NA | CP82: NA | CQ82: NA | CR82: NA | CS82: NA | CT82: NA | CU82: NA | CV82: NA | CW82: =ROUND(PPTest!K82,1) -> 3.6 | CX82: NA | CY82: NA | CZ82: =BP82 -> 0.418 | DA82: =BQ82 -> 0.149 | DB82: NA | DZ82: -2.7 | EA82: -1.3 | EB82: -4.3 | EC82: 3.6
A83: 35141 | B83: 77 | E83: =ROUND(1.02*DZ83-0.4,1) -> -2.5 | R83: =ROUND(0.96*EA83+0.2,1) -> 4.3 | AF83: =ROUND(1.1*EB83-0.4,1) -> -8.7 | BH83: 17.3 | BI83: =BH83*$BI$1 -> 34.946 | BP83: =ROUND(0.6105*(EXP((17.273*AF83)/(AF83+237.3))), 3) -> 0.316 | BQ83: =ROUND(0.6105*(EXP((17.273*R83)/(R83+237.3)))-BP83, 3) -> 0.514 | BV83: NA | BW83: NA | BX83: =ROUND(E83,1) -> -2.5 | BY83: NA | BZ83: NA | CA83: NA | CB83: NA | CC83: NA | CD83: NA | CE83: NA | CF83: =ROUND(R83,1) -> 4.3 | CG83: NA | CH83: NA | CI83: NA | CJ83: NA | CK83: NA | CL83: NA | CM83: NA | CN83: =ROUND(AF83,1) -> -8.7 | CO83: NA | CP83: NA | CQ83: NA | CR83: NA | CS83: NA | CT83: NA | CU83: NA | CV83: NA | CW83: =ROUND(PPTest!K83,1) -> 1 | CX83: NA | CY83: NA | CZ83: =BP83 -> 0.316 | DA83: =BQ83 -> 0.514 | DB83: NA | DZ83: -2.1 | EA83: 4.3 | EB83: -7.5 | EC83: 1
A84: 35142 | B84: 78 | E84: =ROUND(1.02*DZ84-0.4,1) -> -1.6 | R84: =ROUND(0.96*EA84+0.2,1) -> 4.7 | AF84: =ROUND(1.1*EB84-0.4,1) -> -11 | BH84: 17.56 | BI84: =BH84*$BI$1 -> 35.4712 | BP84: =ROUND(0.6105*(EXP((17.273*AF84)/(AF84+237.3))), 3) -> 0.264 | BQ84: =ROUND(0.6105*(EXP((17.273*R84)/(R84+237.3)))-BP84, 3) -> 0.59 | BV84: NA | BW84: NA | BX84: =ROUND(E84,1) -> -1.6 | BY84: NA | BZ84: NA | CA84: NA | CB84: NA | CC84: NA | CD84: NA | CE84: NA | CF84: =ROUND(R84,1) -> 4.7 | CG84: NA | CH84: NA | CI84: NA | CJ84: NA | CK84: NA | CL84: NA | CM84: NA | CN84: =ROUND(AF84,1) -> -11 | CO84: NA | CP84: NA | CQ84: NA | CR84: NA | CS84: NA | CT84: NA | CU84: NA | CV84: NA | CW84: =ROUND(PPTest!K84,1) -> 0 | CX84: NA | CY84: NA | CZ84: =BP84 -> 0.264 | DA84: =BQ84 -> 0.59 | DB84: NA | DZ84: -1.2 | EA84: 4.7 | EB84: -9.6 | EC84: 0
A85: 35143 | B85: 79 | E85: =ROUND(1.02*DZ85-0.4,1) -> 0.6 | R85: =ROUND(0.96*EA85+0.2,1) -> 5.5 | AF85: =ROUND(1.1*EB85-0.4,1) -> -4.1 | BH85: 17.83 | BI85: =BH85*$BI$1 -> 36.0166 | BP85: =ROUND(0.6105*(EXP((17.273*AF85)/(AF85+237.3))), 3) -> 0.451 | BQ85: =ROUND(0.6105*(EXP((17.273*R85)/(R85+237.3)))-BP85, 3) -> 0.452 | BV85: NA | BW85: NA | BX85: =ROUND(E85,1) -> 0.6 | BY85: NA | BZ85: NA | CA85: NA | CB85: NA | CC85: NA | CD85: NA | CE85: NA | CF85: =ROUND(R85,1) -> 5.5 | CG85: NA | CH85: NA | CI85: NA | CJ85: NA | CK85: NA | CL85: NA | CM85: NA | CN85: =ROUND(AF85,1) -> -4.1 | CO85: NA | CP85: NA | CQ85: NA | CR85: NA | CS85: NA | CT85: NA | CU85: NA | CV85: NA | CW85: =ROUND(PPTest!K85,1) -> 0 | CX85: NA | CY85: NA | CZ85: =BP85 -> 0.451 | DA85: =BQ85 -> 0.452 | DB85: NA | DZ85: 1 | EA85: 5.5 | EB85: -3.4 | EC85: 0
A86: 35144 | B86: 80 | E86: =ROUND(1.02*DZ86-0.4,1) -> -2.4 | R86: =ROUND(0.96*EA86+0.2,1) -> 4.9 | AF86: =ROUND(1.1*EB86-0.4,1) -> -8 | BH86: 18.1 | BI86: =BH86*$BI$1 -> 36.562 | BP86: =ROUND(0.6105*(EXP((17.273*AF86)/(AF86+237.3))), 3) -> 0.334 | BQ86: =ROUND(0.6105*(EXP((17.273*R86)/(R86+237.3)))-BP86, 3) -> 0.532 | BV86: NA | BW86: NA | BX86: =ROUND(E86,1) -> -2.4 | BY86: NA | BZ86: NA | CA86: NA | CB86: NA | CC86: NA | CD86: NA | CE86: NA | CF86: =ROUND(R86,1) -> 4.9 | CG86: NA | CH86: NA | CI86: NA | CJ86: NA | CK86: NA | CL86: NA | CM86: NA | CN86: =ROUND(AF86,1) -> -8 | CO86: NA | CP86: NA | CQ86: NA | CR86: NA | CS86: NA | CT86: NA | CU86: NA | CV86: NA | CW86: =ROUND(PPTest!K86,1) -> 0 | CX86: NA | CY86: NA | CZ86: =BP86 -> 0.334 | DA86: =BQ86 -> 0.532 | DB86: NA | DZ86: -2 | EA86: 4.9 | EB86: -6.9 | EC86: 0
... A136: 35194 | B136: 130 | E136: =ROUND(1.02*DZ136-0.4,1) -> -2.4 | R136: =ROUND(0.96*EA136+0.2,1) -> 5.5 | AF136: =ROUND(1.1*EB136-0.4,1) -> -9.6 | BH136: 29.87 | BI136: =BH136*$BI$1 -> 60.3374 | BP136: =ROUND(0.6105*(EXP((17.273*AF136)/(AF136+237.3))), 3) -> 0.295 | BQ136: =ROUND(0.6105*(EXP((17.273*R136)/(R136+237.3)))-BP136, 3) -> 0.608 | BV136: NA | BW136: NA | BX136: =ROUND(E136,1) -> -2.4 | BY136: NA | BZ136: NA | CA136: NA | CB136: NA | CC136: NA | CD136: NA | CE136: NA | CF136: =ROUND(R136,1) -> 5.5 | CG136: NA | CH136: NA | CI136: NA | CJ136: NA | CK136: NA | CL136: NA | CM136: NA | CN136: =ROUND(AF136,1) -> -9.6 | CO136: NA | CP136: NA | CQ136: NA | CR136: NA | CS136: NA | CT136: NA | CU136: NA | CV136: NA | CW136: =ROUND(PPTest!K136,1) -> 0 | CX136: NA | CY136: NA | CZ136: =BP136 -> 0.295 | DA136: =BQ136 -> 0.608 | DB136: NA | DZ136: -2 | EA136: 5.5 | EB136: -8.4 | EC136: 0
A137: 35195 | B137: 131 | E137: =ROUND(1.02*DZ137-0.4,1) -> -0.9 | R137: =ROUND(0.96*EA137+0.2,1) -> 4.3 | AF137: =ROUND(1.1*EB137-0.4,1) -> -4.9 | BH137: 30.03 | BI137: =BH137*$BI$1 -> 60.6606 | BP137: =ROUND(0.6105*(EXP((17.273*AF137)/(AF137+237.3))), 3) -> 0.424 | BQ137: =ROUND(0.6105*(EXP((17.273*R137)/(R137+237.3)))-BP137, 3) -> 0.406 | BS137: 0.5 | BV137: NA | BW137: NA | BX137: =ROUND(E137,1) -> -0.9 | BY137: NA | BZ137: NA | CA137: NA | CB137: NA | CC137: NA | CD137: NA | CE137: NA | CF137: =ROUND(R137,1) -> 4.3 | CG137: NA | CH137: NA | CI137: NA | CJ137: NA | CK137: NA | CL137: NA | CM137: NA | CN137: =ROUND(AF137,1) -> -4.9 | CO137: NA | CP137: NA | CQ137: NA | CR137: NA | CS137: NA | CT137: NA | CU137: NA | CV137: NA | CW137: =ROUND(PPTest!K137,1) -> 0.5 | CX137: NA | CY137: NA | CZ137: =BP137 -> 0.424 | DA137: =BQ137 -> 0.406 | DB137: NA | DZ137: -0.5 | EA137: 4.3 | EB137: -4.1 | EC137: 0
A138: 35196 | B138: 132 | E138: =ROUND(DD138*0.75-0.6,1) -> 1.3 | R138: =ROUND(DE138*0.95-1.2,1) -> 5 | AF138: =ROUND(DF138*0.76-3.6,1) -> -4.4 | BH138: 30.19 | BI138: =BH138*$BI$1 -> 60.9838 | BO138: =ROUND(DH138*0.85+1,0) -> 57 | BP138: =ROUND(0.6105*(EXP((17.273*R138)/(R138+237.3)))*BO138/100, 3) -> 0.497 | BQ138: =ROUND((100-BO138)*BP138/BO138,3) -> 0.375 | BS138: 1.8 | BV138: NA | BW138: NA | BX138: =ROUND(E138,1) -> 1.3 | BY138: NA | BZ138: NA | CA138: NA | CB138: NA | CC138: NA | CD138: NA | CE138: NA | CF138: =ROUND(R138,1) -> 5 | CG138: NA | CH138: NA | CI138: NA | CJ138: NA | CK138: NA | CL138: NA | CM138: NA | CN138: =ROUND(AF138,1) -> -4.4 | CO138: NA | CP138: NA | CQ138: NA | CR138: NA | CS138: NA | CT138: NA | CU138: =ROUND(BO138,1) -> 57 | CV138: NA | CW138: =ROUND(PPTest!K138,1) -> 1.9 | CX138: NA | CY138: NA | CZ138: =BP138 -> 0.497 | DA138: =BQ138 -> 0.375 | DB138: NA | DD138: 2.5291667 | DE138: 6.5 | DF138: -1 | DG138: 86.791667 | DH138: 66 | DZ138: 0.1 | EA138: 3.8 | EB138: -4.9 | EC138: 1.3
A139: 35197 | B139: 133 | E139: =ROUND(DD139*0.75-0.6,1) -> 3.6 | R139: =ROUND(DE139*0.95-1.2,1) -> 7.3 | AF139: =ROUND(DF139*0.76-3.6,1) -> -2.2 | BH139: 30.35 | BI139: =BH139*$BI$1 -> 61.307 | BO139: =ROUND(DH139*0.85+1,0) -> 70 | BP139: =ROUND(0.6105*(EXP((17.273*R139)/(R139+237.3)))*BO139/100, 3) -> 0.716 | BQ139: =ROUND((100-BO139)*BP139/BO139,3) -> 0.307 | BS139: 2.5 | BV139: NA | BW139: NA | BX139: =ROUND(E139,1) -> 3.6 | BY139: NA | BZ139: NA | CA139: NA | CB139: NA | CC139: NA | CD139: NA | CE139: NA | CF139: =ROUND(R139,1) -> 7.3 | CG139: NA | CH139: NA | CI139: NA | CJ139: NA | CK139: NA | CL139: NA | CM139: NA | CN139: =ROUND(AF139,1) -> -2.2 | CO139: NA | CP139: NA | CQ139: NA | CR139: NA | CS139: NA | CT139: NA | CU139: =ROUND(BO139,1) -> 70 | CV139: NA | CW139: =ROUND(PPTest!K139,1) -> 2.6 | CX139: NA | CY139: NA | CZ139: =BP139 -> 0.716 | DA139: =BQ139 -> 0.307 | DB139: NA | DD139: 5.6541667 | DE139: 8.9 | DF139: 1.8 | DG139: 91.958333 | DH139: 81 | DZ139: 3.7 | EA139: 9.6 | EB139: -0.7 | EC139: 5.3
A140: 35198 | B140: 134 | E140: =ROUND(DD140*0.75-0.6,1) -> 4.9 | R140: =ROUND(DE140*0.95-1.2,1) -> 9.2 | AF140: =ROUND(DF140*0.76-3.6,1) -> 0.4 | BH140: 30.5 | BI140: =BH140*$BI$1 -> 61.61 | BO140: =ROUND(DH140*0.85+1,0) -> 73 | BP140: =ROUND(0.6105*(EXP((17.273*R140)/(R140+237.3)))*BO140/100, 3) -> 0.849 | BQ140: =ROUND((100-BO140)*BP140/BO140,3) -> 0.314 | BS140: 8.4 | BV140: NA | BW140: NA | BX140: =ROUND(E140,1) -> 4.9 | BY140: NA | BZ140: NA | CA140: NA | CB140: NA | CC140: NA | CD140: NA | CE140: NA | CF140: =ROUND(R140,1) -> 9.2 | CG140: NA | CH140: NA | CI140: NA | CJ140: NA | CK140: NA | CL140: NA | CM140: NA | CN140: =ROUND(AF140,1) -> 0.4 | CO140: NA | CP140: NA | CQ140: NA | CR140: NA | CS140: NA | CT140: NA | CU140: =ROUND(BO140,1) -> 73 | CV140: NA | CW140: =ROUND(PPTest!K140,1) -> 8.8 | CX140: NA | CY140: NA | CZ140: =BP140 -> 0.849 | DA140: =BQ140 -> 0.314 | DB140: NA | DD140: 7.3833333 | DE140: 10.9 | DF140: 5.2 | DG140: 94.25 | DH140: 85 | DZ140: 5.6 | EA140: 11 | EB140: 1.3 | EC140: 5.4
A141: 35199 | B141: 135 | E141: =ROUND(DD141*0.75-0.6,1) -> 5 | R141: =ROUND(DE141*0.95-1.2,1) -> 9.8 | AF141: =ROUND(DF141*0.76-3.6,1) -> -0.2 | BH141: 30.66 | BI141: =BH141*$BI$1 -> 61.9332 | BO141: =ROUND(DH141*0.85+1,0) -> 55 | BP141: =ROUND(0.6105*(EXP((17.273*R141)/(R141+237.3)))*BO141/100, 3) -> 0.666 | BQ141: =ROUND((100-BO141)*BP141/BO141,3) -> 0.545 | BS141: 1.8 | BV141: NA | BW141: NA | BX141: =ROUND(E141,1) -> 5 | BY141: NA | BZ141: NA | CA141: NA | CB141: NA | CC141: NA | CD141: NA | CE141: NA | CF141: =ROUND(R141,1) -> 9.8 | CG141: NA | CH141: NA | CI141: NA | CJ141: NA | CK141: NA | CL141: NA | CM141: NA | CN141: =ROUND(AF141,1) -> -0.2 | CO141: NA | CP141: NA | CQ141: NA | CR141: NA | CS141: NA | CT141: NA | CU141: =ROUND(BO141,1) -> 55 | CV141: NA | CW141: =ROUND(PPTest!K141,1) -> 1.9 | CX141: NA | CY141: NA | CZ141: =BP141 -> 0.666 | DA141: =BQ141 -> 0.545 | DB141: NA | DD141: 7.4583333 | DE141: 11.6 | DF141: 4.5 | DG141: 82.208333 | DH141: 64 | DZ141: 4 | EA141: 9.6 | EB141: -0.9 | EC141: 2.8
A142: 35200 | B142: 136 | E142: =ROUND(DD142*0.75-0.6,1) -> 4.9 | R142: =ROUND(DE142*0.95-1.2,1) -> 8.6 | AF142: =ROUND(DF142*0.76-3.6,1) -> -0.7 | BH142: 30.8 | BI142: =BH142*$BI$1 -> 62.216 | BO142: =ROUND(DH142*0.85+1,0) -> 55 | BP142: =ROUND(0.6105*(EXP((17.273*R142)/(R142+237.3)))*BO142/100, 3) -> 0.614 | BQ142: =ROUND((100-BO142)*BP142/BO142,3) -> 0.502 | BS142: 2 | BV142: NA | BW142: NA | BX142: =ROUND(E142,1) -> 4.9 | BY142: NA | BZ142: NA | CA142: NA | CB142: NA | CC142: NA | CD142: NA | CE142: NA | CF142: =ROUND(R142,1) -> 8.6 | CG142: NA | CH142: NA | CI142: NA | CJ142: NA | CK142: NA | CL142: NA | CM142: NA | CN142: =ROUND(AF142,1) -> -0.7 | CO142: NA | CP142: NA | CQ142: NA | CR142: NA | CS142: NA | CT142: NA | CU142: =ROUND(BO142,1) -> 55 | CV142: NA | CW142: =ROUND(PPTest!K142,1) -> 2.1 | CX142: NA | CY142: NA | CZ142: =BP142 -> 0.614 | DA142: =BQ142 -> 0.502 | DB142: NA | DD142: 7.3 | DE142: 10.3 | DF142: 3.8 | DG142: 74.625 | DH142: 64 | DZ142: 3.9 | EA142: 9 | EB142: -0.2 | EC142: 3.2
A143: 35201 | B143: 137 | E143: =ROUND(1.02*DZ143-0.4,1) -> 3.5 | R143: =ROUND(0.96*EA143+0.2,1) -> 9.1 | AF143: =ROUND(1.1*EB143-0.4,1) -> -0.6 | BH143: 30.94 | BI143: =BH143*$BI$1 -> 62.4988 | BP143: =ROUND(0.6105*(EXP((17.273*AF143)/(AF143+237.3))), 3) -> 0.584 | BQ143: =ROUND(0.6105*(EXP((17.273*R143)/(R143+237.3)))-BP143, 3) -> 0.571 | BS143: 4.3 | BV143: NA | BW143: NA | BX143: =ROUND(E143,1) -> 3.5 | BY143: NA | BZ143: NA | CA143: NA | CB143: NA | CC143: NA | CD143: NA | CE143: NA | CF143: =ROUND(R143,1) -> 9.1 | CG143: NA | CH143: NA | CI143: NA | CJ143: NA | CK143: NA | CL143: NA | CM143: NA | CN143: =ROUND(AF143,1) -> -0.6 | CO143: NA | CP143: NA | CQ143: NA | CR143: NA | CS143: NA | CT143: NA | CU143: NA | CV143: NA | CW143: =ROUND(PPTest!K143,1) -> 4.5 | CX143: NA | CY143: NA | CZ143: =BP143 -> 0.584 | DA143: =BQ143 -> 0.571 | DB143: NA | DZ143: 3.8 | EA143: 9.3 | EB143: -0.2 | EC143: 1.9
A144: 35202 | B144: 138 | E144: =ROUND(1.02*DZ144-0.4,1) -> 4.2 | R144: =ROUND(0.96*EA144+0.2,1) -> 6.4 | AF144: =ROUND(1.1*EB144-0.4,1) -> 1.3 | BH144: 31.08 | BI144: =BH144*$BI$1 -> 62.7816 | BP144: =ROUND(0.6105*(EXP((17.273*AF144)/(AF144+237.3))), 3) -> 0.671 | BQ144: =ROUND(0.6105*(EXP((17.273*R144)/(R144+237.3)))-BP144, 3) -> 0.29 | BS144: 12.2 | BV144: NA | BW144: NA | BX144: =ROUND(E144,1) -> 4.2 | BY144: NA | BZ144: NA | CA144: NA | CB144: NA | CC144: NA | CD144: NA | CE144: NA | CF144: =ROUND(R144,1) -> 6.4 | CG144: NA | CH144: NA | CI144: NA | CJ144: NA | CK144: NA | CL144: NA | CM144: NA | CN144: =ROUND(AF144,1) -> 1.3 | CO144: NA | CP144: NA | CQ144: NA | CR144: NA | CS144: NA | CT144: NA | CU144: NA | CV144: NA | CW144: =ROUND(PPTest!K144,1) -> 12.8 | CX144: NA | CY144: NA | CZ144: =BP144 -> 0.671 | DA144: =BQ144 -> 0.29 | DB144: NA | DZ144: 4.5 | EA144: 6.5 | EB144: 1.5 | EC144: 3.7
A145: 35203 | B145: 139 | E145: =ROUND(DD145*0.75-0.6,1) -> 3.3 | R145: =ROUND(DE145*0.95-1.2,1) -> 7.3 | AF145: =ROUND(DF145*0.76-3.6,1) -> -1.5 | BH145: 31.21 | BI145: =BH145*$BI$1 -> 63.0442 | BO145: =ROUND(DH145*0.85+1,0) -> 59 | BP145: =ROUND(0.6105*(EXP((17.273*R145)/(R145+237.3)))*BO145/100, 3) -> 0.603 | BQ145: =ROUND((100-BO145)*BP145/BO145,3) -> 0.419 | BS145: 3.6 | BV145: NA | BW145: NA | BX145: =ROUND(E145,1) -> 3.3 | BY145: NA | BZ145: NA | CA145: NA | CB145: NA | CC145: NA | CD145: NA | CE145: NA | CF145: =ROUND(R145,1) -> 7.3 | CG145: NA | CH145: NA | CI145: NA | CJ145: NA | CK145: NA | CL145: NA | CM145: NA | CN145: =ROUND(AF145,1) -> -1.5 | CO145: NA | CP145: NA | CQ145: NA | CR145: NA | CS145: NA | CT145: NA | CU145: =ROUND(BO145,1) -> 59 | CV145: NA | CW145: =ROUND(PPTest!K145,1) -> 3.8 | CX145: NA | CY145: NA | CZ145: =BP145 -> 0.603 | DA145: =BQ145 -> 0.419 | DB145: NA | DD145: 5.2541667 | DE145: 8.9 | DF145: 2.7 | DG145: 92.041667 | DH145: 68 | DZ145: 3.4 | EA145: 8.7 | EB145: -0.4 | EC145: 6.5
A146: 35204 | B146: 140 | E146: =ROUND(DD146*0.75-0.6,1) -> 3.4 | R146: =ROUND(DE146*0.95-1.2,1) -> 8.7 | AF146: =ROUND(DF146*0.76-3.6,1) -> -1.4 | BH146: 31.34 | BI146: =BH146*$BI$1 -> 63.3068 | BO146: =ROUND(DH146*0.85+1,0) -> 47 | BP146: =ROUND(0.6105*(EXP((17.273*R146)/(R146+237.3)))*BO146/100, 3) -> 0.529 | BQ146: =ROUND((100-BO146)*BP146/BO146,3) -> 0.597 | BS146: 4.1 | BV146: NA | BW146: NA | BX146: =ROUND(E146,1) -> 3.4 | BY146: NA | BZ146: NA | CA146: NA | CB146: NA | CC146: NA | CD146: NA | CE146: NA | CF146: =ROUND(R146,1) -> 8.7 | CG146: NA | CH146: NA | CI146: NA | CJ146: NA | CK146: NA | CL146: NA | CM146: NA | CN146: =ROUND(AF146,1) -> -1.4 | CO146: NA | CP146: NA | CQ146: NA | CR146: NA | CS146: NA | CT146: NA | CU146: =ROUND(BO146,1) -> 47 | CV146: NA | CW146: =ROUND(PPTest!K146,1) -> 4.3 | CX146: NA | CY146: NA | CZ146: =BP146 -> 0.529 | DA146: =BQ146 -> 0.597 | DB146: NA | DD146: 5.3 | DE146: 10.4 | DF146: 2.9 | DG146: 88.125 | DH146: 54 | DZ146: 2.5 | EA146: 7.4 | EB146: -1.9 | EC146: 1.3
A147: 35205 | B147: 141 | E147: =ROUND(DD147*0.75-0.6,1) -> 3.7 | R147: =ROUND(DE147*0.95-1.2,1) -> 8.3 | AF147: =ROUND(DF147*0.76-3.6,1) -> -1.9 | BH147: 31.47 | BI147: =BH147*$BI$1 -> 63.5694 | BO147: =ROUND(DH147*0.85+1,0) -> 45 | BP147: =ROUND(0.6105*(EXP((17.273*R147)/(R147+237.3)))*BO147/100, 3) -> 0.493 | BQ147: =ROUND((100-BO147)*BP147/BO147,3) -> 0.603 | BS147: 0.3 | BV147: NA | BW147: NA | BX147: =ROUND(E147,1) -> 3.7 | BY147: NA | BZ147: NA | CA147: NA | CB147: NA | CC147: NA | CD147: NA | CE147: NA | CF147: =ROUND(R147,1) -> 8.3 | CG147: NA | CH147: NA | CI147: NA | CJ147: NA | CK147: NA | CL147: NA | CM147: NA | CN147: =ROUND(AF147,1) -> -1.9 | CO147: NA | CP147: NA | CQ147: NA | CR147: NA | CS147: NA | CT147: NA | CU147: =ROUND(BO147,1) -> 45 | CV147: NA | CW147: =ROUND(PPTest!K147,1) -> 0.3 | CX147: NA | CY147: NA | CZ147: =BP147 -> 0.493 | DA147: =BQ147 -> 0.603 | DB147: NA | DD147: 5.6666667 | DE147: 10 | DF147: 2.3 | DG147: 77.541667 | DH147: 52 | DZ147: 2.2 | EA147: 7.4 | EB147: -3.4 | EC147: 0
A148: 35206 | B148: 142 | E148: =ROUND(DD148*0.75-0.6,1) -> 4.7 | R148: =ROUND(DE148*0.95-1.2,1) -> 10 | AF148: =ROUND(DF148*0.76-3.6,1) -> -2.3 | BH148: 31.59 | BI148: =BH148*$BI$1 -> 63.8118 | BO148: =ROUND(DH148*0.85+1,0) -> 39 | BP148: =ROUND(0.6105*(EXP((17.273*R148)/(R148+237.3)))*BO148/100, 3) -> 0.479 | BQ148: =ROUND((100-BO148)*BP148/BO148,3) -> 0.749 | BS148: 0 | BV148: NA | BW148: NA | BX148: =ROUND(E148,1) -> 4.7 | BY148: NA | BZ148: NA | CA148: NA | CB148: NA | CC148: NA | CD148: NA | CE148: NA | CF148: =ROUND(R148,1) -> 10 | CG148: NA | CH148: NA | CI148: NA | CJ148: NA | CK148: NA | CL148: NA | CM148: NA | CN148: =ROUND(AF148,1) -> -2.3 | CO148: NA | CP148: NA | CQ148: NA | CR148: NA | CS148: NA | CT148: NA | CU148: =ROUND(BO148,1) -> 39 | CV148: NA | CW148: =ROUND(PPTest!K148,1) -> 0 | CX148: NA | CY148: NA | CZ148: =BP148 -> 0.479 | DA148: =BQ148 -> 0.749 | DB148: NA | DD148: 7.0333333 | DE148: 11.8 | DF148: 1.7 | DG148: 66.25 | DH148: 45 | DZ148: 2.1 | EA148: 6.4 | EB148: -2.3 | EC148: 6
A149: 35207 | B149: 143 | E149: =ROUND(DD149*0.75-0.6,1) -> 3.1 | R149: =ROUND(DE149*0.95-1.2,1) -> 5.3 | AF149: =ROUND(DF149*0.76-3.6,1) -> -1.1 | BH149: 31.71 | BI149: =BH149*$BI$1 -> 64.0542 | BO149: =ROUND(DH149*0.85+1,0) -> 56 | BP149: =ROUND(0.6105*(EXP((17.273*R149)/(R149+237.3)))*BO149/100, 3) -> 0.499 | BQ149: =ROUND((100-BO149)*BP149/BO149,3) -> 0.392 | BS149: 5.3 | BV149: NA | BW149: NA | BX149: =ROUND(E149,1) -> 3.1 | BY149: NA | BZ149: NA | CA149: NA | CB149: NA | CC149: NA | CD149: NA | CE149: NA | CF149: =ROUND(R149,1) -> 5.3 | CG149: NA | CH149: NA | CI149: NA | CJ149: NA | CK149: NA | CL149: NA | CM149: NA | CN149: =ROUND(AF149,1) -> -1.1 | CO149: NA | CP149: NA | CQ149: NA | CR149: NA | CS149: NA | CT149: NA | CU149: =ROUND(BO149,1) -> 56 | CV149: NA | CW149: =ROUND(PPTest!K149,1) -> 5.6 | CX149: NA | CY149: NA | CZ149: =BP149 -> 0.499 | DA149: =BQ149 -> 0.392 | DB149: NA | DD149: 4.8875 | DE149: 6.8 | DF149: 3.3 | DG149: 91.875 | DH149: 65 | DZ149: 0.7 | EA149: 1.8 | EB149: -0.3 | EC149: 18.2
A150: 35208 | B150: 144 | E150: =ROUND(DD150*0.75-0.6,1) -> 5.5 | R150: =ROUND(DE150*0.95-1.2,1) -> 12 | AF150: =ROUND(DF150*0.76-3.6,1) -> -1.1 | BH150: 31.82 | BI150: =BH150*$BI$1 -> 64.2764 | BO150: =ROUND(DH150*0.85+1,0) -> 49 | BP150: =ROUND(0.6105*(EXP((17.273*R150)/(R150+237.3)))*BO150/100, 3) -> 0.687 | BQ150: =ROUND((100-BO150)*BP150/BO150,3) -> 0.715 | BS150: 0.3 | BV150: NA | BW150: NA | BX150: =ROUND(E150,1) -> 5.5 | BY150: NA | BZ150: NA | CA150: NA | CB150: NA | CC150: NA | CD150: NA | CE150: NA | CF150: =ROUND(R150,1) -> 12 | CG150: NA | CH150: NA | CI150: NA | CJ150: NA | CK150: NA | CL150: NA | CM150: NA | CN150: =ROUND(AF150,1) -> -1.1 | CO150: NA | CP150: NA | CQ150: NA | CR150: NA | CS150: NA | CT150: NA | CU150: =ROUND(BO150,1) -> 49 | CV150: NA | CW150: =ROUND(PPTest!K150,1) -> 0.3 | CX150: NA | CY150: NA | CZ150: =BP150 -> 0.687 | DA150: =BQ150 -> 0.715 | DB150: NA | DD150: 8.1958333 | DE150: 13.9 | DF150: 3.3 | DG150: 82.25 | DH150: 57 | DZ150: 3.2 | EA150: 11.1 | EB150: -0.9 | EC150: 2.4
A151: 35209 | B151: 145 | E151: =ROUND(DD151*0.75-0.6,1) -> 8.6 | R151: =ROUND(DE151*0.95-1.2,1) -> 16.3 | AF151: =ROUND(DF151*0.76-3.6,1) -> 0.6 | BH151: 31.94 | BI151: =BH151*$BI$1 -> 64.5188 | BO151: =ROUND(DH151*0.85+1,0) -> 30 | BP151: =ROUND(0.6105*(EXP((17.273*R151)/(R151+237.3)))*BO151/100, 3) -> 0.556 | BQ151: =ROUND((100-BO151)*BP151/BO151,3) -> 1.297 | BS151: 0 | BV151: NA | BW151: NA | BX151: =ROUND(E151,1) -> 8.6 | BY151: NA | BZ151: NA | CA151: NA | CB151: NA | CC151: NA | CD151: NA | CE151: NA | CF151: =ROUND(R151,1) -> 16.3 | CG151: NA | CH151: NA | CI151: NA | CJ151: NA | CK151: NA | CL151: NA | CM151: NA | CN151: =ROUND(AF151,1) -> 0.6 | CO151: NA | CP151: NA | CQ151: NA | CR151: NA | CS151: NA | CT151: NA | CU151: =ROUND(BO151,1) -> 30 | CV151: NA | CW151: =ROUND(PPTest!K151,1) -> 0 | CX151: NA | CY151: NA | CZ151: =BP151 -> 0.556 | DA151: =BQ151 -> 1.297 | DB151: NA | DD151: 12.225 | DE151: 18.4 | DF151: 5.5 | DG151: 58.666667 | DH151: 34 | DZ151: 7.2 | EA151: 15.4 | EB151: -1.1 | EC151: 0
A152: 35210 | B152: 146 | E152: =ROUND(DD152*0.75-0.6,1) -> 9 | R152: =ROUND(DE152*0.95-1.2,1) -> 14.8 | AF152: =ROUND(DF152*0.76-3.6,1) -> 3.3 | BH152: 32.04 | BI152: =BH152*$BI$1 -> 64.7208 | BO152: =ROUND(DH152*0.85+1,0) -> 42 | BP152: =ROUND(0.6105*(EXP((17.273*R152)/(R152+237.3)))*BO152/100, 3) -> 0.707 | BQ152: =ROUND((100-BO152)*BP152/BO152,3) -> 0.976 | BS152: 0 | BV152: NA | BW152: NA | BX152: =ROUND(E152,1) -> 9 | BY152: NA | BZ152: NA | CA152: NA | CB152: NA | CC152: NA | CD152: NA | CE152: NA | CF152: =ROUND(R152,1) -> 14.8 | CG152: NA | CH152: NA | CI152: NA | CJ152: NA | CK152: NA | CL152: NA | CM152: NA | CN152: =ROUND(AF152,1) -> 3.3 | CO152: NA | CP152: NA | CQ152: NA | CR152: NA | CS152: NA | CT152: NA | CU152: =ROUND(BO152,1) -> 42 | CV152: NA | CW152: =ROUND(PPTest!K152,1) -> 0 | CX152: NA | CY152: NA | CZ152: =BP152 -> 0.707 | DA152: =BQ152 -> 0.976 | DB152: NA | DD152: 12.808333 | DE152: 16.8 | DF152: 9.1 | DG152: 53.75 | DH152: 48 | DZ152: 8.4 | EA152: 15.3 | EB152: -0.5 | EC152: 0
A153: 35211 | B153: 147 | E153: =ROUND(DD153*0.75-0.6,1) -> 7.4 | R153: =ROUND(DE153*0.95-1.2,1) -> 13.1 | AF153: =ROUND(DF153*0.76-3.6,1) -> 1.3 | BH153: 32.14 | BI153: =BH153*$BI$1 -> 64.9228 | BO153: =ROUND(DH153*0.85+1,0) -> 32 | BP153: =ROUND(0.6105*(EXP((17.273*R153)/(R153+237.3)))*BO153/100, 3) -> 0.482 | BQ153: =ROUND((100-BO153)*BP153/BO153,3) -> 1.024 | BS153: 0 | BV153: NA | BW153: NA | BX153: =ROUND(E153,1) -> 7.4 | BY153: NA | BZ153: NA | CA153: NA | CB153: NA | CC153: NA | CD153: NA | CE153: NA | CF153: =ROUND(R153,1) -> 13.1 | CG153: NA | CH153: NA | CI153: NA | CJ153: NA | CK153: NA | CL153: NA | CM153: NA | CN153: =ROUND(AF153,1) -> 1.3 | CO153: NA | CP153: NA | CQ153: NA | CR153: NA | CS153: NA | CT153: NA | CU153: =ROUND(BO153,1) -> 32 | CV153: NA | CW153: =ROUND(PPTest!K153,1) -> 0 | CX153: NA | CY153: NA | CZ153: =BP153 -> 0.482 | DA153: =BQ153 -> 1.024 | DB153: NA | DD153: 10.679167 | DE153: 15 | DF153: 6.5 | DG153: 59.416667 | DH153: 37 | DZ153: 6.3 | EA153: 13.6 | EB153: -1.2 | EC153: 0
A154: 35212 | B154: 148 | E154: =ROUND(DD154*0.75-0.6,1) -> 6.1 | R154: =ROUND(DE154*0.95-1.2,1) -> 12 | AF154: =ROUND(DF154*0.76-3.6,1) -> 0.4 | BH154: 32.24 | BI154: =BH154*$BI$1 -> 65.1248 | BO154: =ROUND(DH154*0.85+1,0) -> 37 | BP154: =ROUND(0.6105*(EXP((17.273*R154)/(R154+237.3)))*BO154/100, 3) -> 0.519 | BQ154: =ROUND((100-BO154)*BP154/BO154,3) -> 0.884 | BS154: 0.3 | BV154: NA | BW154: NA | BX154: =ROUND(E154,1) -> 6.1 | BY154: NA | BZ154: NA | CA154: NA | CB154: NA | CC154: NA | CD154: NA | CE154: NA | CF154: =ROUND(R154,1) -> 12 | CG154: NA | CH154: NA | CI154: NA | CJ154: NA | CK154: NA | CL154: NA | CM154: NA | CN154: =ROUND(AF154,1) -> 0.4 | CO154: NA | CP154: NA | CQ154: NA | CR154: NA | CS154: NA | CT154: NA | CU154: =ROUND(BO154,1) -> 37 | CV154: NA | CW154: =ROUND(PPTest!K154,1) -> 0.3 | CX154: NA | CY154: NA | CZ154: =BP154 -> 0.519 | DA154: =BQ154 -> 0.884 | DB154: NA | DD154: 8.925 | DE154: 13.9 | DF154: 5.2 | DG154: 55.25 | DH154: 42 | DZ154: 4.1 | EA154: 10.4 | EB154: -2 | EC154: 0
A155: 35213 | B155: 149 | E155: =ROUND(DD155*0.75-0.6,1) -> 4.2 | R155: =ROUND(DE155*0.95-1.2,1) -> 8.2 | AF155: =ROUND(DF155*0.76-3.6,1) -> -0.6 | BH155: 32.34 | BI155: =BH155*$BI$1 -> 65.3268 | BO155: =ROUND(DH155*0.85+1,0) -> 65 | BP155: =ROUND(0.6105*(EXP((17.273*R155)/(R155+237.3)))*BO155/100, 3) -> 0.707 | BQ155: =ROUND((100-BO155)*BP155/BO155,3) -> 0.381 | BS155: 1.5 | BV155: NA | BW155: NA | BX155: =ROUND(E155,1) -> 4.2 | BY155: NA | BZ155: NA | CA155: NA | CB155: NA | CC155: NA | CD155: NA | CE155: NA | CF155: =ROUND(R155,1) -> 8.2 | CG155: NA | CH155: NA | CI155: NA | CJ155: NA | CK155: NA | CL155: NA | CM155: NA | CN155: =ROUND(AF155,1) -> -0.6 | CO155: NA | CP155: NA | CQ155: NA | CR155: NA | CS155: NA | CT155: NA | CU155: =ROUND(BO155,1) -> 65 | CV155: NA | CW155: =ROUND(PPTest!K155,1) -> 1.6 | CX155: NA | CY155: NA | CZ155: =BP155 -> 0.707 | DA155: =BQ155 -> 0.381 | DB155: NA | DD155: 6.4125 | DE155: 9.9 | DF155: 3.9 | DG155: 88.625 | DH155: 75 | DZ155: 3.3 | EA155: 8.2 | EB155: 0.2 | EC155: 0
A156: 35214 | B156: 150 | E156: =ROUND(DD156*0.75-0.6,1) -> 3.1 | R156: =ROUND(DE156*0.95-1.2,1) -> 5.5 | AF156: =ROUND(DF156*0.76-3.6,1) -> -1.9 | BH156: 32.42 | BI156: =BH156*$BI$1 -> 65.4884 | BO156: =ROUND(DH156*0.85+1,0) -> 80 | BP156: =ROUND(0.6105*(EXP((17.273*R156)/(R156+237.3)))*BO156/100, 3) -> 0.722 | BQ156: =ROUND((100-BO156)*BP156/BO156,3) -> 0.181 | BS156: 12.4 | BV156: NA | BW156: NA | BX156: =ROUND(E156,1) -> 3.1 | BY156: NA | BZ156: NA | CA156: NA | CB156: NA | CC156: NA | CD156: NA | CE156: NA | CF156: =ROUND(R156,1) -> 5.5 | CG156: NA | CH156: NA | CI156: NA | CJ156: NA | CK156: NA | CL156: NA | CM156: NA | CN156: =ROUND(AF156,1) -> -1.9 | CO156: NA | CP156: NA | CQ156: NA | CR156: NA | CS156: NA | CT156: NA | CU156: =ROUND(BO156,1) -> 80 | CV156: NA | CW156: =ROUND(PPTest!K156,1) -> 13 | CX156: NA | CY156: NA | CZ156: =BP156 -> 0.722 | DA156: =BQ156 -> 0.181 | DB156: NA | DD156: 4.9375 | DE156: 7.1 | DF156: 2.3 | DG156: 98.333333 | DH156: 93 | DZ156: 1 | EA156: 4.1 | EB156: -0.3 | EC156: 8.9
... A158: 35216 | B158: 152 | E158: =ROUND(DD158*0.75-0.6,1) -> 3.4 | R158: =ROUND(DE158*0.95-1.2,1) -> 6.3 | AF158: =ROUND(DF158*0.76-3.6,1) -> -1.5 | BH158: 32.59 | BI158: =BH158*$BI$1 -> 65.8318 | BO158: =ROUND(DH158*0.85+1,0) -> 86 | BP158: =ROUND(0.6105*(EXP((17.273*R158)/(R158+237.3)))*BO158/100, 3) -> 0.821 | BQ158: =ROUND((100-BO158)*BP158/BO158,3) -> 0.134 | BS158: 10.4 | BV158: NA | BW158: NA | BX158: =ROUND(E158,1) -> 3.4 | BY158: NA | BZ158: NA | CA158: NA | CB158: NA | CC158: NA | CD158: NA | CE158: NA | CF158: =ROUND(R158,1) -> 6.3 | CG158: NA | CH158: NA | CI158: NA | CJ158: NA | CK158: NA | CL158: NA | CM158: NA | CN158: =ROUND(AF158,1) -> -1.5 | CO158: NA | CP158: NA | CQ158: NA | CR158: NA | CS158: NA | CT158: NA | CU158: =ROUND(BO158,1) -> 86 | CV158: NA | CW158: =ROUND(PPTest!K158,1) -> 10.9 | CX158: NA | CY158: NA | CZ158: =BP158 -> 0.821 | DA158: =BQ158 -> 0.134 | DB158: NA | DD158: 5.2666667 | DE158: 7.9 | DF158: 2.7 | DG158: 100 | DH158: 100 | DZ158: 3.6 | EA158: 10.2 | EB158: -0.7 | EC158: 11.5
A159: 35217 | B159: 153 | E159: =ROUND(1.02*DZ159-0.4,1) -> 6.6 | R159: =ROUND(0.96*EA159+0.2,1) -> 14.9 | AF159: =ROUND(1.1*EB159-0.4,1) -> -2.9 | BH159: 32.66 | BI159: =BH159*$BI$1 -> 65.9732 | BP159: =ROUND(0.6105*(EXP((17.273*AF159)/(AF159+237.3))), 3) -> 0.493 | BQ159: =ROUND(0.6105*(EXP((17.273*R159)/(R159+237.3)))-BP159, 3) -> 1.201 | BS159: 0.3 | BV159: NA | BW159: NA | BX159: =ROUND(E159,1) -> 6.6 | BY159: NA | BZ159: NA | CA159: NA | CB159: NA | CC159: NA | CD159: NA | CE159: NA | CF159: =ROUND(R159,1) -> 14.9 | CG159: NA | CH159: NA | CI159: NA | CJ159: NA | CK159: NA | CL159: NA | CM159: NA | CN159: =ROUND(AF159,1) -> -2.9 | CO159: NA | CP159: NA | CQ159: NA | CR159: NA | CS159: NA | CT159: NA | CU159: NA | CV159: NA | CW159: =ROUND(PPTest!K159,1) -> 0.3 | CX159: NA | CY159: NA | CZ159: =BP159 -> 0.493 | DA159: =BQ159 -> 1.201 | DB159: NA | DZ159: 6.9 | EA159: 15.3 | EB159: -2.3 | EC159: 0
A160: 35218 | B160: 154 | E160: =ROUND(1.02*DZ160-0.4,1) -> 9.6 | R160: =ROUND(0.96*EA160+0.2,1) -> 17.8 | AF160: =ROUND(1.1*EB160-0.4,1) -> 3.1 | BH160: 32.74 | BI160: =BH160*$BI$1 -> 66.1348 | BP160: =ROUND(0.6105*(EXP((17.273*AF160)/(AF160+237.3))), 3) -> 0.763 | BQ160: =ROUND(0.6105*(EXP((17.273*R160)/(R160+237.3)))-BP160, 3) -> 1.275 | BS160: 2 | BV160: NA | BW160: NA | BX160: =ROUND(E160,1) -> 9.6 | BY160: NA | BZ160: NA | CA160: NA | CB160: NA | CC160: NA | CD160: NA | CE160: NA | CF160: =ROUND(R160,1) -> 17.8 | CG160: NA | CH160: NA | CI160: NA | CJ160: NA | CK160: NA | CL160: NA | CM160: NA | CN160: =ROUND(AF160,1) -> 3.1 | CO160: NA | CP160: NA | CQ160: NA | CR160: NA | CS160: NA | CT160: NA | CU160: NA | CV160: NA | CW160: =ROUND(PPTest!K160,1) -> 2.1 | CX160: NA | CY160: NA | CZ160: =BP160 -> 0.763 | DA160: =BQ160 -> 1.275 | DB160: NA | DL160: June to August | DR160: 1994 regression equations are different but close for Tave and RHmin, overestimate for Tmax | DZ160: 9.8 | EA160: 18.3 | EB160: 3.2 | EC160: 0
A161: 35219 | B161: 155 | E161: =ROUND(1.02*DZ161-0.4,1) -> 10.8 | R161: =ROUND(0.96*EA161+0.2,1) -> 17.5 | AF161: =ROUND(1.1*EB161-0.4,1) -> 3 | BH161: 32.8 | BI161: =BH161*$BI$1 -> 66.256 | BP161: =ROUND(0.6105*(EXP((17.273*AF161)/(AF161+237.3))), 3) -> 0.757 | BQ161: =ROUND(0.6105*(EXP((17.273*R161)/(R161+237.3)))-BP161, 3) -> 1.242 | BS161: 0.5 | BV161: NA | BW161: NA | BX161: =ROUND(E161,1) -> 10.8 | BY161: NA | BZ161: NA | CA161: NA | CB161: NA | CC161: NA | CD161: NA | CE161: NA | CF161: =ROUND(R161,1) -> 17.5 | CG161: NA | CH161: NA | CI161: NA | CJ161: NA | CK161: NA | CL161: NA | CM161: NA | CN161: =ROUND(AF161,1) -> 3 | CO161: NA | CP161: NA | CQ161: NA | CR161: NA | CS161: NA | CT161: NA | CU161: NA | CV161: NA | CW161: =ROUND(PPTest!K161,1) -> 0.5 | CX161: NA | CY161: NA | CZ161: =BP161 -> 0.757 | DA161: =BQ161 -> 1.242 | DB161: NA | DL161: Note that graphs now include filled data. R2 is too high | DR161: Tmin relationship bad witour calcuated values | DZ161: 11 | EA161: 18 | EB161: 3.1 | EC161: 0
A162: 35220 | B162: 156 | E162: =ROUND(1.02*DZ162-0.4,1) -> 7.4 | R162: =ROUND(0.96*EA162+0.2,1) -> 11.1 | AF162: =ROUND(1.1*EB162-0.4,1) -> 0.9 | BH162: 32.86 | BI162: =BH162*$BI$1 -> 66.3772 | BP162: =ROUND(0.6105*(EXP((17.273*AF162)/(AF162+237.3))), 3) -> 0.652 | BQ162: =ROUND(0.6105*(EXP((17.273*R162)/(R162+237.3)))-BP162, 3) -> 0.669 | BS162: 1.3 | BV162: NA | BW162: NA | BX162: =ROUND(E162,1) -> 7.4 | BY162: NA | BZ162: NA | CA162: NA | CB162: NA | CC162: NA | CD162: NA | CE162: NA | CF162: =ROUND(R162,1) -> 11.1 | CG162: NA | CH162: NA | CI162: NA | CJ162: NA | CK162: NA | CL162: NA | CM162: NA | CN162: =ROUND(AF162,1) -> 0.9 | CO162: NA | CP162: NA | CQ162: NA | CR162: NA | CS162: NA | CT162: NA | CU162: NA | CV162: NA | CW162: =ROUND(PPTest!K162,1) -> 1.4 | CX162: NA | CY162: NA | CZ162: =BP162 -> 0.652 | DA162: =BQ162 -> 0.669 | DB162: NA | DZ162: 7.6 | EA162: 11.4 | EB162: 1.2 | EC162: 0
A163: 35221 | B163: 157 | E163: =ROUND(DD163*0.75-0.6,1) -> 7.4 | R163: =ROUND(DE163*0.95-1.2,1) -> 12.6 | AF163: =ROUND(DF163*0.76-3.6,1) -> 0.7 | BH163: 32.92 | BI163: =BH163*$BI$1 -> 66.4984 | BO163: =ROUND(DH163*0.85+1,0) -> 43 | BP163: =ROUND(0.6105*(EXP((17.273*R163)/(R163+237.3)))*BO163/100, 3) -> 0.627 | BQ163: =ROUND((100-BO163)*BP163/BO163,3) -> 0.831 | BS163: 6.0999999 | BV163: NA | BW163: NA | BX163: =ROUND(E163,1) -> 7.4 | BY163: NA | BZ163: NA | CA163: NA | CB163: NA | CC163: NA | CD163: NA | CE163: NA | CF163: =ROUND(R163,1) -> 12.6 | CG163: NA | CH163: NA | CI163: NA | CJ163: NA | CK163: NA | CL163: NA | CM163: NA | CN163: =ROUND(AF163,1) -> 0.7 | CO163: NA | CP163: NA | CQ163: NA | CR163: NA | CS163: NA | CT163: NA | CU163: =ROUND(BO163,1) -> 43 | CV163: NA | CW163: =ROUND(PPTest!K163,1) -> 6.4 | CX163: NA | CY163: NA | CZ163: =BP163 -> 0.627 | DA163: =BQ163 -> 0.831 | DB163: NA | DD163: 10.6 | DE163: 14.5 | DF163: 5.6 | DG163: 68.7 | DH163: 49 | DZ163: 6 | EA163: 13.9 | EB163: 0.5 | EC163: 0
A164: 35222 | B164: 158 | E164: =ROUND(DD164*0.75-0.6,1) -> 9.5 | R164: =ROUND(DE164*0.95-1.2,1) -> 14.8 | AF164: =ROUND(DF164*0.76-3.6,1) -> 3.7 | BH164: 32.97 | BI164: =BH164*$BI$1 -> 66.5994 | BO164: =ROUND(DH164*0.85+1,0) -> 44 | BP164: =ROUND(0.6105*(EXP((17.273*R164)/(R164+237.3)))*BO164/100, 3) -> 0.741 | BQ164: =ROUND((100-BO164)*BP164/BO164,3) -> 0.943 | BS164: 0 | BV164: NA | BW164: NA | BX164: =ROUND(E164,1) -> 9.5 | BY164: NA | BZ164: NA | CA164: NA | CB164: NA | CC164: NA | CD164: NA | CE164: NA | CF164: =ROUND(R164,1) -> 14.8 | CG164: NA | CH164: NA | CI164: NA | CJ164: NA | CK164: NA | CL164: NA | CM164: NA | CN164: =ROUND(AF164,1) -> 3.7 | CO164: NA | CP164: NA | CQ164: NA | CR164: NA | CS164: NA | CT164: NA | CU164: =ROUND(BO164,1) -> 44 | CV164: NA | CW164: =ROUND(PPTest!K164,1) -> 0 | CX164: NA | CY164: NA | CZ164: =BP164 -> 0.741 | DA164: =BQ164 -> 0.943 | DB164: NA | DD164: 13.4 | DE164: 16.8 | DF164: 9.6 | DG164: 57.8 | DH164: 51 | DZ164: 10.1 | EA164: 17.6 | EB164: 0.6 | EC164: 0
A165: 35223 | B165: 159 | E165: =ROUND(DD165*0.75-0.6,1) -> 11.1 | R165: =ROUND(DE165*0.95-1.2,1) -> 18.9 | AF165: =ROUND(DF165*0.76-3.6,1) -> 3.8 | BH165: 33.01 | BI165: =BH165*$BI$1 -> 66.6802 | BO165: =ROUND(DH165*0.85+1,0) -> 30 | BP165: =ROUND(0.6105*(EXP((17.273*R165)/(R165+237.3)))*BO165/100, 3) -> 0.655 | BQ165: =ROUND((100-BO165)*BP165/BO165,3) -> 1.528 | BS165: 0 | BV165: NA | BW165: NA | BX165: =ROUND(E165,1) -> 11.1 | BY165: NA | BZ165: NA | CA165: NA | CB165: NA | CC165: NA | CD165: NA | CE165: NA | CF165: =ROUND(R165,1) -> 18.9 | CG165: NA | CH165: NA | CI165: NA | CJ165: NA | CK165: NA | CL165: NA | CM165: NA | CN165: =ROUND(AF165,1) -> 3.8 | CO165: NA | CP165: NA | CQ165: NA | CR165: NA | CS165: NA | CT165: NA | CU165: =ROUND(BO165,1) -> 30 | CV165: NA | CW165: =ROUND(PPTest!K165,1) -> 0 | CX165: NA | CY165: NA | CZ165: =BP165 -> 0.655 | DA165: =BQ165 -> 1.528 | DB165: NA | DD165: 15.6 | DE165: 21.2 | DF165: 9.8 | DG165: 50.4 | DH165: 34 | DZ165: 12.9 | EA165: 20.6 | EB165: 4.3 | EC165: 0
A166: 35224 | B166: 160 | E166: =ROUND(DD166*0.75-0.6,1) -> 8.6 | R166: =ROUND(DE166*0.95-1.2,1) -> 16.3 | AF166: =ROUND(DF166*0.76-3.6,1) -> 1 | BH166: 33.06 | BI166: =BH166*$BI$1 -> 66.7812 | BO166: =ROUND(DH166*0.85+1,0) -> 27 | BP166: =ROUND(0.6105*(EXP((17.273*R166)/(R166+237.3)))*BO166/100, 3) -> 0.5 | BQ166: =ROUND((100-BO166)*BP166/BO166,3) -> 1.352 | BS166: 0 | BV166: NA | BW166: NA | BX166: =ROUND(E166,1) -> 8.6 | BY166: NA | BZ166: NA | CA166: NA | CB166: NA | CC166: NA | CD166: NA | CE166: NA | CF166: =ROUND(R166,1) -> 16.3 | CG166: NA | CH166: NA | CI166: NA | CJ166: NA | CK166: NA | CL166: NA | CM166: NA | CN166: =ROUND(AF166,1) -> 1 | CO166: NA | CP166: NA | CQ166: NA | CR166: NA | CS166: NA | CT166: NA | CU166: =ROUND(BO166,1) -> 27 | CV166: NA | CW166: =ROUND(PPTest!K166,1) -> 0 | CX166: NA | CY166: NA | CZ166: =BP166 -> 0.5 | DA166: =BQ166 -> 1.352 | DB166: NA | DD166: 12.2 | DE166: 18.4 | DF166: 6.1 | DG166: 40.5 | DH166: 30 | DZ166: 9.7 | EA166: 16.8 | EB166: 0 | EC166: 0
A167: 35225 | B167: 161 | E167: =ROUND(DD167*0.75-0.6,1) -> 6.5 | R167: =ROUND(DE167*0.95-1.2,1) -> 12.4 | AF167: =ROUND(DF167*0.76-3.6,1) -> -0.2 | BH167: 33.1 | BI167: =BH167*$BI$1 -> 66.862 | BO167: =ROUND(DH167*0.85+1,0) -> 37 | BP167: =ROUND(0.6105*(EXP((17.273*R167)/(R167+237.3)))*BO167/100, 3) -> 0.533 | BQ167: =ROUND((100-BO167)*BP167/BO167,3) -> 0.908 | BS167: 0 | BV167: NA | BW167: NA | BX167: =ROUND(E167,1) -> 6.5 | BY167: NA | BZ167: NA | CA167: NA | CB167: NA | CC167: NA | CD167: NA | CE167: NA | CF167: =ROUND(R167,1) -> 12.4 | CG167: NA | CH167: NA | CI167: NA | CJ167: NA | CK167: NA | CL167: NA | CM167: NA | CN167: =ROUND(AF167,1) -> -0.2 | CO167: NA | CP167: NA | CQ167: NA | CR167: NA | CS167: NA | CT167: NA | CU167: =ROUND(BO167,1) -> 37 | CV167: NA | CW167: =ROUND(PPTest!K167,1) -> 0 | CX167: NA | CY167: NA | CZ167: =BP167 -> 0.533 | DA167: =BQ167 -> 0.908 | DB167: NA | DD167: 9.5 | DE167: 14.3 | DF167: 4.5 | DG167: 52.4 | DH167: 42 | DZ167: 6.2 | EA167: 12.2 | EB167: 0.7 | EC167: 0
A168: 35226 | B168: 162 | E168: =ROUND(DD168*0.75-0.6,1) -> 6.2 | R168: =ROUND(DE168*0.95-1.2,1) -> 12.1 | AF168: =ROUND(DF168*0.76-3.6,1) -> 0.1 | BH168: 33.13 | BI168: =BH168*$BI$1 -> 66.9226 | BO168: =ROUND(DH168*0.85+1,0) -> 44 | BP168: =ROUND(0.6105*(EXP((17.273*R168)/(R168+237.3)))*BO168/100, 3) -> 0.621 | BQ168: =ROUND((100-BO168)*BP168/BO168,3) -> 0.79 | BS168: 1.5 | BV168: NA | BW168: NA | BX168: =ROUND(E168,1) -> 6.2 | BY168: NA | BZ168: NA | CA168: NA | CB168: NA | CC168: NA | CD168: NA | CE168: NA | CF168: =ROUND(R168,1) -> 12.1 | CG168: NA | CH168: NA | CI168: NA | CJ168: NA | CK168: NA | CL168: NA | CM168: NA | CN168: =ROUND(AF168,1) -> 0.1 | CO168: NA | CP168: NA | CQ168: NA | CR168: NA | CS168: NA | CT168: NA | CU168: =ROUND(BO168,1) -> 44 | CV168: NA | CW168: =ROUND(PPTest!K168,1) -> 1.6 | CX168: NA | CY168: NA | CZ168: =BP168 -> 0.621 | DA168: =BQ168 -> 0.79 | DB168: NA | DD168: 9.1 | DE168: 14 | DF168: 4.9 | DG168: 63.4 | DH168: 50 | DZ168: 6.1 | EA168: 11.8 | EB168: -1.3 | EC168: 2.3
A169: 35227 | B169: 163 | E169: =ROUND(DD169*0.75-0.6,1) -> 5.9 | R169: =ROUND(DE169*0.95-1.2,1) -> 10.4 | AF169: =ROUND(DF169*0.76-3.6,1) -> -0.3 | BH169: 33.16 | BI169: =BH169*$BI$1 -> 66.9832 | BO169: =ROUND(DH169*0.85+1,0) -> 47 | BP169: =ROUND(0.6105*(EXP((17.273*R169)/(R169+237.3)))*BO169/100, 3) -> 0.593 | BQ169: =ROUND((100-BO169)*BP169/BO169,3) -> 0.669 | BS169: 0 | BV169: NA | BW169: NA | BX169: =ROUND(E169,1) -> 5.9 | BY169: NA | BZ169: NA | CA169: NA | CB169: NA | CC169: NA | CD169: NA | CE169: NA | CF169: =ROUND(R169,1) -> 10.4 | CG169: NA | CH169: NA | CI169: NA | CJ169: NA | CK169: NA | CL169: NA | CM169: NA | CN169: =ROUND(AF169,1) -> -0.3 | CO169: NA | CP169: NA | CQ169: NA | CR169: NA | CS169: NA | CT169: NA | CU169: =ROUND(BO169,1) -> 47 | CV169: NA | CW169: =ROUND(PPTest!K169,1) -> 0 | CX169: NA | CY169: NA | CZ169: =BP169 -> 0.593 | DA169: =BQ169 -> 0.669 | DB169: NA | DD169: 8.6 | DE169: 12.2 | DF169: 4.4 | DG169: 67.9 | DH169: 54 | DZ169: 6 | EA169: 12.3 | EB169: 0 | EC169: 0
A170: 35228 | B170: 164 | E170: =ROUND(DD170*0.75-0.6,1) -> 8.6 | R170: =ROUND(DE170*0.95-1.2,1) -> 16.2 | AF170: =ROUND(DF170*0.76-3.6,1) -> 0.7 | BH170: 33.19 | BI170: =BH170*$BI$1 -> 67.0438 | BO170: =ROUND(DH170*0.85+1,0) -> 29 | BP170: =ROUND(0.6105*(EXP((17.273*R170)/(R170+237.3)))*BO170/100, 3) -> 0.534 | BQ170: =ROUND((100-BO170)*BP170/BO170,3) -> 1.307 | BS170: 0 | BV170: NA | BW170: NA | BX170: =ROUND(E170,1) -> 8.6 | BY170: NA | BZ170: NA | CA170: NA | CB170: NA | CC170: NA | CD170: NA | CE170: NA | CF170: =ROUND(R170,1) -> 16.2 | CG170: NA | CH170: NA | CI170: NA | CJ170: NA | CK170: NA | CL170: NA | CM170: NA | CN170: =ROUND(AF170,1) -> 0.7 | CO170: NA | CP170: NA | CQ170: NA | CR170: NA | CS170: NA | CT170: NA | CU170: =ROUND(BO170,1) -> 29 | CV170: NA | CW170: =ROUND(PPTest!K170,1) -> 0 | CX170: NA | CY170: NA | CZ170: =BP170 -> 0.534 | DA170: =BQ170 -> 1.307 | DB170: NA | DD170: 12.3 | DE170: 18.3 | DF170: 5.6 | DG170: 52.3 | DH170: 33 | DZ170: 9.1 | EA170: 17.7 | EB170: -1.3 | EC170: 0
A171: 35229 | B171: 165 | E171: =ROUND(DD171*0.75-0.6,1) -> 9 | R171: =ROUND(DE171*0.95-1.2,1) -> 13.4 | AF171: =ROUND(DF171*0.76-3.6,1) -> 3.3 | BH171: 33.21 | BI171: =BH171*$BI$1 -> 67.0842 | BO171: =ROUND(DH171*0.85+1,0) -> 35 | BP171: =ROUND(0.6105*(EXP((17.273*R171)/(R171+237.3)))*BO171/100, 3) -> 0.538 | BQ171: =ROUND((100-BO171)*BP171/BO171,3) -> 0.999 | BS171: 0 | BV171: NA | BW171: NA | BX171: =ROUND(E171,1) -> 9 | BY171: NA | BZ171: NA | CA171: NA | CB171: NA | CC171: NA | CD171: NA | CE171: NA | CF171: =ROUND(R171,1) -> 13.4 | CG171: NA | CH171: NA | CI171: NA | CJ171: NA | CK171: NA | CL171: NA | CM171: NA | CN171: =ROUND(AF171,1) -> 3.3 | CO171: NA | CP171: NA | CQ171: NA | CR171: NA | CS171: NA | CT171: NA | CU171: =ROUND(BO171,1) -> 35 | CV171: NA | CW171: =ROUND(PPTest!K171,1) -> 0 | CX171: NA | CY171: NA | CZ171: =BP171 -> 0.538 | DA171: =BQ171 -> 0.999 | DB171: NA | DD171: 12.8 | DE171: 15.4 | DF171: 9.1 | DG171: 48.4 | DH171: 40 | DZ171: 9.6 | EA171: 15 | EB171: 1.8 | EC171: 0
A172: 35230 | B172: 166 | C172: 29.93 | D172: 54.35 | E172: 8.36 | F172: 63.66 | G172: 8.72 | H172: 8.19 | I172: 9.84 | J172: 9.73 | K172: 9.89 | L172: 8.67 | M172: 7.1 | N172: 5.558 | O172: 0 | P172: 1.9991667 | Q172: 0 | R172: 16.77 | S172: 1644 | T172: 100.6 | U172: 337 | V172: 17.48 | W172: 20.46 | X172: 25.23 | Y172: 21.09 | Z172: 20.46 | AA172: 13.07 | AB172: 7.82 | AC172: 5.844 | AD172: 5.6075 | AE172: 1052 | AF172: -1.684 | AG172: 336 | AH172: 23.11 | AI172: 1645 | AJ172: -2.368 | AK172: -2.635 | AL172: -2.814 | AM172: -1.471 | AN172: -1.279 | AO172: 4.533 | AP172: 6.636 | AQ172: 5.196 | AR172: 0.035 | AS172: 0.237 | AT172: 0.198 | AU172: 0.009 | AV172: 0.078 | AW172: 0.24 | AX172: 0.144 | AY172: 0.059 | AZ172: 9.32 | BA172: 3474 | BB172: 12.86 | BC172: 2876 | BH172: 33.23 | BI172: =BH172*$BI$1 -> 67.1246 | BJ172: =ROUND(C172*BJ$2,2) -> 29.93 | BK172: =ROUND(D172*BK$2,2) -> 57.04 | BM172: =ROUND(T172*BM$3+BM$4,1) -> 94 | BN172: =ROUND(F172*BM$3+BM$4,1) -> 59.8 | BO172: =ROUND(AH172*BM$3+BM$4,1) -> 22.4 | BP172: =ROUND(0.6105*(EXP((17.273*R172)/(R172+237.3)))*BO172/100, 3) -> 0.428 | BQ172: =ROUND((100-BO172)*BP172/BO172,3) -> 1.483 | BS172: 0 | BV172: =BJ172 -> 29.93 | BW172: =BK172 -> 57.04 | BX172: =ROUND(E172,1) -> 8.4 | BY172: =ROUND(G172,1) -> 8.7 | BZ172: =ROUND(H172,1) -> 8.2 | CA172: =ROUND(I172,1) -> 9.8 | CB172: =ROUND(L172,1) -> 8.7 | CC172: =ROUND(M172,1) -> 7.1 | CD172: =ROUND(N172,1) -> 5.6 | CE172: =ROUND(BN172,1) -> 59.8 | CF172: =ROUND(R172,1) -> 16.8 | CG172: =ROUND(V172,1) -> 17.5 | CH172: =ROUND(W172,1) -> 20.5 | CI172: =ROUND(X172,1) -> 25.2 | CJ172: =ROUND(AA172,1) -> 13.1 | CK172: =ROUND(AB172,1) -> 7.8 | CL172: =ROUND(AC172,1) -> 5.8 | CM172: =ROUND(BM172,1) -> 94 | CN172: =ROUND(AF172,1) -> -1.7 | CO172: =ROUND(AJ172,1) -> -2.4 | CP172: =ROUND(AK172,1) -> -2.6 | CQ172: =ROUND(AL172,1) -> -2.8 | CR172: =ROUND(AO172,1) -> 4.5 | CS172: =ROUND(AP172,1) -> 6.6 | CT172: =ROUND(AQ172,1) -> 5.2 | CU172: =ROUND(BO172,1) -> 22.4 | CV172: NA | CW172: =ROUND(PPTest!K172,1) -> 0 | CX172: =ROUND(P172,2) -> 2 | CY172: =ROUND(AD172,2) -> 5.61 | CZ172: =BP172 -> 0.428 | DA172: =BQ172 -> 1.483 | DB172: =BB172 -> 12.86 | DD172: 13 | DE172: 18.1 | DF172: 7.5 | DG172: 50.7 | DH172: 37 | DZ172: 10.4 | EA172: 18.1 | EB172: -1 | EC172: 0
A173: 35231 | B173: 167 | C173: 20.56 | D173: 37.63 | E173: 7.39 | F173: 70 | G173: 7.65 | H173: 7.05 | I173: 7.99 | J173: 7.86 | K173: 8.17 | L173: 8.33 | M173: 7.44 | N173: 5.718 | O173: 0 | P173: 2.1691667 | Q173: 1 | R173: 15.55 | S173: 1220 | T173: 100 | U173: 2037 | V173: 18.06 | W173: 19.84 | X173: 25.48 | Y173: 19.68 | Z173: 19.75 | AA173: 12.03 | AB173: 7.73 | AC173: 5.961 | AD173: 5.2875 | AE173: 2214 | AF173: -0.927 | AG173: 412 | AH173: 41.05 | AI173: 1131 | AJ173: -1.533 | AK173: -1.821 | AL173: -1.954 | AM173: -1.392 | AN173: -1.407 | AO173: 5.511 | AP173: 7.12 | AQ173: 5.384 | AR173: 0.031 | AS173: 0.227 | AT173: 0.181 | AU173: 0.018 | AV173: 0.148 | AW173: 0.313 | AX173: 0.061 | AY173: 0.022 | AZ173: 7.63 | BA173: 3474 | BB173: 12.91 | BC173: 2876 | BH173: 33.24 | BI173: =BH173*$BI$1 -> 67.1448 | BJ173: =ROUND(C173*BJ$2,2) -> 20.56 | BK173: =ROUND(D173*BK$2,2) -> 39.49 | BM173: =ROUND(T173*BM$3+BM$4,1) -> 93.4 | BN173: =ROUND(F173*BM$3+BM$4,1) -> 65.7 | BO173: =ROUND(AH173*BM$3+BM$4,1) -> 38.9 | BP173: =ROUND(0.6105*(EXP((17.273*R173)/(R173+237.3)))*BO173/100, 3) -> 0.687 | BQ173: =ROUND((100-BO173)*BP173/BO173,3) -> 1.079 | BS173: 0.3 | BV173: =BJ173 -> 20.56 | BW173: =BK173 -> 39.49 | BX173: =ROUND(E173,1) -> 7.4 | BY173: =ROUND(G173,1) -> 7.7 | BZ173: =ROUND(H173,1) -> 7.1 | CA173: =ROUND(I173,1) -> 8 | CB173: =ROUND(L173,1) -> 8.3 | CC173: =ROUND(M173,1) -> 7.4 | CD173: =ROUND(N173,1) -> 5.7 | CE173: =ROUND(BN173,1) -> 65.7 | CF173: =ROUND(R173,1) -> 15.6 | CG173: =ROUND(V173,1) -> 18.1 | CH173: =ROUND(W173,1) -> 19.8 | CI173: =ROUND(X173,1) -> 25.5 | CJ173: =ROUND(AA173,1) -> 12 | CK173: =ROUND(AB173,1) -> 7.7 | CL173: =ROUND(AC173,1) -> 6 | CM173: =ROUND(BM173,1) -> 93.4 | CN173: =ROUND(AF173,1) -> -0.9 | CO173: =ROUND(AJ173,1) -> -1.5 | CP173: =ROUND(AK173,1) -> -1.8 | CQ173: =ROUND(AL173,1) -> -2 | CR173: =ROUND(AO173,1) -> 5.5 | CS173: =ROUND(AP173,1) -> 7.1 | CT173: =ROUND(AQ173,1) -> 5.4 | CU173: =ROUND(BO173,1) -> 38.9 | CV173: NA | CW173: =ROUND(PPTest!K173,1) -> 1 | CX173: =ROUND(P173,2) -> 2.17 | CY173: =ROUND(AD173,2) -> 5.29 | CZ173: =BP173 -> 0.687 | DA173: =BQ173 -> 1.079 | DB173: =BB173 -> 12.91 | DD173: 11.4 | DE173: 16.3 | DF173: 7.2 | DG173: 52.7 | DH173: 47 | DZ173: 9.3 | EA173: 16.7 | EB173: 0.4 | EC173: 0
A174: 35232 | B174: 168 | C174: 26.84 | D174: 48.54 | E174: 7.03 | F174: 59.99 | G174: 7.52 | H174: 6.801 | I174: 8.4 | J174: 8.17 | K174: 8.47 | L174: 8.07 | M174: 7.21 | N174: 5.905 | O174: 0 | P174: 1.7558333 | Q174: 0 | R174: 13.16 | S174: 1336 | T174: 98.1 | U174: 417 | V174: 14.83 | W174: 16.52 | X174: 22.61 | Y174: 16.8 | Z174: 17.1 | AA174: 11.68 | AB174: 7.62 | AC174: 6.125 | AD174: 4.1808333 | AE174: 1251 | AF174: -2.202 | AG174: 417 | AH174: 26.18 | AI174: 1822 | AJ174: -2.916 | AK174: -3.251 | AL174: -3.574 | AM174: -1.65 | AN174: -1.037 | AO174: 4.725 | AP174: 6.846 | AQ174: 5.544 | AR174: 0.083 | AS174: 0.248 | AT174: 0.179 | AU174: 0.036 | AV174: 0.122 | AW174: 0.208 | AX174: 0.065 | AY174: 0.06 | AZ174: 7.62 | BA174: 3474 | BB174: 12.92 | BC174: 2876 | BH174: 33.24 | BI174: =BH174*$BI$1 -> 67.1448 | BJ174: =ROUND(C174*BJ$2,2) -> 26.84 | BK174: =ROUND(D174*BK$2,2) -> 50.94 | BM174: =ROUND(T174*BM$3+BM$4,1) -> 91.6 | BN174: =ROUND(F174*BM$3+BM$4,1) -> 56.4 | BO174: =ROUND(AH174*BM$3+BM$4,1) -> 25.2 | BP174: =ROUND(0.6105*(EXP((17.273*R174)/(R174+237.3)))*BO174/100, 3) -> 0.381 | BQ174: =ROUND((100-BO174)*BP174/BO174,3) -> 1.131 | BS174: 0 | BV174: =BJ174 -> 26.84 | BW174: =BK174 -> 50.94 | BX174: =ROUND(E174,1) -> 7 | BY174: =ROUND(G174,1) -> 7.5 | BZ174: =ROUND(H174,1) -> 6.8 | CA174: =ROUND(I174,1) -> 8.4 | CB174: =ROUND(L174,1) -> 8.1 | CC174: =ROUND(M174,1) -> 7.2 | CD174: =ROUND(N174,1) -> 5.9 | CE174: =ROUND(BN174,1) -> 56.4 | CF174: =ROUND(R174,1) -> 13.2 | CG174: =ROUND(V174,1) -> 14.8 | CH174: =ROUND(W174,1) -> 16.5 | CI174: =ROUND(X174,1) -> 22.6 | CJ174: =ROUND(AA174,1) -> 11.7 | CK174: =ROUND(AB174,1) -> 7.6 | CL174: =ROUND(AC174,1) -> 6.1 | CM174: =ROUND(BM174,1) -> 91.6 | CN174: =ROUND(AF174,1) -> -2.2 | CO174: =ROUND(AJ174,1) -> -2.9 | CP174: =ROUND(AK174,1) -> -3.3 | CQ174: =ROUND(AL174,1) -> -3.6 | CR174: =ROUND(AO174,1) -> 4.7 | CS174: =ROUND(AP174,1) -> 6.8 | CT174: =ROUND(AQ174,1) -> 5.5 | CU174: =ROUND(BO174,1) -> 25.2 | CV174: NA | CW174: =ROUND(PPTest!K174,1) -> 0 | CX174: =ROUND(P174,2) -> 1.76 | CY174: =ROUND(AD174,2) -> 4.18 | CZ174: =BP174 -> 0.381 | DA174: =BQ174 -> 1.131 | DB174: =BB174 -> 12.92 | DD174: 10.5 | DE174: 15.7 | DF174: 4.1 | DG174: 49.3 | DH174: 39 | DZ174: 8.3 | EA174: 14.8 | EB174: -2.3 | EC174: 0
A175: 35233 | B175: 169 | C175: 13.81 | D175: 26.05 | E175: 4.346 | F175: 88.9 | G175: 4.264 | H175: 4.122 | I175: 5.35 | J175: 4.486 | K175: 4.772 | L175: 7.83 | M175: 7.26 | N175: 6.005 | O175: 0 | P175: 1.8275 | Q175: 6 | R175: 7.77 | S175: 1523 | T175: 104.7 | U175: 2227 | V175: 8.53 | W175: 9.47 | X175: 12.38 | Y175: 10.85 | Z175: 10.19 | AA175: 9.62 | AB175: 7.57 | AC175: 6.184 | AD175: 3.8875 | AE175: 1603 | AF175: 1.909 | AG175: 2334 | AH175: 59.76 | AI175: 1515 | AJ175: 1.338 | AK175: 1.21 | AL175: 1.164 | AM175: 1.445 | AN175: 1.399 | AO175: 6.399 | AP175: 7.05 | AQ175: 5.872 | AR175: 0.076 | AS175: 0.054 | AT175: 0.035 | AU175: 0.039 | AV175: 0.165 | AW175: 0.444 | AX175: 0.128 | AY175: 0.058 | AZ175: 5.139 | BA175: 3474 | BB175: 13.04 | BC175: 2876 | BH175: 33.25 | BI175: =BH175*$BI$1 -> 67.165 | BJ175: =ROUND(C175*BJ$2,2) -> 13.81 | BK175: =ROUND(D175*BK$2,2) -> 27.34 | BM175: =ROUND(T175*BM$3+BM$4,1) -> 97.7 | BN175: =ROUND(F175*BM$3+BM$4,1) -> 83.1 | BO175: =ROUND(AH175*BM$3+BM$4,1) -> 56.2 | BP175: =ROUND(0.6105*(EXP((17.273*R175)/(R175+237.3)))*BO175/100, 3) -> 0.593 | BQ175: =ROUND((100-BO175)*BP175/BO175,3) -> 0.462 | BS175: 9.7 | BV175: =BJ175 -> 13.81 | BW175: =BK175 -> 27.34 | BX175: =ROUND(E175,1) -> 4.3 | BY175: =ROUND(G175,1) -> 4.3 | BZ175: =ROUND(H175,1) -> 4.1 | CA175: =ROUND(I175,1) -> 5.4 | CB175: =ROUND(L175,1) -> 7.8 | CC175: =ROUND(M175,1) -> 7.3 | CD175: =ROUND(N175,1) -> 6 | CE175: =ROUND(BN175,1) -> 83.1 | CF175: =ROUND(R175,1) -> 7.8 | CG175: =ROUND(V175,1) -> 8.5 | CH175: =ROUND(W175,1) -> 9.5 | CI175: =ROUND(X175,1) -> 12.4 | CJ175: =ROUND(AA175,1) -> 9.6 | CK175: =ROUND(AB175,1) -> 7.6 | CL175: =ROUND(AC175,1) -> 6.2 | CM175: =ROUND(BM175,1) -> 97.7 | CN175: =ROUND(AF175,1) -> 1.9 | CO175: =ROUND(AJ175,1) -> 1.3 | CP175: =ROUND(AK175,1) -> 1.2 | CQ175: =ROUND(AL175,1) -> 1.2 | CR175: =ROUND(AO175,1) -> 6.4 | CS175: =ROUND(AP175,1) -> 7.1 | CT175: =ROUND(AQ175,1) -> 5.9 | CU175: =ROUND(BO175,1) -> 56.2 | CV175: NA | CW175: =ROUND(PPTest!K175,1) -> 6 | CX175: =ROUND(P175,2) -> 1.83 | CY175: =ROUND(AD175,2) -> 3.89 | CZ175: =BP175 -> 0.593 | DA175: =BQ175 -> 0.462 | DB175: =BB175 -> 13.04 | DD175: 6.5 | DE175: 9.7 | DF175: 3.7 | DG175: 89 | DH175: 48 | DZ175: 4.7 | EA175: 9.9 | EB175: 0.6 | EC175: 0
A176: 35234 | B176: 170 | C176: 4.091 | D176: 8.22 | E176: 2.077 | F176: 102.4 | G176: 1.801 | H176: 1.727 | I176: 2.4 | J176: 1.817 | K176: 1.843 | L176: 5.739 | M176: 6.674 | N176: 6.032 | O176: 0 | P176: 2.9108333 | Q176: 9 | R176: 4.521 | S176: 1551 | T176: 106.6 | U176: 2042 | V176: 4.413 | W176: 4.709 | X176: 5.829 | Y176: 4.058 | Z176: 4.252 | AA176: 6.906 | AB176: 7.21 | AC176: 6.138 | AD176: 6.7275 | AE176: 1605 | AF176: 0.656 | AG176: 618 | AH176: 89.8 | AI176: 1548 | AJ176: 0.35 | AK176: -0.114 | AL176: 0.754 | AM176: 0.5 | AN176: 0.489 | AO176: 4.921 | AP176: 6.189 | AQ176: 5.956 | AR176: 0 | AS176: 0 | AT176: 0 | AU176: 0 | AV176: 0.142 | AW176: 0.72 | AX176: 0.133 | AY176: 0.003 | AZ176: 2.036 | BA176: 3474 | BB176: 13.08 | BC176: 2876 | BH176: 33.25 | BI176: =BH176*$BI$1 -> 67.165 | BJ176: =ROUND(C176*BJ$2,2) -> 4.09 | BK176: =ROUND(D176*BK$2,2) -> 8.63 | BM176: =ROUND(T176*BM$3+BM$4,1) -> 99.5 | BN176: =ROUND(F176*BM$3+BM$4,1) -> 95.6 | BO176: =ROUND(AH176*BM$3+BM$4,1) -> 84 | BP176: =ROUND(0.6105*(EXP((17.273*R176)/(R176+237.3)))*BO176/100, 3) -> 0.708 | BQ176: =ROUND((100-BO176)*BP176/BO176,3) -> 0.135 | BS176: 1 | BV176: =BJ176 -> 4.09 | BW176: =BK176 -> 8.63 | BX176: =ROUND(E176,1) -> 2.1 | BY176: =ROUND(G176,1) -> 1.8 | BZ176: =ROUND(H176,1) -> 1.7 | CA176: =ROUND(I176,1) -> 2.4 | CB176: =ROUND(L176,1) -> 5.7 | CC176: =ROUND(M176,1) -> 6.7 | CD176: =ROUND(N176,1) -> 6 | CE176: =ROUND(BN176,1) -> 95.6 | CF176: =ROUND(R176,1) -> 4.5 | CG176: =ROUND(V176,1) -> 4.4 | CH176: =ROUND(W176,1) -> 4.7 | CI176: =ROUND(X176,1) -> 5.8 | CJ176: =ROUND(AA176,1) -> 6.9 | CK176: =ROUND(AB176,1) -> 7.2 | CL176: =ROUND(AC176,1) -> 6.1 | CM176: =ROUND(BM176,1) -> 99.5 | CN176: =ROUND(AF176,1) -> 0.7 | CO176: =ROUND(AJ176,1) -> 0.4 | CP176: =ROUND(AK176,1) -> -0.1 | CQ176: =ROUND(AL176,1) -> 0.8 | CR176: =ROUND(AO176,1) -> 4.9 | CS176: =ROUND(AP176,1) -> 6.2 | CT176: =ROUND(AQ176,1) -> 6 | CU176: =ROUND(BO176,1) -> 84 | CV176: NA | CW176: =ROUND(PPTest!K176,1) -> 9 | CX176: =ROUND(P176,2) -> 2.91 | CY176: =ROUND(AD176,2) -> 6.73 | CZ176: =BP176 -> 0.708 | DA176: =BQ176 -> 0.135 | DB176: =BB176 -> 13.08 | DD176: 5 | DE176: 6.8 | DF176: 3.1 | DG176: 92.9 | DH176: 86 | DZ176: 1.7 | EA176: 6.8 | EB176: -1.1 | EC176: 6.1
A177: 35235 | B177: 171 | C177: 11.2 | D177: 21.17 | E177: 4.124 | F177: 96.3 | G177: 3.941 | H177: 3.878 | I177: 4.645 | J177: 4.19 | K177: 4.387 | L177: 6.023 | M177: 5.98 | N177: 6.111 | O177: 0 | P177: 2.5608333 | Q177: 2 | R177: 10.27 | S177: 1655 | T177: 106.9 | U177: 327 | V177: 11.14 | W177: 12.88 | X177: 14.23 | Y177: 12.2 | Z177: 13.76 | AA177: 8.92 | AB177: 6.2 | AC177: 6.33 | AD177: 5.6608333 | AE177: 1636 | AF177: -0.861 | AG177: 2359 | AH177: 57.98 | AI177: 1800 | AJ177: -1.375 | AK177: -1.582 | AL177: -1.571 | AM177: -1.084 | AN177: -1.318 | AO177: 4.62 | AP177: 5.773 | AQ177: 5.929 | AR177: 0.024 | AS177: 0.118 | AT177: 0.063 | AU177: 0.006 | AV177: 0.102 | AW177: 0.523 | AX177: 0.134 | AY177: 0.03 | AZ177: 4.665 | BA177: 3474 | BB177: 13.04 | BC177: 2876 | BH177: 33.24 | BI177: =BH177*$BI$1 -> 67.1448 | BJ177: =ROUND(C177*BJ$2,2) -> 11.2 | BK177: =ROUND(D177*BK$2,2) -> 22.22 | BM177: =ROUND(T177*BM$3+BM$4,1) -> 99.8 | BN177: =ROUND(F177*BM$3+BM$4,1) -> 90 | BO177: =ROUND(AH177*BM$3+BM$4,1) -> 54.6 | BP177: =ROUND(0.6105*(EXP((17.273*R177)/(R177+237.3)))*BO177/100, 3) -> 0.682 | BQ177: =ROUND((100-BO177)*BP177/BO177,3) -> 0.567 | BS177: 1.3 | BV177: =BJ177 -> 11.2 | BW177: =BK177 -> 22.22 | BX177: =ROUND(E177,1) -> 4.1 | BY177: =ROUND(G177,1) -> 3.9 | BZ177: =ROUND(H177,1) -> 3.9 | CA177: =ROUND(I177,1) -> 4.6 | CB177: =ROUND(L177,1) -> 6 | CC177: =ROUND(M177,1) -> 6 | CD177: =ROUND(N177,1) -> 6.1 | CE177: =ROUND(BN177,1) -> 90 | CF177: =ROUND(R177,1) -> 10.3 | CG177: =ROUND(V177,1) -> 11.1 | CH177: =ROUND(W177,1) -> 12.9 | CI177: =ROUND(X177,1) -> 14.2 | CJ177: =ROUND(AA177,1) -> 8.9 | CK177: =ROUND(AB177,1) -> 6.2 | CL177: =ROUND(AC177,1) -> 6.3 | CM177: =ROUND(BM177,1) -> 99.8 | CN177: =ROUND(AF177,1) -> -0.9 | CO177: =ROUND(AJ177,1) -> -1.4 | CP177: =ROUND(AK177,1) -> -1.6 | CQ177: =ROUND(AL177,1) -> -1.6 | CR177: =ROUND(AO177,1) -> 4.6 | CS177: =ROUND(AP177,1) -> 5.8 | CT177: =ROUND(AQ177,1) -> 5.9 | CU177: =ROUND(BO177,1) -> 54.6 | CV177: NA | CW177: =ROUND(PPTest!K177,1) -> 2 | CX177: =ROUND(P177,2) -> 2.56 | CY177: =ROUND(AD177,2) -> 5.66 | CZ177: =BP177 -> 0.682 | DA177: =BQ177 -> 0.567 | DB177: =BB177 -> 13.04 | DD177: 7 | DE177: 13 | DF177: 4.4 | DG177: 88.8 | DH177: 65 | DZ177: 5.6 | EA177: 13.1 | EB177: 0.5 | EC177: 0
A178: 35236 | B178: 172 | C178: 32.58 | D178: 59.61 | E178: 6.634 | F178: 75.7 | G178: 7.16 | H178: 6.578 | I178: 8.43 | J178: 8.12 | K178: 8.24 | L178: 7.98 | M178: 6.317 | N178: 6.009 | O178: 0 | P178: 2.0741667 | Q178: 0 | R178: 14.42 | S178: 1440 | T178: 105.5 | U178: 53 | V178: 15.68 | W178: 18.99 | X178: 24.22 | Y178: 21.2 | Z178: 19.25 | AA178: 13.12 | AB178: 7.2 | AC178: 6.227 | AD178: 4.9408333 | AE178: 1508 | AF178: -1.858 | AG178: 355 | AH178: 33.86 | AI178: 1522 | AJ178: -2.411 | AK178: -2.714 | AL178: -2.769 | AM178: -1.979 | AN178: -1.805 | AO178: 3.86 | AP178: 5.813 | AQ178: 5.759 | AR178: 0.033 | AS178: 0.273 | AT178: 0.167 | AU178: 0.015 | AV178: 0.086 | AW178: 0.255 | AX178: 0.122 | AY178: 0.049 | AZ178: 7.83 | BA178: 3474 | BB178: 12.89 | BC178: 2876 | BH178: 33.24 | BI178: =BH178*$BI$1 -> 67.1448 | BJ178: =ROUND(C178*BJ$2,2) -> 32.58 | BK178: =ROUND(D178*BK$2,2) -> 62.56 | BM178: =ROUND(T178*BM$3+BM$4,1) -> 98.5 | BN178: =ROUND(F178*BM$3+BM$4,1) -> 70.9 | BO178: =ROUND(AH178*BM$3+BM$4,1) -> 32.3 | BP178: =ROUND(0.6105*(EXP((17.273*R178)/(R178+237.3)))*BO178/100, 3) -> 0.53 | BQ178: =ROUND((100-BO178)*BP178/BO178,3) -> 1.111 | BS178: 0 | BV178: =BJ178 -> 32.58 | BW178: =BK178 -> 62.56 | BX178: =ROUND(E178,1) -> 6.6 | BY178: =ROUND(G178,1) -> 7.2 | BZ178: =ROUND(H178,1) -> 6.6 | CA178: =ROUND(I178,1) -> 8.4 | CB178: =ROUND(L178,1) -> 8 | CC178: =ROUND(M178,1) -> 6.3 | CD178: =ROUND(N178,1) -> 6 | CE178: =ROUND(BN178,1) -> 70.9 | CF178: =ROUND(R178,1) -> 14.4 | CG178: =ROUND(V178,1) -> 15.7 | CH178: =ROUND(W178,1) -> 19 | CI178: =ROUND(X178,1) -> 24.2 | CJ178: =ROUND(AA178,1) -> 13.1 | CK178: =ROUND(AB178,1) -> 7.2 | CL178: =ROUND(AC178,1) -> 6.2 | CM178: =ROUND(BM178,1) -> 98.5 | CN178: =ROUND(AF178,1) -> -1.9 | CO178: =ROUND(AJ178,1) -> -2.4 | CP178: =ROUND(AK178,1) -> -2.7 | CQ178: =ROUND(AL178,1) -> -2.8 | CR178: =ROUND(AO178,1) -> 3.9 | CS178: =ROUND(AP178,1) -> 5.8 | CT178: =ROUND(AQ178,1) -> 5.8 | CU178: =ROUND(BO178,1) -> 32.3 | CV178: NA | CW178: =ROUND(PPTest!K178,1) -> 0 | CX178: =ROUND(P178,2) -> 2.07 | CY178: =ROUND(AD178,2) -> 4.94 | CZ178: =BP178 -> 0.53 | DA178: =BQ178 -> 1.111 | DB178: =BB178 -> 12.89 | DD178: 10.2 | DE178: 15.7 | DF178: 4.6 | DG178: 72.8 | DH178: 49 | DZ178: 7.5 | EA178: 13.8 | EB178: -1.1 | EC178: 1.3
A179: 35237 | B179: 173 | C179: 19.57 | D179: 35.94 | E179: 7.64 | F179: 80.1 | G179: 7.83 | H179: 7.49 | I179: 8.76 | J179: 8.52 | K179: 8.88 | L179: 8.39 | M179: 7.05 | N179: 5.939 | O179: 0 | P179: 1.7358333 | Q179: 1 | R179: 13.73 | S179: 1517 | T179: 102.7 | U179: 335 | V179: 15.95 | W179: 15.98 | X179: 20.51 | Y179: 17.47 | Z179: 17.26 | AA179: 11.24 | AB179: 7.42 | AC179: 6.11 | AD179: 3.8608333 | AE179: 2143 | AF179: -1.364 | AG179: 330 | AH179: 47.28 | AI179: 1517 | AJ179: -1.919 | AK179: -2.059 | AL179: -2.105 | AM179: -1.151 | AN179: -1.419 | AO179: 5.262 | AP179: 6.749 | AQ179: 5.617 | AR179: 0.061 | AS179: 0.253 | AT179: 0.183 | AU179: 0.043 | AV179: 0.103 | AW179: 0.233 | AX179: 0.065 | AY179: 0.059 | AZ179: 8.18 | BA179: 3474 | BB179: 12.95 | BC179: 2876 | BH179: 33.22 | BI179: =BH179*$BI$1 -> 67.1044 | BJ179: =ROUND(C179*BJ$2,2) -> 19.57 | BK179: =ROUND(D179*BK$2,2) -> 37.72 | BM179: =ROUND(T179*BM$3+BM$4,1) -> 95.9 | BN179: =ROUND(F179*BM$3+BM$4,1) -> 75 | BO179: =ROUND(AH179*BM$3+BM$4,1) -> 44.7 | BP179: =ROUND(0.6105*(EXP((17.273*R179)/(R179+237.3)))*BO179/100, 3) -> 0.702 | BQ179: =ROUND((100-BO179)*BP179/BO179,3) -> 0.868 | BS179: 2 | BV179: =BJ179 -> 19.57 | BW179: =BK179 -> 37.72 | BX179: =ROUND(E179,1) -> 7.6 | BY179: =ROUND(G179,1) -> 7.8 | BZ179: =ROUND(H179,1) -> 7.5 | CA179: =ROUND(I179,1) -> 8.8 | CB179: =ROUND(L179,1) -> 8.4 | CC179: =ROUND(M179,1) -> 7.1 | CD179: =ROUND(N179,1) -> 5.9 | CE179: =ROUND(BN179,1) -> 75 | CF179: =ROUND(R179,1) -> 13.7 | CG179: =ROUND(V179,1) -> 16 | CH179: =ROUND(W179,1) -> 16 | CI179: =ROUND(X179,1) -> 20.5 | CJ179: =ROUND(AA179,1) -> 11.2 | CK179: =ROUND(AB179,1) -> 7.4 | CL179: =ROUND(AC179,1) -> 6.1 | CM179: =ROUND(BM179,1) -> 95.9 | CN179: =ROUND(AF179,1) -> -1.4 | CO179: =ROUND(AJ179,1) -> -1.9 | CP179: =ROUND(AK179,1) -> -2.1 | CQ179: =ROUND(AL179,1) -> -2.1 | CR179: =ROUND(AO179,1) -> 5.3 | CS179: =ROUND(AP179,1) -> 6.7 | CT179: =ROUND(AQ179,1) -> 5.6 | CU179: =ROUND(BO179,1) -> 44.7 | CV179: NA | CW179: =ROUND(PPTest!K179,1) -> 1 | CX179: =ROUND(P179,2) -> 1.74 | CY179: =ROUND(AD179,2) -> 3.86 | CZ179: =BP179 -> 0.702 | DA179: =BQ179 -> 0.868 | DB179: =BB179 -> 12.95 | DD179: 10.9 | DE179: 16 | DF179: 6 | DG179: 73.3 | DH179: 56 | DZ179: 7.2 | EA179: 12.4 | EB179: 3.1 | EC179: 3.8
A180: 35238 | B180: 174 | C180: 11.24 | D180: 21.12 | E180: 7.07 | F180: 98.4 | G180: 6.998 | H180: 6.824 | I180: 7.87 | J180: 6.966 | K180: 7.33 | L180: 8.6 | M180: 7.25 | N180: 5.987 | O180: 0 | P180: 1.4401667 | Q180: 6 | R180: 11.81 | S180: 1755 | T180: 105.1 | U180: 442 | V180: 11.82 | W180: 13.79 | X180: 13.17 | Y180: 11.21 | Z180: 14.32 | AA180: 10.3 | AB180: 7.44 | AC180: 6.145 | AD180: 3.0208333 | AE180: 1011 | AF180: 2.576 | AG180: 409 | AH180: 68.81 | AI180: 1755 | AJ180: 2.068 | AK180: 1.843 | AL180: 1.918 | AM180: 1.878 | AN180: 1.893 | AO180: 6.743 | AP180: 7.1 | AQ180: 5.807 | AR180: 0.086 | AS180: 0.367 | AT180: 0.105 | AU180: 0.012 | AV180: 0.085 | AW180: 0.276 | AX180: 0.051 | AY180: 0.017 | AZ180: 7.6 | BA180: 3474 | BB180: 13.03 | BC180: 2876 | BH180: 33.2 | BI180: =BH180*$BI$1 -> 67.064 | BJ180: =ROUND(C180*BJ$2,2) -> 11.24 | BK180: =ROUND(D180*BK$2,2) -> 22.16 | BM180: =ROUND(T180*BM$3+BM$4,1) -> 98.1 | BN180: =ROUND(F180*BM$3+BM$4,1) -> 91.9 | BO180: =ROUND(AH180*BM$3+BM$4,1) -> 64.6 | BP180: =ROUND(0.6105*(EXP((17.273*R180)/(R180+237.3)))*BO180/100, 3) -> 0.894 | BQ180: =ROUND((100-BO180)*BP180/BO180,3) -> 0.49 | BS180: 2.5 | BV180: =BJ180 -> 11.24 | BW180: =BK180 -> 22.16 | BX180: =ROUND(E180,1) -> 7.1 | BY180: =ROUND(G180,1) -> 7 | BZ180: =ROUND(H180,1) -> 6.8 | CA180: =ROUND(I180,1) -> 7.9 | CB180: =ROUND(L180,1) -> 8.6 | CC180: =ROUND(M180,1) -> 7.3 | CD180: =ROUND(N180,1) -> 6 | CE180: =ROUND(BN180,1) -> 91.9 | CF180: =ROUND(R180,1) -> 11.8 | CG180: =ROUND(V180,1) -> 11.8 | CH180: =ROUND(W180,1) -> 13.8 | CI180: =ROUND(X180,1) -> 13.2 | CJ180: =ROUND(AA180,1) -> 10.3 | CK180: =ROUND(AB180,1) -> 7.4 | CL180: =ROUND(AC180,1) -> 6.1 | CM180: =ROUND(BM180,1) -> 98.1 | CN180: =ROUND(AF180,1) -> 2.6 | CO180: =ROUND(AJ180,1) -> 2.1 | CP180: =ROUND(AK180,1) -> 1.8 | CQ180: =ROUND(AL180,1) -> 1.9 | CR180: =ROUND(AO180,1) -> 6.7 | CS180: =ROUND(AP180,1) -> 7.1 | CT180: =ROUND(AQ180,1) -> 5.8 | CU180: =ROUND(BO180,1) -> 64.6 | CV180: NA | CW180: =ROUND(PPTest!K180,1) -> 6 | CX180: =ROUND(P180,2) -> 1.44 | CY180: =ROUND(AD180,2) -> 3.02 | CZ180: =BP180 -> 0.894 | DA180: =BQ180 -> 0.49 | DB180: =BB180 -> 13.03 | DD180: 9.4 | DE180: 12.2 | DF180: 6.6 | DG180: 96 | DH180: 83 | DZ180: 6.9 | EA180: 11.4 | EB180: 3.1 | EC180: 2
A181: 35239 | B181: 175 | C181: 10.6 | D181: 20.26 | E181: 6.935 | F181: 97.9 | G181: 6.887 | H181: 6.683 | I181: 7.79 | J181: 6.973 | K181: 7.06 | L181: 8.72 | M181: 7.45 | N181: 6.103 | O181: 0 | P181: 1.3871667 | Q181: 10 | R181: 11.31 | S181: 1218 | T181: 104.9 | U181: 2351 | V181: 12.87 | W181: 14.1 | X181: 17.58 | Y181: 13.76 | Z181: 13.7 | AA181: 10.6 | AB181: 7.62 | AC181: 6.259 | AD181: 4.1941667 | AE181: 1711 | AF181: 4.84 | AG181: 325 | AH181: 77.3 | AI181: 1153 | AJ181: 4.415 | AK181: 4.324 | AL181: 4.404 | AM181: 4.372 | AN181: 4.342 | AO181: 7.47 | AP181: 7.29 | AQ181: 5.971 | AR181: 0.171 | AS181: 0.326 | AT181: 0.121 | AU181: 0.047 | AV181: 0.065 | AW181: 0.127 | AX181: 0.067 | AY181: 0.076 | AZ181: 7.41 | BA181: 3474 | BB181: 13 | BC181: 2876 | BH181: 33.18 | BI181: =BH181*$BI$1 -> 67.0236 | BJ181: =ROUND(C181*BJ$2,2) -> 10.6 | BK181: =ROUND(D181*BK$2,2) -> 21.26 | BM181: =ROUND(T181*BM$3+BM$4,1) -> 97.9 | BN181: =ROUND(F181*BM$3+BM$4,1) -> 91.5 | BO181: =ROUND(AH181*BM$3+BM$4,1) -> 72.4 | BP181: =ROUND(0.6105*(EXP((17.273*R181)/(R181+237.3)))*BO181/100, 3) -> 0.97 | BQ181: =ROUND((100-BO181)*BP181/BO181,3) -> 0.37 | BS181: 10.9 | BV181: =BJ181 -> 10.6 | BW181: =BK181 -> 21.26 | BX181: =ROUND(E181,1) -> 6.9 | BY181: =ROUND(G181,1) -> 6.9 | BZ181: =ROUND(H181,1) -> 6.7 | CA181: =ROUND(I181,1) -> 7.8 | CB181: =ROUND(L181,1) -> 8.7 | CC181: =ROUND(M181,1) -> 7.5 | CD181: =ROUND(N181,1) -> 6.1 | CE181: =ROUND(BN181,1) -> 91.5 | CF181: =ROUND(R181,1) -> 11.3 | CG181: =ROUND(V181,1) -> 12.9 | CH181: =ROUND(W181,1) -> 14.1 | CI181: =ROUND(X181,1) -> 17.6 | CJ181: =ROUND(AA181,1) -> 10.6 | CK181: =ROUND(AB181,1) -> 7.6 | CL181: =ROUND(AC181,1) -> 6.3 | CM181: =ROUND(BM181,1) -> 97.9 | CN181: =ROUND(AF181,1) -> 4.8 | CO181: =ROUND(AJ181,1) -> 4.4 | CP181: =ROUND(AK181,1) -> 4.3 | CQ181: =ROUND(AL181,1) -> 4.4 | CR181: =ROUND(AO181,1) -> 7.5 | CS181: =ROUND(AP181,1) -> 7.3 | CT181: =ROUND(AQ181,1) -> 6 | CU181: =ROUND(BO181,1) -> 72.4 | CV181: NA | CW181: =ROUND(PPTest!K181,1) -> 10 | CX181: =ROUND(P181,2) -> 1.39 | CY181: =ROUND(AD181,2) -> 4.19 | CZ181: =BP181 -> 0.97 | DA181: =BQ181 -> 0.37 | DB181: =BB181 -> 13 | DD181: 8.6 | DE181: 11.7 | DF181: 6.6 | DG181: 98.6 | DH181: 93 | DZ181: 5.8 | EA181: 10.1 | EB181: 2.4 | EC181: 3.6
A182: 35240 | B182: 176 | C182: 12.51 | D182: 23.39 | E182: 6.146 | F182: 99.9 | G182: 6.308 | H182: 5.976 | I182: 7.18 | J182: 6.24 | K182: 6.409 | L182: 8.35 | M182: 7.42 | N182: 6.294 | O182: 0 | P182: 1.248 | Q182: 14 | R182: 9.23 | S182: 1541 | T182: 105.8 | U182: 154 | V182: 15.02 | W182: 11.4 | X182: 14.69 | Y182: 10.62 | Z182: 10.39 | AA182: 10.31 | AB182: 7.65 | AC182: 6.497 | AD182: 3.2741667 | AE182: 1234 | AF182: 2.859 | AG182: 425 | AH182: 78.8 | AI182: 1140 | AJ182: 2.483 | AK182: 2.47 | AL182: 2.706 | AM182: 2.438 | AN182: 2.428 | AO182: 6.75 | AP182: 7.21 | AQ182: 6.102 | AR182: 0.126 | AS182: 0.308 | AT182: 0.14 | AU182: 0.06 | AV182: 0.059 | AW182: 0.174 | AX182: 0.067 | AY182: 0.067 | AZ182: 6.811 | BA182: 3474 | BB182: 13.04 | BC182: 2876 | BH182: 33.15 | BI182: =BH182*$BI$1 -> 66.963 | BJ182: =ROUND(C182*BJ$2,2) -> 12.51 | BK182: =ROUND(D182*BK$2,2) -> 24.55 | BM182: =ROUND(T182*BM$3+BM$4,1) -> 98.8 | BN182: =ROUND(F182*BM$3+BM$4,1) -> 93.3 | BO182: =ROUND(AH182*BM$3+BM$4,1) -> 73.8 | BP182: =ROUND(0.6105*(EXP((17.273*R182)/(R182+237.3)))*BO182/100, 3) -> 0.86 | BQ182: =ROUND((100-BO182)*BP182/BO182,3) -> 0.305 | BS182: 8.1 | BV182: =BJ182 -> 12.51 | BW182: =BK182 -> 24.55 | BX182: =ROUND(E182,1) -> 6.1 | BY182: =ROUND(G182,1) -> 6.3 | BZ182: =ROUND(H182,1) -> 6 | CA182: =ROUND(I182,1) -> 7.2 | CB182: =ROUND(L182,1) -> 8.4 | CC182: =ROUND(M182,1) -> 7.4 | CD182: =ROUND(N182,1) -> 6.3 | CE182: =ROUND(BN182,1) -> 93.3 | CF182: =ROUND(R182,1) -> 9.2 | CG182: =ROUND(V182,1) -> 15 | CH182: =ROUND(W182,1) -> 11.4 | CI182: =ROUND(X182,1) -> 14.7 | CJ182: =ROUND(AA182,1) -> 10.3 | CK182: =ROUND(AB182,1) -> 7.7 | CL182: =ROUND(AC182,1) -> 6.5 | CM182: =ROUND(BM182,1) -> 98.8 | CN182: =ROUND(AF182,1) -> 2.9 | CO182: =ROUND(AJ182,1) -> 2.5 | CP182: =ROUND(AK182,1) -> 2.5 | CQ182: =ROUND(AL182,1) -> 2.7 | CR182: =ROUND(AO182,1) -> 6.8 | CS182: =ROUND(AP182,1) -> 7.2 | CT182: =ROUND(AQ182,1) -> 6.1 | CU182: =ROUND(BO182,1) -> 73.8 | CV182: NA | CW182: =ROUND(PPTest!K182,1) -> 14 | CX182: =ROUND(P182,2) -> 1.25 | CY182: =ROUND(AD182,2) -> 3.27 | CZ182: =BP182 -> 0.86 | DA182: =BQ182 -> 0.305 | DB182: =BB182 -> 13.04 | DD182: 8.6 | DE182: 11 | DF182: 6 | DG182: 96.8 | DH182: 89 | DZ182: 5 | EA182: 9.1 | EB182: 0.9 | EC182: 7.6
A183: 35241 | B183: 177 | C183: 14.32 | D183: 27.08 | E183: 7.07 | F183: 91.8 | G183: 7.02 | H183: 6.95 | I183: 8.02 | J183: 7.44 | K183: 7.65 | L183: 8.96 | M183: 7.64 | N183: 6.53 | O183: 0 | P183: 1.4936667 | Q183: 1 | R183: 11.65 | S183: 1343 | T183: 105.7 | U183: 331 | V183: 13.32 | W183: 14.57 | X183: 17.8 | Y183: 15 | Z183: 15.3 | AA183: 11.8 | AB183: 7.96 | AC183: 6.733 | AD183: 5.2875 | AE183: 1613 | AF183: 3.99 | AG183: 416 | AH183: 65.01 | AI183: 1317 | AJ183: 3.296 | AK183: 2.88 | AL183: 3.087 | AM183: 3.445 | AN183: 3.536 | AO183: 7.1 | AP183: 7.36 | AQ183: 6.349 | AR183: 0.068 | AS183: 0.242 | AT183: 0.206 | AU183: 0.068 | AV183: 0.08 | AW183: 0.193 | AX183: 0.103 | AY183: 0.04 | AZ183: 7.67 | BA183: 3474 | BB183: 13.02 | BC183: 2876 | BH183: 33.12 | BI183: =BH183*$BI$1 -> 66.9024 | BJ183: =ROUND(C183*BJ$2,2) -> 14.32 | BK183: =ROUND(D183*BK$2,2) -> 28.42 | BM183: =ROUND(T183*BM$3+BM$4,1) -> 98.7 | BN183: =ROUND(F183*BM$3+BM$4,1) -> 85.8 | BO183: =ROUND(AH183*BM$3+BM$4,1) -> 61.1 | BP183: =ROUND(0.6105*(EXP((17.273*R183)/(R183+237.3)))*BO183/100, 3) -> 0.837 | BQ183: =ROUND((100-BO183)*BP183/BO183,3) -> 0.533 | BS183: 2.5 | BV183: =BJ183 -> 14.32 | BW183: =BK183 -> 28.42 | BX183: =ROUND(E183,1) -> 7.1 | BY183: =ROUND(G183,1) -> 7 | BZ183: =ROUND(H183,1) -> 7 | CA183: =ROUND(I183,1) -> 8 | CB183: =ROUND(L183,1) -> 9 | CC183: =ROUND(M183,1) -> 7.6 | CD183: =ROUND(N183,1) -> 6.5 | CE183: =ROUND(BN183,1) -> 85.8 | CF183: =ROUND(R183,1) -> 11.7 | CG183: =ROUND(V183,1) -> 13.3 | CH183: =ROUND(W183,1) -> 14.6 | CI183: =ROUND(X183,1) -> 17.8 | CJ183: =ROUND(AA183,1) -> 11.8 | CK183: =ROUND(AB183,1) -> 8 | CL183: =ROUND(AC183,1) -> 6.7 | CM183: =ROUND(BM183,1) -> 98.7 | CN183: =ROUND(AF183,1) -> 4 | CO183: =ROUND(AJ183,1) -> 3.3 | CP183: =ROUND(AK183,1) -> 2.9 | CQ183: =ROUND(AL183,1) -> 3.1 | CR183: =ROUND(AO183,1) -> 7.1 | CS183: =ROUND(AP183,1) -> 7.4 | CT183: =ROUND(AQ183,1) -> 6.3 | CU183: =ROUND(BO183,1) -> 61.1 | CV183: NA | CW183: =ROUND(PPTest!K183,1) -> 1 | CX183: =ROUND(P183,2) -> 1.49 | CY183: =ROUND(AD183,2) -> 5.29 | CZ183: =BP183 -> 0.837 | DA183: =BQ183 -> 0.533 | DB183: =BB183 -> 13.02 | DD183: 9.4 | DE183: 13.8 | DF183: 7.4 | DG183: 92.5 | DH183: 73 | DZ183: 5.8 | EA183: 10.1 | EB183: 1.1 | EC183: 3
... A198: 35256 | B198: 192 | C198: 25.07 | D198: 48 | E198: 8.92 | F198: 73.7 | G198: 8.95 | H198: 8.55 | I198: 10.26 | J198: 9.58 | K198: 10.02 | L198: 10.37 | M198: 9.56 | N198: 7.94 | O198: 0 | P198: 2.3425 | Q198: 0 | R198: 14.48 | S198: 1711 | T198: 101.5 | U198: 538 | V198: 15.72 | W198: 17.87 | X198: 26.62 | Y198: 19.54 | Z198: 18.9 | AA198: 13.15 | AB198: 9.98 | AC198: 8.17 | AD198: 5.8608333 | AE198: 1318 | AF198: 1.613 | AG198: 257 | AH198: 41.64 | AI198: 1734 | AJ198: 0.756 | AK198: -0.017 | AL198: 0.138 | AM198: 0.07 | AN198: 0.197 | AO198: 8.3 | AP198: 9.33 | AQ198: 7.68 | AR198: 0.044 | AS198: 0.187 | AT198: 0.158 | AU198: 0.026 | AV198: 0.093 | AW198: 0.31 | AX198: 0.134 | AY198: 0.047 | AZ198: 9.34 | BA198: 3474 | BB198: 12.92 | BC198: 2876 | BH198: 32.17 | BI198: =BH198*$BI$1 -> 64.9834 | BJ198: =ROUND(C198*BJ$2,2) -> 25.07 | BK198: =ROUND(D198*BK$2,2) -> 50.37 | BM198: =ROUND(T198*BM$3+BM$4,1) -> 94.8 | BN198: =ROUND(F198*BM$3+BM$4,1) -> 69.1 | BO198: =ROUND(AH198*BM$3+BM$4,1) -> 39.5 | BP198: =ROUND(0.6105*(EXP((17.273*R198)/(R198+237.3)))*BO198/100, 3) -> 0.651 | BQ198: =ROUND((100-BO198)*BP198/BO198,3) -> 0.997 | BS198: 0 | BV198: =BJ198 -> 25.07 | BW198: =BK198 -> 50.37 | BX198: =ROUND(E198,1) -> 8.9 | BY198: =ROUND(G198,1) -> 9 | BZ198: =ROUND(H198,1) -> 8.6 | CA198: =ROUND(I198,1) -> 10.3 | CB198: =ROUND(L198,1) -> 10.4 | CC198: =ROUND(M198,1) -> 9.6 | CD198: =ROUND(N198,1) -> 7.9 | CE198: =ROUND(BN198,1) -> 69.1 | CF198: =ROUND(R198,1) -> 14.5 | CG198: =ROUND(V198,1) -> 15.7 | CH198: =ROUND(W198,1) -> 17.9 | CI198: =ROUND(X198,1) -> 26.6 | CJ198: =ROUND(AA198,1) -> 13.2 | CK198: =ROUND(AB198,1) -> 10 | CL198: =ROUND(AC198,1) -> 8.2 | CM198: =ROUND(BM198,1) -> 94.8 | CN198: =ROUND(AF198,1) -> 1.6 | CO198: =ROUND(AJ198,1) -> 0.8 | CP198: =ROUND(AK198,1) -> 0 | CQ198: =ROUND(AL198,1) -> 0.1 | CR198: =ROUND(AO198,1) -> 8.3 | CS198: =ROUND(AP198,1) -> 9.3 | CT198: =ROUND(AQ198,1) -> 7.7 | CU198: =ROUND(BO198,1) -> 39.5 | CV198: NA | CW198: =ROUND(PPTest!K198,1) -> 0 | CX198: =ROUND(P198,2) -> 2.34 | CY198: =ROUND(AD198,2) -> 5.86 | CZ198: =BP198 -> 0.651 | DA198: =BQ198 -> 0.997 | DB198: =BB198 -> 12.92 | DD198: 12.8 | DE198: 16.8 | DF198: 8.6 | DG198: 65.5 | DH198: 47 | DZ198: 10.1 | EA198: 16.1 | EB198: 2.8 | EC198: 0
A199: 35257 | B199: 193 | C199: 31.21 | D199: 59.45 | E199: 10.24 | F199: 63.9 | G199: 10.37 | H199: 9.72 | I199: 11.07 | J199: 11.4 | K199: 11.65 | L199: 10.38 | M199: 9.25 | N199: 7.95 | O199: 0 | P199: 1.9308333 | Q199: 0 | R199: 19.01 | S199: 1747 | T199: 98.8 | U199: 426 | V199: 18.97 | W199: 22.35 | X199: 26.71 | Y199: 23.25 | Z199: 24.63 | AA199: 14.03 | AB199: 9.7 | AC199: 8.19 | AD199: 4.6741667 | AE199: 1022 | AF199: -0.208 | AG199: 443 | AH199: 35.68 | AI199: 1435 | AJ199: -1.148 | AK199: -1.762 | AL199: -1.285 | AM199: -0.717 | AN199: -0.993 | AO199: 7.09 | AP199: 8.87 | AQ199: 7.64 | AR199: 0.096 | AS199: 0.313 | AT199: 0.191 | AU199: 0.033 | AV199: 0.059 | AW199: 0.116 | AX199: 0.11 | AY199: 0.081 | AZ199: 10.57 | BA199: 3474 | BB199: 12.86 | BC199: 2876 | BH199: 32.08 | BI199: =BH199*$BI$1 -> 64.8016 | BJ199: =ROUND(C199*BJ$2,2) -> 31.21 | BK199: =ROUND(D199*BK$2,2) -> 62.39 | BM199: =ROUND(T199*BM$3+BM$4,1) -> 92.3 | BN199: =ROUND(F199*BM$3+BM$4,1) -> 60 | BO199: =ROUND(AH199*BM$3+BM$4,1) -> 34 | BP199: =ROUND(0.6105*(EXP((17.273*R199)/(R199+237.3)))*BO199/100, 3) -> 0.747 | BQ199: =ROUND((100-BO199)*BP199/BO199,3) -> 1.45 | BS199: 0 | BV199: =BJ199 -> 31.21 | BW199: =BK199 -> 62.39 | BX199: =ROUND(E199,1) -> 10.2 | BY199: =ROUND(G199,1) -> 10.4 | BZ199: =ROUND(H199,1) -> 9.7 | CA199: =ROUND(I199,1) -> 11.1 | CB199: =ROUND(L199,1) -> 10.4 | CC199: =ROUND(M199,1) -> 9.3 | CD199: =ROUND(N199,1) -> 8 | CE199: =ROUND(BN199,1) -> 60 | CF199: =ROUND(R199,1) -> 19 | CG199: =ROUND(V199,1) -> 19 | CH199: =ROUND(W199,1) -> 22.4 | CI199: =ROUND(X199,1) -> 26.7 | CJ199: =ROUND(AA199,1) -> 14 | CK199: =ROUND(AB199,1) -> 9.7 | CL199: =ROUND(AC199,1) -> 8.2 | CM199: =ROUND(BM199,1) -> 92.3 | CN199: =ROUND(AF199,1) -> -0.2 | CO199: =ROUND(AJ199,1) -> -1.1 | CP199: =ROUND(AK199,1) -> -1.8 | CQ199: =ROUND(AL199,1) -> -1.3 | CR199: =ROUND(AO199,1) -> 7.1 | CS199: =ROUND(AP199,1) -> 8.9 | CT199: =ROUND(AQ199,1) -> 7.6 | CU199: =ROUND(BO199,1) -> 34 | CV199: NA | CW199: =ROUND(PPTest!K199,1) -> 0 | CX199: =ROUND(P199,2) -> 1.93 | CY199: =ROUND(AD199,2) -> 4.67 | CZ199: =BP199 -> 0.747 | DA199: =BQ199 -> 1.45 | DB199: =BB199 -> 12.86 | DD199: 15 | DE199: 21.1 | DF199: 7.4 | DG199: 51.3 | DH199: 40 | DR199: Intercept from 1997 (0.76*FWS - 3.6) | DZ199: 11.2 | EA199: 19.5 | EB199: 1.3 | EC199: 0
A200: 35258 | B200: 194 | C200: 31.02 | D200: 60.49 | E200: 13.95 | F200: 58.71 | G200: 14.03 | H200: 13.37 | I200: 14.06 | J200: 14.59 | K200: 15.05 | L200: 11.23 | M200: 9.41 | N200: 7.91 | O200: 0 | P200: 2.0441667 | Q200: 0 | R200: 22.49 | S200: 1733 | T200: 99.3 | U200: 457 | V200: 23.7 | W200: 24.89 | X200: 31.37 | Y200: 25.83 | Z200: 26.39 | AA200: 14.91 | AB200: 10.03 | AC200: 8.13 | AD200: 5.2075 | AE200: 1541 | AF200: 2.384 | AG200: 312 | AH200: 26.47 | AI200: 1402 | AJ200: 1.591 | AK200: 1.004 | AL200: 1.257 | AM200: 1.079 | AN200: 1.138 | AO200: 7.82 | AP200: 9 | AQ200: 7.68 | AR200: 0.033 | AS200: 0.228 | AT200: 0.177 | AU200: 0.037 | AV200: 0.117 | AW200: 0.216 | AX200: 0.122 | AY200: 0.069 | AZ200: 13.83 | BA200: 3474 | BB200: 12.81 | BC200: 2876 | BH200: 31.97 | BI200: =BH200*$BI$1 -> 64.5794 | BJ200: =ROUND(C200*BJ$2,2) -> 31.02 | BK200: =ROUND(D200*BK$2,2) -> 63.48 | BM200: =ROUND(T200*BM$3+BM$4,1) -> 92.8 | BN200: =ROUND(F200*BM$3+BM$4,1) -> 55.2 | BO200: =ROUND(AH200*BM$3+BM$4,1) -> 25.5 | BP200: =ROUND(0.6105*(EXP((17.273*R200)/(R200+237.3)))*BO200/100, 3) -> 0.694 | BQ200: =ROUND((100-BO200)*BP200/BO200,3) -> 2.028 | BS200: 0 | BV200: =BJ200 -> 31.02 | BW200: =BK200 -> 63.48 | BX200: =ROUND(E200,1) -> 14 | BY200: =ROUND(G200,1) -> 14 | BZ200: =ROUND(H200,1) -> 13.4 | CA200: =ROUND(I200,1) -> 14.1 | CB200: =ROUND(L200,1) -> 11.2 | CC200: =ROUND(M200,1) -> 9.4 | CD200: =ROUND(N200,1) -> 7.9 | CE200: =ROUND(BN200,1) -> 55.2 | CF200: =ROUND(R200,1) -> 22.5 | CG200: =ROUND(V200,1) -> 23.7 | CH200: =ROUND(W200,1) -> 24.9 | CI200: =ROUND(X200,1) -> 31.4 | CJ200: =ROUND(AA200,1) -> 14.9 | CK200: =ROUND(AB200,1) -> 10 | CL200: =ROUND(AC200,1) -> 8.1 | CM200: =ROUND(BM200,1) -> 92.8 | CN200: =ROUND(AF200,1) -> 2.4 | CO200: =ROUND(AJ200,1) -> 1.6 | CP200: =ROUND(AK200,1) -> 1 | CQ200: =ROUND(AL200,1) -> 1.3 | CR200: =ROUND(AO200,1) -> 7.8 | CS200: =ROUND(AP200,1) -> 9 | CT200: =ROUND(AQ200,1) -> 7.7 | CU200: =ROUND(BO200,1) -> 25.5 | CV200: NA | CW200: =ROUND(PPTest!K200,1) -> 0 | CX200: =ROUND(P200,2) -> 2.04 | CY200: =ROUND(AD200,2) -> 5.21 | CZ200: =BP200 -> 0.694 | DA200: =BQ200 -> 2.028 | DB200: =BB200 -> 12.81 | DD200: 18.8 | DE200: 24.7 | DF200: 12.3 | DG200: 45.4 | DH200: 32 | DZ200: 15.3 | EA200: 23.8 | EB200: 3.6 | EC200: 0
A201: 35259 | B201: 195 | C201: 31.59 | D201: 61.57 | E201: 15.03 | F201: 53.32 | G201: 15.09 | H201: 14.21 | I201: 14.31 | J201: 15.68 | K201: 16.13 | L201: 11.76 | M201: 9.76 | N201: 7.91 | O201: 0 | P201: 2.0458333 | Q201: 0 | R201: 22.5 | S201: 1647 | T201: 89.8 | U201: 442 | V201: 23.19 | W201: 25.3 | X201: 30.96 | Y201: 26.76 | Z201: 27.35 | AA201: 15.19 | AB201: 10.3 | AC201: 8.14 | AD201: 4.7941667 | AE201: 1537 | AF201: 5.1 | AG201: 442 | AH201: 26.06 | AI201: 1648 | AJ201: 4.065 | AK201: 3.215 | AL201: 2.205 | AM201: 3.445 | AN201: 3.732 | AO201: 8.7 | AP201: 9.35 | AQ201: 7.69 | AR201: 0.078 | AS201: 0.262 | AT201: 0.145 | AU201: 0.024 | AV201: 0.09 | AW201: 0.212 | AX201: 0.105 | AY201: 0.084 | AZ201: 14.84 | BA201: 3474 | BB201: 12.8 | BC201: 2876 | BH201: 31.87 | BI201: =BH201*$BI$1 -> 64.3774 | BJ201: =ROUND(C201*BJ$2,2) -> 31.59 | BK201: =ROUND(D201*BK$2,2) -> 64.61 | BM201: =ROUND(T201*BM$3+BM$4,1) -> 84 | BN201: =ROUND(F201*BM$3+BM$4,1) -> 50.3 | BO201: =ROUND(AH201*BM$3+BM$4,1) -> 25.1 | BP201: =ROUND(0.6105*(EXP((17.273*R201)/(R201+237.3)))*BO201/100, 3) -> 0.684 | BQ201: =ROUND((100-BO201)*BP201/BO201,3) -> 2.041 | BS201: 0 | BV201: =BJ201 -> 31.59 | BW201: =BK201 -> 64.61 | BX201: =ROUND(E201,1) -> 15 | BY201: =ROUND(G201,1) -> 15.1 | BZ201: =ROUND(H201,1) -> 14.2 | CA201: =ROUND(I201,1) -> 14.3 | CB201: =ROUND(L201,1) -> 11.8 | CC201: =ROUND(M201,1) -> 9.8 | CD201: =ROUND(N201,1) -> 7.9 | CE201: =ROUND(BN201,1) -> 50.3 | CF201: =ROUND(R201,1) -> 22.5 | CG201: =ROUND(V201,1) -> 23.2 | CH201: =ROUND(W201,1) -> 25.3 | CI201: =ROUND(X201,1) -> 31 | CJ201: =ROUND(AA201,1) -> 15.2 | CK201: =ROUND(AB201,1) -> 10.3 | CL201: =ROUND(AC201,1) -> 8.1 | CM201: =ROUND(BM201,1) -> 84 | CN201: =ROUND(AF201,1) -> 5.1 | CO201: =ROUND(AJ201,1) -> 4.1 | CP201: =ROUND(AK201,1) -> 3.2 | CQ201: =ROUND(AL201,1) -> 2.2 | CR201: =ROUND(AO201,1) -> 8.7 | CS201: =ROUND(AP201,1) -> 9.4 | CT201: =ROUND(AQ201,1) -> 7.7 | CU201: =ROUND(BO201,1) -> 25.1 | CV201: NA | CW201: =ROUND(PPTest!K201,1) -> 0 | CX201: =ROUND(P201,2) -> 2.05 | CY201: =ROUND(AD201,2) -> 4.79 | CZ201: =BP201 -> 0.684 | DA201: =BQ201 -> 2.041 | DB201: =BB201 -> 12.8 | DD201: 19.8 | DE201: 25.4 | DF201: 13.6 | DG201: 38.7 | DH201: 28 | DZ201: 16.6 | EA201: 24.2 | EB201: 7.7 | EC201: 0
A202: 35260 | B202: 196 | C202: 31.17 | D202: 61.16 | E202: 15.76 | F202: 56.4 | G202: 15.87 | H202: 15.13 | I202: 15.74 | J202: 16.71 | K202: 17.03 | L202: 12.06 | M202: 9.96 | N202: 7.94 | O202: 0 | P202: 2.1391667 | Q202: 0 | R202: 23.71 | S202: 1650 | T202: 93.6 | U202: 439 | V202: 24.91 | W202: 26.75 | X202: 32.43 | Y202: 28.15 | Z202: 29.14 | AA202: 15.51 | AB202: 10.53 | AC202: 8.16 | AD202: 5.2341667 | AE202: 1444 | AF202: 4.348 | AG202: 433 | AH202: 28.97 | AI202: 1248 | AJ202: 3.538 | AK202: 2.964 | AL202: 2.946 | AM202: 3.023 | AN202: 3.141 | AO202: 8.83 | AP202: 9.53 | AQ202: 7.71 | AR202: 0.053 | AS202: 0.315 | AT202: 0.201 | AU202: 0.011 | AV202: 0.071 | AW202: 0.143 | AX202: 0.117 | AY202: 0.089 | AZ202: 15.82 | BA202: 3474 | BB202: 12.78 | BC202: 2876 | BH202: 31.77 | BI202: =BH202*$BI$1 -> 64.1754 | BJ202: =ROUND(C202*BJ$2,2) -> 31.17 | BK202: =ROUND(D202*BK$2,2) -> 64.18 | BM202: =ROUND(T202*BM$3+BM$4,1) -> 87.5 | BN202: =ROUND(F202*BM$3+BM$4,1) -> 53.1 | BO202: =ROUND(AH202*BM$3+BM$4,1) -> 27.8 | BP202: =ROUND(0.6105*(EXP((17.273*R202)/(R202+237.3)))*BO202/100, 3) -> 0.815 | BQ202: =ROUND((100-BO202)*BP202/BO202,3) -> 2.117 | BS202: 0 | BV202: =BJ202 -> 31.17 | BW202: =BK202 -> 64.18 | BX202: =ROUND(E202,1) -> 15.8 | BY202: =ROUND(G202,1) -> 15.9 | BZ202: =ROUND(H202,1) -> 15.1 | CA202: =ROUND(I202,1) -> 15.7 | CB202: =ROUND(L202,1) -> 12.1 | CC202: =ROUND(M202,1) -> 10 | CD202: =ROUND(N202,1) -> 7.9 | CE202: =ROUND(BN202,1) -> 53.1 | CF202: =ROUND(R202,1) -> 23.7 | CG202: =ROUND(V202,1) -> 24.9 | CH202: =ROUND(W202,1) -> 26.8 | CI202: =ROUND(X202,1) -> 32.4 | CJ202: =ROUND(AA202,1) -> 15.5 | CK202: =ROUND(AB202,1) -> 10.5 | CL202: =ROUND(AC202,1) -> 8.2 | CM202: =ROUND(BM202,1) -> 87.5 | CN202: =ROUND(AF202,1) -> 4.3 | CO202: =ROUND(AJ202,1) -> 3.5 | CP202: =ROUND(AK202,1) -> 3 | CQ202: =ROUND(AL202,1) -> 2.9 | CR202: =ROUND(AO202,1) -> 8.8 | CS202: =ROUND(AP202,1) -> 9.5 | CT202: =ROUND(AQ202,1) -> 7.7 | CU202: =ROUND(BO202,1) -> 27.8 | CV202: NA | CW202: =ROUND(PPTest!K202,1) -> 0 | CX202: =ROUND(P202,2) -> 2.14 | CY202: =ROUND(AD202,2) -> 5.23 | CZ202: =BP202 -> 0.815 | DA202: =BQ202 -> 2.117 | DB202: =BB202 -> 12.78 | DD202: 21.4 | DE202: 26.7 | DF202: 15.5 | DG202: 38.7 | DH202: 33 | DZ202: 18.2 | EA202: 26.8 | EB202: 7.5 | EC202: 0
A203: 35261 | B203: 197 | C203: 31.43 | D203: 61.68 | E203: 16.7 | F203: 55.28 | G203: 16.89 | H203: 16.28 | I203: 16.48 | J203: 17.6 | K203: 17.87 | L203: 12.52 | M203: 10.26 | N203: 8.03 | O203: 0 | P203: 2.4675 | Q203: 0 | R203: 24.19 | S203: 1523 | T203: 95 | U203: 441 | V203: 25.08 | W203: 27 | X203: 32.4 | Y203: 28.93 | Z203: 27.96 | AA203: 15.97 | AB203: 10.86 | AC203: 8.23 | AD203: 5.8475 | AE203: 1413 | AF203: 6.302 | AG203: 440 | AH203: 27.22 | AI203: 1856 | AJ203: 5.469 | AK203: 4.774 | AL203: 4.572 | AM203: 4.842 | AN203: 5.039 | AO203: 9.53 | AP203: 9.85 | AQ203: 7.81 | AR203: 0.012 | AS203: 0.166 | AT203: 0.187 | AU203: 0.024 | AV203: 0.103 | AW203: 0.318 | AX203: 0.163 | AY203: 0.026 | AZ203: 16.81 | BA203: 3474 | BB203: 12.77 | BC203: 2876 | BH203: 31.65 | BI203: =BH203*$BI$1 -> 63.933 | BJ203: =ROUND(C203*BJ$2,2) -> 31.43 | BK203: =ROUND(D203*BK$2,2) -> 64.73 | BM203: =ROUND(T203*BM$3+BM$4,1) -> 88.8 | BN203: =ROUND(F203*BM$3+BM$4,1) -> 52.1 | BO203: =ROUND(AH203*BM$3+BM$4,1) -> 26.2 | BP203: =ROUND(0.6105*(EXP((17.273*R203)/(R203+237.3)))*BO203/100, 3) -> 0.791 | BQ203: =ROUND((100-BO203)*BP203/BO203,3) -> 2.228 | BS203: 0 | BV203: =BJ203 -> 31.43 | BW203: =BK203 -> 64.73 | BX203: =ROUND(E203,1) -> 16.7 | BY203: =ROUND(G203,1) -> 16.9 | BZ203: =ROUND(H203,1) -> 16.3 | CA203: =ROUND(I203,1) -> 16.5 | CB203: =ROUND(L203,1) -> 12.5 | CC203: =ROUND(M203,1) -> 10.3 | CD203: =ROUND(N203,1) -> 8 | CE203: =ROUND(BN203,1) -> 52.1 | CF203: =ROUND(R203,1) -> 24.2 | CG203: =ROUND(V203,1) -> 25.1 | CH203: =ROUND(W203,1) -> 27 | CI203: =ROUND(X203,1) -> 32.4 | CJ203: =ROUND(AA203,1) -> 16 | CK203: =ROUND(AB203,1) -> 10.9 | CL203: =ROUND(AC203,1) -> 8.2 | CM203: =ROUND(BM203,1) -> 88.8 | CN203: =ROUND(AF203,1) -> 6.3 | CO203: =ROUND(AJ203,1) -> 5.5 | CP203: =ROUND(AK203,1) -> 4.8 | CQ203: =ROUND(AL203,1) -> 4.6 | CR203: =ROUND(AO203,1) -> 9.5 | CS203: =ROUND(AP203,1) -> 9.9 | CT203: =ROUND(AQ203,1) -> 7.8 | CU203: =ROUND(BO203,1) -> 26.2 | CV203: NA | CW203: =ROUND(PPTest!K203,1) -> 0 | CX203: =ROUND(P203,2) -> 2.47 | CY203: =ROUND(AD203,2) -> 5.85 | CZ203: =BP203 -> 0.791 | DA203: =BQ203 -> 2.228 | DB203: =BB203 -> 12.77 | DD203: 21.3 | DE203: 26.8 | DF203: 16.2 | DG203: 41.6 | DH203: 33 | DZ203: 18.6 | EA203: 25.8 | EB203: 10.2 | EC203: 0
A204: 35262 | B204: 198 | C204: 15.45 | D204: 31.24 | E204: 12.54 | F204: 63.97 | G204: 12.24 | H204: 11.86 | I204: 12.65 | J204: 12.31 | K204: 12.68 | L204: 11.36 | M204: 10.37 | N204: 8.17 | O204: 0 | P204: 1.9558333 | Q204: 0 | R204: 16.28 | S204: 1621 | T204: 86.2 | U204: 2355 | V204: 16.92 | W204: 18.47 | X204: 24.33 | Y204: 18.35 | Z204: 18.36 | AA204: 12.65 | AB204: 10.79 | AC204: 8.3 | AD204: 5.2875 | AE204: 1302 | AF204: 7.69 | AG204: 435 | AH204: 45.63 | AI204: 1628 | AJ204: 6.421 | AK204: 5.425 | AL204: 4.504 | AM204: 5.91 | AN204: 6.395 | AO204: 10.06 | AP204: 10.18 | AQ204: 8 | AR204: 0.024 | AS204: 0.177 | AT204: 0.079 | AU204: 0.012 | AV204: 0.099 | AW204: 0.41 | AX204: 0.169 | AY204: 0.028 | AZ204: 12.02 | BA204: 3474 | BB204: 12.91 | BC204: 2876 | BH204: 31.54 | BI204: =BH204*$BI$1 -> 63.7108 | BJ204: =ROUND(C204*BJ$2,2) -> 15.45 | BK204: =ROUND(D204*BK$2,2) -> 32.78 | BM204: =ROUND(T204*BM$3+BM$4,1) -> 80.6 | BN204: =ROUND(F204*BM$3+BM$4,1) -> 60.1 | BO204: =ROUND(AH204*BM$3+BM$4,1) -> 43.2 | BP204: =ROUND(0.6105*(EXP((17.273*R204)/(R204+237.3)))*BO204/100, 3) -> 0.799 | BQ204: =ROUND((100-BO204)*BP204/BO204,3) -> 1.051 | BS204: 0 | BV204: =BJ204 -> 15.45 | BW204: =BK204 -> 32.78 | BX204: =ROUND(E204,1) -> 12.5 | BY204: =ROUND(G204,1) -> 12.2 | BZ204: =ROUND(H204,1) -> 11.9 | CA204: =ROUND(I204,1) -> 12.7 | CB204: =ROUND(L204,1) -> 11.4 | CC204: =ROUND(M204,1) -> 10.4 | CD204: =ROUND(N204,1) -> 8.2 | CE204: =ROUND(BN204,1) -> 60.1 | CF204: =ROUND(R204,1) -> 16.3 | CG204: =ROUND(V204,1) -> 16.9 | CH204: =ROUND(W204,1) -> 18.5 | CI204: =ROUND(X204,1) -> 24.3 | CJ204: =ROUND(AA204,1) -> 12.7 | CK204: =ROUND(AB204,1) -> 10.8 | CL204: =ROUND(AC204,1) -> 8.3 | CM204: =ROUND(BM204,1) -> 80.6 | CN204: =ROUND(AF204,1) -> 7.7 | CO204: =ROUND(AJ204,1) -> 6.4 | CP204: =ROUND(AK204,1) -> 5.4 | CQ204: =ROUND(AL204,1) -> 4.5 | CR204: =ROUND(AO204,1) -> 10.1 | CS204: =ROUND(AP204,1) -> 10.2 | CT204: =ROUND(AQ204,1) -> 8 | CU204: =ROUND(BO204,1) -> 43.2 | CV204: NA | CW204: =ROUND(PPTest!K204,1) -> 0 | CX204: =ROUND(P204,2) -> 1.96 | CY204: =ROUND(AD204,2) -> 5.29 | CZ204: =BP204 -> 0.799 | DA204: =BQ204 -> 1.051 | DB204: =BB204 -> 12.91 | DD204: 15.4 | DE204: 19.6 | DF204: 10 | DG204: 52.3 | DH204: 45 | DZ204: 13.4 | EA204: 18.8 | EB204: 8.1 | EC204: 0
A205: 35263 | B205: 199 | C205: 19.41 | D205: 38.65 | E205: 9.59 | F205: 83.3 | G205: 9.78 | H205: 9.42 | I205: 11.64 | J205: 10.3 | K205: 10.48 | L205: 10.61 | M205: 9.85 | N205: 8.22 | O205: 0 | P205: 2.2358333 | Q205: 17 | R205: 18.76 | S205: 1358 | T205: 106.9 | U205: 2123 | V205: 19.94 | W205: 22.56 | X205: 29.2 | Y205: 22.1 | Z205: 22.34 | AA205: 13.21 | AB205: 10.2 | AC205: 8.42 | AD205: 6.7408333 | AE205: 2037 | AF205: 3.327 | AG205: 2310 | AH205: 40.74 | AI205: 1402 | AJ205: 3.026 | AK205: 2.337 | AL205: 2.212 | AM205: 2.63 | AN205: 2.818 | AO205: 8.72 | AP205: 9.61 | AQ205: 8.04 | AR205: 0.02 | AS205: 0.146 | AT205: 0.159 | AU205: 0.051 | AV205: 0.193 | AW205: 0.328 | AX205: 0.068 | AY205: 0.035 | AZ205: 10.3 | BA205: 3474 | BB205: 12.91 | BC205: 2876 | BH205: 31.42 | BI205: =BH205*$BI$1 -> 63.4684 | BJ205: =ROUND(C205*BJ$2,2) -> 19.41 | BK205: =ROUND(D205*BK$2,2) -> 40.56 | BM205: =ROUND(T205*BM$3+BM$4,1) -> 99.8 | BN205: =ROUND(F205*BM$3+BM$4,1) -> 78 | BO205: =ROUND(AH205*BM$3+BM$4,1) -> 38.6 | BP205: =ROUND(0.6105*(EXP((17.273*R205)/(R205+237.3)))*BO205/100, 3) -> 0.835 | BQ205: =ROUND((100-BO205)*BP205/BO205,3) -> 1.328 | BS205: 17 | BV205: =BJ205 -> 19.41 | BW205: =BK205 -> 40.56 | BX205: =ROUND(E205,1) -> 9.6 | BY205: =ROUND(G205,1) -> 9.8 | BZ205: =ROUND(H205,1) -> 9.4 | CA205: =ROUND(I205,1) -> 11.6 | CB205: =ROUND(L205,1) -> 10.6 | CC205: =ROUND(M205,1) -> 9.9 | CD205: =ROUND(N205,1) -> 8.2 | CE205: =ROUND(BN205,1) -> 78 | CF205: =ROUND(R205,1) -> 18.8 | CG205: =ROUND(V205,1) -> 19.9 | CH205: =ROUND(W205,1) -> 22.6 | CI205: =ROUND(X205,1) -> 29.2 | CJ205: =ROUND(AA205,1) -> 13.2 | CK205: =ROUND(AB205,1) -> 10.2 | CL205: =ROUND(AC205,1) -> 8.4 | CM205: =ROUND(BM205,1) -> 99.8 | CN205: =ROUND(AF205,1) -> 3.3 | CO205: =ROUND(AJ205,1) -> 3 | CP205: =ROUND(AK205,1) -> 2.3 | CQ205: =ROUND(AL205,1) -> 2.2 | CR205: =ROUND(AO205,1) -> 8.7 | CS205: =ROUND(AP205,1) -> 9.6 | CT205: =ROUND(AQ205,1) -> 8 | CU205: =ROUND(BO205,1) -> 38.6 | CV205: NA | CW205: =ROUND(PPTest!K205,1) -> 17 | CX205: =ROUND(P205,2) -> 2.24 | CY205: =ROUND(AD205,2) -> 6.74 | CZ205: =BP205 -> 0.835 | DA205: =BQ205 -> 1.328 | DB205: =BB205 -> 12.91 | DD205: 10.4 | DE205: 15.8 | DF205: 5.5 | DG205: 81 | DH205: 61 | DZ205: 9.2 | EA205: 16 | EB205: 2.4 | EC205: 18.3
A206: 35264 | B206: 200 | E206: =ROUND(DD206*0.75-0.6,1) -> 4.5 | R206: =ROUND(DE206*0.95-1.2,1) -> 10 | AF206: =ROUND(DF206*0.76-3.6,1) -> -0.6 | BH206: 31.29 | BI206: =BH206*$BI$1 -> 63.2058 | BP206: =ROUND(0.6105*(EXP((17.273*AF206)/(AF206+237.3))), 3) -> 0.584 | BQ206: =ROUND(0.6105*(EXP((17.273*R206)/(R206+237.3)))-BP206, 3) -> 0.644 | BS206: 9.1 | BV206: NA | BW206: NA | BX206: =ROUND(E206,1) -> 4.5 | BY206: NA | BZ206: NA | CA206: NA | CB206: NA | CC206: NA | CD206: NA | CE206: NA | CF206: =ROUND(R206,1) -> 10 | CG206: NA | CH206: NA | CI206: NA | CJ206: NA | CK206: NA | CL206: NA | CM206: NA | CN206: =ROUND(AF206,1) -> -0.6 | CO206: NA | CP206: NA | CQ206: NA | CR206: NA | CS206: NA | CT206: NA | CU206: NA | CV206: NA | CW206: =ROUND(PPTest!K206,1) -> 9.6 | CX206: NA | CY206: NA | CZ206: =BP206 -> 0.584 | DA206: =BQ206 -> 0.644 | DB206: NA | DD206: 6.8 | DE206: 11.8 | DF206: 3.9 | DG206: 92.3 | DH206: 64 | DZ206: 3.6 | EA206: 7.9 | EB206: -0.4 | EC206: 8.4
A207: 35265 | B207: 201 | E207: =ROUND(DD207*0.75-0.6,1) -> 4.8 | R207: =ROUND(DE207*0.95-1.2,1) -> 8.5 | AF207: =ROUND(DF207*0.76-3.6,1) -> -0.3 | BH207: 31.17 | BI207: =BH207*$BI$1 -> 62.9634 | BP207: =ROUND(0.6105*(EXP((17.273*AF207)/(AF207+237.3))), 3) -> 0.597 | BQ207: =ROUND(0.6105*(EXP((17.273*R207)/(R207+237.3)))-BP207, 3) -> 0.512 | BS207: 1.5 | BV207: NA | BW207: NA | BX207: =ROUND(E207,1) -> 4.8 | BY207: NA | BZ207: NA | CA207: NA | CB207: NA | CC207: NA | CD207: NA | CE207: NA | CF207: =ROUND(R207,1) -> 8.5 | CG207: NA | CH207: NA | CI207: NA | CJ207: NA | CK207: NA | CL207: NA | CM207: NA | CN207: =ROUND(AF207,1) -> -0.3 | CO207: NA | CP207: NA | CQ207: NA | CR207: NA | CS207: NA | CT207: NA | CU207: NA | CV207: NA | CW207: =ROUND(PPTest!K207,1) -> 1.6 | CX207: NA | CY207: NA | CZ207: =BP207 -> 0.597 | DA207: =BQ207 -> 0.512 | DB207: NA | DD207: 7.2 | DE207: 10.2 | DF207: 4.4 | DG207: 91.2 | DH207: 75 | DZ207: 3.9 | EA207: 7.4 | EB207: -0.2 | EC207: 3.8
A208: 35266 | B208: 202 | E208: =ROUND(DD208*0.75-0.6,1) -> 6.5 | R208: =ROUND(DE208*0.95-1.2,1) -> 10.8 | AF208: =ROUND(DF208*0.76-3.6,1) -> 1.6 | BH208: 31.03 | BI208: =BH208*$BI$1 -> 62.6806 | BP208: =ROUND(0.6105*(EXP((17.273*AF208)/(AF208+237.3))), 3) -> 0.685 | BQ208: =ROUND(0.6105*(EXP((17.273*R208)/(R208+237.3)))-BP208, 3) -> 0.61 | BS208: 0.3 | BV208: NA | BW208: NA | BX208: =ROUND(E208,1) -> 6.5 | BY208: NA | BZ208: NA | CA208: NA | CB208: NA | CC208: NA | CD208: NA | CE208: NA | CF208: =ROUND(R208,1) -> 10.8 | CG208: NA | CH208: NA | CI208: NA | CJ208: NA | CK208: NA | CL208: NA | CM208: NA | CN208: =ROUND(AF208,1) -> 1.6 | CO208: NA | CP208: NA | CQ208: NA | CR208: NA | CS208: NA | CT208: NA | CU208: NA | CV208: NA | CW208: =ROUND(PPTest!K208,1) -> 0.3 | CX208: NA | CY208: NA | CZ208: =BP208 -> 0.685 | DA208: =BQ208 -> 0.61 | DB208: NA | DD208: 9.5 | DE208: 12.6 | DF208: 6.8 | DG208: 86.4 | DH208: 77 | DZ208: 7.2 | EA208: 13.7 | EB208: 0.6 | EC208: 0
A209: 35267 | B209: 203 | E209: =ROUND(DD209*0.75-0.6,1) -> 9.2 | R209: =ROUND(DE209*0.95-1.2,1) -> 16.6 | AF209: =ROUND(DF209*0.76-3.6,1) -> 2.8 | BH209: 30.9 | BI209: =BH209*$BI$1 -> 62.418 | BP209: =ROUND(0.6105*(EXP((17.273*AF209)/(AF209+237.3))), 3) -> 0.747 | BQ209: =ROUND(0.6105*(EXP((17.273*R209)/(R209+237.3)))-BP209, 3) -> 1.142 | BS209: 0 | BV209: NA | BW209: NA | BX209: =ROUND(E209,1) -> 9.2 | BY209: NA | BZ209: NA | CA209: NA | CB209: NA | CC209: NA | CD209: NA | CE209: NA | CF209: =ROUND(R209,1) -> 16.6 | CG209: NA | CH209: NA | CI209: NA | CJ209: NA | CK209: NA | CL209: NA | CM209: NA | CN209: =ROUND(AF209,1) -> 2.8 | CO209: NA | CP209: NA | CQ209: NA | CR209: NA | CS209: NA | CT209: NA | CU209: NA | CV209: NA | CW209: =ROUND(PPTest!K209,1) -> 0 | CX209: NA | CY209: NA | CZ209: =BP209 -> 0.747 | DA209: =BQ209 -> 1.142 | DB209: NA | DD209: 13 | DE209: 18.7 | DF209: 8.4 | DG209: 79.6 | DH209: 57 | DZ209: 10 | EA209: 18.2 | EB209: 0.9 | EC209: 0
A210: 35268 | B210: 204 | E210: =ROUND(DD210*0.75-0.6,1) -> 12.5 | R210: =ROUND(DE210*0.95-1.2,1) -> 21.8 | AF210: =ROUND(DF210*0.76-3.6,1) -> 3.7 | BH210: 30.76 | BI210: =BH210*$BI$1 -> 62.1352 | BP210: =ROUND(0.6105*(EXP((17.273*AF210)/(AF210+237.3))), 3) -> 0.796 | BQ210: =ROUND(0.6105*(EXP((17.273*R210)/(R210+237.3)))-BP210, 3) -> 1.815 | BS210: 0 | BV210: NA | BW210: NA | BX210: =ROUND(E210,1) -> 12.5 | BY210: NA | BZ210: NA | CA210: NA | CB210: NA | CC210: NA | CD210: NA | CE210: NA | CF210: =ROUND(R210,1) -> 21.8 | CG210: NA | CH210: NA | CI210: NA | CJ210: NA | CK210: NA | CL210: NA | CM210: NA | CN210: =ROUND(AF210,1) -> 3.7 | CO210: NA | CP210: NA | CQ210: NA | CR210: NA | CS210: NA | CT210: NA | CU210: NA | CV210: NA | CW210: =ROUND(PPTest!K210,1) -> 0 | CX210: NA | CY210: NA | CZ210: =BP210 -> 0.796 | DA210: =BQ210 -> 1.815 | DB210: NA | DD210: 17.4 | DE210: 24.2 | DF210: 9.6 | DG210: 61.6 | DH210: 40 | DZ210: 14.5 | EA210: 23.8 | EB210: 4 | EC210: 0
A211: 35269 | B211: 205 | E211: =ROUND(DD211*0.75-0.6,1) -> 13.7 | R211: =ROUND(DE211*0.95-1.2,1) -> 22.5 | AF211: =ROUND(DF211*0.76-3.6,1) -> 6.7 | BH211: 30.62 | BI211: =BH211*$BI$1 -> 61.8524 | BP211: =ROUND(0.6105*(EXP((17.273*AF211)/(AF211+237.3))), 3) -> 0.981 | BQ211: =ROUND(0.6105*(EXP((17.273*R211)/(R211+237.3)))-BP211, 3) -> 1.744 | BS211: 0 | BV211: NA | BW211: NA | BX211: =ROUND(E211,1) -> 13.7 | BY211: NA | BZ211: NA | CA211: NA | CB211: NA | CC211: NA | CD211: NA | CE211: NA | CF211: =ROUND(R211,1) -> 22.5 | CG211: NA | CH211: NA | CI211: NA | CJ211: NA | CK211: NA | CL211: NA | CM211: NA | CN211: =ROUND(AF211,1) -> 6.7 | CO211: NA | CP211: NA | CQ211: NA | CR211: NA | CS211: NA | CT211: NA | CU211: NA | CV211: NA | CW211: =ROUND(PPTest!K211,1) -> 0 | CX211: NA | CY211: NA | CZ211: =BP211 -> 0.981 | DA211: =BQ211 -> 1.744 | DB211: NA | DD211: 19.1 | DE211: 24.9 | DF211: 13.6 | DG211: 53.2 | DH211: 36 | DZ211: 16 | EA211: 24 | EB211: 6.3 | EC211: 0
A212: 35270 | B212: 206 | E212: =ROUND(DD212*0.75-0.6,1) -> 14.7 | R212: =ROUND(DE212*0.95-1.2,1) -> 23.8 | AF212: =ROUND(DF212*0.76-3.6,1) -> 7.3 | BH212: 30.47 | BI212: =BH212*$BI$1 -> 61.5494 | BP212: =ROUND(0.6105*(EXP((17.273*AF212)/(AF212+237.3))), 3) -> 1.022 | BQ212: =ROUND(0.6105*(EXP((17.273*R212)/(R212+237.3)))-BP212, 3) -> 1.926 | BS212: 0 | BV212: NA | BW212: NA | BX212: =ROUND(E212,1) -> 14.7 | BY212: NA | BZ212: NA | CA212: NA | CB212: NA | CC212: NA | CD212: NA | CE212: NA | CF212: =ROUND(R212,1) -> 23.8 | CG212: NA | CH212: NA | CI212: NA | CJ212: NA | CK212: NA | CL212: NA | CM212: NA | CN212: =ROUND(AF212,1) -> 7.3 | CO212: NA | CP212: NA | CQ212: NA | CR212: NA | CS212: NA | CT212: NA | CU212: NA | CV212: NA | CW212: =ROUND(PPTest!K212,1) -> 0 | CX212: NA | CY212: NA | CZ212: =BP212 -> 1.022 | DA212: =BQ212 -> 1.926 | DB212: NA | DD212: 20.4 | DE212: 26.3 | DF212: 14.3 | DG212: 44.8 | DH212: 31 | DZ212: 17.2 | EA212: 24.8 | EB212: 8.2 | EC212: 2.8
A213: 35271 | B213: 207 | E213: =ROUND(DD213*0.75-0.6,1) -> 13.7 | R213: =ROUND(DE213*0.95-1.2,1) -> 21.9 | AF213: =ROUND(DF213*0.76-3.6,1) -> 7.1 | BH213: 30.32 | BI213: =BH213*$BI$1 -> 61.2464 | BP213: =ROUND(0.6105*(EXP((17.273*AF213)/(AF213+237.3))), 3) -> 1.008 | BQ213: =ROUND(0.6105*(EXP((17.273*R213)/(R213+237.3)))-BP213, 3) -> 1.619 | BS213: 0 | BV213: NA | BW213: NA | BX213: =ROUND(E213,1) -> 13.7 | BY213: NA | BZ213: NA | CA213: NA | CB213: NA | CC213: NA | CD213: NA | CE213: NA | CF213: =ROUND(R213,1) -> 21.9 | CG213: NA | CH213: NA | CI213: NA | CJ213: NA | CK213: NA | CL213: NA | CM213: NA | CN213: =ROUND(AF213,1) -> 7.1 | CO213: NA | CP213: NA | CQ213: NA | CR213: NA | CS213: NA | CT213: NA | CU213: NA | CV213: NA | CW213: =ROUND(PPTest!K213,1) -> 0 | CX213: NA | CY213: NA | CZ213: =BP213 -> 1.008 | DA213: =BQ213 -> 1.619 | DB213: NA | DD213: 19.1 | DE213: 24.3 | DF213: 14.1 | DG213: 52.6 | DH213: 39 | DZ213: 15.2 | EA213: 22.3 | EB213: 8.4 | EC213: 0
...

Sheet DerVar
A1: Derived variables
A2: Last edit 26/09/17
O5: Sum
A6: Date | B6: DoY | C6: YrMn | D6: DD<0 | E6: DD>5 | H6: Row Labels | I6: Sum of DD<0 | J6: Sum of DD>5 | L6: YrMn | M6: DD<0 | N6: DD>5 | O6: DD<0 | P6: DD>5
A7: 35065 | B7: 1 | C7: 199601 | D7: =ROUND(IF(Data!E7<0,0-Data!E7,0),1) -> 4 | E7: =ROUND(IF(Data!E7>5,Data!E7-5,0),1) -> 0 | H7: 199601 | I7: 387.7 | J7: 0 | L7: =H7 -> 199601 | M7: =I7 -> 387.7 | N7: =J7 -> 0 | O7: =M7 -> 387.7 | P7: =N7 -> 0
A8: 35066 | B8: 2 | C8: 199601 | D8: =ROUND(IF(Data!E8<0,0-Data!E8,0),1) -> 3.1 | E8: =ROUND(IF(Data!E8>5,Data!E8-5,0),1) -> 0 | H8: 199602 | I8: 231.8 | J8: 0 | L8: =H8 -> 199602 | M8: =I8 -> 231.8 | N8: =J8 -> 0 | O8: =M8+O7 -> 619.5 | P8: =N8+P7 -> 0
A9: 35067 | B9: 3 | C9: 199601 | D9: =ROUND(IF(Data!E9<0,0-Data!E9,0),1) -> 7.1 | E9: =ROUND(IF(Data!E9>5,Data!E9-5,0),1) -> 0 | H9: 199603 | I9: 150.3 | J9: 0 | L9: =H9 -> 199603 | M9: =I9 -> 150.3 | N9: =J9 -> 0 | O9: =M9+O8 -> 769.8 | P9: =N9+P8 -> 0
A10: 35068 | B10: 4 | C10: 199601 | D10: =ROUND(IF(Data!E10<0,0-Data!E10,0),1) -> 16.5 | E10: =ROUND(IF(Data!E10>5,Data!E10-5,0),1) -> 0 | H10: 199604 | I10: 23.1 | J10: 2.4 | L10: =H10 -> 199604 | M10: =I10 -> 23.1 | N10: =J10 -> 2.4 | O10: =M10+O9 -> 792.9 | P10: =N10+P9 -> 2.4
A11: 35069 | B11: 5 | C11: 199601 | D11: =ROUND(IF(Data!E11<0,0-Data!E11,0),1) -> 17.2 | E11: =ROUND(IF(Data!E11>5,Data!E11-5,0),1) -> 0 | H11: 199605 | I11: 17.7 | J11: 11.6 | L11: =H11 -> 199605 | M11: =I11 -> 17.7 | N11: =J11 -> 11.6 | O11: =M11+O10 -> 810.6 | P11: =N11+P10 -> 14
A12: 35070 | B12: 6 | C12: 199601 | D12: =ROUND(IF(Data!E12<0,0-Data!E12,0),1) -> 10.3 | E12: =ROUND(IF(Data!E12>5,Data!E12-5,0),1) -> 0 | H12: 199606 | I12: 0 | J12: 79.2 | L12: =H12 -> 199606 | M12: =I12 -> 0 | N12: =J12 -> 79.2 | O12: =M12+O11 -> 810.6 | P12: =N12+P11 -> 93.2
A13: 35071 | B13: 7 | C13: 199601 | D13: =ROUND(IF(Data!E13<0,0-Data!E13,0),1) -> 4 | E13: =ROUND(IF(Data!E13>5,Data!E13-5,0),1) -> 0 | H13: 199607 | I13: 0 | J13: 222.1 | L13: =H13 -> 199607 | M13: =I13 -> 0 | N13: =J13 -> 222.1 | O13: =M13+O12 -> 810.6 | P13: =N13+P12 -> 315.3
A14: 35072 | B14: 8 | C14: 199601 | D14: =ROUND(IF(Data!E14<0,0-Data!E14,0),1) -> 5.6 | E14: =ROUND(IF(Data!E14>5,Data!E14-5,0),1) -> 0 | H14: 199608 | I14: 0 | J14: 183.9 | L14: =H14 -> 199608 | M14: =I14 -> 0 | N14: =J14 -> 183.9 | O14: =M14+O13 -> 810.6 | P14: =N14+P13 -> 499.2
A15: 35073 | B15: 9 | C15: 199601 | D15: =ROUND(IF(Data!E15<0,0-Data!E15,0),1) -> 4 | E15: =ROUND(IF(Data!E15>5,Data!E15-5,0),1) -> 0 | H15: 199609 | I15: 0.5 | J15: 46 | L15: =H15 -> 199609 | M15: =I15 -> 0.5 | N15: =J15 -> 46 | O15: =M15+O14 -> 811.1 | P15: =N15+P14 -> 545.2
A16: 35074 | B16: 10 | C16: 199601 | D16: =ROUND(IF(Data!E16<0,0-Data!E16,0),1) -> 3.8 | E16: =ROUND(IF(Data!E16>5,Data!E16-5,0),1) -> 0 | H16: 199610 | I16: 51.4 | J16: 8.9 | L16: =H16 -> 199610 | M16: =I16 -> 51.4 | N16: =J16 -> 8.9 | O16: =M16+O15 -> 862.5 | P16: =N16+P15 -> 554.1
A17: 35075 | B17: 11 | C17: 199601 | D17: =ROUND(IF(Data!E17<0,0-Data!E17,0),1) -> 3.9 | E17: =ROUND(IF(Data!E17>5,Data!E17-5,0),1) -> 0 | H17: 199611 | I17: 186.2 | J17: 0 | L17: =H17 -> 199611 | M17: =I17 -> 186.2 | N17: =J17 -> 0 | O17: =M17+O16 -> 1048.7 | P17: =N17+P16 -> 554.1
A18: 35076 | B18: 12 | C18: 199601 | D18: =ROUND(IF(Data!E18<0,0-Data!E18,0),1) -> 6.7 | E18: =ROUND(IF(Data!E18>5,Data!E18-5,0),1) -> 0 | H18: 199612 | I18: 344.9 | J18: 0 | L18: =H18 -> 199612 | M18: =I18 -> 344.9 | N18: =J18 -> 0 | O18: =M18+O17 -> 1393.6 | P18: =N18+P17 -> 554.1
A19: 35077 | B19: 13 | C19: 199601 | D19: =ROUND(IF(Data!E19<0,0-Data!E19,0),1) -> 2.3 | E19: =ROUND(IF(Data!E19>5,Data!E19-5,0),1) -> 0 | H19: Grand Total | I19: 1393.6 | J19: 554.1
A20: 35078 | B20: 14 | C20: 199601 | D20: =ROUND(IF(Data!E20<0,0-Data!E20,0),1) -> 0 | E20: =ROUND(IF(Data!E20>5,Data!E20-5,0),1) -> 0
A21: 35079 | B21: 15 | C21: 199601 | D21: =ROUND(IF(Data!E21<0,0-Data!E21,0),1) -> 0.4 | E21: =ROUND(IF(Data!E21>5,Data!E21-5,0),1) -> 0
A22: 35080 | B22: 16 | C22: 199601 | D22: =ROUND(IF(Data!E22<0,0-Data!E22,0),1) -> 9.4 | E22: =ROUND(IF(Data!E22>5,Data!E22-5,0),1) -> 0
A23: 35081 | B23: 17 | C23: 199601 | D23: =ROUND(IF(Data!E23<0,0-Data!E23,0),1) -> 22.8 | E23: =ROUND(IF(Data!E23>5,Data!E23-5,0),1) -> 0
A24: 35082 | B24: 18 | C24: 199601 | D24: =ROUND(IF(Data!E24<0,0-Data!E24,0),1) -> 18.9 | E24: =ROUND(IF(Data!E24>5,Data!E24-5,0),1) -> 0
A25: 35083 | B25: 19 | C25: 199601 | D25: =ROUND(IF(Data!E25<0,0-Data!E25,0),1) -> 14.2 | E25: =ROUND(IF(Data!E25>5,Data!E25-5,0),1) -> 0
A26: 35084 | B26: 20 | C26: 199601 | D26: =ROUND(IF(Data!E26<0,0-Data!E26,0),1) -> 13.3 | E26: =ROUND(IF(Data!E26>5,Data!E26-5,0),1) -> 0
A27: 35085 | B27: 21 | C27: 199601 | D27: =ROUND(IF(Data!E27<0,0-Data!E27,0),1) -> 17.8 | E27: =ROUND(IF(Data!E27>5,Data!E27-5,0),1) -> 0
A28: 35086 | B28: 22 | C28: 199601 | D28: =ROUND(IF(Data!E28<0,0-Data!E28,0),1) -> 14.8 | E28: =ROUND(IF(Data!E28>5,Data!E28-5,0),1) -> 0
A29: 35087 | B29: 23 | C29: 199601 | D29: =ROUND(IF(Data!E29<0,0-Data!E29,0),1) -> 12.6 | E29: =ROUND(IF(Data!E29>5,Data!E29-5,0),1) -> 0
A30: 35088 | B30: 24 | C30: 199601 | D30: =ROUND(IF(Data!E30<0,0-Data!E30,0),1) -> 14.8 | E30: =ROUND(IF(Data!E30>5,Data!E30-5,0),1) -> 0
A31: 35089 | B31: 25 | C31: 199601 | D31: =ROUND(IF(Data!E31<0,0-Data!E31,0),1) -> 18.1 | E31: =ROUND(IF(Data!E31>5,Data!E31-5,0),1) -> 0
... A372: 35430 | B372: 366 | C372: 199612 | D372: =ROUND(IF(Data!E372<0,0-Data!E372,0),1) -> 0 | E372: =ROUND(IF(Data!E372>5,Data!E372-5,0),1) -> 0
