Workbook

Sheet Meta
A1: Meta data for Sicamous base station
A2: Last edit 17/04/25
B3: 21X data logger and storage module
B4: Gap filling of temperature and humidity using relationships between Sicamous Creek and Sicamous FWS
A5: Solar W/m2 | F5: Incomplete
B6: LiCor silicon Pyranometer at 6 m
B7: Kmax from 10 min simulation
A8: PAR mol/m2/d
B9: LiCor PAR sensor 6 m above surface. Calibration drift adjustment
A10: Tair C | J10: Temperature | L10: Based on regressions against UPC station
B11: HMP35C in RMYoung pie plate sheild at 6 m | K11: Dec 8 - 31 | N11: See columns BZ to DC
B12: Thermocouples referenced to termistor on panel at 3 m, 1.5 m and 0.25 m | L12: Tave C = UPC* 1.19 - 0.2, R2=0.922
A13: RH % | L13: Tmin C = UPC* 0.95 - 0.5, R2=0.752
B14: HMP35C in RMYoung pie plate sheild at 6 m | L14: Tmin C = UPC* 1.1 - 1, R2=0.856
B15: Corrected RH based on Rhmax=100. Calculated vpres (kPa)
A16: Soil temperature C
B17: Thermocouples referenced to thermistor on panel at 0.15 m and 0.5 m depths
A18: Precipitation mm
B19: Siera Misco tipping bucket
A20: Snow depth m, mm
B21: CSI UDG01
C22: Modelled Nov-Dec using precipitation and estimate of snow pack density
A23: Wind m/s | E23: Need better density change model
B24: MetOne anemometer at 6 m
A25: Wind direction degrees
B26: MetOne Wind vane at 6 m
A28: PPT= snow+rain
B29: Snow = Daily increase in pack depth and assumed compacted density of 0.13 Mg/m3
B30: Rain = Rain gauge.
C31: If there is a snow pack then review tiping bucket data to determine if likely snow melt rather than rain, i.e., tipping when above zero and low humidity and sunny.
C32: Also sum tipping bucket over days to see if simialr total to water equivalent of snow fal from depth change.
C33: Sicamous Fire Weather Station rainfall adjusted by *1.05 and MoTI Malakwa*1.4*1.05 and UPC*1.4
A34: Vapour pressure kPa
B35: Calculated from the daily maximum temperature and mininimum relative humdity: esat(Tmax)*RHmin/100
B36: If no RHmin vpres = esat(Tmin)
A37: Maximum vapour presure deficit
B38: Calculated from the daily maximum temperature and mininimum relative humdity: esat(Tmax)*(1-RHmin/100)
B39: If no RHmin vpd = esat(Tmax) - esat(Tmin)

Sheet PPTest
A1: Precipitation | I1: 0.13 | K1: Rain | L1: UPC*1.4*1.05 | P1: Max density | Q1: 0.4
A2: Last edit 16/04/25 | K2: SnowDepthChange | M2: MoTISicamous*1.5 | P2: Start Density | Q2: 0.241
C3: Total | K3: FWS* | L3: 1.05
C4: Solar | D4: Tmax | E4: Tmin | F4: Rhmin | G4: Rain | H4: SnowD | I4: Precip.from | J4: FWS | M4: FWS | N4: Sicamous | P4: density | R4: SWE | S4: dSWE | T4: Melt | AE4: Enderby Snow 1F04 course 50 39 11.97N, 118 55 37.0 W 1947 m
A5: Date | B5: DoY | C5: MJ/m2/d | I5: snow depth | K5: Precipitation | P5: g/cm3 | R5: mm | S5: mm | T5: mm | AE5: Date | AF5: SWE cm | AG5: Depth cm | AH5: %norm
H6: =Data!BF6 -> 842 | Q6: =Q2 -> 0.241 | R6: =H6*Q$2 -> 202.922 | S6: 0 | T6: 0
A7: 34700 | B7: 1 | C7: =ROUND(Data!BJ7,2) -> 4.29 | D7: =ROUND(Data!R7,1) -> -4.5 | E7: =ROUND(Data!AF7,1) -> -20.4 | F7: =Data!BO7 -> 74.2 | G7: =Data!Q7 -> 0 | H7: =Data!BF7 -> 842 | I7: =IF(H7>H6,ROUND((H7-H6)*I$1,1),0) -> 0 | J7: =Data!BS7 -> 0 | K7: =I7 -> 0 | M7: =J7 -> 0 | N7: =K7 -> 0 | P7: =(R6+K7)/H7 -> 0.241 | Q7: =IF(P7>Q$1,Q$1,P7) -> 0.241 | R7: =Q7*H7 -> 202.922 | S7: =R7-R6 -> 0 | T7: =K7-S7 -> 0 | AE7: 34730 | AF7: 212 | AG7: 704 | AH7: 102
A8: 34701 | B8: 2 | C8: =ROUND(Data!BJ8,2) -> 4.37 | D8: =ROUND(Data!R8,1) -> -5.7 | E8: =ROUND(Data!AF8,1) -> -21.3 | F8: =Data!BO8 -> 71.5 | G8: =Data!Q8 -> 0 | H8: =Data!BF8 -> 841 | I8: =IF(H8>H7,ROUND((H8-H7)*I$1,1),0) -> 0 | J8: =Data!BS8 -> 0 | K8: =I8 -> 0 | M8: =J8+M7 -> 0 | N8: =K8+N7 -> 0 | P8: =(R7+K8)/H8 -> 0.24128656 | Q8: =IF(P8>Q$1,Q$1,P8) -> 0.24128656 | R8: =Q8*H8 -> 202.922 | S8: =R8-R7 -> 0 | T8: =K8-S8 -> 0 | AE8: 34758 | AF8: 215 | AG8: 775 | AH8: 92
A9: 34702 | B9: 3 | C9: =ROUND(Data!BJ9,2) -> 4.56 | D9: =ROUND(Data!R9,1) -> -5.7 | E9: =ROUND(Data!AF9,1) -> -21.8 | F9: =Data!BO9 -> 70.9 | G9: =Data!Q9 -> 0 | H9: =Data!BF9 -> 832 | I9: =IF(H9>H8,ROUND((H9-H8)*I$1,1),0) -> 0 | J9: =Data!BS9 -> 0 | K9: =I9 -> 0 | M9: =J9+M8 -> 0 | N9: =K9+N8 -> 0 | P9: =(R8+K9)/H9 -> 0.24389663 | Q9: =IF(P9>Q$1,Q$1,P9) -> 0.24389663 | R9: =Q9*H9 -> 202.922 | S9: =R9-R8 -> 0 | T9: =K9-S9 -> 0 | AE9: 34789 | AF9: 242 | AG9: 906 | AH9: 90
A10: 34703 | B10: 4 | C10: =ROUND(Data!BJ10,2) -> 4.89 | D10: =ROUND(Data!R10,1) -> -4.9 | E10: =ROUND(Data!AF10,1) -> -20.2 | F10: =Data!BO10 -> 69.9 | G10: =Data!Q10 -> 0 | H10: =Data!BF10 -> 823 | I10: =IF(H10>H9,ROUND((H10-H9)*I$1,1),0) -> 0 | J10: =Data!BS10 -> 0 | K10: =I10 -> 0 | M10: =J10+M9 -> 0 | N10: =K10+N9 -> 0 | P10: =(R9+K10)/H10 -> 0.24656379 | Q10: =IF(P10>Q$1,Q$1,P10) -> 0.24656379 | R10: =Q10*H10 -> 202.922 | S10: =R10-R9 -> 0 | T10: =K10-S10 -> 0 | AE10: 34818 | AF10: 231 | AG10: 918 | AH10: 85
A11: 34704 | B11: 5 | C11: =ROUND(Data!BJ11,2) -> 5.37 | D11: =ROUND(Data!R11,1) -> -5.7 | E11: =ROUND(Data!AF11,1) -> -22 | F11: =Data!BO11 -> 57.2 | G11: =Data!Q11 -> 0 | H11: =Data!BF11 -> 819 | I11: =IF(H11>H10,ROUND((H11-H10)*I$1,1),0) -> 0 | J11: =Data!BS11 -> 0 | K11: =I11 -> 0 | M11: =J11+M10 -> 0 | N11: =K11+N10 -> 0 | P11: =(R10+K11)/H11 -> 0.24776801 | Q11: =IF(P11>Q$1,Q$1,P11) -> 0.24776801 | R11: =Q11*H11 -> 202.922 | S11: =R11-R10 -> 0 | T11: =K11-S11 -> 0 | AE11: 34834 | AF11: 213 | AG11: 960 | AH11: 90
A12: 34705 | B12: 6 | C12: =ROUND(Data!BJ12,2) -> 3.73 | D12: =ROUND(Data!R12,1) -> -5.8 | E12: =ROUND(Data!AF12,1) -> -21.4 | F12: =Data!BO12 -> 59.3 | G12: =Data!Q12 -> 0 | H12: =Data!BF12 -> 806 | I12: =IF(H12>H11,ROUND((H12-H11)*I$1,1),0) -> 0 | J12: =Data!BS12 -> 0 | K12: =I12 -> 0 | M12: =J12+M11 -> 0 | N12: =K12+N11 -> 0 | P12: =(R11+K12)/H12 -> 0.25176427 | Q12: =IF(P12>Q$1,Q$1,P12) -> 0.25176427 | R12: =Q12*H12 -> 202.922 | S12: =R12-R11 -> 0 | T12: =K12-S12 -> 0 | AE12: 34850 | AF12: 138 | AG12: 681 | AH12: 74
A13: 34706 | B13: 7 | C13: =ROUND(Data!BJ13,2) -> 6.05 | D13: =ROUND(Data!R13,1) -> -5.3 | E13: =ROUND(Data!AF13,1) -> -24.2 | F13: =Data!BO13 -> 63.2 | G13: =Data!Q13 -> 0 | H13: =Data!BF13 -> 809 | I13: =IF(H13>H12,ROUND((H13-H12)*I$1,1),0) -> 0.4 | J13: =Data!BS13 -> 0 | K13: =I13 -> 0.4 | M13: =J13+M12 -> 0 | N13: =K13+N12 -> 0.4 | P13: =(R12+K13)/H13 -> 0.25132509 | Q13: =IF(P13>Q$1,Q$1,P13) -> 0.25132509 | R13: =Q13*H13 -> 203.322 | S13: =R13-R12 -> 0.4 | T13: =K13-S13 -> -5.6621374e-15 | AE13: 34865 | AF13: 74 | AG13: 411 | AH13: 60
A14: 34707 | B14: 8 | C14: =ROUND(Data!BJ14,2) -> 0.63 | D14: =ROUND(Data!R14,1) -> 0 | E14: =ROUND(Data!AF14,1) -> -7.7 | F14: =Data!BO14 -> 76.1 | G14: =Data!Q14 -> 0 | H14: =Data!BF14 -> 859 | I14: =IF(H14>H13,ROUND((H14-H13)*I$1,1),0) -> 6.5 | J14: =Data!BS14 -> 0 | K14: =I14 -> 6.5 | M14: =J14+M13 -> 0 | N14: =K14+N13 -> 6.9 | P14: =(R13+K14)/H14 -> 0.2442631 | Q14: =IF(P14>Q$1,Q$1,P14) -> 0.2442631 | R14: =Q14*H14 -> 209.822 | S14: =R14-R13 -> 6.5 | T14: =K14-S14 -> 0
A15: 34708 | B15: 9 | C15: =ROUND(Data!BJ15,2) -> 0.54 | D15: =ROUND(Data!R15,1) -> 1.2 | E15: =ROUND(Data!AF15,1) -> -5.8 | F15: =Data!BO15 -> 75.8 | G15: =Data!Q15 -> 0 | H15: =Data!BF15 -> 900 | I15: =IF(H15>H14,ROUND((H15-H14)*I$1,1),0) -> 5.3 | J15: =Data!BS15 -> 0 | K15: =I15 -> 5.3 | M15: =J15+M14 -> 0 | N15: =K15+N14 -> 12.2 | P15: =(R14+K15)/H15 -> 0.23902444 | Q15: =IF(P15>Q$1,Q$1,P15) -> 0.23902444 | R15: =Q15*H15 -> 215.122 | S15: =R15-R14 -> 5.3 | T15: =K15-S15 -> -1.1546319e-14 | AE15: 35064 | AF15: 223 | AG15: 684 | AH15: 140
A16: 34709 | B16: 10 | C16: =ROUND(Data!BJ16,2) -> 0.57 | D16: =ROUND(Data!R16,1) -> 2.2 | E16: =ROUND(Data!AF16,1) -> -3.8 | F16: =Data!BO16 -> 78.7 | G16: =Data!Q16 -> 0 | H16: =Data!BF16 -> 968 | I16: =IF(H16>H15,ROUND((H16-H15)*I$1,1),0) -> 8.8 | J16: =Data!BS16 -> 0 | K16: =I16 -> 8.8 | M16: =J16+M15 -> 0 | N16: =K16+N15 -> 21 | P16: =(R15+K16)/H16 -> 0.23132438 | Q16: =IF(P16>Q$1,Q$1,P16) -> 0.23132438 | R16: =Q16*H16 -> 223.922 | S16: =R16-R15 -> 8.8 | T16: =K16-S16 -> 0
A17: 34710 | B17: 11 | C17: =ROUND(Data!BJ17,2) -> 0.25 | D17: =ROUND(Data!R17,1) -> -0.4 | E17: =ROUND(Data!AF17,1) -> -6.8 | F17: =Data!BO17 -> 92 | G17: =Data!Q17 -> 0 | H17: =Data!BF17 -> 1007 | I17: =IF(H17>H16,ROUND((H17-H16)*I$1,1),0) -> 5.1 | J17: =Data!BS17 -> 0 | K17: =I17 -> 5.1 | M17: =J17+M16 -> 0 | N17: =K17+N16 -> 26.1 | P17: =(R16+K17)/H17 -> 0.22742999 | Q17: =IF(P17>Q$1,Q$1,P17) -> 0.22742999 | R17: =Q17*H17 -> 229.022 | S17: =R17-R16 -> 5.1 | T17: =K17-S17 -> 0
A18: 34711 | B18: 12 | C18: =ROUND(Data!BJ18,2) -> 0.74 | D18: =ROUND(Data!R18,1) -> 1.1 | E18: =ROUND(Data!AF18,1) -> -7.8 | F18: =Data!BO18 -> 69.8 | G18: =Data!Q18 -> 0 | H18: =Data!BF18 -> 997 | I18: =IF(H18>H17,ROUND((H18-H17)*I$1,1),0) -> 0 | J18: =Data!BS18 -> 0 | K18: =I18 -> 0 | M18: =J18+M17 -> 0 | N18: =K18+N17 -> 26.1 | P18: =(R17+K18)/H18 -> 0.22971113 | Q18: =IF(P18>Q$1,Q$1,P18) -> 0.22971113 | R18: =Q18*H18 -> 229.022 | S18: =R18-R17 -> 0 | T18: =K18-S18 -> 0
A19: 34712 | B19: 13 | C19: =ROUND(Data!BJ19,2) -> 0.4 | D19: =ROUND(Data!R19,1) -> -0.3 | E19: =ROUND(Data!AF19,1) -> -2.9 | F19: =Data!BO19 -> 74.1 | G19: =Data!Q19 -> 0 | H19: =Data!BF19 -> 1019 | I19: =IF(H19>H18,ROUND((H19-H18)*I$1,1),0) -> 2.9 | J19: =Data!BS19 -> 0 | K19: =I19 -> 2.9 | M19: =J19+M18 -> 0 | N19: =K19+N18 -> 29 | P19: =(R18+K19)/H19 -> 0.22759764 | Q19: =IF(P19>Q$1,Q$1,P19) -> 0.22759764 | R19: =Q19*H19 -> 231.922 | S19: =R19-R18 -> 2.9 | T19: =K19-S19 -> -5.7731597e-15
A20: 34713 | B20: 14 | C20: =ROUND(Data!BJ20,2) -> 0.38 | D20: =ROUND(Data!R20,1) -> -0.3 | E20: =ROUND(Data!AF20,1) -> -6.6 | F20: =Data!BO20 -> 79.4 | G20: =Data!Q20 -> 0 | H20: =Data!BF20 -> 1044 | I20: =IF(H20>H19,ROUND((H20-H19)*I$1,1),0) -> 3.3 | J20: =Data!BS20 -> 0 | K20: =I20 -> 3.3 | M20: =J20+M19 -> 0 | N20: =K20+N19 -> 32.3 | P20: =(R19+K20)/H20 -> 0.22530843 | Q20: =IF(P20>Q$1,Q$1,P20) -> 0.22530843 | R20: =Q20*H20 -> 235.222 | S20: =R20-R19 -> 3.3 | T20: =K20-S20 -> -1.1546319e-14
A21: 34714 | B21: 15 | C21: =ROUND(Data!BJ21,2) -> 0.45 | D21: =ROUND(Data!R21,1) -> 0.5 | E21: =ROUND(Data!AF21,1) -> -5.9 | F21: =Data!BO21 -> 75.3 | G21: =Data!Q21 -> 0 | H21: =Data!BF21 -> 1051 | I21: =IF(H21>H20,ROUND((H21-H20)*I$1,1),0) -> 0.9 | J21: =Data!BS21 -> 0 | K21: =I21 -> 0.9 | M21: =J21+M20 -> 0 | N21: =K21+N20 -> 33.2 | P21: =(R20+K21)/H21 -> 0.22466413 | Q21: =IF(P21>Q$1,Q$1,P21) -> 0.22466413 | R21: =Q21*H21 -> 236.122 | S21: =R21-R20 -> 0.9 | T21: =K21-S21 -> -5.6621374e-15
A22: 34715 | B22: 16 | C22: =ROUND(Data!BJ22,2) -> 0.35 | D22: =ROUND(Data!R22,1) -> -3.3 | E22: =ROUND(Data!AF22,1) -> -6 | F22: =Data!BO22 -> 92.4 | G22: =Data!Q22 -> 0 | H22: =Data!BF22 -> 1053 | I22: =IF(H22>H21,ROUND((H22-H21)*I$1,1),0) -> 0.3 | J22: =Data!BS22 -> 0 | K22: =I22 -> 0.3 | M22: =J22+M21 -> 0 | N22: =K22+N21 -> 33.5 | P22: =(R21+K22)/H22 -> 0.22452232 | Q22: =IF(P22>Q$1,Q$1,P22) -> 0.22452232 | R22: =Q22*H22 -> 236.422 | S22: =R22-R21 -> 0.3 | T22: =K22-S22 -> -1.1379786e-14
A23: 34716 | B23: 17 | C23: =ROUND(Data!BJ23,2) -> 0.34 | D23: =ROUND(Data!R23,1) -> -5 | E23: =ROUND(Data!AF23,1) -> -7.3 | F23: =Data!BO23 -> 79.3 | G23: =Data!Q23 -> 0 | H23: =Data!BF23 -> 1042 | I23: =IF(H23>H22,ROUND((H23-H22)*I$1,1),0) -> 0 | J23: =Data!BS23 -> 0 | K23: =I23 -> 0 | M23: =J23+M22 -> 0 | N23: =K23+N22 -> 33.5 | P23: =(R22+K23)/H23 -> 0.22689251 | Q23: =IF(P23>Q$1,Q$1,P23) -> 0.22689251 | R23: =Q23*H23 -> 236.422 | S23: =R23-R22 -> 0 | T23: =K23-S23 -> 0
A24: 34717 | B24: 18 | C24: =ROUND(Data!BJ24,2) -> 0.27 | D24: =ROUND(Data!R24,1) -> -1.4 | E24: =ROUND(Data!AF24,1) -> -6.2 | F24: =Data!BO24 -> 80.3 | G24: =Data!Q24 -> 0 | H24: =Data!BF24 -> 1093 | I24: =IF(H24>H23,ROUND((H24-H23)*I$1,1),0) -> 6.6 | J24: =Data!BS24 -> 0 | K24: =I24 -> 6.6 | M24: =J24+M23 -> 0 | N24: =K24+N23 -> 40.1 | P24: =(R23+K24)/H24 -> 0.22234401 | Q24: =IF(P24>Q$1,Q$1,P24) -> 0.22234401 | R24: =Q24*H24 -> 243.022 | S24: =R24-R23 -> 6.6 | T24: =K24-S24 -> 0
A25: 34718 | B25: 19 | C25: =ROUND(Data!BJ25,2) -> 1.65 | D25: =ROUND(Data!R25,1) -> 3.1 | E25: =ROUND(Data!AF25,1) -> -12.8 | F25: =Data!BO25 -> 51.4 | G25: =Data!Q25 -> 0 | H25: =Data!BF25 -> 1063 | I25: =IF(H25>H24,ROUND((H25-H24)*I$1,1),0) -> 0 | J25: =Data!BS25 -> 0 | K25: =I25 -> 0 | M25: =J25+M24 -> 0 | N25: =K25+N24 -> 40.1 | P25: =(R24+K25)/H25 -> 0.228619 | Q25: =IF(P25>Q$1,Q$1,P25) -> 0.228619 | R25: =Q25*H25 -> 243.022 | S25: =R25-R24 -> 0 | T25: =K25-S25 -> 0
A26: 34719 | B26: 20 | C26: =ROUND(Data!BJ26,2) -> 0.85 | D26: =ROUND(Data!R26,1) -> 3.5 | E26: =ROUND(Data!AF26,1) -> -13.7 | F26: =Data!BO26 -> 39.7 | G26: =Data!Q26 -> 0 | H26: =Data!BF26 -> 1041 | I26: =IF(H26>H25,ROUND((H26-H25)*I$1,1),0) -> 0 | J26: =Data!BS26 -> 0 | K26: =I26 -> 0 | M26: =J26+M25 -> 0 | N26: =K26+N25 -> 40.1 | P26: =(R25+K26)/H26 -> 0.23345053 | Q26: =IF(P26>Q$1,Q$1,P26) -> 0.23345053 | R26: =Q26*H26 -> 243.022 | S26: =R26-R25 -> 0 | T26: =K26-S26 -> 0
A27: 34720 | B27: 21 | C27: =ROUND(Data!BJ27,2) -> 1.51 | D27: =ROUND(Data!R27,1) -> 1.2 | E27: =ROUND(Data!AF27,1) -> -16 | F27: =Data!BO27 -> 62.2 | G27: =Data!Q27 -> 0 | H27: =Data!BF27 -> 1022 | I27: =IF(H27>H26,ROUND((H27-H26)*I$1,1),0) -> 0 | J27: =Data!BS27 -> 0 | K27: =I27 -> 0 | M27: =J27+M26 -> 0 | N27: =K27+N26 -> 40.1 | P27: =(R26+K27)/H27 -> 0.23779061 | Q27: =IF(P27>Q$1,Q$1,P27) -> 0.23779061 | R27: =Q27*H27 -> 243.022 | S27: =R27-R26 -> 0 | T27: =K27-S27 -> 0
... A135: 34828 | B135: 129 | C135: =ROUND(Data!BJ135,2) -> 18.76 | D135: =ROUND(Data!R135,1) -> 13.8 | E135: =ROUND(Data!AF135,1) -> -0.4 | F135: =Data!BO135 -> 34.9 | G135: =Data!Q135 -> 0 | H135: =Data!BF135 -> 630 | I135: =IF(H135>H134,ROUND((H135-H134)*I$1,1),0) -> 0 | J135: =Data!BS135 -> 0 | K135: =I135 -> 0 | M135: =J135+M134 -> 197.6 | N135: =K135+N134 -> 182.5 | P135: =(R134+K135)/H135 -> 0.42412698 | Q135: =IF(P135>Q$1,Q$1,P135) -> 0.4 | R135: =Q135*H135 -> 252 | S135: =R135-R134 -> -15.2 | T135: =K135-S135 -> 15.2
A136: 34829 | B136: 130 | C136: =ROUND(Data!BJ136,2) -> 11.69 | D136: =ROUND(Data!R136,1) -> 10.2 | E136: =ROUND(Data!AF136,1) -> 0.1 | F136: =Data!BO136 -> 61.1 | G136: =Data!Q136 -> 0 | H136: =Data!BF136 -> 593 | I136: =IF(H136>H135,ROUND((H136-H135)*I$1,1),0) -> 0 | J136: =Data!BS136 -> 5.6 | K136: =J136*L$3 -> 5.88 | M136: =J136+M135 -> 203.2 | N136: =K136+N135 -> 188.38 | P136: =(R135+K136)/H136 -> 0.43487352 | Q136: =IF(P136>Q$1,Q$1,P136) -> 0.4 | R136: =Q136*H136 -> 237.2 | S136: =R136-R135 -> -14.8 | T136: =K136-S136 -> 20.68
A137: 34830 | B137: 131 | C137: =ROUND(Data!BJ137,2) -> 6.71 | D137: =ROUND(Data!R137,1) -> 4.2 | E137: =ROUND(Data!AF137,1) -> 0.6 | F137: =Data!BO137 -> 90.3 | G137: =Data!Q137 -> 0 | H137: =Data!BF137 -> 550 | I137: =IF(H137>H136,ROUND((H137-H136)*I$1,1),0) -> 0 | J137: =Data!BS137 -> 15.4 | K137: =J137*L$3 -> 16.17 | M137: =J137+M136 -> 218.6 | N137: =K137+N136 -> 204.55 | P137: =(R136+K137)/H137 -> 0.46067273 | Q137: =IF(P137>Q$1,Q$1,P137) -> 0.4 | R137: =Q137*H137 -> 220 | S137: =R137-R136 -> -17.2 | T137: =K137-S137 -> 33.37
A138: 34831 | B138: 132 | C138: =ROUND(Data!BJ138,2) -> 10.35 | D138: =ROUND(Data!R138,1) -> 5.4 | E138: =ROUND(Data!AF138,1) -> -0.8 | F138: =Data!BO138 -> 81.9 | G138: =Data!Q138 -> 0 | H138: =Data!BF138 -> 500 | I138: =IF(H138>H137,ROUND((H138-H137)*I$1,1),0) -> 0 | J138: =Data!BS138 -> 5.6 | K138: =J138*L$3 -> 5.88 | M138: =J138+M137 -> 224.2 | N138: =K138+N137 -> 210.43 | P138: =(R137+K138)/H138 -> 0.45176 | Q138: =IF(P138>Q$1,Q$1,P138) -> 0.4 | R138: =Q138*H138 -> 200 | S138: =R138-R137 -> -20 | T138: =K138-S138 -> 25.88
A139: 34832 | B139: 133 | C139: =ROUND(Data!BJ139,2) -> 29.8 | D139: =ROUND(Data!R139,1) -> 14.5 | E139: =ROUND(Data!AF139,1) -> -3.6 | F139: =Data!BO139 -> 28.3 | G139: =Data!Q139 -> 0 | H139: =Data!BF139 -> 450 | I139: =IF(H139>H138,ROUND((H139-H138)*I$1,1),0) -> 0 | J139: =Data!BS139 -> 0 | K139: =I139 -> 0 | M139: =J139+M138 -> 224.2 | N139: =K139+N138 -> 210.43 | P139: =(R138+K139)/H139 -> 0.44444444 | Q139: =IF(P139>Q$1,Q$1,P139) -> 0.4 | R139: =Q139*H139 -> 180 | S139: =R139-R138 -> -20 | T139: =K139-S139 -> 20
A140: 34833 | B140: 134 | C140: =ROUND(Data!BJ140,2) -> 17.19 | D140: =ROUND(Data!R140,1) -> 13.6 | E140: =ROUND(Data!AF140,1) -> -2.1 | F140: =Data!BO140 -> 36.3 | G140: =Data!Q140 -> 0 | H140: =Data!BF140 -> 400 | I140: =IF(H140>H139,ROUND((H140-H139)*I$1,1),0) -> 0 | J140: =Data!BS140 -> 0 | K140: =I140 -> 0 | M140: =J140+M139 -> 224.2 | N140: =K140+N139 -> 210.43 | P140: =(R139+K140)/H140 -> 0.45 | Q140: =IF(P140>Q$1,Q$1,P140) -> 0.4 | R140: =Q140*H140 -> 160 | S140: =R140-R139 -> -20 | T140: =K140-S140 -> 20
A141: 34834 | B141: 135 | C141: =ROUND(Data!BJ141,2) -> 22.81 | D141: =ROUND(Data!R141,1) -> 14.7 | E141: =ROUND(Data!AF141,1) -> -1 | F141: =Data!BO141 -> 37.7 | G141: =Data!Q141 -> 0 | H141: =Data!BF141 -> 350 | I141: =IF(H141>H140,ROUND((H141-H140)*I$1,1),0) -> 0 | J141: =Data!BS141 -> 0 | K141: =I141 -> 0 | M141: =J141+M140 -> 224.2 | N141: =K141+N140 -> 210.43 | P141: =(R140+K141)/H141 -> 0.45714286 | Q141: =IF(P141>Q$1,Q$1,P141) -> 0.4 | R141: =Q141*H141 -> 140 | S141: =R141-R140 -> -20 | T141: =K141-S141 -> 20
A142: 34835 | B142: 136 | C142: =ROUND(Data!BJ142,2) -> 25.21 | D142: =ROUND(Data!R142,1) -> 16.6 | E142: =ROUND(Data!AF142,1) -> -1.8 | F142: =Data!BO142 -> 36.5 | G142: =Data!Q142 -> 0 | H142: =Data!BF142 -> 300 | I142: =IF(H142>H141,ROUND((H142-H141)*I$1,1),0) -> 0 | J142: =Data!BS142 -> 0 | K142: =I142 -> 0 | M142: =J142+M141 -> 224.2 | N142: =K142+N141 -> 210.43 | P142: =(R141+K142)/H142 -> 0.46666667 | Q142: =IF(P142>Q$1,Q$1,P142) -> 0.4 | R142: =Q142*H142 -> 120 | S142: =R142-R141 -> -20 | T142: =K142-S142 -> 20
A143: 34836 | B143: 137 | C143: =ROUND(Data!BJ143,2) -> 11.95 | D143: =ROUND(Data!R143,1) -> 10.5 | E143: =ROUND(Data!AF143,1) -> 1 | F143: =Data!BO143 -> 53.9 | G143: =Data!Q143 -> 0 | H143: =Data!BF143 -> 250 | I143: =IF(H143>H142,ROUND((H143-H142)*I$1,1),0) -> 0 | J143: =Data!BS143 -> 0 | K143: =I143 -> 0 | M143: =J143+M142 -> 224.2 | N143: =K143+N142 -> 210.43 | P143: =(R142+K143)/H143 -> 0.48 | Q143: =IF(P143>Q$1,Q$1,P143) -> 0.4 | R143: =Q143*H143 -> 100 | S143: =R143-R142 -> -20 | T143: =K143-S143 -> 20
A144: 34837 | B144: 138 | C144: =ROUND(Data!BJ144,2) -> 27.66 | D144: =ROUND(Data!R144,1) -> 7.3 | E144: =ROUND(Data!AF144,1) -> -2.5 | F144: =Data!BO144 -> 32.5 | G144: =Data!Q144 -> 0 | H144: =Data!BF144 -> 200 | I144: =IF(H144>H143,ROUND((H144-H143)*I$1,1),0) -> 0 | J144: =Data!BS144 -> 0 | K144: =I144 -> 0 | M144: =J144+M143 -> 224.2 | N144: =K144+N143 -> 210.43 | P144: =(R143+K144)/H144 -> 0.5 | Q144: =IF(P144>Q$1,Q$1,P144) -> 0.4 | R144: =Q144*H144 -> 80 | S144: =R144-R143 -> -20 | T144: =K144-S144 -> 20
A145: 34838 | B145: 139 | C145: =ROUND(Data!BJ145,2) -> 30.23 | D145: =ROUND(Data!R145,1) -> 9.9 | E145: =ROUND(Data!AF145,1) -> -5.5 | F145: =Data!BO145 -> 17.8 | G145: =Data!Q145 -> 0 | H145: =Data!BF145 -> 130 | I145: =IF(H145>H144,ROUND((H145-H144)*I$1,1),0) -> 0 | J145: =Data!BS145 -> 0 | K145: =G145 -> 0 | M145: =J145+M144 -> 224.2 | N145: =K145+N144 -> 210.43 | P145: =(R144+K145)/H145 -> 0.61538462 | Q145: =IF(P145>Q$1,Q$1,P145) -> 0.4 | R145: =Q145*H145 -> 52 | S145: =R145-R144 -> -28 | T145: =K145-S145 -> 28
A146: 34839 | B146: 140 | C146: =ROUND(Data!BJ146,2) -> 20.58 | D146: =ROUND(Data!R146,1) -> 7 | E146: =ROUND(Data!AF146,1) -> -3.4 | F146: =Data!BO146 -> 42.5 | G146: =Data!Q146 -> 1 | H146: =Data!BF146 -> 70 | I146: =IF(H146>H145,ROUND((H146-H145)*I$1,1),0) -> 0 | J146: =Data!BS146 -> 1.4 | K146: =G146 -> 1 | M146: =J146+M145 -> 225.6 | N146: =K146+N145 -> 211.43 | P146: =(R145+K146)/H146 -> 0.75714286 | Q146: =IF(P146>Q$1,Q$1,P146) -> 0.4 | R146: =Q146*H146 -> 28 | S146: =R146-R145 -> -24 | T146: =K146-S146 -> 25
A147: 34840 | B147: 141 | C147: =ROUND(Data!BJ147,2) -> 31.34 | D147: =ROUND(Data!R147,1) -> 11.2 | E147: =ROUND(Data!AF147,1) -> -5.3 | F147: =Data!BO147 -> 23.8 | G147: =Data!Q147 -> 0 | H147: =Data!BF147 -> 0 | I147: =IF(H147>H146,ROUND((H147-H146)*I$1,1),0) -> 0 | J147: =Data!BS147 -> 0 | K147: =G147 -> 0 | M147: =J147+M146 -> 225.6 | N147: =K147+N146 -> 211.43 | P147: 1 | Q147: =IF(P147>Q$1,Q$1,P147) -> 0.4 | R147: =Q147*H147 -> 0 | S147: =R147-R146 -> -28 | T147: =K147-S147 -> 28
A148: 34841 | B148: 142 | C148: =ROUND(Data!BJ148,2) -> 31.24 | D148: =ROUND(Data!R148,1) -> 14.1 | E148: =ROUND(Data!AF148,1) -> -4.5 | F148: =Data!BO148 -> 21.5 | G148: =Data!Q148 -> 0 | H148: =Data!BF148 -> 0 | I148: =IF(H148>H147,ROUND((H148-H147)*I$1,1),0) -> 0 | J148: =Data!BS148 -> 1.4 | K148: =G148 -> 0 | M148: =J148+M147 -> 227 | N148: =K148+N147 -> 211.43
A149: 34842 | B149: 143 | C149: =ROUND(Data!BJ149,2) -> 30.05 | D149: =ROUND(Data!R149,1) -> 16 | E149: =ROUND(Data!AF149,1) -> -2.8 | F149: =Data!BO149 -> 19.7 | G149: =Data!Q149 -> 0 | H149: =Data!BF149 -> 0 | I149: =IF(H149>H148,ROUND((H149-H148)*I$1,1),0) -> 0 | J149: =Data!BS149 -> 0 | K149: =G149 -> 0 | M149: =J149+M148 -> 227 | N149: =K149+N148 -> 211.43
A150: 34843 | B150: 144 | C150: =ROUND(Data!BJ150,2) -> 27.08 | D150: =ROUND(Data!R150,1) -> 15.7 | E150: =ROUND(Data!AF150,1) -> -1.6 | F150: =Data!BO150 -> 23.5 | G150: =Data!Q150 -> 0 | H150: =Data!BF150 -> 0 | I150: =IF(H150>H149,ROUND((H150-H149)*I$1,1),0) -> 0 | J150: =Data!BS150 -> 0 | K150: =G150 -> 0 | M150: =J150+M149 -> 227 | N150: =K150+N149 -> 211.43
A151: 34844 | B151: 145 | C151: =ROUND(Data!BJ151,2) -> 31.05 | D151: =ROUND(Data!R151,1) -> 12.9 | E151: =ROUND(Data!AF151,1) -> -0.9 | F151: =Data!BO151 -> 22.4 | G151: =Data!Q151 -> 0 | H151: =Data!BF151 -> 0 | I151: =IF(H151>H150,ROUND((H151-H150)*I$1,1),0) -> 0 | J151: =Data!BS151 -> 0 | K151: =G151 -> 0 | M151: =J151+M150 -> 227 | N151: =K151+N150 -> 211.43
A152: 34845 | B152: 146 | C152: =ROUND(Data!BJ152,2) -> 31.44 | D152: =ROUND(Data!R152,1) -> 15.1 | E152: =ROUND(Data!AF152,1) -> -3.1 | F152: =Data!BO152 -> 21.3 | G152: =Data!Q152 -> 0 | H152: =Data!BF152 -> 0 | I152: =IF(H152>H151,ROUND((H152-H151)*I$1,1),0) -> 0 | J152: =Data!BS152 -> 0 | K152: =G152 -> 0 | M152: =J152+M151 -> 227 | N152: =K152+N151 -> 211.43
A153: 34846 | B153: 147 | C153: =ROUND(Data!BJ153,2) -> 31.51 | D153: =ROUND(Data!R153,1) -> 19.2 | E153: =ROUND(Data!AF153,1) -> -1.9 | F153: =Data!BO153 -> 15.9 | G153: =Data!Q153 -> 0 | H153: =Data!BF153 -> 0 | I153: =IF(H153>H152,ROUND((H153-H152)*I$1,1),0) -> 0 | J153: =Data!BS153 -> 0 | K153: =G153 -> 0 | M153: =J153+M152 -> 227 | N153: =K153+N152 -> 211.43
A154: 34847 | B154: 148 | C154: =ROUND(Data!BJ154,2) -> 30.93 | D154: =ROUND(Data!R154,1) -> 22.1 | E154: =ROUND(Data!AF154,1) -> -0.4 | F154: =Data!BO154 -> 18.8 | G154: =Data!Q154 -> 0 | H154: =Data!BF154 -> 0 | I154: =IF(H154>H153,ROUND((H154-H153)*I$1,1),0) -> 0 | J154: =Data!BS154 -> 0 | K154: =G154 -> 0 | M154: =J154+M153 -> 227 | N154: =K154+N153 -> 211.43
A155: 34848 | B155: 149 | C155: =ROUND(Data!BJ155,2) -> 30.43 | D155: =ROUND(Data!R155,1) -> 22.5 | E155: =ROUND(Data!AF155,1) -> 1.2 | F155: =Data!BO155 -> 21.9 | G155: =Data!Q155 -> 0 | H155: =Data!BF155 -> 0 | I155: =IF(H155>H154,ROUND((H155-H154)*I$1,1),0) -> 0 | J155: =Data!BS155 -> 0 | K155: =G155 -> 0 | M155: =J155+M154 -> 227 | N155: =K155+N154 -> 211.43
A156: 34849 | B156: 150 | C156: =ROUND(Data!BJ156,2) -> 29.88 | D156: =ROUND(Data!R156,1) -> 19.3 | E156: =ROUND(Data!AF156,1) -> 1.8 | F156: =Data!BO156 -> 22 | G156: =Data!Q156 -> 0 | H156: =Data!BF156 -> 0 | I156: =IF(H156>H155,ROUND((H156-H155)*I$1,1),0) -> 0 | J156: =Data!BS156 -> 0 | K156: =G156 -> 0 | M156: =J156+M155 -> 227 | N156: =K156+N155 -> 211.43
A157: 34850 | B157: 151 | C157: =ROUND(Data!BJ157,2) -> 28.59 | D157: =ROUND(Data!R157,1) -> 17.3 | E157: =ROUND(Data!AF157,1) -> -0.3 | F157: =Data!BO157 -> 34.5 | G157: =Data!Q157 -> 0 | H157: =Data!BF157 -> 0 | I157: =IF(H157>H156,ROUND((H157-H156)*I$1,1),0) -> 0 | J157: =Data!BS157 -> 0 | K157: =G157 -> 0 | M157: =J157+M156 -> 227 | N157: =K157+N156 -> 211.43
A158: 34851 | B158: 152 | C158: =ROUND(Data!BJ158,2) -> 28.76 | D158: =ROUND(Data!R158,1) -> 19.5 | E158: =ROUND(Data!AF158,1) -> 1.6 | F158: =Data!BO158 -> 26.8 | G158: =Data!Q158 -> 0 | H158: =Data!BF158 -> 0 | I158: =IF(H158>H157,ROUND((H158-H157)*I$1,1),0) -> 0 | J158: =Data!BS158 -> 0 | K158: =G158 -> 0 | M158: =J158+M157 -> 227 | N158: =K158+N157 -> 211.43
A159: 34852 | B159: 153 | C159: =ROUND(Data!BJ159,2) -> 19.25 | D159: =ROUND(Data!R159,1) -> 17.3 | E159: =ROUND(Data!AF159,1) -> 2.7 | F159: =Data!BO159 -> 37.7 | G159: =Data!Q159 -> 0 | H159: =Data!BF159 -> 0 | I159: =IF(H159>H158,ROUND((H159-H158)*I$1,1),0) -> 0 | J159: =Data!BS159 -> 0 | K159: =G159 -> 0 | M159: =J159+M158 -> 227 | N159: =K159+N158 -> 211.43
... A306: 34999 | B306: 300 | C306: =ROUND(Data!BJ306,2) -> 3.4 | D306: =ROUND(Data!R306,1) -> 0 | E306: =ROUND(Data!AF306,1) -> -7.8 | F306: =Data!BO306 -> 70.5 | G306: =Data!Q306 -> 1 | H306: =Data!BF306 -> 0 | I306: =IF(H306>H305,ROUND((H306-H305)*I$1,1),0) -> 0 | J306: =Data!BS306 -> 0 | K306: =G306 -> 1 | M306: =J306+M305 -> 690.7 | N306: =K306+N305 -> 610.43
A307: 35000 | B307: 301 | C307: =ROUND(Data!BJ307,2) -> 6.29 | D307: =ROUND(Data!R307,1) -> 0.2 | E307: =ROUND(Data!AF307,1) -> -12.7 | F307: =Data!BO307 -> 57.4 | G307: =Data!Q307 -> 1 | H307: =Data!BF307 -> 0 | I307: =IF(H307>H306,ROUND((H307-H306)*I$1,1),0) -> 0 | J307: =Data!BS307 -> 0.30000001 | K307: =G307 -> 1 | M307: =J307+M306 -> 691 | N307: =K307+N306 -> 611.43 | P307: 1 | R307: =Q307*H307 -> 0
A308: 35001 | B308: 302 | C308: =ROUND(Data!BJ308,2) -> 10.02 | D308: =ROUND(Data!R308,1) -> -0.3 | E308: =ROUND(Data!AF308,1) -> -14.7 | F308: =Data!BO308 -> 41.2 | G308: =Data!Q308 -> 1 | H308: =Data!BF308 -> 10 | I308: =IF(H308>H307,ROUND((H308-H307)*I$1,1),0) -> 1.3 | J308: =Data!BS308 -> 0 | K308: =I308 -> 1.3 | M308: =J308+M307 -> 691 | N308: =K308+N307 -> 612.73 | P308: =(R307+K308)/H308 -> 0.13 | Q308: =IF(P308>Q$1,Q$1,P308) -> 0.13 | R308: =Q308*H308 -> 1.3 | S308: =R308-R307 -> 1.3 | T308: =K308-S308 -> 0
A309: 35002 | B309: 303 | C309: =ROUND(Data!BJ309,2) -> 4.37 | D309: =ROUND(Data!R309,1) -> -5.1 | E309: =ROUND(Data!AF309,1) -> -16.8 | F309: =Data!BO309 -> 82 | G309: =Data!Q309 -> 0 | H309: =Data!BF309 -> 10 | I309: =IF(H309>H308,ROUND((H309-H308)*I$1,1),0) -> 0 | J309: =Data!BS309 -> 0 | K309: =I309 -> 0 | M309: =J309+M308 -> 691 | N309: =K309+N308 -> 612.73 | P309: =(R308+K309)/H309 -> 0.13 | Q309: =IF(P309>Q$1,Q$1,P309) -> 0.13 | R309: =Q309*H309 -> 1.3 | S309: =R309-R308 -> 0 | T309: =K309-S309 -> 0
A310: 35003 | B310: 304 | C310: =ROUND(Data!BJ310,2) -> 9.41 | D310: =ROUND(Data!R310,1) -> -2.9 | E310: =ROUND(Data!AF310,1) -> -17 | F310: =Data!BO310 -> 42.8 | G310: =Data!Q310 -> 0 | H310: =Data!BF310 -> 10 | I310: =IF(H310>H309,ROUND((H310-H309)*I$1,1),0) -> 0 | J310: =Data!BS310 -> 0 | K310: =I310 -> 0 | M310: =J310+M309 -> 691 | N310: =K310+N309 -> 612.73 | P310: =(R309+K310)/H310 -> 0.13 | Q310: =IF(P310>Q$1,Q$1,P310) -> 0.13 | R310: =Q310*H310 -> 1.3 | S310: =R310-R309 -> 0 | T310: =K310-S310 -> 0
A311: 35004 | B311: 305 | C311: =ROUND(Data!BJ311,2) -> 9.13 | D311: =ROUND(Data!R311,1) -> -4.1 | E311: =ROUND(Data!AF311,1) -> -19.5 | F311: =Data!BO311 -> 59.2 | G311: =Data!Q311 -> 0 | H311: =Data!BF311 -> 10 | I311: =IF(H311>H310,ROUND((H311-H310)*I$1,1),0) -> 0 | J311: =Data!BS311 -> 0 | K311: =I311 -> 0 | M311: =J311+M310 -> 691 | N311: =K311+N310 -> 612.73 | P311: =(R310+K311)/H311 -> 0.13 | Q311: =IF(P311>Q$1,Q$1,P311) -> 0.13 | R311: =Q311*H311 -> 1.3 | S311: =R311-R310 -> 0 | T311: =K311-S311 -> 0
A312: 35005 | B312: 306 | C312: =ROUND(Data!BJ312,2) -> 8.87 | D312: =ROUND(Data!R312,1) -> -2.4 | E312: =ROUND(Data!AF312,1) -> -17 | F312: =Data!BO312 -> 45.2 | G312: =Data!Q312 -> 0 | H312: =Data!BF312 -> 10 | I312: =IF(H312>H311,ROUND((H312-H311)*I$1,1),0) -> 0 | J312: =Data!BS312 -> 0 | K312: =I312 -> 0 | M312: =J312+M311 -> 691 | N312: =K312+N311 -> 612.73 | P312: =(R311+K312)/H312 -> 0.13 | Q312: =IF(P312>Q$1,Q$1,P312) -> 0.13 | R312: =Q312*H312 -> 1.3 | S312: =R312-R311 -> 0 | T312: =K312-S312 -> 0
A313: 35006 | B313: 307 | C313: =ROUND(Data!BJ313,2) -> 7.17 | D313: =ROUND(Data!R313,1) -> -1.4 | E313: =ROUND(Data!AF313,1) -> -15.7 | F313: =Data!BO313 -> 53.5 | G313: =Data!Q313 -> 0 | H313: =Data!BF313 -> 10 | I313: =IF(H313>H312,ROUND((H313-H312)*I$1,1),0) -> 0 | J313: =Data!BS313 -> 0 | K313: =I313 -> 0 | M313: =J313+M312 -> 691 | N313: =K313+N312 -> 612.73 | P313: =(R312+K313)/H313 -> 0.13 | Q313: =IF(P313>Q$1,Q$1,P313) -> 0.13 | R313: =Q313*H313 -> 1.3 | S313: =R313-R312 -> 0 | T313: =K313-S313 -> 0
A314: 35007 | B314: 308 | C314: =ROUND(Data!BJ314,2) -> 1.56 | D314: =ROUND(Data!R314,1) -> -2.4 | E314: =ROUND(Data!AF314,1) -> -10.4 | F314: =Data!BO314 -> 64.9 | G314: =Data!Q314 -> 0 | H314: =Data!BF314 -> 10 | I314: =IF(H314>H313,ROUND((H314-H313)*I$1,1),0) -> 0 | J314: =Data!BS314 -> 0 | K314: =I314 -> 0 | M314: =J314+M313 -> 691 | N314: =K314+N313 -> 612.73 | P314: =(R313+K314)/H314 -> 0.13 | Q314: =IF(P314>Q$1,Q$1,P314) -> 0.13 | R314: =Q314*H314 -> 1.3 | S314: =R314-R313 -> 0 | T314: =K314-S314 -> 0
A315: 35008 | B315: 309 | C315: =ROUND(Data!BJ315,2) -> 0.74 | D315: =ROUND(Data!R315,1) -> -3.8 | E315: =ROUND(Data!AF315,1) -> -8.8 | F315: =Data!BO315 -> 84.9 | G315: =Data!Q315 -> 0 | H315: =Data!BF315 -> 15 | I315: =IF(H315>H314,ROUND((H315-H314)*I$1,1),0) -> 0.7 | J315: =Data!BS315 -> 0 | K315: =I315 -> 0.7 | M315: =J315+M314 -> 691 | N315: =K315+N314 -> 613.43 | P315: =(R314+K315)/H315 -> 0.13333333 | Q315: =IF(P315>Q$1,Q$1,P315) -> 0.13333333 | R315: =Q315*H315 -> 2 | S315: =R315-R314 -> 0.7 | T315: =K315-S315 -> 0
A316: 35009 | B316: 310 | C316: =ROUND(Data!BJ316,2) -> 0.63 | D316: =ROUND(Data!R316,1) -> -5 | E316: =ROUND(Data!AF316,1) -> -11.7 | F316: =Data!BO316 -> 90 | G316: =Data!Q316 -> 0 | H316: =Data!BF316 -> 20 | I316: =IF(H316>H315,ROUND((H316-H315)*I$1,1),0) -> 0.7 | J316: =Data!BS316 -> 0 | K316: =I316 -> 0.7 | M316: =J316+M315 -> 691 | N316: =K316+N315 -> 614.13 | P316: =(R315+K316)/H316 -> 0.135 | Q316: =IF(P316>Q$1,Q$1,P316) -> 0.135 | R316: =Q316*H316 -> 2.7 | S316: =R316-R315 -> 0.7 | T316: =K316-S316 -> 0
A317: 35010 | B317: 311 | C317: =ROUND(Data!BJ317,2) -> 0.51 | D317: =ROUND(Data!R317,1) -> -4.1 | E317: =ROUND(Data!AF317,1) -> -13.6 | F317: =Data!BO317 -> 78.2 | G317: =Data!Q317 -> 0 | H317: =Data!BF317 -> 20 | I317: =IF(H317>H316,ROUND((H317-H316)*I$1,1),0) -> 0 | J317: =Data!BS317 -> 4.5 | K317: =I317 -> 0 | M317: =J317+M316 -> 695.5 | N317: =K317+N316 -> 614.13 | P317: =(R316+K317)/H317 -> 0.135 | Q317: =IF(P317>Q$1,Q$1,P317) -> 0.135 | R317: =Q317*H317 -> 2.7 | S317: =R317-R316 -> 0 | T317: =K317-S317 -> 0
A318: 35011 | B318: 312 | C318: =ROUND(Data!BJ318,2) -> 1.22 | D318: =ROUND(Data!R318,1) -> 4.8 | E318: =ROUND(Data!AF318,1) -> -4.8 | F318: =Data!BO318 -> 87.2 | G318: =Data!Q318 -> 0 | H318: =Data!BF318 -> 50 | I318: =IF(H318>H317,ROUND((H318-H317)*I$1,1),0) -> 3.9 | J318: =Data!BS318 -> 10.5 | K318: =J318*L$3 -> 11.025 | M318: =J318+M317 -> 706 | N318: =K318+N317 -> 625.155 | P318: =(R317+K318)/H318 -> 0.2745 | Q318: =IF(P318>Q$1,Q$1,P318) -> 0.2745 | R318: =Q318*H318 -> 13.725 | S318: =R318-R317 -> 11.025 | T318: =K318-S318 -> 0
A319: 35012 | B319: 313 | C319: =ROUND(Data!BJ319,2) -> 2.9 | D319: =ROUND(Data!R319,1) -> -4.7 | E319: =ROUND(Data!AF319,1) -> -15.9 | F319: =Data!BO319 -> 89.1 | G319: =Data!Q319 -> 0 | H319: =Data!BF319 -> 50 | I319: =IF(H319>H318,ROUND((H319-H318)*I$1,1),0) -> 0 | J319: =Data!BS319 -> 0 | K319: =J319*L$3 -> 0 | M319: =J319+M318 -> 706 | N319: =K319+N318 -> 625.155 | P319: =(R318+K319)/H319 -> 0.2745 | Q319: =IF(P319>Q$1,Q$1,P319) -> 0.2745 | R319: =Q319*H319 -> 13.725 | S319: =R319-R318 -> 0 | T319: =K319-S319 -> 0
A320: 35013 | B320: 314 | C320: =ROUND(Data!BJ320,2) -> 4.2 | D320: =ROUND(Data!R320,1) -> -7.8 | E320: =ROUND(Data!AF320,1) -> -16.3 | F320: =Data!BO320 -> 87.1 | G320: =Data!Q320 -> 0 | H320: =Data!BF320 -> 50 | I320: =IF(H320>H319,ROUND((H320-H319)*I$1,1),0) -> 0 | J320: =Data!BS320 -> 0 | K320: =J320*L$3 -> 0 | M320: =J320+M319 -> 706 | N320: =K320+N319 -> 625.155 | P320: =(R319+K320)/H320 -> 0.2745 | Q320: =IF(P320>Q$1,Q$1,P320) -> 0.2745 | R320: =Q320*H320 -> 13.725 | S320: =R320-R319 -> 0 | T320: =K320-S320 -> 0
A321: 35014 | B321: 315 | C321: =ROUND(Data!BJ321,2) -> 4.58 | D321: =ROUND(Data!R321,1) -> 0 | E321: =ROUND(Data!AF321,1) -> -7.8 | F321: =Data!BO321 -> 92.5 | G321: =Data!Q321 -> 0 | H321: =IF(K321>0,ROUND(H320+K321/0.13,0),H320-20) -> 220 | I321: =IF(H321>H320,ROUND((H321-H320)*I$1,1),0) -> 22.1 | J321: =Data!BS321 -> 21 | K321: =J321*L$3 -> 22.05 | M321: =J321+M320 -> 727 | N321: =K321+N320 -> 647.205 | P321: =(R320+K321)/H321 -> 0.16261364 | Q321: =IF(P321>Q$1,Q$1,P321) -> 0.16261364 | R321: =Q321*H321 -> 35.775 | S321: =R321-R320 -> 22.05 | T321: =K321-S321 -> 0
A322: 35015 | B322: 316 | C322: =ROUND(Data!BJ322,2) -> 4.83 | D322: =ROUND(Data!R322,1) -> 0.3 | E322: =ROUND(Data!AF322,1) -> -3 | F322: =Data!BO322 -> 75.1 | G322: =Data!Q322 -> 0 | H322: =IF(K322>0,ROUND(H321+K322/0.13,0),H321-20) -> 200 | I322: =IF(H322>H321,ROUND((H322-H321)*I$1,1),0) -> 0 | J322: =Data!BS322 -> 0 | K322: =J322*L$3 -> 0 | M322: =J322+M321 -> 727 | N322: =K322+N321 -> 647.205 | P322: =(R321+K322)/H322 -> 0.178875 | Q322: =IF(P322>Q$1,Q$1,P322) -> 0.178875 | R322: =Q322*H322 -> 35.775 | S322: =R322-R321 -> 0 | T322: =K322-S322 -> 0
A323: 35016 | B323: 317 | C323: =ROUND(Data!BJ323,2) -> 0.17 | D323: =ROUND(Data!R323,1) -> 0.3 | E323: =ROUND(Data!AF323,1) -> -2.2 | F323: =Data!BO323 -> 96.7 | G323: =Data!Q323 -> 0 | H323: =IF(K323>0,ROUND(H322+K323/0.13,0),H322-20) -> 271 | I323: =IF(H323>H322,ROUND((H323-H322)*I$1,1),0) -> 9.2 | J323: =Data!BS323 -> 8.8 | K323: =J323*L$3 -> 9.24 | M323: =J323+M322 -> 735.8 | N323: =K323+N322 -> 656.445 | P323: =(R322+K323)/H323 -> 0.16610701 | Q323: =IF(P323>Q$1,Q$1,P323) -> 0.16610701 | R323: =Q323*H323 -> 45.015 | S323: =R323-R322 -> 9.24 | T323: =K323-S323 -> 0
A324: 35017 | B324: 318 | C324: =ROUND(Data!BJ324,2) -> 1.43 | D324: =ROUND(Data!R324,1) -> 3.5 | E324: =ROUND(Data!AF324,1) -> 0.2 | F324: =Data!BO324 -> 94 | G324: =Data!Q324 -> 0 | H324: =IF(K324>0,ROUND(H323+K324/0.13,0),H323-20) -> 296 | I324: =IF(H324>H323,ROUND((H324-H323)*I$1,1),0) -> 3.3 | J324: =Data!BS324 -> 3.1 | K324: =J324*L$3 -> 3.255 | M324: =J324+M323 -> 738.9 | N324: =K324+N323 -> 659.7 | P324: =(R323+K324)/H324 -> 0.16307432 | Q324: =IF(P324>Q$1,Q$1,P324) -> 0.16307432 | R324: =Q324*H324 -> 48.27 | S324: =R324-R323 -> 3.255 | T324: =K324-S324 -> 0
A325: 35018 | B325: 319 | C325: =ROUND(Data!BJ325,2) -> 2.9 | D325: =ROUND(Data!R325,1) -> 6.5 | E325: =ROUND(Data!AF325,1) -> 0 | F325: =Data!BO325 -> 77.4 | G325: =Data!Q325 -> 0 | H325: =IF(K325>0,ROUND(H324+K325/0.13,0),H324-20) -> 313 | I325: =IF(H325>H324,ROUND((H325-H324)*I$1,1),0) -> 2.2 | J325: =Data!BS325 -> 2.1 | K325: =J325*L$3 -> 2.205 | M325: =J325+M324 -> 741 | N325: =K325+N324 -> 661.905 | P325: =(R324+K325)/H325 -> 0.16126198 | Q325: =IF(P325>Q$1,Q$1,P325) -> 0.16126198 | R325: =Q325*H325 -> 50.475 | S325: =R325-R324 -> 2.205 | T325: =K325-S325 -> 0
A326: 35019 | B326: 320 | C326: =ROUND(Data!BJ326,2) -> 4.73 | D326: =ROUND(Data!R326,1) -> 4.8 | E326: =ROUND(Data!AF326,1) -> 0.2 | F326: =Data!BO326 -> 67.7 | G326: =Data!Q326 -> 0 | H326: =IF(K326>0,ROUND(H325+K326/0.13,0),H325-20) -> 319 | I326: =IF(H326>H325,ROUND((H326-H325)*I$1,1),0) -> 0.8 | J326: =Data!BS326 -> 0.8 | K326: =J326*L$3 -> 0.84 | M326: =J326+M325 -> 741.8 | N326: =K326+N325 -> 662.745 | P326: =(R325+K326)/H326 -> 0.16086207 | Q326: =IF(P326>Q$1,Q$1,P326) -> 0.16086207 | R326: =Q326*H326 -> 51.315 | S326: =R326-R325 -> 0.84 | T326: =K326-S326 -> -3.3306691e-15
A327: 35020 | B327: 321 | C327: =ROUND(Data!BJ327,2) -> 0.98 | D327: =ROUND(Data!R327,1) -> 6.3 | E327: =ROUND(Data!AF327,1) -> 0.4 | F327: =Data!BO327 -> 76.6 | G327: =Data!Q327 -> 0 | H327: =IF(K327>0,ROUND(H326+K327/0.13,0),H326-20) -> 352 | I327: =IF(H327>H326,ROUND((H327-H326)*I$1,1),0) -> 4.3 | J327: =Data!BS327 -> 4.1 | K327: =J327*L$3 -> 4.305 | M327: =J327+M326 -> 745.9 | N327: =K327+N326 -> 667.05 | P327: =(R326+K327)/H327 -> 0.15801136 | Q327: =IF(P327>Q$1,Q$1,P327) -> 0.15801136 | R327: =Q327*H327 -> 55.62 | S327: =R327-R326 -> 4.305 | T327: =K327-S327 -> 0
A328: 35021 | B328: 322 | C328: =ROUND(Data!BJ328,2) -> 4.24 | D328: =ROUND(Data!R328,1) -> 6.1 | E328: =ROUND(Data!AF328,1) -> -1.6 | F328: =Data!BO328 -> 59.5 | G328: =Data!Q328 -> 0 | H328: =IF(K328>0,ROUND(H327+K328/0.13,0),H327-20) -> 363 | I328: =IF(H328>H327,ROUND((H328-H327)*I$1,1),0) -> 1.4 | J328: =Data!BS328 -> 1.4 | K328: =J328*L$3 -> 1.47 | M328: =J328+M327 -> 747.3 | N328: =K328+N327 -> 668.52 | P328: =(R327+K328)/H328 -> 0.15727273 | Q328: =IF(P328>Q$1,Q$1,P328) -> 0.15727273 | R328: =Q328*H328 -> 57.09 | S328: =R328-R327 -> 1.47 | T328: =K328-S328 -> -5.9952043e-15
A329: 35022 | B329: 323 | C329: =ROUND(Data!BJ329,2) -> 6.57 | D329: =ROUND(Data!R329,1) -> 3.4 | E329: =ROUND(Data!AF329,1) -> -11.2 | F329: =Data!BO329 -> 37.6 | G329: =Data!Q329 -> 0 | H329: =IF(K329>0,ROUND(H328+K329/0.13,0),H328-20) -> 371 | I329: =IF(H329>H328,ROUND((H329-H328)*I$1,1),0) -> 1 | J329: =Data!BS329 -> 1 | K329: =J329*L$3 -> 1.05 | M329: =J329+M328 -> 748.3 | N329: =K329+N328 -> 669.57 | P329: =(R328+K329)/H329 -> 0.15671159 | Q329: =IF(P329>Q$1,Q$1,P329) -> 0.15671159 | R329: =Q329*H329 -> 58.14 | S329: =R329-R328 -> 1.05 | T329: =K329-S329 -> 2.8865799e-15
A330: 35023 | B330: 324 | C330: =ROUND(Data!BJ330,2) -> 6.55 | D330: =ROUND(Data!R330,1) -> 9.1 | E330: =ROUND(Data!AF330,1) -> -12.2 | F330: =Data!BO330 -> 12.8 | G330: =Data!Q330 -> 0 | H330: =IF(K330>0,ROUND(H329+K330/0.13,0),H329-20) -> 351 | I330: =IF(H330>H329,ROUND((H330-H329)*I$1,1),0) -> 0 | J330: =Data!BS330 -> 0 | K330: =J330*L$3 -> 0 | M330: =J330+M329 -> 748.3 | N330: =K330+N329 -> 669.57 | P330: =(R329+K330)/H330 -> 0.16564103 | Q330: =IF(P330>Q$1,Q$1,P330) -> 0.16564103 | R330: =Q330*H330 -> 58.14 | S330: =R330-R329 -> 0 | T330: =K330-S330 -> 0
A331: 35024 | B331: 325 | C331: =ROUND(Data!BJ331,2) -> 1.92 | D331: =ROUND(Data!R331,1) -> 5.2 | E331: =ROUND(Data!AF331,1) -> -6.2 | F331: =Data!BO331 -> 53.9 | G331: =Data!Q331 -> 0 | H331: =IF(K331>0,ROUND(H330+K331/0.13,0),H330-20) -> 331 | I331: =IF(H331>H330,ROUND((H331-H330)*I$1,1),0) -> 0 | J331: =Data!BS331 -> 0 | K331: =J331*L$3 -> 0 | M331: =J331+M330 -> 748.3 | N331: =K331+N330 -> 669.57 | P331: =(R330+K331)/H331 -> 0.17564955 | Q331: =IF(P331>Q$1,Q$1,P331) -> 0.17564955 | R331: =Q331*H331 -> 58.14 | S331: =R331-R330 -> 0 | T331: =K331-S331 -> 0
A332: 35025 | B332: 326 | C332: =ROUND(Data!BJ332,2) -> 1.1 | D332: =ROUND(Data!R332,1) -> 2.7 | E332: =ROUND(Data!AF332,1) -> -0.1 | F332: =Data!BO332 -> 92.3 | G332: =Data!Q332 -> 0 | H332: =IF(K332>0,ROUND(H331+K332/0.13,0),H331-20) -> 311 | I332: =IF(H332>H331,ROUND((H332-H331)*I$1,1),0) -> 0 | J332: =Data!BS332 -> 0 | K332: =J332*L$3 -> 0 | M332: =J332+M331 -> 748.3 | N332: =K332+N331 -> 669.57 | P332: =(R331+K332)/H332 -> 0.18694534 | Q332: =IF(P332>Q$1,Q$1,P332) -> 0.18694534 | R332: =Q332*H332 -> 58.14 | S332: =R332-R331 -> 0 | T332: =K332-S332 -> 0
... A371: 35064 | B371: 365 | C371: =ROUND(Data!BJ371,2) -> 0 | D371: =ROUND(Data!R371,1) -> -0.2 | E371: =ROUND(Data!AF371,1) -> -6.1 | F371: =Data!BO371 -> 0 | G371: =Data!Q371 -> 0 | H371: =IF(K371>0,ROUND(H370+K371/0.13,0),H370-20) -> 858 | I371: =IF(H371>H370,ROUND((H371-H370)*I$1,1),0) -> 4.7 | J371: =Data!BS371 -> 4.5 | K371: =J371*L$3 -> 4.725 | M371: =J371+M370 -> 873.1 | N371: =K371+N370 -> 800.61 | P371: =(R370+K371)/H371 -> 0.22048951 | Q371: =IF(P371>Q$1,Q$1,P371) -> 0.22048951 | R371: =Q371*H371 -> 189.18 | S371: =R371-R370 -> 4.725 | T371: =K371-S371 -> 0
A373: Monthly Totals
A374: January | K374: =ROUND(SUM(K6:K36),1) -> 56.3
A375: February | K375: =ROUND(SUM(K37:K64),1) -> 38.6
A376: March | K376: =ROUND(SUM(K65:K95),1) -> 38.5
A377: April | K377: =ROUND(SUM(K96:K125),1) -> 47.9
A378: May | K378: =ROUND(SUM(K127:K157),1) -> 30.1
A379: June | K379: =ROUND(SUM(K158:K187),1) -> 65
A380: July | K380: =ROUND(SUM(K188:K218),1) -> 68
A381: August | K381: =ROUND(SUM(K219:K249),1) -> 110
A382: September | K382: =ROUND(SUM(K250:K279),1) -> 32
A383: October | K383: =ROUND(SUM(K280:K310),1) -> 126.3
A384: November | K384: =ROUND(SUM(K311:K340),1) -> 110.7
A385: December | K385: =ROUND(SUM(K341:K371),1) -> 77.2
K387: =SUM(K374:K385) -> 800.6

Sheet Data
A1: Sicamous Creek 1995 Daily data | D1: No data Dec 7 onwards | J1: Empty cell indicates no data | BF1: 3485 | BI1: =2.02 -> 2.02 | BJ1: Recalibrated 30/07/07 | BM1: Rh_adjustment for Max=100 and min 20=20 | BQ1: UseRHcor
A2: Last edit 21/04/25 | BJ2: 1 | BK2: 1.08 | BM2: =MAX(BM7:BM347) -> 100 | BP2: esat(tmin) | BQ2: esat(tx)-esat(Tn) | BS2: 1.4 | BW2: Summary
C3: TOTAL | D3: MEAN | E3: MEAN | F3: MEAN | G3: MEAN | H3: MEAN | I3: MEAN | J3: MEAN | K3: MEAN | L3: MEAN | M3: MEAN | N3: MEAN | O3: MEAN | P3: MEAN | Q3: TOTAL | R3: MAX. | S3: TIME | T3: MAX | U3: TIME | V3: MAX | W3: MAX | X3: MAX | Y3: MAX | Z3: MAX | AA3: MAX | AB3: MAX | AC3: MAX | AD3: MAX | AE3: TIME | AF3: MIN | AG3: TIME | AH3: MIN | AI3: TIME | AJ3: MIN | AK3: MIN | AL3: MIN | AM3: MIN | AN3: MIN | AO3: MIN | AP3: MIN | AQ3: MIN | AR3: Wind Rose: | BJ3: Revised | BM3: 0.924 | BU3: 1.5 | CW3: Midnight | DF3: FWS | DW3: UPC
C4: SOLAR | D4: PAR | E4: Ta 6m | F4: RH | G4: Ta 3m | H4: Ta 1.5m | I4: Ta 0.25m | J4: Tstem | K4: Tstem | L4: Tsoil | M4: Tsoil | N4: Tsoil | O4: SHORT | P4: WIND | Q4: RAIN | R4: Ta 6m | S4: tA 6m | T4: RH | U4: RH | V4: Ta 3m | W4: Ta 1.5m | X4: Ta 0.25m | Y4: Tstem | Z4: Tstem | AA4: Tsoil | AB4: Tsoil | AC4: Tsoil | AD4: WIND SPD | AE4: MAX U | AF4: Ta 6m | AG4: tA 6m | AH4: RH | AI4: RH | AJ4: Ta 3m | AK4: Ta 1.5m | AL4: Ta 0.25m | AM4: Tstem | AN4: Tstem | AO4: Tsoil | AP4: Tsoil | AQ4: Tsoil | AZ4: DAILY AVG | BA4: DISTANCE | BB4: BATT. | BC4: Identity | BD4: Distance | BE4: Distance | BF4: Snow depth | BH4: Solarmax | BI4: PARmax | BJ4: Solar | BK4: PAR | BL4: =MAX(BM7:BM371) -> 100 | BM4: 1 | BP4: Vpres | BQ4: VPDx | BS4: UPC to FWS | BU4: MoTISicamous | BW4: Solar | BX4: PAR | BY4: Ta6Ave | BZ4: Ta3Ave | CA4: Ta15Ave | CB4: Ta025Ave | CC4: TdufAve | CD4: Ts015Ave | CE4: Ts05Ave | CF4: RH6Ave | CG4: Ta6Max | CH4: Ta3Max | CI4: Ta15Max | CJ4: Ta025Max | CK4: TdufMax | CL4: Ts015Max | CM4: Ts05Max | CN4: RH6Max | CO4: Ta6Min | CP4: Ta3Min | CQ4: Ta15Min | CR4: Ta025Min | CS4: TdufMin | CT4: Ts015Min | CU4: Ts05Min | CV4: RH6Min | CW4: SnowD | CX4: Precipitation | CY4: Wind | CZ4: WindX | DA4: Vapres | DB4: vpdX | DC4: BatV | DF4: C | DG4: C | DH4: C | DI4: % | DJ4: % | DW4: Tave | DX4: Tmax | DY4: Tmin
A5: Date | B5: DoY | C5: MJ/m2/d | D5: mol/m2/d | E5: C | F5: % | G5: C | H5: C | I5: C | J5: WEST | K5: EAST | L5: duff | M5: 15cm | N5: 50cm | O5: (mV) | P5: (m/s) | Q5: mm | R5: C | T5: % | V5: C | W5: C | X5: C | Y5: WEST | Z5: EAST | AA5: duff | AB5: 15cm | AC5: 50cm | AD5: m/s | AE5: m/s | AF5: C | AG5: C | AH5: % | AJ5: C | AK5: C | AL5: C | AM5: WEST | AN5: EAST | AO5: duff | AP5: 15cm | AQ5: 50cm | AR5: N--NE | AS5: NE--E | AT5: E--SE | AU5: SE--S | AV5: S--SW | AW5: SW--W | AX5: W--NW | AY5: NW--N | AZ5: PANEL T | BA5: (mm) | BB5: (V) | BD5: Max | BE5: Min | BF5: mm | BH5: MJ/m2/d | BI5: mol/m2/d | BM5: RHMax | BN5: RHAvg | BO5: RHMin | BP5: kPa | BQ5: kPa | BS5: FWS | BT5: UPC | BW5: MJ/m2/d | BX5: mol/m2/d | BY5: C | BZ5: C | CA5: C | CB5: C | CC5: C | CD5: C | CE5: C | CF5: % | CG5: C | CH5: C | CI5: C | CJ5: C | CK5: C | CL5: C | CM5: C | CN5: % | CO5: C | CP5: C | CQ5: C | CR5: C | CS5: C | CT5: C | CU5: C | CV5: % | CW5: mm | CX5: mm/d | CY5: m/s | CZ5: m/s | DA5: kPa | DB5: kPa | DC5: V | DF5: Tav | DG5: Tmax | DH5: Tmin | DI5: Rhav | DJ5: Rhmin | DW5: C | DX5: C | DY5: C
BF6: 842 | EA6: Jan-Feb
A7: 34700 | B7: 1 | C7: 4.29 | D7: 7.65 | E7: -15.64 | F7: 90.6 | G7: -16.52 | H7: -18.14 | I7: 0.058 | J7: -17.71 | K7: -16.73 | L7: 0.526 | M7: 1.286 | N7: 1.956 | O7: 0 | P7: 1.476 | R7: -4.454 | S7: 1423 | T7: 98 | U7: 1632 | V7: -4.747 | W7: -9.19 | X7: 0.164 | Y7: -4.35 | Z7: -5.793 | AA7: 0.621 | AB7: 1.382 | AC7: 2.057 | AD7: 2.9941667 | AE7: 2231 | AF7: -20.36 | AG7: 25 | AH7: 79.2 | AI7: 1423 | AJ7: -21.16 | AK7: -22.66 | AL7: -0.034 | AM7: -22.47 | AN7: -21.48 | AO7: 0.457 | AP7: 1.211 | AQ7: 1.868 | AR7: 0.003 | AS7: 0.271 | AT7: 0.644 | AU7: 0.035 | AV7: 0.046 | AW7: 0 | AX7: 0 | AY7: 0 | AZ7: -17.82 | BA7: 2643 | BB7: 12.31 | BC7: 2876 | BF7: =BF$1-BA7 -> 842 | BH7: 4.59 | BI7: =BH7*$BI$1 -> 9.2718 | BJ7: =ROUND(C7*BJ$2,2) -> 4.29 | BK7: =ROUND(D7*BK$2,2) -> 8.26 | BM7: =ROUND(T7*BM$3+BM$4,1) -> 91.6 | BN7: =ROUND(F7*BM$3+BM$4,1) -> 84.7 | BO7: =ROUND(AH7*BM$3+BM$4,1) -> 74.2 | BP7: =ROUND(0.6105*(EXP((17.273*R7)/(R7+237.3)))*BO7/100, 3) -> 0.326 | BQ7: =ROUND((100-BO7)*BP7/BO7,3) -> 0.113 | BW7: =BJ7 -> 4.29 | BX7: =BK7 -> 8.26 | BY7: =ROUND(E7,1) -> -15.6 | BZ7: =ROUND(G7,1) -> -16.5 | CA7: =ROUND(H7,1) -> -18.1 | CB7: =ROUND(I7,1) -> 0.1 | CC7: =ROUND(L7,1) -> 0.5 | CD7: =ROUND(M7,1) -> 1.3 | CE7: =ROUND(N7,1) -> 2 | CF7: =ROUND(BN7,1) -> 84.7 | CG7: =ROUND(R7,1) -> -4.5 | CH7: =ROUND(V7,1) -> -4.7 | CI7: =ROUND(W7,1) -> -9.2 | CJ7: =ROUND(X7,1) -> 0.2 | CK7: =ROUND(AA7,1) -> 0.6 | CL7: =ROUND(AB7,1) -> 1.4 | CM7: =ROUND(AC7,1) -> 2.1 | CN7: =ROUND(BM7,1) -> 91.6 | CO7: =ROUND(AF7,1) -> -20.4 | CP7: =ROUND(AJ7,1) -> -21.2 | CQ7: =ROUND(AK7,1) -> -22.7 | CR7: =ROUND(AL7,1) -> 0 | CS7: =ROUND(AO7,1) -> 0.5 | CT7: =ROUND(AP7,1) -> 1.2 | CU7: =ROUND(AQ7,1) -> 1.9 | CV7: =ROUND(BO7,1) -> 74.2 | CW7: =BF7 -> 842 | CX7: =ROUND(PPTest!K7,1) -> 0 | CY7: =ROUND(P7,2) -> 1.48 | CZ7: =ROUND(AD7,2) -> 2.99 | DA7: =BP7 -> 0.326 | DB7: =BQ7 -> 0.113 | DC7: =BB7 -> 12.31 | DW7: -13.6 | DX7: -2.5 | DY7: -18.5
A8: 34701 | B8: 2 | C8: 4.367 | D8: 7.75 | E8: -16.37 | F8: 89.8 | G8: -17.3 | H8: -18.88 | I8: -0.168 | J8: -18.55 | K8: -17.53 | L8: 0.509 | M8: 1.267 | N8: 1.936 | O8: 0 | P8: 1.6275 | R8: -5.716 | S8: 1305 | T8: 98.1 | U8: 1626 | V8: -6.915 | W8: -10.23 | X8: -0.012 | Y8: -4.976 | Z8: -7.11 | AA8: 0.615 | AB8: 1.381 | AC8: 2.055 | AD8: 2.9675 | AE8: 856 | AF8: -21.33 | AG8: 821 | AH8: 76.3 | AI8: 1305 | AJ8: -22.16 | AK8: -23.52 | AL8: -0.383 | AM8: -23.22 | AN8: -22.37 | AO8: 0.421 | AP8: 1.171 | AQ8: 1.84 | AR8: 0.001 | AS8: 0.3 | AT8: 0.669 | AU8: 0.019 | AV8: 0.009 | AW8: 0 | AX8: 0 | AY8: 0 | AZ8: -18.29 | BA8: 2644 | BB8: 12.3 | BC8: 2876 | BF8: =BF$1-BA8 -> 841 | BH8: 4.63 | BI8: =BH8*$BI$1 -> 9.3526 | BJ8: =ROUND(C8*BJ$2,2) -> 4.37 | BK8: =ROUND(D8*BK$2,2) -> 8.37 | BM8: =ROUND(T8*BM$3+BM$4,1) -> 91.6 | BN8: =ROUND(F8*BM$3+BM$4,1) -> 84 | BO8: =ROUND(AH8*BM$3+BM$4,1) -> 71.5 | BP8: =ROUND(0.6105*(EXP((17.273*R8)/(R8+237.3)))*BO8/100, 3) -> 0.285 | BQ8: =ROUND((100-BO8)*BP8/BO8,3) -> 0.114 | BW8: =BJ8 -> 4.37 | BX8: =BK8 -> 8.37 | BY8: =ROUND(E8,1) -> -16.4 | BZ8: =ROUND(G8,1) -> -17.3 | CA8: =ROUND(H8,1) -> -18.9 | CB8: =ROUND(I8,1) -> -0.2 | CC8: =ROUND(L8,1) -> 0.5 | CD8: =ROUND(M8,1) -> 1.3 | CE8: =ROUND(N8,1) -> 1.9 | CF8: =ROUND(BN8,1) -> 84 | CG8: =ROUND(R8,1) -> -5.7 | CH8: =ROUND(V8,1) -> -6.9 | CI8: =ROUND(W8,1) -> -10.2 | CJ8: =ROUND(X8,1) -> 0 | CK8: =ROUND(AA8,1) -> 0.6 | CL8: =ROUND(AB8,1) -> 1.4 | CM8: =ROUND(AC8,1) -> 2.1 | CN8: =ROUND(BM8,1) -> 91.6 | CO8: =ROUND(AF8,1) -> -21.3 | CP8: =ROUND(AJ8,1) -> -22.2 | CQ8: =ROUND(AK8,1) -> -23.5 | CR8: =ROUND(AL8,1) -> -0.4 | CS8: =ROUND(AO8,1) -> 0.4 | CT8: =ROUND(AP8,1) -> 1.2 | CU8: =ROUND(AQ8,1) -> 1.8 | CV8: =ROUND(BO8,1) -> 71.5 | CW8: =BF8 -> 841 | CX8: =ROUND(PPTest!K8,1) -> 0 | CY8: =ROUND(P8,2) -> 1.63 | CZ8: =ROUND(AD8,2) -> 2.97 | DA8: =BP8 -> 0.285 | DB8: =BQ8 -> 0.114 | DC8: =BB8 -> 12.3 | DW8: -12.5 | DX8: -1.8 | DY8: -19.4
A9: 34702 | B9: 3 | C9: 4.559 | D9: 8.2 | E9: -16.09 | F9: 90 | G9: -17.01 | H9: -18.41 | I9: -0.439 | J9: -18.08 | K9: -17.21 | L9: 0.471 | M9: 1.234 | N9: 1.904 | O9: 0 | P9: 1.7758333 | R9: -5.706 | S9: 1333 | T9: 101.7 | U9: 2134 | V9: -5.705 | W9: -8.86 | X9: -0.327 | Y9: -3.327 | Z9: -5.852 | AA9: 0.585 | AB9: 1.352 | AC9: 2.037 | AD9: 3.1141667 | AE9: 2134 | AF9: -21.81 | AG9: 417 | AH9: 75.7 | AI9: 1213 | AJ9: -22.65 | AK9: -23.91 | AL9: -0.542 | AM9: -23.49 | AN9: -22.86 | AO9: 0.355 | AP9: 1.106 | AQ9: 1.775 | AR9: 0 | AS9: 0.272 | AT9: 0.711 | AU9: 0.016 | AV9: 0.001 | AW9: 0 | AX9: 0 | AY9: 0 | AZ9: -18.2 | BA9: 2653 | BB9: 12.3 | BC9: 2876 | BF9: =BF$1-BA9 -> 832 | BH9: 4.67 | BI9: =BH9*$BI$1 -> 9.4334 | BJ9: =ROUND(C9*BJ$2,2) -> 4.56 | BK9: =ROUND(D9*BK$2,2) -> 8.86 | BM9: =ROUND(T9*BM$3+BM$4,1) -> 95 | BN9: =ROUND(F9*BM$3+BM$4,1) -> 84.2 | BO9: =ROUND(AH9*BM$3+BM$4,1) -> 70.9 | BP9: =ROUND(0.6105*(EXP((17.273*R9)/(R9+237.3)))*BO9/100, 3) -> 0.283 | BQ9: =ROUND((100-BO9)*BP9/BO9,3) -> 0.116 | BW9: =BJ9 -> 4.56 | BX9: =BK9 -> 8.86 | BY9: =ROUND(E9,1) -> -16.1 | BZ9: =ROUND(G9,1) -> -17 | CA9: =ROUND(H9,1) -> -18.4 | CB9: =ROUND(I9,1) -> -0.4 | CC9: =ROUND(L9,1) -> 0.5 | CD9: =ROUND(M9,1) -> 1.2 | CE9: =ROUND(N9,1) -> 1.9 | CF9: =ROUND(BN9,1) -> 84.2 | CG9: =ROUND(R9,1) -> -5.7 | CH9: =ROUND(V9,1) -> -5.7 | CI9: =ROUND(W9,1) -> -8.9 | CJ9: =ROUND(X9,1) -> -0.3 | CK9: =ROUND(AA9,1) -> 0.6 | CL9: =ROUND(AB9,1) -> 1.4 | CM9: =ROUND(AC9,1) -> 2 | CN9: =ROUND(BM9,1) -> 95 | CO9: =ROUND(AF9,1) -> -21.8 | CP9: =ROUND(AJ9,1) -> -22.7 | CQ9: =ROUND(AK9,1) -> -23.9 | CR9: =ROUND(AL9,1) -> -0.5 | CS9: =ROUND(AO9,1) -> 0.4 | CT9: =ROUND(AP9,1) -> 1.1 | CU9: =ROUND(AQ9,1) -> 1.8 | CV9: =ROUND(BO9,1) -> 70.9 | CW9: =BF9 -> 832 | CX9: =ROUND(PPTest!K9,1) -> 0 | CY9: =ROUND(P9,2) -> 1.78 | CZ9: =ROUND(AD9,2) -> 3.11 | DA9: =BP9 -> 0.283 | DB9: =BQ9 -> 0.116 | DC9: =BB9 -> 12.3 | DW9: -12.6 | DX9: -0.6 | DY9: -19.2
A10: 34703 | B10: 4 | C10: 4.89 | D10: 8.47 | E10: -15.33 | F10: 90.4 | G10: -16.3 | H10: -17.75 | I10: -0.556 | J10: -17.59 | K10: -16.58 | L10: 0.457 | M10: 1.233 | N10: 1.906 | O10: 0 | P10: 1.7925 | R10: -4.87 | S10: 1329 | T10: 102.8 | U10: 541 | V10: -5.557 | W10: -7.06 | X10: -0.463 | Y10: -2.564 | Z10: -5.584 | AA10: 0.551 | AB10: 1.334 | AC10: 2.025 | AD10: 2.7408333 | AE10: 527 | AF10: -20.18 | AG10: 2340 | AH10: 74.6 | AI10: 1217 | AJ10: -21.15 | AK10: -22.62 | AL10: -0.683 | AM10: -22.72 | AN10: -21.51 | AO10: 0.381 | AP10: 1.154 | AQ10: 1.822 | AR10: 0 | AS10: 0.265 | AT10: 0.722 | AU10: 0.01 | AV10: 0.002 | AW10: 0 | AX10: 0 | AY10: 0 | AZ10: -17.55 | BA10: 2662 | BB10: 12.29 | BC10: 2876 | BF10: =BF$1-BA10 -> 823 | BH10: 4.72 | BI10: =BH10*$BI$1 -> 9.5344 | BJ10: =ROUND(C10*BJ$2,2) -> 4.89 | BK10: =ROUND(D10*BK$2,2) -> 9.15 | BM10: =ROUND(T10*BM$3+BM$4,1) -> 96 | BN10: =ROUND(F10*BM$3+BM$4,1) -> 84.5 | BO10: =ROUND(AH10*BM$3+BM$4,1) -> 69.9 | BP10: =ROUND(0.6105*(EXP((17.273*R10)/(R10+237.3)))*BO10/100, 3) -> 0.297 | BQ10: =ROUND((100-BO10)*BP10/BO10,3) -> 0.128 | BW10: =BJ10 -> 4.89 | BX10: =BK10 -> 9.15 | BY10: =ROUND(E10,1) -> -15.3 | BZ10: =ROUND(G10,1) -> -16.3 | CA10: =ROUND(H10,1) -> -17.8 | CB10: =ROUND(I10,1) -> -0.6 | CC10: =ROUND(L10,1) -> 0.5 | CD10: =ROUND(M10,1) -> 1.2 | CE10: =ROUND(N10,1) -> 1.9 | CF10: =ROUND(BN10,1) -> 84.5 | CG10: =ROUND(R10,1) -> -4.9 | CH10: =ROUND(V10,1) -> -5.6 | CI10: =ROUND(W10,1) -> -7.1 | CJ10: =ROUND(X10,1) -> -0.5 | CK10: =ROUND(AA10,1) -> 0.6 | CL10: =ROUND(AB10,1) -> 1.3 | CM10: =ROUND(AC10,1) -> 2 | CN10: =ROUND(BM10,1) -> 96 | CO10: =ROUND(AF10,1) -> -20.2 | CP10: =ROUND(AJ10,1) -> -21.2 | CQ10: =ROUND(AK10,1) -> -22.6 | CR10: =ROUND(AL10,1) -> -0.7 | CS10: =ROUND(AO10,1) -> 0.4 | CT10: =ROUND(AP10,1) -> 1.2 | CU10: =ROUND(AQ10,1) -> 1.8 | CV10: =ROUND(BO10,1) -> 69.9 | CW10: =BF10 -> 823 | CX10: =ROUND(PPTest!K10,1) -> 0 | CY10: =ROUND(P10,2) -> 1.79 | CZ10: =ROUND(AD10,2) -> 2.74 | DA10: =BP10 -> 0.297 | DB10: =BQ10 -> 0.128 | DC10: =BB10 -> 12.29 | DW10: -12 | DX10: -2.3 | DY10: -16.9
A11: 34704 | B11: 5 | C11: 5.365 | D11: 8.94 | E11: -17.11 | F11: 87.4 | G11: -17.99 | H11: -19.34 | I11: -0.699 | J11: -19.01 | K11: -18.19 | L11: 0.375 | M11: 1.164 | N11: 1.849 | O11: 0 | P11: 1.6541667 | R11: -5.734 | S11: 1345 | T11: 95 | U11: 1624 | V11: -4.958 | W11: -7.43 | X11: -0.552 | Y11: -2.306 | Z11: -5.806 | AA11: 0.499 | AB11: 1.306 | AC11: 2.001 | AD11: 2.6875 | AE11: 251 | AF11: -22.01 | AG11: 710 | AH11: 60.85 | AI11: 1342 | AJ11: -22.99 | AK11: -24.51 | AL11: -0.836 | AM11: -24.47 | AN11: -23.26 | AO11: 0.251 | AP11: 1.037 | AQ11: 1.717 | AR11: 0.001 | AS11: 0.203 | AT11: 0.73 | AU11: 0.037 | AV11: 0.027 | AW11: 0.002 | AX11: 0 | AY11: 0 | AZ11: -19.01 | BA11: 2666 | BB11: 12.29 | BC11: 2876 | BF11: =BF$1-BA11 -> 819 | BH11: 4.76 | BI11: =BH11*$BI$1 -> 9.6152 | BJ11: =ROUND(C11*BJ$2,2) -> 5.37 | BK11: =ROUND(D11*BK$2,2) -> 9.66 | BM11: =ROUND(T11*BM$3+BM$4,1) -> 88.8 | BN11: =ROUND(F11*BM$3+BM$4,1) -> 81.8 | BO11: =ROUND(AH11*BM$3+BM$4,1) -> 57.2 | BP11: =ROUND(0.6105*(EXP((17.273*R11)/(R11+237.3)))*BO11/100, 3) -> 0.228 | BQ11: =ROUND((100-BO11)*BP11/BO11,3) -> 0.171 | BW11: =BJ11 -> 5.37 | BX11: =BK11 -> 9.66 | BY11: =ROUND(E11,1) -> -17.1 | BZ11: =ROUND(G11,1) -> -18 | CA11: =ROUND(H11,1) -> -19.3 | CB11: =ROUND(I11,1) -> -0.7 | CC11: =ROUND(L11,1) -> 0.4 | CD11: =ROUND(M11,1) -> 1.2 | CE11: =ROUND(N11,1) -> 1.8 | CF11: =ROUND(BN11,1) -> 81.8 | CG11: =ROUND(R11,1) -> -5.7 | CH11: =ROUND(V11,1) -> -5 | CI11: =ROUND(W11,1) -> -7.4 | CJ11: =ROUND(X11,1) -> -0.6 | CK11: =ROUND(AA11,1) -> 0.5 | CL11: =ROUND(AB11,1) -> 1.3 | CM11: =ROUND(AC11,1) -> 2 | CN11: =ROUND(BM11,1) -> 88.8 | CO11: =ROUND(AF11,1) -> -22 | CP11: =ROUND(AJ11,1) -> -23 | CQ11: =ROUND(AK11,1) -> -24.5 | CR11: =ROUND(AL11,1) -> -0.8 | CS11: =ROUND(AO11,1) -> 0.3 | CT11: =ROUND(AP11,1) -> 1 | CU11: =ROUND(AQ11,1) -> 1.7 | CV11: =ROUND(BO11,1) -> 57.2 | CW11: =BF11 -> 819 | CX11: =ROUND(PPTest!K11,1) -> 0 | CY11: =ROUND(P11,2) -> 1.65 | CZ11: =ROUND(AD11,2) -> 2.69 | DA11: =BP11 -> 0.228 | DB11: =BQ11 -> 0.171 | DC11: =BB11 -> 12.29 | DW11: -11.5 | DX11: 3.2 | DY11: -17
A12: 34705 | B12: 6 | C12: 3.726 | D12: 5.865 | E12: -16.65 | F12: 86.7 | G12: -17.1 | H12: -18.25 | I12: -0.768 | J12: -17.78 | K12: -17.3 | L12: 0.331 | M12: 1.142 | N12: 1.848 | O12: 0 | P12: 1.4668333 | R12: -5.772 | S12: 1416 | T12: 97.1 | U12: 1625 | V12: -4.03 | W12: -6.756 | X12: -0.635 | Y12: -1.788 | Z12: -4.553 | AA12: 0.45 | AB12: 1.265 | AC12: 1.99 | AD12: 2.6475 | AE12: 2359 | AF12: -21.43 | AG12: 625 | AH12: 63.05 | AI12: 1418 | AJ12: -22.23 | AK12: -23.33 | AL12: -0.874 | AM12: -23.26 | AN12: -22.54 | AO12: 0.242 | AP12: 1.045 | AQ12: 1.742 | AR12: 0.006 | AS12: 0.281 | AT12: 0.553 | AU12: 0.017 | AV12: 0.092 | AW12: 0.04 | AX12: 0.003 | AY12: 0.009 | AZ12: -17.76 | BA12: 2679 | BB12: 12.29 | BC12: 2876 | BF12: =BF$1-BA12 -> 806 | BH12: 4.82 | BI12: =BH12*$BI$1 -> 9.7364 | BJ12: =ROUND(C12*BJ$2,2) -> 3.73 | BK12: =ROUND(D12*BK$2,2) -> 6.33 | BM12: =ROUND(T12*BM$3+BM$4,1) -> 90.7 | BN12: =ROUND(F12*BM$3+BM$4,1) -> 81.1 | BO12: =ROUND(AH12*BM$3+BM$4,1) -> 59.3 | BP12: =ROUND(0.6105*(EXP((17.273*R12)/(R12+237.3)))*BO12/100, 3) -> 0.235 | BQ12: =ROUND((100-BO12)*BP12/BO12,3) -> 0.161 | BW12: =BJ12 -> 3.73 | BX12: =BK12 -> 6.33 | BY12: =ROUND(E12,1) -> -16.7 | BZ12: =ROUND(G12,1) -> -17.1 | CA12: =ROUND(H12,1) -> -18.3 | CB12: =ROUND(I12,1) -> -0.8 | CC12: =ROUND(L12,1) -> 0.3 | CD12: =ROUND(M12,1) -> 1.1 | CE12: =ROUND(N12,1) -> 1.8 | CF12: =ROUND(BN12,1) -> 81.1 | CG12: =ROUND(R12,1) -> -5.8 | CH12: =ROUND(V12,1) -> -4 | CI12: =ROUND(W12,1) -> -6.8 | CJ12: =ROUND(X12,1) -> -0.6 | CK12: =ROUND(AA12,1) -> 0.5 | CL12: =ROUND(AB12,1) -> 1.3 | CM12: =ROUND(AC12,1) -> 2 | CN12: =ROUND(BM12,1) -> 90.7 | CO12: =ROUND(AF12,1) -> -21.4 | CP12: =ROUND(AJ12,1) -> -22.2 | CQ12: =ROUND(AK12,1) -> -23.3 | CR12: =ROUND(AL12,1) -> -0.9 | CS12: =ROUND(AO12,1) -> 0.2 | CT12: =ROUND(AP12,1) -> 1 | CU12: =ROUND(AQ12,1) -> 1.7 | CV12: =ROUND(BO12,1) -> 59.3 | CW12: =BF12 -> 806 | CX12: =ROUND(PPTest!K12,1) -> 0 | CY12: =ROUND(P12,2) -> 1.47 | CZ12: =ROUND(AD12,2) -> 2.65 | DA12: =BP12 -> 0.235 | DB12: =BQ12 -> 0.161 | DC12: =BB12 -> 12.29 | DW12: -12.9 | DX12: -4 | DY12: -16.8
A13: 34706 | B13: 7 | C13: 6.047 | D13: 11.05 | E13: -15.76 | F13: 85.7 | G13: -16.61 | H13: -17.6 | I13: -0.908 | J13: -17.35 | K13: -16.86 | L13: 0.226 | M13: 1.063 | N13: 1.789 | O13: 0 | P13: 1.8091667 | R13: -5.267 | S13: 2238 | T13: 98.9 | U13: 1616 | V13: -5.365 | W13: -6.155 | X13: -0.758 | Y13: -3.458 | Z13: -6.656 | AA13: 0.361 | AB13: 1.214 | AC13: 1.954 | AD13: 4.0208333 | AE13: 2224 | AF13: -24.24 | AG13: 814 | AH13: 67.36 | AI13: 1416 | AJ13: -25.12 | AK13: -26.44 | AL13: -1.124 | AM13: -26.43 | AN13: -25.63 | AO13: 0.057 | AP13: 0.894 | AQ13: 1.612 | AR13: 0.019 | AS13: 0.382 | AT13: 0.571 | AU13: 0.014 | AV13: 0.006 | AW13: 0.005 | AX13: 0.001 | AY13: 0.001 | AZ13: -18.19 | BA13: 2676 | BB13: 12.29 | BC13: 2876 | BF13: =BF$1-BA13 -> 809 | BH13: 4.87 | BI13: =BH13*$BI$1 -> 9.8374 | BJ13: =ROUND(C13*BJ$2,2) -> 6.05 | BK13: =ROUND(D13*BK$2,2) -> 11.93 | BM13: =ROUND(T13*BM$3+BM$4,1) -> 92.4 | BN13: =ROUND(F13*BM$3+BM$4,1) -> 80.2 | BO13: =ROUND(AH13*BM$3+BM$4,1) -> 63.2 | BP13: =ROUND(0.6105*(EXP((17.273*R13)/(R13+237.3)))*BO13/100, 3) -> 0.261 | BQ13: =ROUND((100-BO13)*BP13/BO13,3) -> 0.152 | BW13: =BJ13 -> 6.05 | BX13: =BK13 -> 11.93 | BY13: =ROUND(E13,1) -> -15.8 | BZ13: =ROUND(G13,1) -> -16.6 | CA13: =ROUND(H13,1) -> -17.6 | CB13: =ROUND(I13,1) -> -0.9 | CC13: =ROUND(L13,1) -> 0.2 | CD13: =ROUND(M13,1) -> 1.1 | CE13: =ROUND(N13,1) -> 1.8 | CF13: =ROUND(BN13,1) -> 80.2 | CG13: =ROUND(R13,1) -> -5.3 | CH13: =ROUND(V13,1) -> -5.4 | CI13: =ROUND(W13,1) -> -6.2 | CJ13: =ROUND(X13,1) -> -0.8 | CK13: =ROUND(AA13,1) -> 0.4 | CL13: =ROUND(AB13,1) -> 1.2 | CM13: =ROUND(AC13,1) -> 2 | CN13: =ROUND(BM13,1) -> 92.4 | CO13: =ROUND(AF13,1) -> -24.2 | CP13: =ROUND(AJ13,1) -> -25.1 | CQ13: =ROUND(AK13,1) -> -26.4 | CR13: =ROUND(AL13,1) -> -1.1 | CS13: =ROUND(AO13,1) -> 0.1 | CT13: =ROUND(AP13,1) -> 0.9 | CU13: =ROUND(AQ13,1) -> 1.6 | CV13: =ROUND(BO13,1) -> 63.2 | CW13: =BF13 -> 809 | CX13: =ROUND(PPTest!K13,1) -> 0.4 | CY13: =ROUND(P13,2) -> 1.81 | CZ13: =ROUND(AD13,2) -> 4.02 | DA13: =BP13 -> 0.261 | DB13: =BQ13 -> 0.152 | DC13: =BB13 -> 12.29 | DW13: -9.6 | DX13: -3.1 | DY13: -17.7
A14: 34707 | B14: 8 | C14: 0.631 | D14: 1.459 | E14: -3.872 | F14: 97.2 | G14: -4.284 | H14: -4.828 | I14: -0.879 | J14: -4.862 | K14: -4.474 | L14: 0.217 | M14: 1.092 | N14: 1.848 | O14: 0 | P14: 1.3216667 | R14: -0.005 | S14: 1146 | T14: 105.2 | U14: 2332 | V14: -0.165 | W14: -1.431 | X14: -0.838 | Y14: -1.238 | Z14: -0.758 | AA14: 0.268 | AB14: 1.14 | AC14: 1.909 | AD14: 4.1008333 | AE14: 1528 | AF14: -7.66 | AG14: 645 | AH14: 81.3 | AI14: 1040 | AJ14: -8.42 | AK14: -9.72 | AL14: -0.927 | AM14: -9.65 | AN14: -8.37 | AO14: 0.154 | AP14: 1.006 | AQ14: 1.754 | AR14: 0.148 | AS14: 0.188 | AT14: 0.115 | AU14: 0.088 | AV14: 0.093 | AW14: 0.172 | AX14: 0.126 | AY14: 0.07 | AZ14: -5.32 | BA14: 2626 | BB14: 12.29 | BC14: 2876 | BF14: =BF$1-BA14 -> 859 | BH14: 4.93 | BI14: =BH14*$BI$1 -> 9.9586 | BJ14: =ROUND(C14*BJ$2,2) -> 0.63 | BK14: =ROUND(D14*BK$2,2) -> 1.58 | BM14: =ROUND(T14*BM$3+BM$4,1) -> 98.2 | BN14: =ROUND(F14*BM$3+BM$4,1) -> 90.8 | BO14: =ROUND(AH14*BM$3+BM$4,1) -> 76.1 | BP14: =ROUND(0.6105*(EXP((17.273*R14)/(R14+237.3)))*BO14/100, 3) -> 0.464 | BQ14: =ROUND((100-BO14)*BP14/BO14,3) -> 0.146 | BW14: =BJ14 -> 0.63 | BX14: =BK14 -> 1.58 | BY14: =ROUND(E14,1) -> -3.9 | BZ14: =ROUND(G14,1) -> -4.3 | CA14: =ROUND(H14,1) -> -4.8 | CB14: =ROUND(I14,1) -> -0.9 | CC14: =ROUND(L14,1) -> 0.2 | CD14: =ROUND(M14,1) -> 1.1 | CE14: =ROUND(N14,1) -> 1.8 | CF14: =ROUND(BN14,1) -> 90.8 | CG14: =ROUND(R14,1) -> 0 | CH14: =ROUND(V14,1) -> -0.2 | CI14: =ROUND(W14,1) -> -1.4 | CJ14: =ROUND(X14,1) -> -0.8 | CK14: =ROUND(AA14,1) -> 0.3 | CL14: =ROUND(AB14,1) -> 1.1 | CM14: =ROUND(AC14,1) -> 1.9 | CN14: =ROUND(BM14,1) -> 98.2 | CO14: =ROUND(AF14,1) -> -7.7 | CP14: =ROUND(AJ14,1) -> -8.4 | CQ14: =ROUND(AK14,1) -> -9.7 | CR14: =ROUND(AL14,1) -> -0.9 | CS14: =ROUND(AO14,1) -> 0.2 | CT14: =ROUND(AP14,1) -> 1 | CU14: =ROUND(AQ14,1) -> 1.8 | CV14: =ROUND(BO14,1) -> 76.1 | CW14: =BF14 -> 859 | CX14: =ROUND(PPTest!K14,1) -> 6.5 | CY14: =ROUND(P14,2) -> 1.32 | CZ14: =ROUND(AD14,2) -> 4.1 | DA14: =BP14 -> 0.464 | DB14: =BQ14 -> 0.146 | DC14: =BB14 -> 12.29 | DW14: -4.5 | DX14: -1.2 | DY14: -7.6
A15: 34708 | B15: 9 | C15: 0.541 | D15: 1.138 | E15: -1.153 | F15: 94.9 | G15: -1.517 | H15: -1.861 | I15: -0.86 | J15: -2.284 | K15: -1.951 | L15: 0.163 | M15: 1.058 | N15: 1.836 | O15: 0 | P15: 1.6575 | R15: 1.192 | S15: 2315 | T15: 103.2 | U15: 339 | V15: 1.583 | W15: 1.062 | X15: -0.781 | Y15: 0.313 | Z15: -0.187 | AA15: 0.207 | AB15: 1.105 | AC15: 1.876 | AD15: 4.3008333 | AE15: 2339 | AF15: -5.813 | AG15: 404 | AH15: 81 | AI15: 614 | AJ15: -6.859 | AK15: -7.82 | AL15: -0.919 | AM15: -7.49 | AN15: -6.788 | AO15: 0.131 | AP15: 1.02 | AQ15: 1.791 | AR15: 0.244 | AS15: 0.278 | AT15: 0.099 | AU15: 0.061 | AV15: 0.056 | AW15: 0.087 | AX15: 0.101 | AY15: 0.073 | AZ15: -3.182 | BA15: 3474 | BB15: 12.29 | BC15: 2876 | BF15: 900 | BH15: 4.99 | BI15: =BH15*$BI$1 -> 10.0798 | BJ15: =ROUND(C15*BJ$2,2) -> 0.54 | BK15: =ROUND(D15*BK$2,2) -> 1.23 | BM15: =ROUND(T15*BM$3+BM$4,1) -> 96.4 | BN15: =ROUND(F15*BM$3+BM$4,1) -> 88.7 | BO15: =ROUND(AH15*BM$3+BM$4,1) -> 75.8 | BP15: =ROUND(0.6105*(EXP((17.273*R15)/(R15+237.3)))*BO15/100, 3) -> 0.504 | BQ15: =ROUND((100-BO15)*BP15/BO15,3) -> 0.161 | BW15: =BJ15 -> 0.54 | BX15: =BK15 -> 1.23 | BY15: =ROUND(E15,1) -> -1.2 | BZ15: =ROUND(G15,1) -> -1.5 | CA15: =ROUND(H15,1) -> -1.9 | CB15: =ROUND(I15,1) -> -0.9 | CC15: =ROUND(L15,1) -> 0.2 | CD15: =ROUND(M15,1) -> 1.1 | CE15: =ROUND(N15,1) -> 1.8 | CF15: =ROUND(BN15,1) -> 88.7 | CG15: =ROUND(R15,1) -> 1.2 | CH15: =ROUND(V15,1) -> 1.6 | CI15: =ROUND(W15,1) -> 1.1 | CJ15: =ROUND(X15,1) -> -0.8 | CK15: =ROUND(AA15,1) -> 0.2 | CL15: =ROUND(AB15,1) -> 1.1 | CM15: =ROUND(AC15,1) -> 1.9 | CN15: =ROUND(BM15,1) -> 96.4 | CO15: =ROUND(AF15,1) -> -5.8 | CP15: =ROUND(AJ15,1) -> -6.9 | CQ15: =ROUND(AK15,1) -> -7.8 | CR15: =ROUND(AL15,1) -> -0.9 | CS15: =ROUND(AO15,1) -> 0.1 | CT15: =ROUND(AP15,1) -> 1 | CU15: =ROUND(AQ15,1) -> 1.8 | CV15: =ROUND(BO15,1) -> 75.8 | CW15: =BF15 -> 900 | CX15: =ROUND(PPTest!K15,1) -> 5.3 | CY15: =ROUND(P15,2) -> 1.66 | CZ15: =ROUND(AD15,2) -> 4.3 | DA15: =BP15 -> 0.504 | DB15: =BQ15 -> 0.161 | DC15: =BB15 -> 12.29 | DW15: -1.6 | DX15: 1.8 | DY15: -4.5
A16: 34709 | B16: 10 | C16: 0.572 | D16: 0.926 | E16: -0.354 | F16: 99.6 | G16: -0.938 | H16: -1.355 | I16: -0.746 | J16: -1.453 | K16: -1.049 | L16: 0.151 | M16: 1.046 | N16: 1.838 | O16: 0 | P16: 0.87916667 | R16: 2.208 | S16: 1128 | T16: 104.6 | U16: 440 | V16: 2.215 | W16: 1.848 | X16: -0.685 | Y16: 1.019 | Z16: 0.28 | AA16: 0.18 | AB16: 1.087 | AC16: 1.871 | AD16: 3.9675 | AE16: 44 | AF16: -3.791 | AG16: 0 | AH16: 84.1 | AI16: 1124 | AJ16: -4.905 | AK16: -6.412 | AL16: -0.815 | AM16: -5.349 | AN16: -4.465 | AO16: 0.119 | AP16: 1.012 | AQ16: 1.808 | AR16: 0.09 | AS16: 0.303 | AT16: 0.217 | AU16: 0.083 | AV16: 0.055 | AW16: 0.14 | AX16: 0.06 | AY16: 0.052 | AZ16: -1.434 | BA16: 2517 | BB16: 12.3 | BC16: 2876 | BF16: =BF$1-BA16 -> 968 | BH16: 5.06 | BI16: =BH16*$BI$1 -> 10.2212 | BJ16: =ROUND(C16*BJ$2,2) -> 0.57 | BK16: =ROUND(D16*BK$2,2) -> 1 | BM16: =ROUND(T16*BM$3+BM$4,1) -> 97.7 | BN16: =ROUND(F16*BM$3+BM$4,1) -> 93 | BO16: =ROUND(AH16*BM$3+BM$4,1) -> 78.7 | BP16: =ROUND(0.6105*(EXP((17.273*R16)/(R16+237.3)))*BO16/100, 3) -> 0.563 | BQ16: =ROUND((100-BO16)*BP16/BO16,3) -> 0.152 | BW16: =BJ16 -> 0.57 | BX16: =BK16 -> 1 | BY16: =ROUND(E16,1) -> -0.4 | BZ16: =ROUND(G16,1) -> -0.9 | CA16: =ROUND(H16,1) -> -1.4 | CB16: =ROUND(I16,1) -> -0.7 | CC16: =ROUND(L16,1) -> 0.2 | CD16: =ROUND(M16,1) -> 1 | CE16: =ROUND(N16,1) -> 1.8 | CF16: =ROUND(BN16,1) -> 93 | CG16: =ROUND(R16,1) -> 2.2 | CH16: =ROUND(V16,1) -> 2.2 | CI16: =ROUND(W16,1) -> 1.8 | CJ16: =ROUND(X16,1) -> -0.7 | CK16: =ROUND(AA16,1) -> 0.2 | CL16: =ROUND(AB16,1) -> 1.1 | CM16: =ROUND(AC16,1) -> 1.9 | CN16: =ROUND(BM16,1) -> 97.7 | CO16: =ROUND(AF16,1) -> -3.8 | CP16: =ROUND(AJ16,1) -> -4.9 | CQ16: =ROUND(AK16,1) -> -6.4 | CR16: =ROUND(AL16,1) -> -0.8 | CS16: =ROUND(AO16,1) -> 0.1 | CT16: =ROUND(AP16,1) -> 1 | CU16: =ROUND(AQ16,1) -> 1.8 | CV16: =ROUND(BO16,1) -> 78.7 | CW16: =BF16 -> 968 | CX16: =ROUND(PPTest!K16,1) -> 8.8 | CY16: =ROUND(P16,2) -> 0.88 | CZ16: =ROUND(AD16,2) -> 3.97 | DA16: =BP16 -> 0.563 | DB16: =BQ16 -> 0.152 | DC16: =BB16 -> 12.3 | DW16: -0.7 | DX16: 1.1 | DY16: -3.7
A17: 34710 | B17: 11 | C17: 0.246 | D17: 0.626 | E17: -3.724 | F17: 101.2 | G17: -4.345 | H17: -5.053 | I17: -0.648 | J17: -5.423 | K17: -4.603 | L17: 0.133 | M17: 1.011 | N17: 1.805 | O17: 0 | P17: 0.80366667 | R17: -0.377 | S17: 1545 | T17: 102.9 | U17: 423 | V17: 0.287 | W17: -1.396 | X17: -0.577 | Y17: -1.948 | Z17: -0.983 | AA17: 0.157 | AB17: 1.044 | AC17: 1.844 | AD17: 4.1408333 | AE17: 1337 | AF17: -6.796 | AG17: 351 | AH17: 98.5 | AI17: 1531 | AJ17: -7.89 | AK17: -9.82 | AL17: -0.72 | AM17: -9.33 | AN17: -8.23 | AO17: 0.106 | AP17: 0.981 | AQ17: 1.775 | AR17: 0.467 | AS17: 0.21 | AT17: 0.194 | AU17: 0.024 | AV17: 0.028 | AW17: 0.06 | AX17: 0.015 | AY17: 0.002 | AZ17: -3.683 | BA17: 2478 | BB17: 12.3 | BC17: 2876 | BF17: =BF$1-BA17 -> 1007 | BH17: 5.13 | BI17: =BH17*$BI$1 -> 10.3626 | BJ17: =ROUND(C17*BJ$2,2) -> 0.25 | BK17: =ROUND(D17*BK$2,2) -> 0.68 | BM17: =ROUND(T17*BM$3+BM$4,1) -> 96.1 | BN17: =ROUND(F17*BM$3+BM$4,1) -> 94.5 | BO17: =ROUND(AH17*BM$3+BM$4,1) -> 92 | BP17: =ROUND(0.6105*(EXP((17.273*R17)/(R17+237.3)))*BO17/100, 3) -> 0.546 | BQ17: =ROUND((100-BO17)*BP17/BO17,3) -> 0.047 | BW17: =BJ17 -> 0.25 | BX17: =BK17 -> 0.68 | BY17: =ROUND(E17,1) -> -3.7 | BZ17: =ROUND(G17,1) -> -4.3 | CA17: =ROUND(H17,1) -> -5.1 | CB17: =ROUND(I17,1) -> -0.6 | CC17: =ROUND(L17,1) -> 0.1 | CD17: =ROUND(M17,1) -> 1 | CE17: =ROUND(N17,1) -> 1.8 | CF17: =ROUND(BN17,1) -> 94.5 | CG17: =ROUND(R17,1) -> -0.4 | CH17: =ROUND(V17,1) -> 0.3 | CI17: =ROUND(W17,1) -> -1.4 | CJ17: =ROUND(X17,1) -> -0.6 | CK17: =ROUND(AA17,1) -> 0.2 | CL17: =ROUND(AB17,1) -> 1 | CM17: =ROUND(AC17,1) -> 1.8 | CN17: =ROUND(BM17,1) -> 96.1 | CO17: =ROUND(AF17,1) -> -6.8 | CP17: =ROUND(AJ17,1) -> -7.9 | CQ17: =ROUND(AK17,1) -> -9.8 | CR17: =ROUND(AL17,1) -> -0.7 | CS17: =ROUND(AO17,1) -> 0.1 | CT17: =ROUND(AP17,1) -> 1 | CU17: =ROUND(AQ17,1) -> 1.8 | CV17: =ROUND(BO17,1) -> 92 | CW17: =BF17 -> 1007 | CX17: =ROUND(PPTest!K17,1) -> 5.1 | CY17: =ROUND(P17,2) -> 0.8 | CZ17: =ROUND(AD17,2) -> 4.14 | DA17: =BP17 -> 0.546 | DB17: =BQ17 -> 0.047 | DC17: =BB17 -> 12.3 | DW17: -2.3 | DX17: 1.9 | DY17: -4
A18: 34711 | B18: 12 | C18: 0.737 | D18: 1.471 | E18: -3.776 | F18: 95.4 | G18: -4.435 | H18: -5.312 | I18: -0.543 | J18: -6.013 | K18: -4.9 | L18: 0.146 | M18: 1 | N18: 1.785 | O18: 0 | P18: 0.72283333 | R18: 1.062 | S18: 1109 | T18: 103 | U18: 737 | V18: 0.647 | W18: -1.118 | X18: -0.489 | Y18: -2.747 | Z18: -1.151 | AA18: 0.188 | AB18: 1.04 | AC18: 1.822 | AD18: 3.3275 | AE18: 1208 | AF18: -7.77 | AG18: 444 | AH18: 74.5 | AI18: 1110 | AJ18: -9.59 | AK18: -11.81 | AL18: -0.608 | AM18: -11.73 | AN18: -9.34 | AO18: 0.111 | AP18: 0.964 | AQ18: 1.743 | AR18: 0.535 | AS18: 0.214 | AT18: 0.143 | AU18: 0.039 | AV18: 0.006 | AW18: 0.021 | AX18: 0.015 | AY18: 0.028 | AZ18: -4.006 | BA18: 2488 | BB18: 12.29 | BC18: 2876 | BF18: =BF$1-BA18 -> 997 | BH18: 5.2 | BI18: =BH18*$BI$1 -> 10.504 | BJ18: =ROUND(C18*BJ$2,2) -> 0.74 | BK18: =ROUND(D18*BK$2,2) -> 1.59 | BM18: =ROUND(T18*BM$3+BM$4,1) -> 96.2 | BN18: =ROUND(F18*BM$3+BM$4,1) -> 89.1 | BO18: =ROUND(AH18*BM$3+BM$4,1) -> 69.8 | BP18: =ROUND(0.6105*(EXP((17.273*R18)/(R18+237.3)))*BO18/100, 3) -> 0.46 | BQ18: =ROUND((100-BO18)*BP18/BO18,3) -> 0.199 | BW18: =BJ18 -> 0.74 | BX18: =BK18 -> 1.59 | BY18: =ROUND(E18,1) -> -3.8 | BZ18: =ROUND(G18,1) -> -4.4 | CA18: =ROUND(H18,1) -> -5.3 | CB18: =ROUND(I18,1) -> -0.5 | CC18: =ROUND(L18,1) -> 0.1 | CD18: =ROUND(M18,1) -> 1 | CE18: =ROUND(N18,1) -> 1.8 | CF18: =ROUND(BN18,1) -> 89.1 | CG18: =ROUND(R18,1) -> 1.1 | CH18: =ROUND(V18,1) -> 0.6 | CI18: =ROUND(W18,1) -> -1.1 | CJ18: =ROUND(X18,1) -> -0.5 | CK18: =ROUND(AA18,1) -> 0.2 | CL18: =ROUND(AB18,1) -> 1 | CM18: =ROUND(AC18,1) -> 1.8 | CN18: =ROUND(BM18,1) -> 96.2 | CO18: =ROUND(AF18,1) -> -7.8 | CP18: =ROUND(AJ18,1) -> -9.6 | CQ18: =ROUND(AK18,1) -> -11.8 | CR18: =ROUND(AL18,1) -> -0.6 | CS18: =ROUND(AO18,1) -> 0.1 | CT18: =ROUND(AP18,1) -> 1 | CU18: =ROUND(AQ18,1) -> 1.7 | CV18: =ROUND(BO18,1) -> 69.8 | CW18: =BF18 -> 997 | CX18: =ROUND(PPTest!K18,1) -> 0 | CY18: =ROUND(P18,2) -> 0.72 | CZ18: =ROUND(AD18,2) -> 3.33 | DA18: =BP18 -> 0.46 | DB18: =BQ18 -> 0.199 | DC18: =BB18 -> 12.29 | DW18: -3 | DX18: -0.2 | DY18: -6.1
A19: 34712 | B19: 13 | C19: 0.402 | D19: 0.879 | E19: -1.742 | F19: 97.9 | G19: -2.045 | H19: -2.158 | I19: -0.463 | J19: -2.77 | K19: -2.286 | L19: 0.169 | M19: 0.998 | N19: 1.771 | O19: 0 | P19: 1.3923333 | R19: -0.263 | S19: 1046 | T19: 103.1 | U19: 655 | V19: -0.327 | W19: -0.491 | X19: -0.416 | Y19: -2.044 | Z19: -1.036 | AA19: 0.198 | AB19: 1.016 | AC19: 1.792 | AD19: 5.3541667 | AE19: 1854 | AF19: -2.854 | AG19: 614 | AH19: 79.1 | AI19: 1209 | AJ19: -3.555 | AK19: -4.123 | AL19: -0.513 | AM19: -3.566 | AN19: -3.331 | AO19: 0.14 | AP19: 0.973 | AQ19: 1.752 | AR19: 0.195 | AS19: 0.263 | AT19: 0.099 | AU19: 0.068 | AV19: 0.087 | AW19: 0.121 | AX19: 0.093 | AY19: 0.073 | AZ19: -2.598 | BA19: 2466 | BB19: 12.29 | BC19: 2876 | BF19: =BF$1-BA19 -> 1019 | BH19: 5.27 | BI19: =BH19*$BI$1 -> 10.6454 | BJ19: =ROUND(C19*BJ$2,2) -> 0.4 | BK19: =ROUND(D19*BK$2,2) -> 0.95 | BM19: =ROUND(T19*BM$3+BM$4,1) -> 96.3 | BN19: =ROUND(F19*BM$3+BM$4,1) -> 91.5 | BO19: =ROUND(AH19*BM$3+BM$4,1) -> 74.1 | BP19: =ROUND(0.6105*(EXP((17.273*R19)/(R19+237.3)))*BO19/100, 3) -> 0.444 | BQ19: =ROUND((100-BO19)*BP19/BO19,3) -> 0.155 | BW19: =BJ19 -> 0.4 | BX19: =BK19 -> 0.95 | BY19: =ROUND(E19,1) -> -1.7 | BZ19: =ROUND(G19,1) -> -2 | CA19: =ROUND(H19,1) -> -2.2 | CB19: =ROUND(I19,1) -> -0.5 | CC19: =ROUND(L19,1) -> 0.2 | CD19: =ROUND(M19,1) -> 1 | CE19: =ROUND(N19,1) -> 1.8 | CF19: =ROUND(BN19,1) -> 91.5 | CG19: =ROUND(R19,1) -> -0.3 | CH19: =ROUND(V19,1) -> -0.3 | CI19: =ROUND(W19,1) -> -0.5 | CJ19: =ROUND(X19,1) -> -0.4 | CK19: =ROUND(AA19,1) -> 0.2 | CL19: =ROUND(AB19,1) -> 1 | CM19: =ROUND(AC19,1) -> 1.8 | CN19: =ROUND(BM19,1) -> 96.3 | CO19: =ROUND(AF19,1) -> -2.9 | CP19: =ROUND(AJ19,1) -> -3.6 | CQ19: =ROUND(AK19,1) -> -4.1 | CR19: =ROUND(AL19,1) -> -0.5 | CS19: =ROUND(AO19,1) -> 0.1 | CT19: =ROUND(AP19,1) -> 1 | CU19: =ROUND(AQ19,1) -> 1.8 | CV19: =ROUND(BO19,1) -> 74.1 | CW19: =BF19 -> 1019 | CX19: =ROUND(PPTest!K19,1) -> 2.9 | CY19: =ROUND(P19,2) -> 1.39 | CZ19: =ROUND(AD19,2) -> 5.35 | DA19: =BP19 -> 0.444 | DB19: =BQ19 -> 0.155 | DC19: =BB19 -> 12.29 | DW19: -2.8 | DX19: -1.4 | DY19: -5.2
A20: 34713 | B20: 14 | C20: 0.384 | D20: 0.899 | E20: -2.723 | F20: 98.9 | G20: -3.301 | H20: -3.691 | I20: -0.413 | J20: -4.268 | K20: -3.472 | L20: 0.187 | M20: 1 | N20: 1.761 | O20: 0 | P20: 1.1083333 | R20: -0.329 | S20: 1318 | T20: 103.3 | U20: 436 | V20: 0.065 | W20: -0.708 | X20: -0.372 | Y20: -2.168 | Z20: -0.488 | AA20: 0.215 | AB20: 1.023 | AC20: 1.789 | AD20: 3.5941667 | AE20: 724 | AF20: -6.553 | AG20: 546 | AH20: 84.8 | AI20: 1240 | AJ20: -8.15 | AK20: -9.6 | AL20: -0.448 | AM20: -8.61 | AN20: -8.46 | AO20: 0.162 | AP20: 0.979 | AQ20: 1.737 | AR20: 0.095 | AS20: 0.457 | AT20: 0.262 | AU20: 0.035 | AV20: 0.042 | AW20: 0.082 | AX20: 0.015 | AY20: 0.012 | AZ20: -2.884 | BA20: 2441 | BB20: 12.29 | BC20: 2876 | BF20: =BF$1-BA20 -> 1044 | BH20: 5.36 | BI20: =BH20*$BI$1 -> 10.8272 | BJ20: =ROUND(C20*BJ$2,2) -> 0.38 | BK20: =ROUND(D20*BK$2,2) -> 0.97 | BM20: =ROUND(T20*BM$3+BM$4,1) -> 96.4 | BN20: =ROUND(F20*BM$3+BM$4,1) -> 92.4 | BO20: =ROUND(AH20*BM$3+BM$4,1) -> 79.4 | BP20: =ROUND(0.6105*(EXP((17.273*R20)/(R20+237.3)))*BO20/100, 3) -> 0.473 | BQ20: =ROUND((100-BO20)*BP20/BO20,3) -> 0.123 | BW20: =BJ20 -> 0.38 | BX20: =BK20 -> 0.97 | BY20: =ROUND(E20,1) -> -2.7 | BZ20: =ROUND(G20,1) -> -3.3 | CA20: =ROUND(H20,1) -> -3.7 | CB20: =ROUND(I20,1) -> -0.4 | CC20: =ROUND(L20,1) -> 0.2 | CD20: =ROUND(M20,1) -> 1 | CE20: =ROUND(N20,1) -> 1.8 | CF20: =ROUND(BN20,1) -> 92.4 | CG20: =ROUND(R20,1) -> -0.3 | CH20: =ROUND(V20,1) -> 0.1 | CI20: =ROUND(W20,1) -> -0.7 | CJ20: =ROUND(X20,1) -> -0.4 | CK20: =ROUND(AA20,1) -> 0.2 | CL20: =ROUND(AB20,1) -> 1 | CM20: =ROUND(AC20,1) -> 1.8 | CN20: =ROUND(BM20,1) -> 96.4 | CO20: =ROUND(AF20,1) -> -6.6 | CP20: =ROUND(AJ20,1) -> -8.2 | CQ20: =ROUND(AK20,1) -> -9.6 | CR20: =ROUND(AL20,1) -> -0.4 | CS20: =ROUND(AO20,1) -> 0.2 | CT20: =ROUND(AP20,1) -> 1 | CU20: =ROUND(AQ20,1) -> 1.7 | CV20: =ROUND(BO20,1) -> 79.4 | CW20: =BF20 -> 1044 | CX20: =ROUND(PPTest!K20,1) -> 3.3 | CY20: =ROUND(P20,2) -> 1.11 | CZ20: =ROUND(AD20,2) -> 3.59 | DA20: =BP20 -> 0.473 | DB20: =BQ20 -> 0.123 | DC20: =BB20 -> 12.29 | DW20: -1.9 | DX20: 0.3 | DY20: -3.9
A21: 34714 | B21: 15 | C21: 0.447 | D21: 1.179 | E21: -2.833 | F21: 99.1 | G21: -3.265 | H21: -3.731 | I21: -0.356 | J21: -2.916 | K21: -3.308 | L21: 0.216 | M21: 1.009 | N21: 1.757 | O21: 0 | P21: 0.6075 | R21: 0.501 | S21: 1316 | T21: 103.8 | U21: 1947 | V21: 1.563 | W21: -0.404 | X21: -0.315 | Y21: -2.252 | Z21: -0.323 | AA21: 0.249 | AB21: 1.036 | AC21: 1.781 | AD21: 2.3008333 | AE21: 1352 | AF21: -5.895 | AG21: 2208 | AH21: 80.4 | AI21: 1317 | AJ21: -6.829 | AK21: -8.6 | AL21: -0.399 | AM21: -3.579 | AN21: -6.851 | AO21: 0.193 | AP21: 0.988 | AQ21: 1.738 | AR21: 0.231 | AS21: 0.167 | AT21: 0.126 | AU21: 0.043 | AV21: 0.133 | AW21: 0.187 | AX21: 0.051 | AY21: 0.063 | AZ21: -2.231 | BA21: 2434 | BB21: 12.29 | BC21: 2876 | BF21: =BF$1-BA21 -> 1051 | BH21: 5.44 | BI21: =BH21*$BI$1 -> 10.9888 | BJ21: =ROUND(C21*BJ$2,2) -> 0.45 | BK21: =ROUND(D21*BK$2,2) -> 1.27 | BM21: =ROUND(T21*BM$3+BM$4,1) -> 96.9 | BN21: =ROUND(F21*BM$3+BM$4,1) -> 92.6 | BO21: =ROUND(AH21*BM$3+BM$4,1) -> 75.3 | BP21: =ROUND(0.6105*(EXP((17.273*R21)/(R21+237.3)))*BO21/100, 3) -> 0.477 | BQ21: =ROUND((100-BO21)*BP21/BO21,3) -> 0.156 | BW21: =BJ21 -> 0.45 | BX21: =BK21 -> 1.27 | BY21: =ROUND(E21,1) -> -2.8 | BZ21: =ROUND(G21,1) -> -3.3 | CA21: =ROUND(H21,1) -> -3.7 | CB21: =ROUND(I21,1) -> -0.4 | CC21: =ROUND(L21,1) -> 0.2 | CD21: =ROUND(M21,1) -> 1 | CE21: =ROUND(N21,1) -> 1.8 | CF21: =ROUND(BN21,1) -> 92.6 | CG21: =ROUND(R21,1) -> 0.5 | CH21: =ROUND(V21,1) -> 1.6 | CI21: =ROUND(W21,1) -> -0.4 | CJ21: =ROUND(X21,1) -> -0.3 | CK21: =ROUND(AA21,1) -> 0.2 | CL21: =ROUND(AB21,1) -> 1 | CM21: =ROUND(AC21,1) -> 1.8 | CN21: =ROUND(BM21,1) -> 96.9 | CO21: =ROUND(AF21,1) -> -5.9 | CP21: =ROUND(AJ21,1) -> -6.8 | CQ21: =ROUND(AK21,1) -> -8.6 | CR21: =ROUND(AL21,1) -> -0.4 | CS21: =ROUND(AO21,1) -> 0.2 | CT21: =ROUND(AP21,1) -> 1 | CU21: =ROUND(AQ21,1) -> 1.7 | CV21: =ROUND(BO21,1) -> 75.3 | CW21: =BF21 -> 1051 | CX21: =ROUND(PPTest!K21,1) -> 0.9 | CY21: =ROUND(P21,2) -> 0.61 | CZ21: =ROUND(AD21,2) -> 2.3 | DA21: =BP21 -> 0.477 | DB21: =BQ21 -> 0.156 | DC21: =BB21 -> 12.29 | DW21: -4.2 | DX21: -0.3 | DY21: -6.4
A22: 34715 | B22: 16 | C22: 0.345 | D22: 0.932 | E22: -4.235 | F22: 101 | G22: -4.677 | H22: -4.885 | I22: -0.318 | J22: -3.366 | K22: -4.639 | L22: 0.236 | M22: 1.008 | N22: 1.743 | O22: 0 | P22: 0.98616667 | R22: -3.26 | S22: 1306 | T22: 103 | U22: 159 | V22: -2.912 | W22: -3.421 | X22: -0.268 | Y22: -3.08 | Z22: -2.842 | AA22: 0.262 | AB22: 1.029 | AC22: 1.767 | AD22: 3.1408333 | AE22: 1536 | AF22: -6.001 | AG22: 2300 | AH22: 98.9 | AI22: 2254 | AJ22: -7.02 | AK22: -8.58 | AL22: -0.354 | AM22: -3.71 | AN22: -7.23 | AO22: 0.212 | AP22: 0.991 | AQ22: 1.72 | AR22: 0.025 | AS22: 0.192 | AT22: 0.179 | AU22: 0.04 | AV22: 0.151 | AW22: 0.366 | AX22: 0.039 | AY22: 0.008 | AZ22: -2.922 | BA22: 2432 | BB22: 12.28 | BC22: 2876 | BF22: =BF$1-BA22 -> 1053 | BH22: 5.53 | BI22: =BH22*$BI$1 -> 11.1706 | BJ22: =ROUND(C22*BJ$2,2) -> 0.35 | BK22: =ROUND(D22*BK$2,2) -> 1.01 | BM22: =ROUND(T22*BM$3+BM$4,1) -> 96.2 | BN22: =ROUND(F22*BM$3+BM$4,1) -> 94.3 | BO22: =ROUND(AH22*BM$3+BM$4,1) -> 92.4 | BP22: =ROUND(0.6105*(EXP((17.273*R22)/(R22+237.3)))*BO22/100, 3) -> 0.443 | BQ22: =ROUND((100-BO22)*BP22/BO22,3) -> 0.036 | BW22: =BJ22 -> 0.35 | BX22: =BK22 -> 1.01 | BY22: =ROUND(E22,1) -> -4.2 | BZ22: =ROUND(G22,1) -> -4.7 | CA22: =ROUND(H22,1) -> -4.9 | CB22: =ROUND(I22,1) -> -0.3 | CC22: =ROUND(L22,1) -> 0.2 | CD22: =ROUND(M22,1) -> 1 | CE22: =ROUND(N22,1) -> 1.7 | CF22: =ROUND(BN22,1) -> 94.3 | CG22: =ROUND(R22,1) -> -3.3 | CH22: =ROUND(V22,1) -> -2.9 | CI22: =ROUND(W22,1) -> -3.4 | CJ22: =ROUND(X22,1) -> -0.3 | CK22: =ROUND(AA22,1) -> 0.3 | CL22: =ROUND(AB22,1) -> 1 | CM22: =ROUND(AC22,1) -> 1.8 | CN22: =ROUND(BM22,1) -> 96.2 | CO22: =ROUND(AF22,1) -> -6 | CP22: =ROUND(AJ22,1) -> -7 | CQ22: =ROUND(AK22,1) -> -8.6 | CR22: =ROUND(AL22,1) -> -0.4 | CS22: =ROUND(AO22,1) -> 0.2 | CT22: =ROUND(AP22,1) -> 1 | CU22: =ROUND(AQ22,1) -> 1.7 | CV22: =ROUND(BO22,1) -> 92.4 | CW22: =BF22 -> 1053 | CX22: =ROUND(PPTest!K22,1) -> 0.3 | CY22: =ROUND(P22,2) -> 0.99 | CZ22: =ROUND(AD22,2) -> 3.14 | DA22: =BP22 -> 0.443 | DB22: =BQ22 -> 0.036 | DC22: =BB22 -> 12.28 | DF22: -2 | DG22: -1.1 | DH22: -2.8 | DI22: 93 | DJ22: 93 | DW22: -4.9 | DX22: -1.2 | DY22: -7.9
A23: 34716 | B23: 17 | C23: 0.336 | D23: 0.906 | E23: -5.776 | F23: 95 | G23: -6.187 | H23: -6.409 | I23: -0.166 | J23: -3.828 | K23: -6.316 | L23: 0.258 | M23: 1.013 | N23: 1.734 | O23: 0 | P23: 1.0371667 | R23: -4.964 | S23: 1433 | T23: 101.9 | U23: 446 | V23: -4.907 | W23: -4.953 | X23: -0.097 | Y23: -3.278 | Z23: -4.756 | AA23: 0.283 | AB23: 1.043 | AC23: 1.768 | AD23: 3.8341667 | AE23: 1228 | AF23: -7.27 | AG23: 414 | AH23: 84.7 | AI23: 854 | AJ23: -8.39 | AK23: -10.45 | AL23: -0.293 | AM23: -4.296 | AN23: -8.55 | AO23: 0.23 | AP23: 0.991 | AQ23: 1.715 | AR23: 0.058 | AS23: 0.17 | AT23: 0.115 | AU23: 0.063 | AV23: 0.159 | AW23: 0.33 | AX23: 0.076 | AY23: 0.03 | AZ23: -4.041 | BA23: 2443 | BB23: 12.28 | BC23: 2876 | BF23: =BF$1-BA23 -> 1042 | BH23: 5.63 | BI23: =BH23*$BI$1 -> 11.3726 | BJ23: =ROUND(C23*BJ$2,2) -> 0.34 | BK23: =ROUND(D23*BK$2,2) -> 0.98 | BM23: =ROUND(T23*BM$3+BM$4,1) -> 95.2 | BN23: =ROUND(F23*BM$3+BM$4,1) -> 88.8 | BO23: =ROUND(AH23*BM$3+BM$4,1) -> 79.3 | BP23: =ROUND(0.6105*(EXP((17.273*R23)/(R23+237.3)))*BO23/100, 3) -> 0.335 | BQ23: =ROUND((100-BO23)*BP23/BO23,3) -> 0.087 | BW23: =BJ23 -> 0.34 | BX23: =BK23 -> 0.98 | BY23: =ROUND(E23,1) -> -5.8 | BZ23: =ROUND(G23,1) -> -6.2 | CA23: =ROUND(H23,1) -> -6.4 | CB23: =ROUND(I23,1) -> -0.2 | CC23: =ROUND(L23,1) -> 0.3 | CD23: =ROUND(M23,1) -> 1 | CE23: =ROUND(N23,1) -> 1.7 | CF23: =ROUND(BN23,1) -> 88.8 | CG23: =ROUND(R23,1) -> -5 | CH23: =ROUND(V23,1) -> -4.9 | CI23: =ROUND(W23,1) -> -5 | CJ23: =ROUND(X23,1) -> -0.1 | CK23: =ROUND(AA23,1) -> 0.3 | CL23: =ROUND(AB23,1) -> 1 | CM23: =ROUND(AC23,1) -> 1.8 | CN23: =ROUND(BM23,1) -> 95.2 | CO23: =ROUND(AF23,1) -> -7.3 | CP23: =ROUND(AJ23,1) -> -8.4 | CQ23: =ROUND(AK23,1) -> -10.5 | CR23: =ROUND(AL23,1) -> -0.3 | CS23: =ROUND(AO23,1) -> 0.2 | CT23: =ROUND(AP23,1) -> 1 | CU23: =ROUND(AQ23,1) -> 1.7 | CV23: =ROUND(BO23,1) -> 79.3 | CW23: =BF23 -> 1042 | CX23: =ROUND(PPTest!K23,1) -> 0 | CY23: =ROUND(P23,2) -> 1.04 | CZ23: =ROUND(AD23,2) -> 3.83 | DA23: =BP23 -> 0.335 | DB23: =BQ23 -> 0.087 | DC23: =BB23 -> 12.28 | DF23: -3.7 | DG23: -2.7 | DH23: -4.5 | DI23: 93.2 | DJ23: 92 | DW23: -6.2 | DX23: -3.1 | DY23: -8.2
A24: 34717 | B24: 18 | C24: 0.274 | D24: 0.773 | E24: -3.617 | F24: 95.1 | G24: -3.945 | H24: -4.031 | I24: -0.065 | J24: -3.416 | K24: -4.101 | L24: 0.282 | M24: 1.021 | N24: 1.73 | O24: 0 | P24: 1.349 | R24: -1.434 | S24: 2115 | T24: 99.8 | U24: 413 | V24: -1.723 | W24: -1.481 | X24: 0.012 | Y24: -2.718 | Z24: -2.31 | AA24: 0.317 | AB24: 1.05 | AC24: 1.751 | AD24: 5.5675 | AE24: 2302 | AF24: -6.19 | AG24: 128 | AH24: 85.8 | AI24: 2144 | AJ24: -6.719 | AK24: -7.01 | AL24: -0.119 | AM24: -3.797 | AN24: -6.673 | AO24: 0.258 | AP24: 0.997 | AQ24: 1.706 | AR24: 0.081 | AS24: 0.06 | AT24: 0.037 | AU24: 0.044 | AV24: 0.11 | AW24: 0.321 | AX24: 0.222 | AY24: 0.126 | AZ24: -3.623 | BA24: 2392 | BB24: 12.28 | BC24: 2876 | BF24: =BF$1-BA24 -> 1093 | BH24: 5.72 | BI24: =BH24*$BI$1 -> 11.5544 | BJ24: =ROUND(C24*BJ$2,2) -> 0.27 | BK24: =ROUND(D24*BK$2,2) -> 0.83 | BM24: =ROUND(T24*BM$3+BM$4,1) -> 93.2 | BN24: =ROUND(F24*BM$3+BM$4,1) -> 88.9 | BO24: =ROUND(AH24*BM$3+BM$4,1) -> 80.3 | BP24: =ROUND(0.6105*(EXP((17.273*R24)/(R24+237.3)))*BO24/100, 3) -> 0.441 | BQ24: =ROUND((100-BO24)*BP24/BO24,3) -> 0.108 | BW24: =BJ24 -> 0.27 | BX24: =BK24 -> 0.83 | BY24: =ROUND(E24,1) -> -3.6 | BZ24: =ROUND(G24,1) -> -3.9 | CA24: =ROUND(H24,1) -> -4 | CB24: =ROUND(I24,1) -> -0.1 | CC24: =ROUND(L24,1) -> 0.3 | CD24: =ROUND(M24,1) -> 1 | CE24: =ROUND(N24,1) -> 1.7 | CF24: =ROUND(BN24,1) -> 88.9 | CG24: =ROUND(R24,1) -> -1.4 | CH24: =ROUND(V24,1) -> -1.7 | CI24: =ROUND(W24,1) -> -1.5 | CJ24: =ROUND(X24,1) -> 0 | CK24: =ROUND(AA24,1) -> 0.3 | CL24: =ROUND(AB24,1) -> 1.1 | CM24: =ROUND(AC24,1) -> 1.8 | CN24: =ROUND(BM24,1) -> 93.2 | CO24: =ROUND(AF24,1) -> -6.2 | CP24: =ROUND(AJ24,1) -> -6.7 | CQ24: =ROUND(AK24,1) -> -7 | CR24: =ROUND(AL24,1) -> -0.1 | CS24: =ROUND(AO24,1) -> 0.3 | CT24: =ROUND(AP24,1) -> 1 | CU24: =ROUND(AQ24,1) -> 1.7 | CV24: =ROUND(BO24,1) -> 80.3 | CW24: =BF24 -> 1093 | CX24: =ROUND(PPTest!K24,1) -> 6.6 | CY24: =ROUND(P24,2) -> 1.35 | CZ24: =ROUND(AD24,2) -> 5.57 | DA24: =BP24 -> 0.441 | DB24: =BQ24 -> 0.108 | DC24: =BB24 -> 12.28 | DF24: -3.1 | DG24: -1.3 | DH24: -4.5 | DI24: 93.3 | DJ24: 93 | DW24: -4.8 | DX24: -1.7 | DY24: -6.9
A25: 34718 | B25: 19 | C25: 1.65 | D25: 4.035 | E25: -6.294 | F25: 90.7 | G25: -6.986 | H25: -8.56 | I25: 0.019 | J25: -2.793 | K25: -7.65 | L25: 0.311 | M25: 1.046 | N25: 1.745 | O25: 0 | P25: 1.3986667 | R25: 3.071 | S25: 1408 | T25: 103.9 | U25: 2348 | V25: 5.472 | W25: 1.873 | X25: 0.062 | Y25: -2.471 | Z25: 2.29 | AA25: 0.349 | AB25: 1.086 | AC25: 1.781 | AD25: 3.6341667 | AE25: 103 | AF25: -12.8 | AG25: 2346 | AH25: 54.53 | AI25: 1409 | AJ25: -14.01 | AK25: -15.38 | AL25: -0.016 | AM25: -3.26 | AN25: -14.72 | AO25: 0.283 | AP25: 1.011 | AQ25: 1.704 | AR25: 0.017 | AS25: 0.401 | AT25: 0.399 | AU25: 0.025 | AV25: 0.048 | AW25: 0.097 | AX25: 0.01 | AY25: 0.003 | AZ25: -4.382 | BA25: 2422 | BB25: 12.27 | BC25: 2876 | BF25: =BF$1-BA25 -> 1063 | BH25: 5.82 | BI25: =BH25*$BI$1 -> 11.7564 | BJ25: =ROUND(C25*BJ$2,2) -> 1.65 | BK25: =ROUND(D25*BK$2,2) -> 4.36 | BM25: =ROUND(T25*BM$3+BM$4,1) -> 97 | BN25: =ROUND(F25*BM$3+BM$4,1) -> 84.8 | BO25: =ROUND(AH25*BM$3+BM$4,1) -> 51.4 | BP25: =ROUND(0.6105*(EXP((17.273*R25)/(R25+237.3)))*BO25/100, 3) -> 0.391 | BQ25: =ROUND((100-BO25)*BP25/BO25,3) -> 0.37 | BW25: =BJ25 -> 1.65 | BX25: =BK25 -> 4.36 | BY25: =ROUND(E25,1) -> -6.3 | BZ25: =ROUND(G25,1) -> -7 | CA25: =ROUND(H25,1) -> -8.6 | CB25: =ROUND(I25,1) -> 0 | CC25: =ROUND(L25,1) -> 0.3 | CD25: =ROUND(M25,1) -> 1 | CE25: =ROUND(N25,1) -> 1.7 | CF25: =ROUND(BN25,1) -> 84.8 | CG25: =ROUND(R25,1) -> 3.1 | CH25: =ROUND(V25,1) -> 5.5 | CI25: =ROUND(W25,1) -> 1.9 | CJ25: =ROUND(X25,1) -> 0.1 | CK25: =ROUND(AA25,1) -> 0.3 | CL25: =ROUND(AB25,1) -> 1.1 | CM25: =ROUND(AC25,1) -> 1.8 | CN25: =ROUND(BM25,1) -> 97 | CO25: =ROUND(AF25,1) -> -12.8 | CP25: =ROUND(AJ25,1) -> -14 | CQ25: =ROUND(AK25,1) -> -15.4 | CR25: =ROUND(AL25,1) -> 0 | CS25: =ROUND(AO25,1) -> 0.3 | CT25: =ROUND(AP25,1) -> 1 | CU25: =ROUND(AQ25,1) -> 1.7 | CV25: =ROUND(BO25,1) -> 51.4 | CW25: =BF25 -> 1063 | CX25: =ROUND(PPTest!K25,1) -> 0 | CY25: =ROUND(P25,2) -> 1.4 | CZ25: =ROUND(AD25,2) -> 3.63 | DA25: =BP25 -> 0.391 | DB25: =BQ25 -> 0.37 | DC25: =BB25 -> 12.27 | DF25: -2.4 | DG25: 3.2 | DH25: -5.9 | DI25: 90 | DJ25: 80 | DW25: -6 | DX25: 1.4 | DY25: -11.1
A26: 34719 | B26: 20 | C26: 0.852 | D26: 4.143 | E26: -8.48 | F26: 90 | G26: -9.41 | H26: -11 | I26: 0.059 | J26: -4.106 | K26: -9.58 | L26: 0.34 | M26: 1.068 | N26: 1.754 | O26: 0 | P26: 1.8475 | R26: 3.479 | S26: 1408 | T26: 102.8 | U26: 802 | V26: 3.322 | W26: 0.079 | X26: 0.098 | Y26: -3.243 | Z26: 3.84 | AA26: 0.38 | AB26: 1.106 | AC26: 1.791 | AD26: 3.9675 | AE26: 1914 | AF26: -13.74 | AG26: 232 | AH26: 41.85 | AI26: 1407 | AJ26: -15.08 | AK26: -16.43 | AL26: 0.028 | AM26: -4.666 | AN26: -15.42 | AO26: 0.305 | AP26: 1.022 | AQ26: 1.708 | AR26: 0.015 | AS26: 0.43 | AT26: 0.511 | AU26: 0.03 | AV26: 0.006 | AW26: 0.003 | AX26: 0.002 | AY26: 0.002 | AZ26: -6.816 | BA26: 2444 | BB26: 12.27 | BC26: 2876 | BF26: =BF$1-BA26 -> 1041 | BH26: 5.92 | BI26: =BH26*$BI$1 -> 11.9584 | BJ26: =ROUND(C26*BJ$2,2) -> 0.85 | BK26: =ROUND(D26*BK$2,2) -> 4.47 | BM26: =ROUND(T26*BM$3+BM$4,1) -> 96 | BN26: =ROUND(F26*BM$3+BM$4,1) -> 84.2 | BO26: =ROUND(AH26*BM$3+BM$4,1) -> 39.7 | BP26: =ROUND(0.6105*(EXP((17.273*R26)/(R26+237.3)))*BO26/100, 3) -> 0.311 | BQ26: =ROUND((100-BO26)*BP26/BO26,3) -> 0.472 | BW26: =BJ26 -> 0.85 | BX26: =BK26 -> 4.47 | BY26: =ROUND(E26,1) -> -8.5 | BZ26: =ROUND(G26,1) -> -9.4 | CA26: =ROUND(H26,1) -> -11 | CB26: =ROUND(I26,1) -> 0.1 | CC26: =ROUND(L26,1) -> 0.3 | CD26: =ROUND(M26,1) -> 1.1 | CE26: =ROUND(N26,1) -> 1.8 | CF26: =ROUND(BN26,1) -> 84.2 | CG26: =ROUND(R26,1) -> 3.5 | CH26: =ROUND(V26,1) -> 3.3 | CI26: =ROUND(W26,1) -> 0.1 | CJ26: =ROUND(X26,1) -> 0.1 | CK26: =ROUND(AA26,1) -> 0.4 | CL26: =ROUND(AB26,1) -> 1.1 | CM26: =ROUND(AC26,1) -> 1.8 | CN26: =ROUND(BM26,1) -> 96 | CO26: =ROUND(AF26,1) -> -13.7 | CP26: =ROUND(AJ26,1) -> -15.1 | CQ26: =ROUND(AK26,1) -> -16.4 | CR26: =ROUND(AL26,1) -> 0 | CS26: =ROUND(AO26,1) -> 0.3 | CT26: =ROUND(AP26,1) -> 1 | CU26: =ROUND(AQ26,1) -> 1.7 | CV26: =ROUND(BO26,1) -> 39.7 | CW26: =BF26 -> 1041 | CX26: =ROUND(PPTest!K26,1) -> 0 | CY26: =ROUND(P26,2) -> 1.85 | CZ26: =ROUND(AD26,2) -> 3.97 | DA26: =BP26 -> 0.311 | DB26: =BQ26 -> 0.472 | DC26: =BB26 -> 12.27 | DW26: -5.2 | DX26: 1.6 | DY26: -11.7
A27: 34720 | B27: 21 | C27: 1.505 | D27: 5.691 | E27: -10.09 | F27: 89.9 | G27: -11.1 | H27: -12.68 | I27: 0.086 | J27: -5.146 | K27: -11.3 | L27: 0.37 | M27: 1.088 | N27: 1.765 | O27: 0 | P27: 1.3213333 | R27: 1.158 | S27: 1408 | T27: 101.4 | U27: 245 | V27: 1.135 | W27: -1.867 | X27: 0.121 | Y27: -4.625 | Z27: 1.027 | AA27: 0.412 | AB27: 1.136 | AC27: 1.815 | AD27: 3.2341667 | AE27: 1921 | AF27: -15.99 | AG27: 755 | AH27: 66.24 | AI27: 1310 | AJ27: -17.46 | AK27: -18.9 | AL27: 0.052 | AM27: -5.703 | AN27: -18.06 | AO27: 0.331 | AP27: 1.036 | AQ27: 1.705 | AR27: 0.006 | AS27: 0.322 | AT27: 0.641 | AU27: 0.022 | AV27: 0.004 | AW27: 0.001 | AX27: 0 | AY27: 0.002 | AZ27: -8.44 | BA27: 2463 | BB27: 12.27 | BC27: 2876 | BF27: =BF$1-BA27 -> 1022 | BH27: 6.02 | BI27: =BH27*$BI$1 -> 12.1604 | BJ27: =ROUND(C27*BJ$2,2) -> 1.51 | BK27: =ROUND(D27*BK$2,2) -> 6.15 | BM27: =ROUND(T27*BM$3+BM$4,1) -> 94.7 | BN27: =ROUND(F27*BM$3+BM$4,1) -> 84.1 | BO27: =ROUND(AH27*BM$3+BM$4,1) -> 62.2 | BP27: =ROUND(0.6105*(EXP((17.273*R27)/(R27+237.3)))*BO27/100, 3) -> 0.413 | BQ27: =ROUND((100-BO27)*BP27/BO27,3) -> 0.251 | BW27: =BJ27 -> 1.51 | BX27: =BK27 -> 6.15 | BY27: =ROUND(E27,1) -> -10.1 | BZ27: =ROUND(G27,1) -> -11.1 | CA27: =ROUND(H27,1) -> -12.7 | CB27: =ROUND(I27,1) -> 0.1 | CC27: =ROUND(L27,1) -> 0.4 | CD27: =ROUND(M27,1) -> 1.1 | CE27: =ROUND(N27,1) -> 1.8 | CF27: =ROUND(BN27,1) -> 84.1 | CG27: =ROUND(R27,1) -> 1.2 | CH27: =ROUND(V27,1) -> 1.1 | CI27: =ROUND(W27,1) -> -1.9 | CJ27: =ROUND(X27,1) -> 0.1 | CK27: =ROUND(AA27,1) -> 0.4 | CL27: =ROUND(AB27,1) -> 1.1 | CM27: =ROUND(AC27,1) -> 1.8 | CN27: =ROUND(BM27,1) -> 94.7 | CO27: =ROUND(AF27,1) -> -16 | CP27: =ROUND(AJ27,1) -> -17.5 | CQ27: =ROUND(AK27,1) -> -18.9 | CR27: =ROUND(AL27,1) -> 0.1 | CS27: =ROUND(AO27,1) -> 0.3 | CT27: =ROUND(AP27,1) -> 1 | CU27: =ROUND(AQ27,1) -> 1.7 | CV27: =ROUND(BO27,1) -> 62.2 | CW27: =BF27 -> 1022 | CX27: =ROUND(PPTest!K27,1) -> 0 | CY27: =ROUND(P27,2) -> 1.32 | CZ27: =ROUND(AD27,2) -> 3.23 | DA27: =BP27 -> 0.413 | DB27: =BQ27 -> 0.251 | DC27: =BB27 -> 12.27 | DW27: -7.6 | DX27: 5.4 | DY27: -13.7
A28: 34721 | B28: 22 | C28: 2.053 | D28: 8.11 | E28: -11.63 | F28: 90 | G28: -12.67 | H28: -14.39 | I28: 0.102 | J28: -5.934 | K28: -12.37 | L28: 0.402 | M28: 1.109 | N28: 1.778 | O28: 0 | P28: 1.5408333 | R28: 2.068 | S28: 1347 | T28: 100.8 | U28: 2148 | V28: 1.834 | W28: -2.602 | X28: 0.141 | Y28: -5.225 | Z28: 2.177 | AA28: 0.45 | AB28: 1.154 | AC28: 1.833 | AD28: 2.6875 | AE28: 1808 | AF28: -17.53 | AG28: 813 | AH28: 59.86 | AI28: 1347 | AJ28: -18.56 | AK28: -20.46 | AL28: 0.063 | AM28: -6.463 | AN28: -19.43 | AO28: 0.345 | AP28: 1.046 | AQ28: 1.712 | AR28: 0 | AS28: 0.276 | AT28: 0.715 | AU28: 0.004 | AV28: 0.002 | AW28: 0.002 | AX28: 0 | AY28: 0 | AZ28: -10.04 | BA28: 2486 | BB28: 12.26 | BC28: 2876 | BF28: =BF$1-BA28 -> 999 | BH28: 6.13 | BI28: =BH28*$BI$1 -> 12.3826 | BJ28: =ROUND(C28*BJ$2,2) -> 2.05 | BK28: =ROUND(D28*BK$2,2) -> 8.76 | BM28: =ROUND(T28*BM$3+BM$4,1) -> 94.1 | BN28: =ROUND(F28*BM$3+BM$4,1) -> 84.2 | BO28: =ROUND(AH28*BM$3+BM$4,1) -> 56.3 | BP28: =ROUND(0.6105*(EXP((17.273*R28)/(R28+237.3)))*BO28/100, 3) -> 0.399 | BQ28: =ROUND((100-BO28)*BP28/BO28,3) -> 0.31 | BW28: =BJ28 -> 2.05 | BX28: =BK28 -> 8.76 | BY28: =ROUND(E28,1) -> -11.6 | BZ28: =ROUND(G28,1) -> -12.7 | CA28: =ROUND(H28,1) -> -14.4 | CB28: =ROUND(I28,1) -> 0.1 | CC28: =ROUND(L28,1) -> 0.4 | CD28: =ROUND(M28,1) -> 1.1 | CE28: =ROUND(N28,1) -> 1.8 | CF28: =ROUND(BN28,1) -> 84.2 | CG28: =ROUND(R28,1) -> 2.1 | CH28: =ROUND(V28,1) -> 1.8 | CI28: =ROUND(W28,1) -> -2.6 | CJ28: =ROUND(X28,1) -> 0.1 | CK28: =ROUND(AA28,1) -> 0.5 | CL28: =ROUND(AB28,1) -> 1.2 | CM28: =ROUND(AC28,1) -> 1.8 | CN28: =ROUND(BM28,1) -> 94.1 | CO28: =ROUND(AF28,1) -> -17.5 | CP28: =ROUND(AJ28,1) -> -18.6 | CQ28: =ROUND(AK28,1) -> -20.5 | CR28: =ROUND(AL28,1) -> 0.1 | CS28: =ROUND(AO28,1) -> 0.3 | CT28: =ROUND(AP28,1) -> 1 | CU28: =ROUND(AQ28,1) -> 1.7 | CV28: =ROUND(BO28,1) -> 56.3 | CW28: =BF28 -> 999 | CX28: =ROUND(PPTest!K28,1) -> 0 | CY28: =ROUND(P28,2) -> 1.54 | CZ28: =ROUND(AD28,2) -> 2.69 | DA28: =BP28 -> 0.399 | DB28: =BQ28 -> 0.31 | DC28: =BB28 -> 12.26 | DW28: -8.7 | DX28: 2.8 | DY28: -15.7
A29: 34722 | B29: 23 | C29: 3.464 | D29: 12.09 | E29: -12.02 | F29: 86.6 | G29: -13.12 | H29: -14.81 | I29: 0.082 | J29: -6.702 | K29: -13 | L29: 0.417 | M29: 1.117 | N29: 1.78 | O29: 0 | P29: 1.8841667 | R29: 1.005 | S29: 1343 | T29: 98.1 | U29: 1943 | V29: 1.265 | W29: -2.686 | X29: 0.127 | Y29: -5.753 | Z29: 1.874 | AA29: 0.466 | AB29: 1.161 | AC29: 1.826 | AD29: 3.3941667 | AE29: 2105 | AF29: -18.68 | AG29: 844 | AH29: 50.16 | AI29: 1328 | AJ29: -19.77 | AK29: -21.83 | AL29: 0.034 | AM29: -7.82 | AN29: -20.48 | AO29: 0.361 | AP29: 1.05 | AQ29: 1.712 | AR29: 0.001 | AS29: 0.319 | AT29: 0.663 | AU29: 0.015 | AV29: 0 | AW29: 0 | AX29: 0 | AY29: 0 | AZ29: -11.38 | BA29: 2488 | BB29: 12.26 | BC29: 2876 | BF29: =BF$1-BA29 -> 997 | BH29: 6.25 | BI29: =BH29*$BI$1 -> 12.625 | BJ29: =ROUND(C29*BJ$2,2) -> 3.46 | BK29: =ROUND(D29*BK$2,2) -> 13.06 | BM29: =ROUND(T29*BM$3+BM$4,1) -> 91.6 | BN29: =ROUND(F29*BM$3+BM$4,1) -> 81 | BO29: =ROUND(AH29*BM$3+BM$4,1) -> 47.3 | BP29: =ROUND(0.6105*(EXP((17.273*R29)/(R29+237.3)))*BO29/100, 3) -> 0.311 | BQ29: =ROUND((100-BO29)*BP29/BO29,3) -> 0.347 | BW29: =BJ29 -> 3.46 | BX29: =BK29 -> 13.06 | BY29: =ROUND(E29,1) -> -12 | BZ29: =ROUND(G29,1) -> -13.1 | CA29: =ROUND(H29,1) -> -14.8 | CB29: =ROUND(I29,1) -> 0.1 | CC29: =ROUND(L29,1) -> 0.4 | CD29: =ROUND(M29,1) -> 1.1 | CE29: =ROUND(N29,1) -> 1.8 | CF29: =ROUND(BN29,1) -> 81 | CG29: =ROUND(R29,1) -> 1 | CH29: =ROUND(V29,1) -> 1.3 | CI29: =ROUND(W29,1) -> -2.7 | CJ29: =ROUND(X29,1) -> 0.1 | CK29: =ROUND(AA29,1) -> 0.5 | CL29: =ROUND(AB29,1) -> 1.2 | CM29: =ROUND(AC29,1) -> 1.8 | CN29: =ROUND(BM29,1) -> 91.6 | CO29: =ROUND(AF29,1) -> -18.7 | CP29: =ROUND(AJ29,1) -> -19.8 | CQ29: =ROUND(AK29,1) -> -21.8 | CR29: =ROUND(AL29,1) -> 0 | CS29: =ROUND(AO29,1) -> 0.4 | CT29: =ROUND(AP29,1) -> 1.1 | CU29: =ROUND(AQ29,1) -> 1.7 | CV29: =ROUND(BO29,1) -> 47.3 | CW29: =BF29 -> 997 | CX29: =ROUND(PPTest!K29,1) -> 0 | CY29: =ROUND(P29,2) -> 1.88 | CZ29: =ROUND(AD29,2) -> 3.39 | DA29: =BP29 -> 0.311 | DB29: =BQ29 -> 0.347 | DC29: =BB29 -> 12.26 | DW29: -8.1 | DX29: 3.6 | DY29: -15.1
A30: 34723 | B30: 24 | C30: 6.268 | D30: 11.72 | E30: -7.38 | F30: 82.4 | G30: -8.45 | H30: -9.65 | I30: 0.003 | J30: -7.11 | K30: -8.2 | L30: 0.389 | M30: 1.085 | N30: 1.745 | O30: 0 | P30: 2.0008333 | R30: 5.497 | S30: 1304 | T30: 94.2 | U30: 1900 | V30: 4.578 | W30: 2.112 | X30: 0.071 | Y30: -5.422 | Z30: 6.166 | AA30: 0.448 | AB30: 1.144 | AC30: 1.805 | AD30: 3.8208333 | AE30: 58 | AF30: -14.79 | AG30: 407 | AH30: 27.55 | AI30: 1315 | AJ30: -16.01 | AK30: -17.26 | AL30: -0.059 | AM30: -8.98 | AN30: -16.86 | AO30: 0.335 | AP30: 1.025 | AQ30: 1.686 | AR30: 0.025 | AS30: 0.357 | AT30: 0.573 | AU30: 0.028 | AV30: 0.006 | AW30: 0.003 | AX30: 0.003 | AY30: 0.005 | AZ30: -8.96 | BA30: 2496 | BB30: 12.25 | BC30: 2876 | BF30: =BF$1-BA30 -> 989 | BH30: 6.36 | BI30: =BH30*$BI$1 -> 12.8472 | BJ30: =ROUND(C30*BJ$2,2) -> 6.27 | BK30: =ROUND(D30*BK$2,2) -> 12.66 | BM30: =ROUND(T30*BM$3+BM$4,1) -> 88 | BN30: =ROUND(F30*BM$3+BM$4,1) -> 77.1 | BO30: =ROUND(AH30*BM$3+BM$4,1) -> 26.5 | BP30: =ROUND(0.6105*(EXP((17.273*R30)/(R30+237.3)))*BO30/100, 3) -> 0.239 | BQ30: =ROUND((100-BO30)*BP30/BO30,3) -> 0.663 | BW30: =BJ30 -> 6.27 | BX30: =BK30 -> 12.66 | BY30: =ROUND(E30,1) -> -7.4 | BZ30: =ROUND(G30,1) -> -8.5 | CA30: =ROUND(H30,1) -> -9.7 | CB30: =ROUND(I30,1) -> 0 | CC30: =ROUND(L30,1) -> 0.4 | CD30: =ROUND(M30,1) -> 1.1 | CE30: =ROUND(N30,1) -> 1.7 | CF30: =ROUND(BN30,1) -> 77.1 | CG30: =ROUND(R30,1) -> 5.5 | CH30: =ROUND(V30,1) -> 4.6 | CI30: =ROUND(W30,1) -> 2.1 | CJ30: =ROUND(X30,1) -> 0.1 | CK30: =ROUND(AA30,1) -> 0.4 | CL30: =ROUND(AB30,1) -> 1.1 | CM30: =ROUND(AC30,1) -> 1.8 | CN30: =ROUND(BM30,1) -> 88 | CO30: =ROUND(AF30,1) -> -14.8 | CP30: =ROUND(AJ30,1) -> -16 | CQ30: =ROUND(AK30,1) -> -17.3 | CR30: =ROUND(AL30,1) -> -0.1 | CS30: =ROUND(AO30,1) -> 0.3 | CT30: =ROUND(AP30,1) -> 1 | CU30: =ROUND(AQ30,1) -> 1.7 | CV30: =ROUND(BO30,1) -> 26.5 | CW30: =BF30 -> 989 | CX30: =ROUND(PPTest!K30,1) -> 0 | CY30: =ROUND(P30,2) -> 2 | CZ30: =ROUND(AD30,2) -> 3.82 | DA30: =BP30 -> 0.239 | DB30: =BQ30 -> 0.663 | DC30: =BB30 -> 12.25 | DW30: -3.4 | DX30: 4.4 | DY30: -9
A31: 34724 | B31: 25 | C31: 3.325 | D31: 6.467 | E31: -1.409 | F31: 83.5 | G31: -2.13 | H31: -2.609 | I31: -0.073 | J31: -4.263 | K31: -2.26 | L31: 0.353 | M31: 1.039 | N31: 1.707 | O31: 0 | P31: 1.5691667 | R31: 3.415 | S31: 1435 | T31: 99.9 | U31: 2342 | V31: 4.518 | W31: 3.083 | X31: -0.034 | Y31: -1.139 | Z31: 5.539 | AA31: 0.387 | AB31: 1.082 | AC31: 1.752 | AD31: 4.5275 | AE31: 1250 | AF31: -8.06 | AG31: 35 | AH31: 64.77 | AI31: 1127 | AJ31: -9.36 | AK31: -10.38 | AL31: -0.105 | AM31: -7 | AN31: -9.61 | AO31: 0.31 | AP31: 0.99 | AQ31: 1.646 | AR31: 0.05 | AS31: 0.449 | AT31: 0.356 | AU31: 0.083 | AV31: 0.033 | AW31: 0.013 | AX31: 0.008 | AY31: 0.008 | AZ31: -4.387 | BA31: 2508 | BB31: 12.25 | BC31: 2876 | BF31: =BF$1-BA31 -> 977 | BH31: 6.48 | BI31: =BH31*$BI$1 -> 13.0896 | BJ31: =ROUND(C31*BJ$2,2) -> 3.33 | BK31: =ROUND(D31*BK$2,2) -> 6.98 | BM31: =ROUND(T31*BM$3+BM$4,1) -> 93.3 | BN31: =ROUND(F31*BM$3+BM$4,1) -> 78.2 | BO31: =ROUND(AH31*BM$3+BM$4,1) -> 60.8 | BP31: =ROUND(0.6105*(EXP((17.273*R31)/(R31+237.3)))*BO31/100, 3) -> 0.474 | BQ31: =ROUND((100-BO31)*BP31/BO31,3) -> 0.306 | BW31: =BJ31 -> 3.33 | BX31: =BK31 -> 6.98 | BY31: =ROUND(E31,1) -> -1.4 | BZ31: =ROUND(G31,1) -> -2.1 | CA31: =ROUND(H31,1) -> -2.6 | CB31: =ROUND(I31,1) -> -0.1 | CC31: =ROUND(L31,1) -> 0.4 | CD31: =ROUND(M31,1) -> 1 | CE31: =ROUND(N31,1) -> 1.7 | CF31: =ROUND(BN31,1) -> 78.2 | CG31: =ROUND(R31,1) -> 3.4 | CH31: =ROUND(V31,1) -> 4.5 | CI31: =ROUND(W31,1) -> 3.1 | CJ31: =ROUND(X31,1) -> 0 | CK31: =ROUND(AA31,1) -> 0.4 | CL31: =ROUND(AB31,1) -> 1.1 | CM31: =ROUND(AC31,1) -> 1.8 | CN31: =ROUND(BM31,1) -> 93.3 | CO31: =ROUND(AF31,1) -> -8.1 | CP31: =ROUND(AJ31,1) -> -9.4 | CQ31: =ROUND(AK31,1) -> -10.4 | CR31: =ROUND(AL31,1) -> -0.1 | CS31: =ROUND(AO31,1) -> 0.3 | CT31: =ROUND(AP31,1) -> 1 | CU31: =ROUND(AQ31,1) -> 1.6 | CV31: =ROUND(BO31,1) -> 60.8 | CW31: =BF31 -> 977 | CX31: =ROUND(PPTest!K31,1) -> 0 | CY31: =ROUND(P31,2) -> 1.57 | CZ31: =ROUND(AD31,2) -> 4.53 | DA31: =BP31 -> 0.474 | DB31: =BQ31 -> 0.306 | DC31: =BB31 -> 12.25 | DW31: -0.6 | DX31: 2.4 | DY31: -3.1
A32: 34725 | B32: 26 | C32: 1.531 | D32: 3.016 | E32: -1.878 | F32: 100.2 | G32: -2.485 | H32: -2.99 | I32: -0.082 | J32: -3.676 | K32: -2.453 | L32: 0.357 | M32: 1.045 | N32: 1.718 | O32: 0 | P32: 0.94633333 | R32: 0.886 | S32: 1511 | T32: 103.9 | U32: 548 | V32: 1.617 | W32: 0.511 | X32: -0.056 | Y32: -2.424 | Z32: 1.355 | AA32: 0.387 | AB32: 1.086 | AC32: 1.763 | AD32: 3.9675 | AE32: 1020 | AF32: -5.852 | AG32: 2059 | AH32: 87 | AI32: 1513 | AJ32: -7.08 | AK32: -8.93 | AL32: -0.106 | AM32: -6.815 | AN32: -7.74 | AO32: 0.326 | AP32: 1.013 | AQ32: 1.682 | AR32: 0.051 | AS32: 0.297 | AT32: 0.242 | AU32: 0.027 | AV32: 0.119 | AW32: 0.224 | AX32: 0.024 | AY32: 0.015 | AZ32: -2.939 | BA32: 2469 | BB32: 12.25 | BC32: 2876 | BF32: =BF$1-BA32 -> 1016 | BH32: 6.61 | BI32: =BH32*$BI$1 -> 13.3522 | BJ32: =ROUND(C32*BJ$2,2) -> 1.53 | BK32: =ROUND(D32*BK$2,2) -> 3.26 | BM32: =ROUND(T32*BM$3+BM$4,1) -> 97 | BN32: =ROUND(F32*BM$3+BM$4,1) -> 93.6 | BO32: =ROUND(AH32*BM$3+BM$4,1) -> 81.4 | BP32: =ROUND(0.6105*(EXP((17.273*R32)/(R32+237.3)))*BO32/100, 3) -> 0.53 | BQ32: =ROUND((100-BO32)*BP32/BO32,3) -> 0.121 | BW32: =BJ32 -> 1.53 | BX32: =BK32 -> 3.26 | BY32: =ROUND(E32,1) -> -1.9 | BZ32: =ROUND(G32,1) -> -2.5 | CA32: =ROUND(H32,1) -> -3 | CB32: =ROUND(I32,1) -> -0.1 | CC32: =ROUND(L32,1) -> 0.4 | CD32: =ROUND(M32,1) -> 1 | CE32: =ROUND(N32,1) -> 1.7 | CF32: =ROUND(BN32,1) -> 93.6 | CG32: =ROUND(R32,1) -> 0.9 | CH32: =ROUND(V32,1) -> 1.6 | CI32: =ROUND(W32,1) -> 0.5 | CJ32: =ROUND(X32,1) -> -0.1 | CK32: =ROUND(AA32,1) -> 0.4 | CL32: =ROUND(AB32,1) -> 1.1 | CM32: =ROUND(AC32,1) -> 1.8 | CN32: =ROUND(BM32,1) -> 97 | CO32: =ROUND(AF32,1) -> -5.9 | CP32: =ROUND(AJ32,1) -> -7.1 | CQ32: =ROUND(AK32,1) -> -8.9 | CR32: =ROUND(AL32,1) -> -0.1 | CS32: =ROUND(AO32,1) -> 0.3 | CT32: =ROUND(AP32,1) -> 1 | CU32: =ROUND(AQ32,1) -> 1.7 | CV32: =ROUND(BO32,1) -> 81.4 | CW32: =BF32 -> 1016 | CX32: =ROUND(PPTest!K32,1) -> 5.1 | CY32: =ROUND(P32,2) -> 0.95 | CZ32: =ROUND(AD32,2) -> 3.97 | DA32: =BP32 -> 0.53 | DB32: =BQ32 -> 0.121 | DC32: =BB32 -> 12.25 | DW32: -2.7 | DX32: 2 | DY32: -7.6
A33: 34726 | B33: 27 | C33: 6.872 | D33: 11.63 | E33: -6.96 | F33: 94.2 | G33: -7.61 | H33: -8.84 | I33: -0.068 | J33: -8.64 | K33: -7.44 | L33: 0.364 | M33: 1.055 | N33: 1.728 | O33: 0 | P33: 1.2311667 | R33: 2.4 | S33: 1152 | T33: 105.3 | U33: 2257 | V33: 3.806 | W33: 0.681 | X33: -0.024 | Y33: -3.502 | Z33: 4.445 | AA33: 0.405 | AB33: 1.095 | AC33: 1.772 | AD33: 3.9408333 | AE33: 1459 | AF33: -12.43 | AG33: 608 | AH33: 65.98 | AI33: 1537 | AJ33: -14.06 | AK33: -15.7 | AL33: -0.102 | AM33: -13.01 | AN33: -14.49 | AO33: 0.312 | AP33: 0.992 | AQ33: 1.666 | AR33: 0.033 | AS33: 0.357 | AT33: 0.36 | AU33: 0.035 | AV33: 0.094 | AW33: 0.104 | AX33: 0.007 | AY33: 0.01 | AZ33: -5.883 | BA33: 2499 | BB33: 12.25 | BC33: 2876 | BF33: =BF$1-BA33 -> 986 | BH33: 6.74 | BI33: =BH33*$BI$1 -> 13.6148 | BJ33: =ROUND(C33*BJ$2,2) -> 6.87 | BK33: =ROUND(D33*BK$2,2) -> 12.56 | BM33: =ROUND(T33*BM$3+BM$4,1) -> 98.3 | BN33: =ROUND(F33*BM$3+BM$4,1) -> 88 | BO33: =ROUND(AH33*BM$3+BM$4,1) -> 62 | BP33: =ROUND(0.6105*(EXP((17.273*R33)/(R33+237.3)))*BO33/100, 3) -> 0.45 | BQ33: =ROUND((100-BO33)*BP33/BO33,3) -> 0.276 | BW33: =BJ33 -> 6.87 | BX33: =BK33 -> 12.56 | BY33: =ROUND(E33,1) -> -7 | BZ33: =ROUND(G33,1) -> -7.6 | CA33: =ROUND(H33,1) -> -8.8 | CB33: =ROUND(I33,1) -> -0.1 | CC33: =ROUND(L33,1) -> 0.4 | CD33: =ROUND(M33,1) -> 1.1 | CE33: =ROUND(N33,1) -> 1.7 | CF33: =ROUND(BN33,1) -> 88 | CG33: =ROUND(R33,1) -> 2.4 | CH33: =ROUND(V33,1) -> 3.8 | CI33: =ROUND(W33,1) -> 0.7 | CJ33: =ROUND(X33,1) -> 0 | CK33: =ROUND(AA33,1) -> 0.4 | CL33: =ROUND(AB33,1) -> 1.1 | CM33: =ROUND(AC33,1) -> 1.8 | CN33: =ROUND(BM33,1) -> 98.3 | CO33: =ROUND(AF33,1) -> -12.4 | CP33: =ROUND(AJ33,1) -> -14.1 | CQ33: =ROUND(AK33,1) -> -15.7 | CR33: =ROUND(AL33,1) -> -0.1 | CS33: =ROUND(AO33,1) -> 0.3 | CT33: =ROUND(AP33,1) -> 1 | CU33: =ROUND(AQ33,1) -> 1.7 | CV33: =ROUND(BO33,1) -> 62 | CW33: =BF33 -> 986 | CX33: =ROUND(PPTest!K33,1) -> 0 | CY33: =ROUND(P33,2) -> 1.23 | CZ33: =ROUND(AD33,2) -> 3.94 | DA33: =BP33 -> 0.45 | DB33: =BQ33 -> 0.276 | DC33: =BB33 -> 12.25 | DW33: -5.6 | DX33: 0.4 | DY33: -10.2
A34: 34727 | B34: 28 | C34: 5.021 | D34: 8.72 | E34: -5.933 | F34: 86.1 | G34: -6.583 | H34: -7.35 | I34: -0.024 | J34: -8.55 | K34: -6.643 | L34: 0.363 | M34: 1.043 | N34: 1.708 | O34: 0 | P34: 1.7558333 | R34: 0.494 | S34: 2207 | T34: 106.3 | U34: 648 | V34: 1.498 | W34: 0.299 | X34: 0.021 | Y34: -3.273 | Z34: -0.07 | AA34: 0.44 | AB34: 1.125 | AC34: 1.792 | AD34: 6.0341667 | AE34: 1924 | AF34: -14.96 | AG34: 707 | AH34: 61.8 | AI34: 1302 | AJ34: -16.55 | AK34: -18.1 | AL34: -0.067 | AM34: -16.19 | AN34: -16.74 | AO34: 0.307 | AP34: 0.979 | AQ34: 1.636 | AR34: 0.081 | AS34: 0.351 | AT34: 0.286 | AU34: 0.059 | AV34: 0.047 | AW34: 0.073 | AX34: 0.055 | AY34: 0.049 | AZ34: -7.25 | BA34: 2500 | BB34: 12.24 | BC34: 2876 | BF34: =BF$1-BA34 -> 985 | BH34: 6.87 | BI34: =BH34*$BI$1 -> 13.8774 | BJ34: =ROUND(C34*BJ$2,2) -> 5.02 | BK34: =ROUND(D34*BK$2,2) -> 9.42 | BM34: =ROUND(T34*BM$3+BM$4,1) -> 99.2 | BN34: =ROUND(F34*BM$3+BM$4,1) -> 80.6 | BO34: =ROUND(AH34*BM$3+BM$4,1) -> 58.1 | BP34: =ROUND(0.6105*(EXP((17.273*R34)/(R34+237.3)))*BO34/100, 3) -> 0.368 | BQ34: =ROUND((100-BO34)*BP34/BO34,3) -> 0.265 | BS34: 0 | BW34: =BJ34 -> 5.02 | BX34: =BK34 -> 9.42 | BY34: =ROUND(E34,1) -> -5.9 | BZ34: =ROUND(G34,1) -> -6.6 | CA34: =ROUND(H34,1) -> -7.4 | CB34: =ROUND(I34,1) -> 0 | CC34: =ROUND(L34,1) -> 0.4 | CD34: =ROUND(M34,1) -> 1 | CE34: =ROUND(N34,1) -> 1.7 | CF34: =ROUND(BN34,1) -> 80.6 | CG34: =ROUND(R34,1) -> 0.5 | CH34: =ROUND(V34,1) -> 1.5 | CI34: =ROUND(W34,1) -> 0.3 | CJ34: =ROUND(X34,1) -> 0 | CK34: =ROUND(AA34,1) -> 0.4 | CL34: =ROUND(AB34,1) -> 1.1 | CM34: =ROUND(AC34,1) -> 1.8 | CN34: =ROUND(BM34,1) -> 99.2 | CO34: =ROUND(AF34,1) -> -15 | CP34: =ROUND(AJ34,1) -> -16.6 | CQ34: =ROUND(AK34,1) -> -18.1 | CR34: =ROUND(AL34,1) -> -0.1 | CS34: =ROUND(AO34,1) -> 0.3 | CT34: =ROUND(AP34,1) -> 1 | CU34: =ROUND(AQ34,1) -> 1.6 | CV34: =ROUND(BO34,1) -> 58.1 | CW34: =BF34 -> 985 | CX34: =ROUND(PPTest!K34,1) -> 0 | CY34: =ROUND(P34,2) -> 1.76 | CZ34: =ROUND(AD34,2) -> 6.03 | DA34: =BP34 -> 0.368 | DB34: =BQ34 -> 0.265 | DC34: =BB34 -> 12.24 | DF34: 0 | DG34: 1.7 | DH34: -1.6 | DI34: 92.5 | DJ34: 89 | DW34: -3.9 | DX34: -2 | DY34: -5.6
A35: 34728 | B35: 29 | C35: 1.88 | D35: 3.713 | E35: 0.224 | F35: 95.1 | G35: -0.189 | H35: -0.255 | I35: 0.031 | J35: -2.557 | K35: -0.476 | L35: 0.367 | M35: 1.037 | N35: 1.704 | O35: 0 | P35: 1.9041667 | R35: 1.666 | S35: 1303 | T35: 104.4 | U35: 2239 | V35: 1.447 | W35: 1.462 | X35: 0.069 | Y35: -1.542 | Z35: 0.82 | AA35: 0.4 | AB35: 1.068 | AC35: 1.737 | AD35: 6.1808333 | AE35: 110 | AF35: -1.091 | AG35: 2026 | AH35: 79.8 | AI35: 54 | AJ35: -1.631 | AK35: -1.609 | AL35: -0.012 | AM35: -3.872 | AN35: -1.214 | AO35: 0.327 | AP35: 1.006 | AQ35: 1.674 | AR35: 0.055 | AS35: 0.026 | AT35: 0.016 | AU35: 0.033 | AV35: 0.099 | AW35: 0.349 | AX35: 0.302 | AY35: 0.119 | AZ35: -1.584 | BA35: 2427 | BB35: 12.24 | BC35: 2876 | BF35: =BF$1-BA35 -> 1058 | BH35: 7 | BI35: =BH35*$BI$1 -> 14.14 | BJ35: =ROUND(C35*BJ$2,2) -> 1.88 | BK35: =ROUND(D35*BK$2,2) -> 4.01 | BM35: =ROUND(T35*BM$3+BM$4,1) -> 97.5 | BN35: =ROUND(F35*BM$3+BM$4,1) -> 88.9 | BO35: =ROUND(AH35*BM$3+BM$4,1) -> 74.7 | BP35: =ROUND(0.6105*(EXP((17.273*R35)/(R35+237.3)))*BO35/100, 3) -> 0.514 | BQ35: =ROUND((100-BO35)*BP35/BO35,3) -> 0.174 | BS35: 0.3 | BW35: =BJ35 -> 1.88 | BX35: =BK35 -> 4.01 | BY35: =ROUND(E35,1) -> 0.2 | BZ35: =ROUND(G35,1) -> -0.2 | CA35: =ROUND(H35,1) -> -0.3 | CB35: =ROUND(I35,1) -> 0 | CC35: =ROUND(L35,1) -> 0.4 | CD35: =ROUND(M35,1) -> 1 | CE35: =ROUND(N35,1) -> 1.7 | CF35: =ROUND(BN35,1) -> 88.9 | CG35: =ROUND(R35,1) -> 1.7 | CH35: =ROUND(V35,1) -> 1.4 | CI35: =ROUND(W35,1) -> 1.5 | CJ35: =ROUND(X35,1) -> 0.1 | CK35: =ROUND(AA35,1) -> 0.4 | CL35: =ROUND(AB35,1) -> 1.1 | CM35: =ROUND(AC35,1) -> 1.7 | CN35: =ROUND(BM35,1) -> 97.5 | CO35: =ROUND(AF35,1) -> -1.1 | CP35: =ROUND(AJ35,1) -> -1.6 | CQ35: =ROUND(AK35,1) -> -1.6 | CR35: =ROUND(AL35,1) -> 0 | CS35: =ROUND(AO35,1) -> 0.3 | CT35: =ROUND(AP35,1) -> 1 | CU35: =ROUND(AQ35,1) -> 1.7 | CV35: =ROUND(BO35,1) -> 74.7 | CW35: =BF35 -> 1058 | CX35: =ROUND(PPTest!K35,1) -> 9.5 | CY35: =ROUND(P35,2) -> 1.9 | CZ35: =ROUND(AD35,2) -> 6.18 | DA35: =BP35 -> 0.514 | DB35: =BQ35 -> 0.174 | DC35: =BB35 -> 12.24 | DF35: 0 | DG35: 1.1 | DH35: -1.5 | DI35: 92.2 | DJ35: 91 | DW35: -0.9 | DX35: 1.9 | DY35: -3.4
A36: 34729 | B36: 30 | C36: 0.665 | D36: 1.207 | E36: -0.252 | F36: 97.6 | G36: -0.849 | H36: -1.296 | I36: 0.053 | J36: -2.51 | K36: -1.321 | L36: 0.371 | M36: 1.041 | N36: 1.704 | O36: 0 | P36: 1.7058333 | R36: 2.047 | S36: 1840 | T36: 104.7 | U36: 455 | V36: 1.739 | W36: 1.962 | X36: 0.101 | Y36: -1.119 | Z36: 0.348 | AA36: 0.404 | AB36: 1.075 | AC36: 1.742 | AD36: 7.9008333 | AE36: 1839 | AF36: -4.438 | AG36: 727 | AH36: 73.8 | AI36: 1112 | AJ36: -6.125 | AK36: -8.9 | AL36: 0.006 | AM36: -5.134 | AN36: -5.912 | AO36: 0.327 | AP36: 0.987 | AQ36: 1.653 | AR36: 0.111 | AS36: 0.21 | AT36: 0.095 | AU36: 0.05 | AV36: 0.127 | AW36: 0.276 | AX36: 0.081 | AY36: 0.049 | AZ36: -1.723 | BA36: 2415 | BB36: 12.24 | BC36: 2876 | BF36: =BF$1-BA36 -> 1070 | BH36: 7.14 | BI36: =BH36*$BI$1 -> 14.4228 | BJ36: =ROUND(C36*BJ$2,2) -> 0.67 | BK36: =ROUND(D36*BK$2,2) -> 1.3 | BM36: =ROUND(T36*BM$3+BM$4,1) -> 97.7 | BN36: =ROUND(F36*BM$3+BM$4,1) -> 91.2 | BO36: =ROUND(AH36*BM$3+BM$4,1) -> 69.2 | BP36: =ROUND(0.6105*(EXP((17.273*R36)/(R36+237.3)))*BO36/100, 3) -> 0.49 | BQ36: =ROUND((100-BO36)*BP36/BO36,3) -> 0.218 | BS36: 0 | BW36: =BJ36 -> 0.67 | BX36: =BK36 -> 1.3 | BY36: =ROUND(E36,1) -> -0.3 | BZ36: =ROUND(G36,1) -> -0.8 | CA36: =ROUND(H36,1) -> -1.3 | CB36: =ROUND(I36,1) -> 0.1 | CC36: =ROUND(L36,1) -> 0.4 | CD36: =ROUND(M36,1) -> 1 | CE36: =ROUND(N36,1) -> 1.7 | CF36: =ROUND(BN36,1) -> 91.2 | CG36: =ROUND(R36,1) -> 2 | CH36: =ROUND(V36,1) -> 1.7 | CI36: =ROUND(W36,1) -> 2 | CJ36: =ROUND(X36,1) -> 0.1 | CK36: =ROUND(AA36,1) -> 0.4 | CL36: =ROUND(AB36,1) -> 1.1 | CM36: =ROUND(AC36,1) -> 1.7 | CN36: =ROUND(BM36,1) -> 97.7 | CO36: =ROUND(AF36,1) -> -4.4 | CP36: =ROUND(AJ36,1) -> -6.1 | CQ36: =ROUND(AK36,1) -> -8.9 | CR36: =ROUND(AL36,1) -> 0 | CS36: =ROUND(AO36,1) -> 0.3 | CT36: =ROUND(AP36,1) -> 1 | CU36: =ROUND(AQ36,1) -> 1.7 | CV36: =ROUND(BO36,1) -> 69.2 | CW36: =BF36 -> 1070 | CX36: =ROUND(PPTest!K36,1) -> 1.6 | CY36: =ROUND(P36,2) -> 1.71 | CZ36: =ROUND(AD36,2) -> 7.9 | DA36: =BP36 -> 0.49 | DB36: =BQ36 -> 0.218 | DC36: =BB36 -> 12.24 | DF36: 1 | DG36: 3.1 | DH36: 0 | DI36: 91.8 | DJ36: 90 | DW36: -1.8 | DX36: 0.5 | DY36: -4.9
A37: 34730 | B37: 31 | C37: 0.959 | D37: 1.948 | E37: 1.6 | F37: 94.1 | G37: 1.072 | H37: 0.857 | I37: 0.101 | J37: -1.556 | K37: 0.624 | L37: 0.387 | M37: 1.053 | N37: 1.714 | O37: 0 | P37: 2.1641667 | R37: 3.256 | S37: 1458 | T37: 102.6 | U37: 1009 | V37: 3.652 | W37: 2.952 | X37: 0.138 | Y37: -0.97 | Z37: 3.204 | AA37: 0.408 | AB37: 1.078 | AC37: 1.737 | AD37: 6.9275 | AE37: 1721 | AF37: -0.011 | AG37: 702 | AH37: 80.9 | AI37: 330 | AJ37: -0.54 | AK37: -1.103 | AL37: 0.069 | AM37: -2.051 | AN37: -0.622 | AO37: 0.369 | AP37: 1.036 | AQ37: 1.698 | AR37: 0.085 | AS37: 0.051 | AT37: 0.024 | AU37: 0.045 | AV37: 0.201 | AW37: 0.335 | AX37: 0.169 | AY37: 0.089 | AZ37: -0.363 | BA37: 2397 | BB37: 12.24 | BC37: 2876 | BF37: =BF$1-BA37 -> 1088 | BH37: 7.28 | BI37: =BH37*$BI$1 -> 14.7056 | BJ37: =ROUND(C37*BJ$2,2) -> 0.96 | BK37: =ROUND(D37*BK$2,2) -> 2.1 | BM37: =ROUND(T37*BM$3+BM$4,1) -> 95.8 | BN37: =ROUND(F37*BM$3+BM$4,1) -> 87.9 | BO37: =ROUND(AH37*BM$3+BM$4,1) -> 75.8 | BP37: =ROUND(0.6105*(EXP((17.273*R37)/(R37+237.3)))*BO37/100, 3) -> 0.585 | BQ37: =ROUND((100-BO37)*BP37/BO37,3) -> 0.187 | BS37: 15.5 | BW37: =BJ37 -> 0.96 | BX37: =BK37 -> 2.1 | BY37: =ROUND(E37,1) -> 1.6 | BZ37: =ROUND(G37,1) -> 1.1 | CA37: =ROUND(H37,1) -> 0.9 | CB37: =ROUND(I37,1) -> 0.1 | CC37: =ROUND(L37,1) -> 0.4 | CD37: =ROUND(M37,1) -> 1.1 | CE37: =ROUND(N37,1) -> 1.7 | CF37: =ROUND(BN37,1) -> 87.9 | CG37: =ROUND(R37,1) -> 3.3 | CH37: =ROUND(V37,1) -> 3.7 | CI37: =ROUND(W37,1) -> 3 | CJ37: =ROUND(X37,1) -> 0.1 | CK37: =ROUND(AA37,1) -> 0.4 | CL37: =ROUND(AB37,1) -> 1.1 | CM37: =ROUND(AC37,1) -> 1.7 | CN37: =ROUND(BM37,1) -> 95.8 | CO37: =ROUND(AF37,1) -> 0 | CP37: =ROUND(AJ37,1) -> -0.5 | CQ37: =ROUND(AK37,1) -> -1.1 | CR37: =ROUND(AL37,1) -> 0.1 | CS37: =ROUND(AO37,1) -> 0.4 | CT37: =ROUND(AP37,1) -> 1 | CU37: =ROUND(AQ37,1) -> 1.7 | CV37: =ROUND(BO37,1) -> 75.8 | CW37: =BF37 -> 1088 | CX37: =ROUND(PPTest!K37,1) -> 2.3 | CY37: =ROUND(P37,2) -> 2.16 | CZ37: =ROUND(AD37,2) -> 6.93 | DA37: =BP37 -> 0.585 | DB37: =BQ37 -> 0.187 | DC37: =BB37 -> 12.24 | DF37: 2.8 | DG37: 5.3 | DH37: 0.8 | DI37: 83.8 | DJ37: 74 | DW37: 0 | DX37: 2.5 | DY37: -2.4
A38: 34731 | B38: 32 | C38: 4.215 | D38: 8.12 | E38: 1.377 | F38: 80.8 | G38: 0.811 | H38: 0.629 | I38: 0.128 | J38: -0.976 | K38: 1.01 | L38: 0.392 | M38: 1.054 | N38: 1.711 | O38: 0 | P38: 3.1391667 | R38: 3.121 | S38: 25 | T38: 101.4 | U38: 2357 | V38: 3.016 | W38: 2.612 | X38: 0.158 | Y38: -0.703 | Z38: 5.534 | AA38: 0.415 | AB38: 1.082 | AC38: 1.731 | AD38: 6.9675 | AE38: 211 | AF38: -0.998 | AG38: 2359 | AH38: 66.21 | AI38: 1219 | AJ38: -1.479 | AK38: -1.703 | AL38: 0.107 | AM38: -1.346 | AN38: -1.11 | AO38: 0.374 | AP38: 1.038 | AQ38: 1.693 | AR38: 0.002 | AS38: 0.001 | AT38: 0 | AU38: 0.016 | AV38: 0.281 | AW38: 0.637 | AX38: 0.056 | AY38: 0.005 | AZ38: -0.186 | BA38: 2429 | BB38: 12.24 | BC38: 2876 | BF38: =BF$1-BA38 -> 1056 | BH38: 7.43 | BI38: =BH38*$BI$1 -> 15.0086 | BJ38: =ROUND(C38*BJ$2,2) -> 4.22 | BK38: =ROUND(D38*BK$2,2) -> 8.77 | BM38: =ROUND(T38*BM$3+BM$4,1) -> 94.7 | BN38: =ROUND(F38*BM$3+BM$4,1) -> 75.7 | BO38: =ROUND(AH38*BM$3+BM$4,1) -> 62.2 | BP38: =ROUND(0.6105*(EXP((17.273*R38)/(R38+237.3)))*BO38/100, 3) -> 0.475 | BQ38: =ROUND((100-BO38)*BP38/BO38,3) -> 0.289 | BS38: 19.9 | BW38: =BJ38 -> 4.22 | BX38: =BK38 -> 8.77 | BY38: =ROUND(E38,1) -> 1.4 | BZ38: =ROUND(G38,1) -> 0.8 | CA38: =ROUND(H38,1) -> 0.6 | CB38: =ROUND(I38,1) -> 0.1 | CC38: =ROUND(L38,1) -> 0.4 | CD38: =ROUND(M38,1) -> 1.1 | CE38: =ROUND(N38,1) -> 1.7 | CF38: =ROUND(BN38,1) -> 75.7 | CG38: =ROUND(R38,1) -> 3.1 | CH38: =ROUND(V38,1) -> 3 | CI38: =ROUND(W38,1) -> 2.6 | CJ38: =ROUND(X38,1) -> 0.2 | CK38: =ROUND(AA38,1) -> 0.4 | CL38: =ROUND(AB38,1) -> 1.1 | CM38: =ROUND(AC38,1) -> 1.7 | CN38: =ROUND(BM38,1) -> 94.7 | CO38: =ROUND(AF38,1) -> -1 | CP38: =ROUND(AJ38,1) -> -1.5 | CQ38: =ROUND(AK38,1) -> -1.7 | CR38: =ROUND(AL38,1) -> 0.1 | CS38: =ROUND(AO38,1) -> 0.4 | CT38: =ROUND(AP38,1) -> 1 | CU38: =ROUND(AQ38,1) -> 1.7 | CV38: =ROUND(BO38,1) -> 62.2 | CW38: =BF38 -> 1056 | CX38: =ROUND(PPTest!K38,1) -> 0 | CY38: =ROUND(P38,2) -> 3.14 | CZ38: =ROUND(AD38,2) -> 6.97 | DA38: =BP38 -> 0.475 | DB38: =BQ38 -> 0.289 | DC38: =BB38 -> 12.24 | DF38: 1 | DG38: 3.9 | DH38: -1.2 | DI38: 84.8 | DJ38: 74 | DW38: 0.2 | DX38: 4.4 | DY38: -2.1
A39: 34732 | B39: 33 | C39: 6.751 | D39: 12.69 | E39: -0.997 | F39: 84.5 | G39: -1.639 | H39: -2.458 | I39: 0.14 | J39: -0.956 | K39: -1.253 | L39: 0.389 | M39: 1.05 | N39: 1.702 | O39: 0 | P39: 1.4391667 | R39: 2.731 | S39: 1336 | T39: 103 | U39: 104 | V39: 4.334 | W39: 2.844 | X39: 0.168 | Y39: -0.514 | Z39: 5.88 | AA39: 0.422 | AB39: 1.084 | AC39: 1.74 | AD39: 5.1275 | AE39: 345 | AF39: -5.059 | AG39: 854 | AH39: 58.85 | AI39: 2354 | AJ39: -6.842 | AK39: -11.39 | AL39: 0.114 | AM39: -1.752 | AN39: -7.68 | AO39: 0.358 | AP39: 1.022 | AQ39: 1.67 | AR39: 0.051 | AS39: 0.128 | AT39: 0.133 | AU39: 0.081 | AV39: 0.153 | AW39: 0.386 | AX39: 0.048 | AY39: 0.019 | AZ39: -1.073 | BA39: 2413 | BB39: 12.23 | BC39: 2876 | BF39: =BF$1-BA39 -> 1072 | BH39: 7.59 | BI39: =BH39*$BI$1 -> 15.3318 | BJ39: =ROUND(C39*BJ$2,2) -> 6.75 | BK39: =ROUND(D39*BK$2,2) -> 13.71 | BM39: =ROUND(T39*BM$3+BM$4,1) -> 96.2 | BN39: =ROUND(F39*BM$3+BM$4,1) -> 79.1 | BO39: =ROUND(AH39*BM$3+BM$4,1) -> 55.4 | BP39: =ROUND(0.6105*(EXP((17.273*R39)/(R39+237.3)))*BO39/100, 3) -> 0.412 | BQ39: =ROUND((100-BO39)*BP39/BO39,3) -> 0.332 | BS39: 1.4 | BW39: =BJ39 -> 6.75 | BX39: =BK39 -> 13.71 | BY39: =ROUND(E39,1) -> -1 | BZ39: =ROUND(G39,1) -> -1.6 | CA39: =ROUND(H39,1) -> -2.5 | CB39: =ROUND(I39,1) -> 0.1 | CC39: =ROUND(L39,1) -> 0.4 | CD39: =ROUND(M39,1) -> 1.1 | CE39: =ROUND(N39,1) -> 1.7 | CF39: =ROUND(BN39,1) -> 79.1 | CG39: =ROUND(R39,1) -> 2.7 | CH39: =ROUND(V39,1) -> 4.3 | CI39: =ROUND(W39,1) -> 2.8 | CJ39: =ROUND(X39,1) -> 0.2 | CK39: =ROUND(AA39,1) -> 0.4 | CL39: =ROUND(AB39,1) -> 1.1 | CM39: =ROUND(AC39,1) -> 1.7 | CN39: =ROUND(BM39,1) -> 96.2 | CO39: =ROUND(AF39,1) -> -5.1 | CP39: =ROUND(AJ39,1) -> -6.8 | CQ39: =ROUND(AK39,1) -> -11.4 | CR39: =ROUND(AL39,1) -> 0.1 | CS39: =ROUND(AO39,1) -> 0.4 | CT39: =ROUND(AP39,1) -> 1 | CU39: =ROUND(AQ39,1) -> 1.7 | CV39: =ROUND(BO39,1) -> 55.4 | CW39: =BF39 -> 1072 | CX39: =ROUND(PPTest!K39,1) -> 2.1 | CY39: =ROUND(P39,2) -> 1.44 | CZ39: =ROUND(AD39,2) -> 5.13 | DA39: =BP39 -> 0.412 | DB39: =BQ39 -> 0.332 | DC39: =BB39 -> 12.23 | DF39: 0.6 | DG39: 2 | DH39: -1.7 | DI39: 86 | DJ39: 72 | DW39: -1 | DX39: 3.1 | DY39: -3.7
A40: 34733 | B40: 34 | C40: 1.702 | D40: 3.514 | E40: -0.896 | F40: 84.4 | G40: -1.583 | H40: -1.956 | I40: 0.142 | J40: -1.533 | K40: -1.669 | L40: 0.38 | M40: 1.039 | N40: 1.689 | O40: 0 | P40: 1.176 | R40: 1.094 | S40: 109 | T40: 102.8 | U40: 2221 | V40: 0.505 | W40: 0.712 | X40: 0.172 | Y40: -1.084 | Z40: 0.629 | AA40: 0.409 | AB40: 1.065 | AC40: 1.712 | AD40: 4.6608333 | AE40: 714 | AF40: -7.54 | AG40: 0 | AH40: 51.59 | AI40: 36 | AJ40: -8.65 | AK40: -10.82 | AL40: 0.115 | AM40: -1.944 | AN40: -9.69 | AO40: 0.358 | AP40: 1.016 | AQ40: 1.662 | AR40: 0.061 | AS40: 0.195 | AT40: 0.187 | AU40: 0.069 | AV40: 0.124 | AW40: 0.222 | AX40: 0.118 | AY40: 0.024 | AZ40: -1.504 | BA40: 2430 | BB40: 12.23 | BC40: 2876 | BF40: =BF$1-BA40 -> 1055 | BH40: 7.74 | BI40: =BH40*$BI$1 -> 15.6348 | BJ40: =ROUND(C40*BJ$2,2) -> 1.7 | BK40: =ROUND(D40*BK$2,2) -> 3.8 | BM40: =ROUND(T40*BM$3+BM$4,1) -> 96 | BN40: =ROUND(F40*BM$3+BM$4,1) -> 79 | BO40: =ROUND(AH40*BM$3+BM$4,1) -> 48.7 | BP40: =ROUND(0.6105*(EXP((17.273*R40)/(R40+237.3)))*BO40/100, 3) -> 0.322 | BQ40: =ROUND((100-BO40)*BP40/BO40,3) -> 0.339 | BS40: 0.5 | BW40: =BJ40 -> 1.7 | BX40: =BK40 -> 3.8 | BY40: =ROUND(E40,1) -> -0.9 | BZ40: =ROUND(G40,1) -> -1.6 | CA40: =ROUND(H40,1) -> -2 | CB40: =ROUND(I40,1) -> 0.1 | CC40: =ROUND(L40,1) -> 0.4 | CD40: =ROUND(M40,1) -> 1 | CE40: =ROUND(N40,1) -> 1.7 | CF40: =ROUND(BN40,1) -> 79 | CG40: =ROUND(R40,1) -> 1.1 | CH40: =ROUND(V40,1) -> 0.5 | CI40: =ROUND(W40,1) -> 0.7 | CJ40: =ROUND(X40,1) -> 0.2 | CK40: =ROUND(AA40,1) -> 0.4 | CL40: =ROUND(AB40,1) -> 1.1 | CM40: =ROUND(AC40,1) -> 1.7 | CN40: =ROUND(BM40,1) -> 96 | CO40: =ROUND(AF40,1) -> -7.5 | CP40: =ROUND(AJ40,1) -> -8.7 | CQ40: =ROUND(AK40,1) -> -10.8 | CR40: =ROUND(AL40,1) -> 0.1 | CS40: =ROUND(AO40,1) -> 0.4 | CT40: =ROUND(AP40,1) -> 1 | CU40: =ROUND(AQ40,1) -> 1.7 | CV40: =ROUND(BO40,1) -> 48.7 | CW40: =BF40 -> 1055 | CX40: =ROUND(PPTest!K40,1) -> 0 | CY40: =ROUND(P40,2) -> 1.18 | CZ40: =ROUND(AD40,2) -> 4.66 | DA40: =BP40 -> 0.322 | DB40: =BQ40 -> 0.339 | DC40: =BB40 -> 12.23 | DF40: -0.4 | DG40: 4.1 | DH40: -2.8 | DI40: 90.1 | DJ40: 78 | DW40: -1.7 | DX40: 1.2 | DY40: -5.4
A41: 34734 | B41: 35 | C41: 7.32 | D41: 13.87 | E41: -4.504 | F41: 90.6 | G41: -5.392 | H41: -6.467 | I41: 0.114 | J41: -2.233 | K41: -5.142 | L41: 0.361 | M41: 1.019 | N41: 1.663 | O41: 0 | P41: 1.5575 | R41: 5.999 | S41: 1256 | T41: 101.6 | U41: 23 | V41: 7.06 | W41: 5.512 | X41: 0.181 | Y41: -1.607 | Z41: 10.92 | AA41: 0.389 | AB41: 1.045 | AC41: 1.69 | AD41: 2.9275 | AE41: 1600 | AF41: -11.17 | AG41: 834 | AH41: 58.4 | AI41: 1256 | AJ41: -12.29 | AK41: -14.04 | AL41: 0.086 | AM41: -2.73 | AN41: -12.72 | AO41: 0.329 | AP41: 0.986 | AQ41: 1.63 | AR41: 0.015 | AS41: 0.356 | AT41: 0.517 | AU41: 0.014 | AV41: 0.05 | AW41: 0.048 | AX41: 0 | AY41: 0 | AZ41: -4.46 | BA41: 2436 | BB41: 12.23 | BC41: 2876 | BF41: =BF$1-BA41 -> 1049 | BH41: 7.9 | BI41: =BH41*$BI$1 -> 15.958 | BJ41: =ROUND(C41*BJ$2,2) -> 7.32 | BK41: =ROUND(D41*BK$2,2) -> 14.98 | BM41: =ROUND(T41*BM$3+BM$4,1) -> 94.9 | BN41: =ROUND(F41*BM$3+BM$4,1) -> 84.7 | BO41: =ROUND(AH41*BM$3+BM$4,1) -> 55 | BP41: =ROUND(0.6105*(EXP((17.273*R41)/(R41+237.3)))*BO41/100, 3) -> 0.514 | BQ41: =ROUND((100-BO41)*BP41/BO41,3) -> 0.421 | BS41: 0 | BW41: =BJ41 -> 7.32 | BX41: =BK41 -> 14.98 | BY41: =ROUND(E41,1) -> -4.5 | BZ41: =ROUND(G41,1) -> -5.4 | CA41: =ROUND(H41,1) -> -6.5 | CB41: =ROUND(I41,1) -> 0.1 | CC41: =ROUND(L41,1) -> 0.4 | CD41: =ROUND(M41,1) -> 1 | CE41: =ROUND(N41,1) -> 1.7 | CF41: =ROUND(BN41,1) -> 84.7 | CG41: =ROUND(R41,1) -> 6 | CH41: =ROUND(V41,1) -> 7.1 | CI41: =ROUND(W41,1) -> 5.5 | CJ41: =ROUND(X41,1) -> 0.2 | CK41: =ROUND(AA41,1) -> 0.4 | CL41: =ROUND(AB41,1) -> 1 | CM41: =ROUND(AC41,1) -> 1.7 | CN41: =ROUND(BM41,1) -> 94.9 | CO41: =ROUND(AF41,1) -> -11.2 | CP41: =ROUND(AJ41,1) -> -12.3 | CQ41: =ROUND(AK41,1) -> -14 | CR41: =ROUND(AL41,1) -> 0.1 | CS41: =ROUND(AO41,1) -> 0.3 | CT41: =ROUND(AP41,1) -> 1 | CU41: =ROUND(AQ41,1) -> 1.6 | CV41: =ROUND(BO41,1) -> 55 | CW41: =BF41 -> 1049 | CX41: =ROUND(PPTest!K41,1) -> 0 | CY41: =ROUND(P41,2) -> 1.56 | CZ41: =ROUND(AD41,2) -> 2.93 | DA41: =BP41 -> 0.514 | DB41: =BQ41 -> 0.421 | DC41: =BB41 -> 12.23 | DF41: 1.1 | DG41: 5.2 | DH41: -2.4 | DI41: 80 | DJ41: 64 | DW41: -2.3 | DX41: 7.8 | DY41: -9.1
A42: 34735 | B42: 36 | C42: 6.573 | D42: 12.71 | E42: -0.488 | F42: 86.7 | G42: -1.232 | H42: -2.108 | I42: 0.134 | J42: -2.564 | K42: -1.049 | L42: 0.359 | M42: 1.016 | N42: 1.658 | O42: 0 | P42: 1.3076667 | R42: 12.53 | S42: 1350 | T42: 103.3 | U42: 2323 | V42: 12.79 | W42: 8.72 | X42: 0.177 | Y42: -1.664 | Z42: 15.55 | AA42: 0.388 | AB42: 1.042 | AC42: 1.684 | AD42: 2.9941667 | AE42: 1402 | AF42: -6.568 | AG42: 745 | AH42: 36.75 | AI42: 1351 | AJ42: -7.61 | AK42: -8.74 | AL42: 0.1 | AM42: -3.172 | AN42: -8 | AO42: 0.323 | AP42: 0.981 | AQ42: 1.624 | AR42: 0.022 | AS42: 0.313 | AT42: 0.413 | AU42: 0.045 | AV42: 0.092 | AW42: 0.097 | AX42: 0.01 | AY42: 0.008 | AZ42: -3.357 | BA42: 2443 | BB42: 12.22 | BC42: 2876 | BF42: =BF$1-BA42 -> 1042 | BH42: 8.06 | BI42: =BH42*$BI$1 -> 16.2812 | BJ42: =ROUND(C42*BJ$2,2) -> 6.57 | BK42: =ROUND(D42*BK$2,2) -> 13.73 | BM42: =ROUND(T42*BM$3+BM$4,1) -> 96.4 | BN42: =ROUND(F42*BM$3+BM$4,1) -> 81.1 | BO42: =ROUND(AH42*BM$3+BM$4,1) -> 35 | BP42: =ROUND(0.6105*(EXP((17.273*R42)/(R42+237.3)))*BO42/100, 3) -> 0.508 | BQ42: =ROUND((100-BO42)*BP42/BO42,3) -> 0.943 | BS42: 1.1 | BW42: =BJ42 -> 6.57 | BX42: =BK42 -> 13.73 | BY42: =ROUND(E42,1) -> -0.5 | BZ42: =ROUND(G42,1) -> -1.2 | CA42: =ROUND(H42,1) -> -2.1 | CB42: =ROUND(I42,1) -> 0.1 | CC42: =ROUND(L42,1) -> 0.4 | CD42: =ROUND(M42,1) -> 1 | CE42: =ROUND(N42,1) -> 1.7 | CF42: =ROUND(BN42,1) -> 81.1 | CG42: =ROUND(R42,1) -> 12.5 | CH42: =ROUND(V42,1) -> 12.8 | CI42: =ROUND(W42,1) -> 8.7 | CJ42: =ROUND(X42,1) -> 0.2 | CK42: =ROUND(AA42,1) -> 0.4 | CL42: =ROUND(AB42,1) -> 1 | CM42: =ROUND(AC42,1) -> 1.7 | CN42: =ROUND(BM42,1) -> 96.4 | CO42: =ROUND(AF42,1) -> -6.6 | CP42: =ROUND(AJ42,1) -> -7.6 | CQ42: =ROUND(AK42,1) -> -8.7 | CR42: =ROUND(AL42,1) -> 0.1 | CS42: =ROUND(AO42,1) -> 0.3 | CT42: =ROUND(AP42,1) -> 1 | CU42: =ROUND(AQ42,1) -> 1.6 | CV42: =ROUND(BO42,1) -> 35 | CW42: =BF42 -> 1042 | CX42: =ROUND(PPTest!K42,1) -> 0 | CY42: =ROUND(P42,2) -> 1.31 | CZ42: =ROUND(AD42,2) -> 2.99 | DA42: =BP42 -> 0.508 | DB42: =BQ42 -> 0.943 | DC42: =BB42 -> 12.22 | DF42: 1.1 | DG42: 3.1 | DH42: -0.9 | DI42: 92.9 | DJ42: 92 | DW42: -0.1 | DX42: 6.9 | DY42: -5
A43: 34736 | B43: 37 | C43: 2.326 | D43: 4.807 | E43: 0.906 | F43: 103.8 | G43: 0.369 | H43: 0.155 | I43: 0.172 | J43: -0.602 | K43: 0.495 | L43: 0.385 | M43: 1.038 | N43: 1.682 | O43: 0 | P43: 0.963 | R43: 3.942 | S43: 1328 | T43: 105.6 | U43: 1750 | V43: 4.294 | W43: 2.942 | X43: 0.195 | Y43: -0.163 | Z43: 4.248 | AA43: 0.409 | AB43: 1.06 | AC43: 1.703 | AD43: 2.6208333 | AE43: 1826 | AF43: -1.299 | AG43: 2358 | AH43: 95.2 | AI43: 1328 | AJ43: -1.832 | AK43: -1.82 | AL43: 0.152 | AM43: -1.666 | AN43: -1.716 | AO43: 0.362 | AP43: 1.016 | AQ43: 1.659 | AR43: 0.031 | AS43: 0.196 | AT43: 0.165 | AU43: 0.025 | AV43: 0.124 | AW43: 0.378 | AX43: 0.074 | AY43: 0.007 | AZ43: -0.34 | BA43: 2398 | BB43: 12.22 | BC43: 2876 | BF43: =BF$1-BA43 -> 1087 | BH43: 8.23 | BI43: =BH43*$BI$1 -> 16.6246 | BJ43: =ROUND(C43*BJ$2,2) -> 2.33 | BK43: =ROUND(D43*BK$2,2) -> 5.19 | BM43: =ROUND(T43*BM$3+BM$4,1) -> 98.6 | BN43: =ROUND(F43*BM$3+BM$4,1) -> 96.9 | BO43: =ROUND(AH43*BM$3+BM$4,1) -> 89 | BP43: =ROUND(0.6105*(EXP((17.273*R43)/(R43+237.3)))*BO43/100, 3) -> 0.721 | BQ43: =ROUND((100-BO43)*BP43/BO43,3) -> 0.089 | BS43: 6.9 | BW43: =BJ43 -> 2.33 | BX43: =BK43 -> 5.19 | BY43: =ROUND(E43,1) -> 0.9 | BZ43: =ROUND(G43,1) -> 0.4 | CA43: =ROUND(H43,1) -> 0.2 | CB43: =ROUND(I43,1) -> 0.2 | CC43: =ROUND(L43,1) -> 0.4 | CD43: =ROUND(M43,1) -> 1 | CE43: =ROUND(N43,1) -> 1.7 | CF43: =ROUND(BN43,1) -> 96.9 | CG43: =ROUND(R43,1) -> 3.9 | CH43: =ROUND(V43,1) -> 4.3 | CI43: =ROUND(W43,1) -> 2.9 | CJ43: =ROUND(X43,1) -> 0.2 | CK43: =ROUND(AA43,1) -> 0.4 | CL43: =ROUND(AB43,1) -> 1.1 | CM43: =ROUND(AC43,1) -> 1.7 | CN43: =ROUND(BM43,1) -> 98.6 | CO43: =ROUND(AF43,1) -> -1.3 | CP43: =ROUND(AJ43,1) -> -1.8 | CQ43: =ROUND(AK43,1) -> -1.8 | CR43: =ROUND(AL43,1) -> 0.2 | CS43: =ROUND(AO43,1) -> 0.4 | CT43: =ROUND(AP43,1) -> 1 | CU43: =ROUND(AQ43,1) -> 1.7 | CV43: =ROUND(BO43,1) -> 89 | CW43: =BF43 -> 1087 | CX43: =ROUND(PPTest!K43,1) -> 5.9 | CY43: =ROUND(P43,2) -> 0.96 | CZ43: =ROUND(AD43,2) -> 2.62 | DA43: =BP43 -> 0.721 | DB43: =BQ43 -> 0.089 | DC43: =BB43 -> 12.22 | DF43: -0.6 | DG43: 1.5 | DH43: -2.8 | DI43: 92.5 | DJ43: 91 | DW43: 0.8 | DX43: 4.9 | DY43: -1.8
A44: 34737 | B44: 38 | C44: 4.807 | D44: 6.248 | E44: -1.889 | F44: 99.1 | G44: -2.617 | H44: -4.049 | I44: 0.149 | J44: -1.824 | K44: -2.784 | L44: 0.388 | M44: 1.034 | N44: 1.675 | O44: 0 | P44: 1.1016667 | R44: 6.722 | S44: 1136 | T44: 105.3 | U44: 1709 | V44: 6.728 | W44: 3.87 | X44: 0.176 | Y44: -0.308 | Z44: 6.488 | AA44: 0.418 | AB44: 1.054 | AC44: 1.695 | AD44: 2.9541667 | AE44: 1351 | AF44: -9.66 | AG44: 2354 | AH44: 64.38 | AI44: 1137 | AJ44: -11.47 | AK44: -13.56 | AL44: 0.11 | AM44: -7.69 | AN44: -12.14 | AO44: 0.369 | AP44: 1.01 | AQ44: 1.64 | AR44: 0.026 | AS44: 0.193 | AT44: 0.239 | AU44: 0.061 | AV44: 0.206 | AW44: 0.228 | AX44: 0.037 | AY44: 0.01 | AZ44: -0.247 | BA44: 2400 | BB44: 12.22 | BC44: 2876 | BF44: =BF$1-BA44 -> 1085 | BH44: 8.4 | BI44: =BH44*$BI$1 -> 16.968 | BJ44: =ROUND(C44*BJ$2,2) -> 4.81 | BK44: =ROUND(D44*BK$2,2) -> 6.75 | BM44: =ROUND(T44*BM$3+BM$4,1) -> 98.3 | BN44: =ROUND(F44*BM$3+BM$4,1) -> 92.6 | BO44: =ROUND(AH44*BM$3+BM$4,1) -> 60.5 | BP44: =ROUND(0.6105*(EXP((17.273*R44)/(R44+237.3)))*BO44/100, 3) -> 0.594 | BQ44: =ROUND((100-BO44)*BP44/BO44,3) -> 0.388 | BS44: 3.4 | BW44: =BJ44 -> 4.81 | BX44: =BK44 -> 6.75 | BY44: =ROUND(E44,1) -> -1.9 | BZ44: =ROUND(G44,1) -> -2.6 | CA44: =ROUND(H44,1) -> -4 | CB44: =ROUND(I44,1) -> 0.1 | CC44: =ROUND(L44,1) -> 0.4 | CD44: =ROUND(M44,1) -> 1 | CE44: =ROUND(N44,1) -> 1.7 | CF44: =ROUND(BN44,1) -> 92.6 | CG44: =ROUND(R44,1) -> 6.7 | CH44: =ROUND(V44,1) -> 6.7 | CI44: =ROUND(W44,1) -> 3.9 | CJ44: =ROUND(X44,1) -> 0.2 | CK44: =ROUND(AA44,1) -> 0.4 | CL44: =ROUND(AB44,1) -> 1.1 | CM44: =ROUND(AC44,1) -> 1.7 | CN44: =ROUND(BM44,1) -> 98.3 | CO44: =ROUND(AF44,1) -> -9.7 | CP44: =ROUND(AJ44,1) -> -11.5 | CQ44: =ROUND(AK44,1) -> -13.6 | CR44: =ROUND(AL44,1) -> 0.1 | CS44: =ROUND(AO44,1) -> 0.4 | CT44: =ROUND(AP44,1) -> 1 | CU44: =ROUND(AQ44,1) -> 1.6 | CV44: =ROUND(BO44,1) -> 60.5 | CW44: =BF44 -> 1085 | CX44: =ROUND(PPTest!K44,1) -> 0 | CY44: =ROUND(P44,2) -> 1.1 | CZ44: =ROUND(AD44,2) -> 2.95 | DA44: =BP44 -> 0.594 | DB44: =BQ44 -> 0.388 | DC44: =BB44 -> 12.22 | DF44: -3.2 | DG44: -1.2 | DH44: -4.5 | DI44: 91.9 | DJ44: 89 | DW44: -2.2 | DX44: -0.9 | DY44: -3.5
A45: 34738 | B45: 39 | C45: 3.952 | D45: 8.01 | E45: -6.742 | F45: 100.1 | G45: -7.22 | H45: -7.76 | I45: 0.088 | J45: -3.443 | K45: -7.18 | L45: 0.363 | M45: 0.997 | N45: 1.618 | O45: 0 | P45: 0.88683333 | R45: -0.837 | S45: 1318 | T45: 105 | U45: 502 | V45: -0.283 | W45: -2.664 | X45: 0.13 | Y45: -1.206 | Z45: -0.984 | AA45: 0.401 | AB45: 1.051 | AC45: 1.663 | AD45: 4.2075 | AE45: 1346 | AF45: -11.19 | AG45: 2304 | AH45: 90.6 | AI45: 1327 | AJ45: -12.33 | AK45: -14.25 | AL45: 0.046 | AM45: -7.53 | AN45: -12.73 | AO45: 0.334 | AP45: 0.964 | AQ45: 1.569 | AR45: 0.05 | AS45: 0.264 | AT45: 0.172 | AU45: 0.054 | AV45: 0.134 | AW45: 0.247 | AX45: 0.045 | AY45: 0.033 | AZ45: -2.346 | BA45: 2413 | BB45: 12.22 | BC45: 2876 | BF45: =BF$1-BA45 -> 1072 | BH45: 8.57 | BI45: =BH45*$BI$1 -> 17.3114 | BJ45: =ROUND(C45*BJ$2,2) -> 3.95 | BK45: =ROUND(D45*BK$2,2) -> 8.65 | BM45: =ROUND(T45*BM$3+BM$4,1) -> 98 | BN45: =ROUND(F45*BM$3+BM$4,1) -> 93.5 | BO45: =ROUND(AH45*BM$3+BM$4,1) -> 84.7 | BP45: =ROUND(0.6105*(EXP((17.273*R45)/(R45+237.3)))*BO45/100, 3) -> 0.486 | BQ45: =ROUND((100-BO45)*BP45/BO45,3) -> 0.088 | BS45: 0.3 | BW45: =BJ45 -> 3.95 | BX45: =BK45 -> 8.65 | BY45: =ROUND(E45,1) -> -6.7 | BZ45: =ROUND(G45,1) -> -7.2 | CA45: =ROUND(H45,1) -> -7.8 | CB45: =ROUND(I45,1) -> 0.1 | CC45: =ROUND(L45,1) -> 0.4 | CD45: =ROUND(M45,1) -> 1 | CE45: =ROUND(N45,1) -> 1.6 | CF45: =ROUND(BN45,1) -> 93.5 | CG45: =ROUND(R45,1) -> -0.8 | CH45: =ROUND(V45,1) -> -0.3 | CI45: =ROUND(W45,1) -> -2.7 | CJ45: =ROUND(X45,1) -> 0.1 | CK45: =ROUND(AA45,1) -> 0.4 | CL45: =ROUND(AB45,1) -> 1.1 | CM45: =ROUND(AC45,1) -> 1.7 | CN45: =ROUND(BM45,1) -> 98 | CO45: =ROUND(AF45,1) -> -11.2 | CP45: =ROUND(AJ45,1) -> -12.3 | CQ45: =ROUND(AK45,1) -> -14.3 | CR45: =ROUND(AL45,1) -> 0 | CS45: =ROUND(AO45,1) -> 0.3 | CT45: =ROUND(AP45,1) -> 1 | CU45: =ROUND(AQ45,1) -> 1.6 | CV45: =ROUND(BO45,1) -> 84.7 | CW45: =BF45 -> 1072 | CX45: =ROUND(PPTest!K45,1) -> 0 | CY45: =ROUND(P45,2) -> 0.89 | CZ45: =ROUND(AD45,2) -> 4.21 | DA45: =BP45 -> 0.486 | DB45: =BQ45 -> 0.088 | DC45: =BB45 -> 12.22 | DF45: -3 | DG45: 1.7 | DH45: -5.2 | DI45: 89 | DJ45: 76 | DW45: -4.1 | DX45: 0.9 | DY45: -9
... A47: 34740 | B47: 41 | C47: 6.169 | D47: 11.74 | E47: -6.825 | F47: 92.1 | G47: -7.49 | H47: -8.21 | I47: 0.061 | J47: -3.28 | K47: -7.45 | L47: 0.32 | M47: 0.928 | N47: 1.484 | O47: 0 | P47: 1.1933333 | R47: -3.549 | S47: 1109 | T47: 102.4 | U47: 551 | V47: -2.657 | W47: -3.662 | X47: 0.085 | Y47: -2.078 | Z47: -1.682 | AA47: 0.345 | AB47: 0.955 | AC47: 1.53 | AD47: 4.5275 | AE47: 1206 | AF47: -14.41 | AG47: 2308 | AH47: 71.8 | AI47: 1018 | AJ47: -15.32 | AK47: -17.23 | AL47: 0.039 | AM47: -8.26 | AN47: -16.35 | AO47: 0.295 | AP47: 0.902 | AQ47: 1.444 | AR47: 0.04 | AS47: 0.142 | AT47: 0.174 | AU47: 0.101 | AV47: 0.157 | AW47: 0.249 | AX47: 0.082 | AY47: 0.056 | AZ47: -3.848 | BA47: 2434 | BB47: 12.21 | BC47: 2876 | BF47: =BF$1-BA47 -> 1051 | BH47: 8.93 | BI47: =BH47*$BI$1 -> 18.0386 | BJ47: =ROUND(C47*BJ$2,2) -> 6.17 | BK47: =ROUND(D47*BK$2,2) -> 12.68 | BM47: =ROUND(T47*BM$3+BM$4,1) -> 95.6 | BN47: =ROUND(F47*BM$3+BM$4,1) -> 86.1 | BO47: =ROUND(AH47*BM$3+BM$4,1) -> 67.3 | BP47: =ROUND(0.6105*(EXP((17.273*R47)/(R47+237.3)))*BO47/100, 3) -> 0.316 | BQ47: =ROUND((100-BO47)*BP47/BO47,3) -> 0.154 | BS47: 0 | BW47: =BJ47 -> 6.17 | BX47: =BK47 -> 12.68 | BY47: =ROUND(E47,1) -> -6.8 | BZ47: =ROUND(G47,1) -> -7.5 | CA47: =ROUND(H47,1) -> -8.2 | CB47: =ROUND(I47,1) -> 0.1 | CC47: =ROUND(L47,1) -> 0.3 | CD47: =ROUND(M47,1) -> 0.9 | CE47: =ROUND(N47,1) -> 1.5 | CF47: =ROUND(BN47,1) -> 86.1 | CG47: =ROUND(R47,1) -> -3.5 | CH47: =ROUND(V47,1) -> -2.7 | CI47: =ROUND(W47,1) -> -3.7 | CJ47: =ROUND(X47,1) -> 0.1 | CK47: =ROUND(AA47,1) -> 0.3 | CL47: =ROUND(AB47,1) -> 1 | CM47: =ROUND(AC47,1) -> 1.5 | CN47: =ROUND(BM47,1) -> 95.6 | CO47: =ROUND(AF47,1) -> -14.4 | CP47: =ROUND(AJ47,1) -> -15.3 | CQ47: =ROUND(AK47,1) -> -17.2 | CR47: =ROUND(AL47,1) -> 0 | CS47: =ROUND(AO47,1) -> 0.3 | CT47: =ROUND(AP47,1) -> 0.9 | CU47: =ROUND(AQ47,1) -> 1.4 | CV47: =ROUND(BO47,1) -> 67.3 | CW47: =BF47 -> 1051 | CX47: =ROUND(PPTest!K47,1) -> 0 | CY47: =ROUND(P47,2) -> 1.19 | CZ47: =ROUND(AD47,2) -> 4.53 | DA47: =BP47 -> 0.316 | DB47: =BQ47 -> 0.154 | DC47: =BB47 -> 12.21 | DF47: -7.1 | DG47: -4.7 | DH47: -9.7 | DI47: 63.7 | DJ47: 47 | DW47: -5.3 | DX47: -2.1 | DY47: -9.2
A48: 34741 | B48: 42 | C48: 6.436 | D48: 12.44 | E48: -12.17 | F48: 74.6 | G48: -12.78 | H48: -13.67 | I48: 0.067 | J48: -10.31 | K48: -12.47 | L48: 0.328 | M48: 0.921 | N48: 1.449 | O48: 0 | P48: 1.5691667 | R48: -6.38 | S48: 1359 | T48: 96.7 | U48: 303 | V48: -4.151 | W48: -6.855 | X48: 0.091 | Y48: -8.23 | Z48: -3.973 | AA48: 0.356 | AB48: 0.946 | AC48: 1.479 | AD48: 3.5941667 | AE48: 2319 | AF48: -18.7 | AG48: 814 | AH48: 39.83 | AI48: 1546 | AJ48: -19.59 | AK48: -21.47 | AL48: 0.036 | AM48: -14.62 | AN48: -20.19 | AO48: 0.302 | AP48: 0.896 | AQ48: 1.414 | AR48: 0.064 | AS48: 0.494 | AT48: 0.436 | AU48: 0.004 | AV48: 0 | AW48: 0 | AX48: 0 | AY48: 0.001 | AZ48: -8.47 | BA48: 2448 | BB48: 12.2 | BC48: 2876 | BF48: =BF$1-BA48 -> 1037 | BH48: 9.12 | BI48: =BH48*$BI$1 -> 18.4224 | BJ48: =ROUND(C48*BJ$2,2) -> 6.44 | BK48: =ROUND(D48*BK$2,2) -> 13.44 | BM48: =ROUND(T48*BM$3+BM$4,1) -> 90.4 | BN48: =ROUND(F48*BM$3+BM$4,1) -> 69.9 | BO48: =ROUND(AH48*BM$3+BM$4,1) -> 37.8 | BP48: =ROUND(0.6105*(EXP((17.273*R48)/(R48+237.3)))*BO48/100, 3) -> 0.143 | BQ48: =ROUND((100-BO48)*BP48/BO48,3) -> 0.235 | BS48: 0 | BW48: =BJ48 -> 6.44 | BX48: =BK48 -> 13.44 | BY48: =ROUND(E48,1) -> -12.2 | BZ48: =ROUND(G48,1) -> -12.8 | CA48: =ROUND(H48,1) -> -13.7 | CB48: =ROUND(I48,1) -> 0.1 | CC48: =ROUND(L48,1) -> 0.3 | CD48: =ROUND(M48,1) -> 0.9 | CE48: =ROUND(N48,1) -> 1.4 | CF48: =ROUND(BN48,1) -> 69.9 | CG48: =ROUND(R48,1) -> -6.4 | CH48: =ROUND(V48,1) -> -4.2 | CI48: =ROUND(W48,1) -> -6.9 | CJ48: =ROUND(X48,1) -> 0.1 | CK48: =ROUND(AA48,1) -> 0.4 | CL48: =ROUND(AB48,1) -> 0.9 | CM48: =ROUND(AC48,1) -> 1.5 | CN48: =ROUND(BM48,1) -> 90.4 | CO48: =ROUND(AF48,1) -> -18.7 | CP48: =ROUND(AJ48,1) -> -19.6 | CQ48: =ROUND(AK48,1) -> -21.5 | CR48: =ROUND(AL48,1) -> 0 | CS48: =ROUND(AO48,1) -> 0.3 | CT48: =ROUND(AP48,1) -> 0.9 | CU48: =ROUND(AQ48,1) -> 1.4 | CV48: =ROUND(BO48,1) -> 37.8 | CW48: =BF48 -> 1037 | CX48: =ROUND(PPTest!K48,1) -> 0 | CY48: =ROUND(P48,2) -> 1.57 | CZ48: =ROUND(AD48,2) -> 3.59 | DA48: =BP48 -> 0.143 | DB48: =BQ48 -> 0.235 | DC48: =BB48 -> 12.2 | DW48: -8.3 | DX48: -6.7 | DY48: -10.7
A49: 34742 | B49: 43 | C49: 9.71 | D49: 18.19 | E49: -16 | F49: 47.82 | G49: -16.33 | H49: -16.8 | I49: 0.074 | J49: -15.53 | K49: -15.95 | L49: 0.348 | M49: 0.937 | N49: 1.44 | O49: 0 | P49: 3.3758333 | R49: -12.82 | S49: 1 | T49: 66.56 | U49: 113 | V49: -12.44 | W49: -13.16 | X49: 0.119 | Y49: -9.62 | Z49: -10.5 | AA49: 0.385 | AB49: 0.973 | AC49: 1.479 | AD49: 6.6208333 | AE49: 2001 | AF49: -19.63 | AG49: 0 | AH49: 32.12 | AI49: 1424 | AJ49: -20.82 | AK49: -23.21 | AL49: 0.036 | AM49: -18.36 | AN49: -22.22 | AO49: 0.314 | AP49: 0.893 | AQ49: 1.389 | AR49: 0.065 | AS49: 0.741 | AT49: 0.189 | AU49: 0.003 | AV49: 0 | AW49: 0 | AX49: 0 | AY49: 0.002 | AZ49: -13.53 | BA49: 2462 | BB49: 12.2 | BC49: 2876 | BF49: =BF$1-BA49 -> 1023 | BH49: 9.31 | BI49: =BH49*$BI$1 -> 18.8062 | BJ49: =ROUND(C49*BJ$2,2) -> 9.71 | BK49: =ROUND(D49*BK$2,2) -> 19.65 | BM49: =ROUND(T49*BM$3+BM$4,1) -> 62.5 | BN49: =ROUND(F49*BM$3+BM$4,1) -> 45.2 | BO49: =ROUND(AH49*BM$3+BM$4,1) -> 30.7 | BP49: =ROUND(0.6105*(EXP((17.273*R49)/(R49+237.3)))*BO49/100, 3) -> 0.07 | BQ49: =ROUND((100-BO49)*BP49/BO49,3) -> 0.158 | BS49: 0 | BW49: =BJ49 -> 9.71 | BX49: =BK49 -> 19.65 | BY49: =ROUND(E49,1) -> -16 | BZ49: =ROUND(G49,1) -> -16.3 | CA49: =ROUND(H49,1) -> -16.8 | CB49: =ROUND(I49,1) -> 0.1 | CC49: =ROUND(L49,1) -> 0.3 | CD49: =ROUND(M49,1) -> 0.9 | CE49: =ROUND(N49,1) -> 1.4 | CF49: =ROUND(BN49,1) -> 45.2 | CG49: =ROUND(R49,1) -> -12.8 | CH49: =ROUND(V49,1) -> -12.4 | CI49: =ROUND(W49,1) -> -13.2 | CJ49: =ROUND(X49,1) -> 0.1 | CK49: =ROUND(AA49,1) -> 0.4 | CL49: =ROUND(AB49,1) -> 1 | CM49: =ROUND(AC49,1) -> 1.5 | CN49: =ROUND(BM49,1) -> 62.5 | CO49: =ROUND(AF49,1) -> -19.6 | CP49: =ROUND(AJ49,1) -> -20.8 | CQ49: =ROUND(AK49,1) -> -23.2 | CR49: =ROUND(AL49,1) -> 0 | CS49: =ROUND(AO49,1) -> 0.3 | CT49: =ROUND(AP49,1) -> 0.9 | CU49: =ROUND(AQ49,1) -> 1.4 | CV49: =ROUND(BO49,1) -> 30.7 | CW49: =BF49 -> 1023 | CX49: =ROUND(PPTest!K49,1) -> 0 | CY49: =ROUND(P49,2) -> 3.38 | CZ49: =ROUND(AD49,2) -> 6.62 | DA49: =BP49 -> 0.07 | DB49: =BQ49 -> 0.158 | DC49: =BB49 -> 12.2 | DW49: -15.2 | DX49: -10.7 | DY49: -22.8
A50: 34743 | B50: 44 | C50: 10.04 | D50: 18.75 | E50: -20.64 | F50: 59.9 | G50: -21.16 | H50: -22.64 | I50: 0.008 | J50: -8.62 | K50: -21.17 | L50: 0.275 | M50: 0.849 | N50: 1.34 | O50: 0 | P50: 1.5608333 | R50: -10.69 | S50: 1520 | T50: 83.4 | U50: 2236 | V50: -6.817 | W50: -10.08 | X50: 0.375 | Y50: -7.11 | Z50: -6.47 | AA50: 0.352 | AB50: 0.924 | AC50: 1.42 | AD50: 4.4208333 | AE50: 1231 | AF50: -28.29 | AG50: 2344 | AH50: 27.51 | AI50: 1521 | AJ50: -28.8 | AK50: -30.98 | AL50: -0.099 | AM50: -12.72 | AN50: -29.53 | AO50: 0.159 | AP50: 0.741 | AQ50: 1.226 | AR50: 0.075 | AS50: 0.4 | AT50: 0.451 | AU50: 0.011 | AV50: 0.012 | AW50: 0.018 | AX50: 0.003 | AY50: 0.031 | AZ50: -18.44 | BA50: 2448 | BB50: 12.19 | BC50: 2876 | BF50: =BF$1-BA50 -> 1037 | BH50: 9.5 | BI50: =BH50*$BI$1 -> 19.19 | BJ50: =ROUND(C50*BJ$2,2) -> 10.04 | BK50: =ROUND(D50*BK$2,2) -> 20.25 | BM50: =ROUND(T50*BM$3+BM$4,1) -> 78.1 | BN50: =ROUND(F50*BM$3+BM$4,1) -> 56.3 | BO50: =ROUND(AH50*BM$3+BM$4,1) -> 26.4 | BP50: =ROUND(0.6105*(EXP((17.273*R50)/(R50+237.3)))*BO50/100, 3) -> 0.071 | BQ50: =ROUND((100-BO50)*BP50/BO50,3) -> 0.198 | BS50: 0 | BW50: =BJ50 -> 10.04 | BX50: =BK50 -> 20.25 | BY50: =ROUND(E50,1) -> -20.6 | BZ50: =ROUND(G50,1) -> -21.2 | CA50: =ROUND(H50,1) -> -22.6 | CB50: =ROUND(I50,1) -> 0 | CC50: =ROUND(L50,1) -> 0.3 | CD50: =ROUND(M50,1) -> 0.8 | CE50: =ROUND(N50,1) -> 1.3 | CF50: =ROUND(BN50,1) -> 56.3 | CG50: =ROUND(R50,1) -> -10.7 | CH50: =ROUND(V50,1) -> -6.8 | CI50: =ROUND(W50,1) -> -10.1 | CJ50: =ROUND(X50,1) -> 0.4 | CK50: =ROUND(AA50,1) -> 0.4 | CL50: =ROUND(AB50,1) -> 0.9 | CM50: =ROUND(AC50,1) -> 1.4 | CN50: =ROUND(BM50,1) -> 78.1 | CO50: =ROUND(AF50,1) -> -28.3 | CP50: =ROUND(AJ50,1) -> -28.8 | CQ50: =ROUND(AK50,1) -> -31 | CR50: =ROUND(AL50,1) -> -0.1 | CS50: =ROUND(AO50,1) -> 0.2 | CT50: =ROUND(AP50,1) -> 0.7 | CU50: =ROUND(AQ50,1) -> 1.2 | CV50: =ROUND(BO50,1) -> 26.4 | CW50: =BF50 -> 1037 | CX50: =ROUND(PPTest!K50,1) -> 1.8 | CY50: =ROUND(P50,2) -> 1.56 | CZ50: =ROUND(AD50,2) -> 4.42 | DA50: =BP50 -> 0.071 | DB50: =BQ50 -> 0.198 | DC50: =BB50 -> 12.19 | DW50: -20.3 | DX50: -13.2 | DY50: -25.7
A51: 34744 | B51: 45 | C51: 7.49 | D51: 14.65 | E51: -19.46 | F51: 76.6 | G51: -19.75 | H51: -20.21 | I51: -0.103 | J51: -7.57 | K51: -19.39 | L51: 0.221 | M51: 0.795 | N51: 1.28 | O51: 0 | P51: 1.308 | R51: -11.96 | S51: 1400 | T51: 96.8 | U51: 2208 | V51: -10.77 | W51: -11.5 | X51: -0.022 | Y51: -6.305 | Z51: -7.78 | AA51: 0.319 | AB51: 0.895 | AC51: 1.38 | AD51: 3.9541667 | AE51: 1408 | AF51: -28.57 | AG51: 442 | AH51: 47.03 | AI51: 1203 | AJ51: -29.16 | AK51: -30.17 | AL51: -0.196 | AM51: -8.34 | AN51: -29.92 | AO51: 0.119 | AP51: 0.688 | AQ51: 1.173 | AR51: 0.031 | AS51: 0.194 | AT51: 0.39 | AU51: 0.031 | AV51: 0.06 | AW51: 0.203 | AX51: 0.067 | AY51: 0.025 | AZ51: -18.55 | BA51: 2442 | BB51: 12.18 | BC51: 2876 | BF51: =BF$1-BA51 -> 1043 | BH51: 9.69 | BI51: =BH51*$BI$1 -> 19.5738 | BJ51: =ROUND(C51*BJ$2,2) -> 7.49 | BK51: =ROUND(D51*BK$2,2) -> 15.82 | BM51: =ROUND(T51*BM$3+BM$4,1) -> 90.4 | BN51: =ROUND(F51*BM$3+BM$4,1) -> 71.8 | BO51: =ROUND(AH51*BM$3+BM$4,1) -> 44.5 | BP51: =ROUND(0.6105*(EXP((17.273*R51)/(R51+237.3)))*BO51/100, 3) -> 0.109 | BQ51: =ROUND((100-BO51)*BP51/BO51,3) -> 0.136 | BS51: 0 | BW51: =BJ51 -> 7.49 | BX51: =BK51 -> 15.82 | BY51: =ROUND(E51,1) -> -19.5 | BZ51: =ROUND(G51,1) -> -19.8 | CA51: =ROUND(H51,1) -> -20.2 | CB51: =ROUND(I51,1) -> -0.1 | CC51: =ROUND(L51,1) -> 0.2 | CD51: =ROUND(M51,1) -> 0.8 | CE51: =ROUND(N51,1) -> 1.3 | CF51: =ROUND(BN51,1) -> 71.8 | CG51: =ROUND(R51,1) -> -12 | CH51: =ROUND(V51,1) -> -10.8 | CI51: =ROUND(W51,1) -> -11.5 | CJ51: =ROUND(X51,1) -> 0 | CK51: =ROUND(AA51,1) -> 0.3 | CL51: =ROUND(AB51,1) -> 0.9 | CM51: =ROUND(AC51,1) -> 1.4 | CN51: =ROUND(BM51,1) -> 90.4 | CO51: =ROUND(AF51,1) -> -28.6 | CP51: =ROUND(AJ51,1) -> -29.2 | CQ51: =ROUND(AK51,1) -> -30.2 | CR51: =ROUND(AL51,1) -> -0.2 | CS51: =ROUND(AO51,1) -> 0.1 | CT51: =ROUND(AP51,1) -> 0.7 | CU51: =ROUND(AQ51,1) -> 1.2 | CV51: =ROUND(BO51,1) -> 44.5 | CW51: =BF51 -> 1043 | CX51: =ROUND(PPTest!K51,1) -> 0.8 | CY51: =ROUND(P51,2) -> 1.31 | CZ51: =ROUND(AD51,2) -> 3.95 | DA51: =BP51 -> 0.109 | DB51: =BQ51 -> 0.136 | DC51: =BB51 -> 12.18 | DF51: -10.1 | DG51: -7.4 | DH51: -12.6 | DI51: 89.8 | DJ51: 88 | DW51: -17.9 | DX51: -11.4 | DY51: -26.4
A52: 34745 | B52: 46 | C52: 2.473 | D52: 5.697 | E52: -11.32 | F52: 92.2 | G52: -11.48 | H52: -11.74 | I52: -0.255 | J52: -8.26 | K52: -11.25 | L52: 0.269 | M52: 0.85 | N52: 1.345 | O52: 0 | P52: 1.4793333 | R52: -6.154 | S52: 1439 | T52: 98.9 | U52: 1948 | V52: -2.47 | W52: -7.24 | X52: -0.113 | Y52: -7.19 | Z52: -5.084 | AA52: 0.302 | AB52: 0.891 | AC52: 1.375 | AD52: 6.7541667 | AE52: 2103 | AF52: -14.03 | AG52: 124 | AH52: 79.9 | AI52: 339 | AJ52: -14.47 | AK52: -14.57 | AL52: -0.378 | AM52: -9.92 | AN52: -14.49 | AO52: 0.212 | AP52: 0.8 | AQ52: 1.305 | AR52: 0.047 | AS52: 0.108 | AT52: 0.099 | AU52: 0.07 | AV52: 0.175 | AW52: 0.351 | AX52: 0.105 | AY52: 0.047 | AZ52: -12.04 | BA52: 2375 | BB52: 12.18 | BC52: 2876 | BF52: =BF$1-BA52 -> 1110 | BH52: 9.89 | BI52: =BH52*$BI$1 -> 19.9778 | BJ52: =ROUND(C52*BJ$2,2) -> 2.47 | BK52: =ROUND(D52*BK$2,2) -> 6.15 | BM52: =ROUND(T52*BM$3+BM$4,1) -> 92.4 | BN52: =ROUND(F52*BM$3+BM$4,1) -> 86.2 | BO52: =ROUND(AH52*BM$3+BM$4,1) -> 74.8 | BP52: =ROUND(0.6105*(EXP((17.273*R52)/(R52+237.3)))*BO52/100, 3) -> 0.288 | BQ52: =ROUND((100-BO52)*BP52/BO52,3) -> 0.097 | BS52: 0 | BW52: =BJ52 -> 2.47 | BX52: =BK52 -> 6.15 | BY52: =ROUND(E52,1) -> -11.3 | BZ52: =ROUND(G52,1) -> -11.5 | CA52: =ROUND(H52,1) -> -11.7 | CB52: =ROUND(I52,1) -> -0.3 | CC52: =ROUND(L52,1) -> 0.3 | CD52: =ROUND(M52,1) -> 0.9 | CE52: =ROUND(N52,1) -> 1.3 | CF52: =ROUND(BN52,1) -> 86.2 | CG52: =ROUND(R52,1) -> -6.2 | CH52: =ROUND(V52,1) -> -2.5 | CI52: =ROUND(W52,1) -> -7.2 | CJ52: =ROUND(X52,1) -> -0.1 | CK52: =ROUND(AA52,1) -> 0.3 | CL52: =ROUND(AB52,1) -> 0.9 | CM52: =ROUND(AC52,1) -> 1.4 | CN52: =ROUND(BM52,1) -> 92.4 | CO52: =ROUND(AF52,1) -> -14 | CP52: =ROUND(AJ52,1) -> -14.5 | CQ52: =ROUND(AK52,1) -> -14.6 | CR52: =ROUND(AL52,1) -> -0.4 | CS52: =ROUND(AO52,1) -> 0.2 | CT52: =ROUND(AP52,1) -> 0.8 | CU52: =ROUND(AQ52,1) -> 1.3 | CV52: =ROUND(BO52,1) -> 74.8 | CW52: =BF52 -> 1110 | CX52: =ROUND(PPTest!K52,1) -> 8.7 | CY52: =ROUND(P52,2) -> 1.48 | CZ52: =ROUND(AD52,2) -> 6.75 | DA52: =BP52 -> 0.288 | DB52: =BQ52 -> 0.097 | DC52: =BB52 -> 12.18 | DF52: -5.1 | DG52: -3.6 | DH52: -7 | DI52: 92.3 | DJ52: 91 | DW52: -10.9 | DX52: -6.6 | DY52: -15.3
A53: 34746 | B53: 47 | C53: 2.246 | D53: 4.804 | E53: -5.664 | F53: 98 | G53: -5.922 | H53: -6.032 | I53: -0.422 | J53: -6.56 | K53: -5.985 | L53: 0.193 | M53: 0.785 | N53: 1.299 | O53: 0 | P53: 1.9691667 | R53: -2.939 | S53: 2342 | T53: 102 | U53: 2244 | V53: -3.034 | W53: -3.126 | X53: -0.352 | Y53: -6.241 | Z53: -3.829 | AA53: 0.247 | AB53: 0.834 | AC53: 1.341 | AD53: 5.1275 | AE53: 726 | AF53: -7.44 | AG53: 17 | AH53: 88.4 | AI53: 49 | AJ53: -8.06 | AK53: -8.45 | AL53: -0.475 | AM53: -7.21 | AN53: -8.44 | AO53: 0.155 | AP53: 0.754 | AQ53: 1.272 | AR53: 0.014 | AS53: 0.006 | AT53: 0.002 | AU53: 0.017 | AV53: 0.148 | AW53: 0.553 | AX53: 0.201 | AY53: 0.06 | AZ53: -7.93 | BA53: 2324 | BB53: 12.18 | BC53: 2876 | BF53: =BF$1-BA53 -> 1161 | BH53: 10.09 | BI53: =BH53*$BI$1 -> 20.3818 | BJ53: =ROUND(C53*BJ$2,2) -> 2.25 | BK53: =ROUND(D53*BK$2,2) -> 5.19 | BM53: =ROUND(T53*BM$3+BM$4,1) -> 95.2 | BN53: =ROUND(F53*BM$3+BM$4,1) -> 91.6 | BO53: =ROUND(AH53*BM$3+BM$4,1) -> 82.7 | BP53: =ROUND(0.6105*(EXP((17.273*R53)/(R53+237.3)))*BO53/100, 3) -> 0.407 | BQ53: =ROUND((100-BO53)*BP53/BO53,3) -> 0.085 | BS53: 2.2 | BW53: =BJ53 -> 2.25 | BX53: =BK53 -> 5.19 | BY53: =ROUND(E53,1) -> -5.7 | BZ53: =ROUND(G53,1) -> -5.9 | CA53: =ROUND(H53,1) -> -6 | CB53: =ROUND(I53,1) -> -0.4 | CC53: =ROUND(L53,1) -> 0.2 | CD53: =ROUND(M53,1) -> 0.8 | CE53: =ROUND(N53,1) -> 1.3 | CF53: =ROUND(BN53,1) -> 91.6 | CG53: =ROUND(R53,1) -> -2.9 | CH53: =ROUND(V53,1) -> -3 | CI53: =ROUND(W53,1) -> -3.1 | CJ53: =ROUND(X53,1) -> -0.4 | CK53: =ROUND(AA53,1) -> 0.2 | CL53: =ROUND(AB53,1) -> 0.8 | CM53: =ROUND(AC53,1) -> 1.3 | CN53: =ROUND(BM53,1) -> 95.2 | CO53: =ROUND(AF53,1) -> -7.4 | CP53: =ROUND(AJ53,1) -> -8.1 | CQ53: =ROUND(AK53,1) -> -8.5 | CR53: =ROUND(AL53,1) -> -0.5 | CS53: =ROUND(AO53,1) -> 0.2 | CT53: =ROUND(AP53,1) -> 0.8 | CU53: =ROUND(AQ53,1) -> 1.3 | CV53: =ROUND(BO53,1) -> 82.7 | CW53: =BF53 -> 1161 | CX53: =ROUND(PPTest!K53,1) -> 6.6 | CY53: =ROUND(P53,2) -> 1.97 | CZ53: =ROUND(AD53,2) -> 5.13 | DA53: =BP53 -> 0.407 | DB53: =BQ53 -> 0.085 | DC53: =BB53 -> 12.18 | DF53: -0.8 | DG53: 1.1 | DH53: -3.3 | DI53: 91.6 | DJ53: 87 | DW53: -6 | DX53: -3.2 | DY53: -9.9
A54: 34747 | B54: 48 | C54: 2.248 | D54: 5.665 | E54: -0.988 | F54: 91.9 | G54: -1.432 | H54: -1.543 | I54: -0.478 | J54: -5.641 | K54: -1.55 | L54: 0.139 | M54: 0.739 | N54: 1.276 | O54: 0 | P54: 3.1225 | R54: 0.471 | S54: 1331 | T54: 100.5 | U54: 49 | V54: 1.121 | W54: 1.098 | X54: -0.449 | Y54: -5.093 | Z54: 1.089 | AA54: 0.176 | AB54: 0.773 | AC54: 1.301 | AD54: 7.9275 | AE54: 1154 | AF54: -3.351 | AG54: 44 | AH54: 82.2 | AI54: 1318 | AJ54: -3.781 | AK54: -3.92 | AL54: -0.503 | AM54: -6.279 | AN54: -3.985 | AO54: 0.104 | AP54: 0.711 | AQ54: 1.256 | AR54: 0.003 | AS54: 0.006 | AT54: 0.015 | AU54: 0.04 | AV54: 0.237 | AW54: 0.52 | AX54: 0.162 | AY54: 0.017 | AZ54: -5.387 | BA54: 2355 | BB54: 12.19 | BC54: 2876 | BF54: =BF$1-BA54 -> 1130 | BH54: 10.3 | BI54: =BH54*$BI$1 -> 20.806 | BJ54: =ROUND(C54*BJ$2,2) -> 2.25 | BK54: =ROUND(D54*BK$2,2) -> 6.12 | BM54: =ROUND(T54*BM$3+BM$4,1) -> 93.9 | BN54: =ROUND(F54*BM$3+BM$4,1) -> 85.9 | BO54: =ROUND(AH54*BM$3+BM$4,1) -> 77 | BP54: =ROUND(0.6105*(EXP((17.273*R54)/(R54+237.3)))*BO54/100, 3) -> 0.486 | BQ54: =ROUND((100-BO54)*BP54/BO54,3) -> 0.145 | BS54: 0 | BW54: =BJ54 -> 2.25 | BX54: =BK54 -> 6.12 | BY54: =ROUND(E54,1) -> -1 | BZ54: =ROUND(G54,1) -> -1.4 | CA54: =ROUND(H54,1) -> -1.5 | CB54: =ROUND(I54,1) -> -0.5 | CC54: =ROUND(L54,1) -> 0.1 | CD54: =ROUND(M54,1) -> 0.7 | CE54: =ROUND(N54,1) -> 1.3 | CF54: =ROUND(BN54,1) -> 85.9 | CG54: =ROUND(R54,1) -> 0.5 | CH54: =ROUND(V54,1) -> 1.1 | CI54: =ROUND(W54,1) -> 1.1 | CJ54: =ROUND(X54,1) -> -0.4 | CK54: =ROUND(AA54,1) -> 0.2 | CL54: =ROUND(AB54,1) -> 0.8 | CM54: =ROUND(AC54,1) -> 1.3 | CN54: =ROUND(BM54,1) -> 93.9 | CO54: =ROUND(AF54,1) -> -3.4 | CP54: =ROUND(AJ54,1) -> -3.8 | CQ54: =ROUND(AK54,1) -> -3.9 | CR54: =ROUND(AL54,1) -> -0.5 | CS54: =ROUND(AO54,1) -> 0.1 | CT54: =ROUND(AP54,1) -> 0.7 | CU54: =ROUND(AQ54,1) -> 1.3 | CV54: =ROUND(BO54,1) -> 77 | CW54: =BF54 -> 1130 | CX54: =ROUND(PPTest!K54,1) -> 0 | CY54: =ROUND(P54,2) -> 3.12 | CZ54: =ROUND(AD54,2) -> 7.93 | DA54: =BP54 -> 0.486 | DB54: =BQ54 -> 0.145 | DC54: =BB54 -> 12.19 | DF54: -0.2 | DG54: 1.1 | DH54: -1.9 | DI54: 89.3 | DJ54: 83 | DW54: -1.1 | DX54: 1.8 | DY54: -3.9
A55: 34748 | B55: 49 | C55: 1.392 | D55: 2.993 | E55: -0.92 | F55: 93.1 | G55: -1.402 | H55: -1.561 | I55: -0.469 | J55: -4.803 | K55: -1.852 | L55: 0.106 | M55: 0.713 | N55: 1.27 | O55: 0 | P55: 2.1858333 | R55: 2.317 | S55: 2340 | T55: 105 | U55: 1936 | V55: 1.989 | W55: 1.92 | X55: -0.438 | Y55: -4.457 | Z55: 0.607 | AA55: 0.136 | AB55: 0.737 | AC55: 1.288 | AD55: 6.1541667 | AE55: 2121 | AF55: -2.84 | AG55: 517 | AH55: 70.9 | AI55: 944 | AJ55: -4.547 | AK55: -6.747 | AL55: -0.501 | AM55: -5.111 | AN55: -4.303 | AO55: 0.074 | AP55: 0.685 | AQ55: 1.249 | AR55: 0.035 | AS55: 0.022 | AT55: 0.019 | AU55: 0.045 | AV55: 0.224 | AW55: 0.398 | AX55: 0.206 | AY55: 0.052 | AZ55: -3.823 | BA55: 2281 | BB55: 12.19 | BC55: 2876 | BF55: =BF$1-BA55 -> 1204 | BH55: 10.5 | BI55: =BH55*$BI$1 -> 21.21 | BJ55: =ROUND(C55*BJ$2,2) -> 1.39 | BK55: =ROUND(D55*BK$2,2) -> 3.23 | BM55: =ROUND(T55*BM$3+BM$4,1) -> 98 | BN55: =ROUND(F55*BM$3+BM$4,1) -> 87 | BO55: =ROUND(AH55*BM$3+BM$4,1) -> 66.5 | BP55: =ROUND(0.6105*(EXP((17.273*R55)/(R55+237.3)))*BO55/100, 3) -> 0.48 | BQ55: =ROUND((100-BO55)*BP55/BO55,3) -> 0.242 | BS55: 13.1 | BW55: =BJ55 -> 1.39 | BX55: =BK55 -> 3.23 | BY55: =ROUND(E55,1) -> -0.9 | BZ55: =ROUND(G55,1) -> -1.4 | CA55: =ROUND(H55,1) -> -1.6 | CB55: =ROUND(I55,1) -> -0.5 | CC55: =ROUND(L55,1) -> 0.1 | CD55: =ROUND(M55,1) -> 0.7 | CE55: =ROUND(N55,1) -> 1.3 | CF55: =ROUND(BN55,1) -> 87 | CG55: =ROUND(R55,1) -> 2.3 | CH55: =ROUND(V55,1) -> 2 | CI55: =ROUND(W55,1) -> 1.9 | CJ55: =ROUND(X55,1) -> -0.4 | CK55: =ROUND(AA55,1) -> 0.1 | CL55: =ROUND(AB55,1) -> 0.7 | CM55: =ROUND(AC55,1) -> 1.3 | CN55: =ROUND(BM55,1) -> 98 | CO55: =ROUND(AF55,1) -> -2.8 | CP55: =ROUND(AJ55,1) -> -4.5 | CQ55: =ROUND(AK55,1) -> -6.7 | CR55: =ROUND(AL55,1) -> -0.5 | CS55: =ROUND(AO55,1) -> 0.1 | CT55: =ROUND(AP55,1) -> 0.7 | CU55: =ROUND(AQ55,1) -> 1.2 | CV55: =ROUND(BO55,1) -> 66.5 | CW55: =BF55 -> 1204 | CX55: =ROUND(PPTest!K55,1) -> 9.6 | CY55: =ROUND(P55,2) -> 2.19 | CZ55: =ROUND(AD55,2) -> 6.15 | DA55: =BP55 -> 0.48 | DB55: =BQ55 -> 0.242 | DC55: =BB55 -> 12.19 | DF55: 2.8 | DG55: 5.6 | DH55: 1.6 | DI55: 87.1 | DJ55: 79 | DW55: -1.7 | DX55: 0.6 | DY55: -3.9
A56: 34749 | B56: 50 | C56: 5.465 | D56: 10.22 | E56: 2.254 | F56: 83 | G56: 1.535 | H56: 1.185 | I56: -0.393 | J56: -3.826 | K56: 1.482 | L56: 0.112 | M56: 0.72 | N56: 1.293 | O56: 0 | P56: 2.7708333 | R56: 3.852 | S56: 1345 | T56: 103.4 | U56: 321 | V56: 4.08 | W56: 3.531 | X56: -0.317 | Y56: -3.066 | Z56: 5.589 | AA56: 0.141 | AB56: 0.749 | AC56: 1.327 | AD56: 8.3541667 | AE56: 307 | AF56: -0.246 | AG56: 2143 | AH56: 63.37 | AI56: 1257 | AJ56: -2.064 | AK56: -4.374 | AL56: -0.481 | AM56: -4.475 | AN56: -1.694 | AO56: 0.061 | AP56: 0.68 | AQ56: 1.245 | AR56: 0.018 | AS56: 0.024 | AT56: 0.053 | AU56: 0.127 | AV56: 0.247 | AW56: 0.457 | AX56: 0.054 | AY56: 0.02 | AZ56: -1.157 | BA56: 2328 | BB56: 12.18 | BC56: 2876 | BF56: =BF$1-BA56 -> 1157 | BH56: 10.72 | BI56: =BH56*$BI$1 -> 21.6544 | BJ56: =ROUND(C56*BJ$2,2) -> 5.47 | BK56: =ROUND(D56*BK$2,2) -> 11.04 | BM56: =ROUND(T56*BM$3+BM$4,1) -> 96.5 | BN56: =ROUND(F56*BM$3+BM$4,1) -> 77.7 | BO56: =ROUND(AH56*BM$3+BM$4,1) -> 59.6 | BP56: =ROUND(0.6105*(EXP((17.273*R56)/(R56+237.3)))*BO56/100, 3) -> 0.479 | BQ56: =ROUND((100-BO56)*BP56/BO56,3) -> 0.325 | BS56: 10.2 | BW56: =BJ56 -> 5.47 | BX56: =BK56 -> 11.04 | BY56: =ROUND(E56,1) -> 2.3 | BZ56: =ROUND(G56,1) -> 1.5 | CA56: =ROUND(H56,1) -> 1.2 | CB56: =ROUND(I56,1) -> -0.4 | CC56: =ROUND(L56,1) -> 0.1 | CD56: =ROUND(M56,1) -> 0.7 | CE56: =ROUND(N56,1) -> 1.3 | CF56: =ROUND(BN56,1) -> 77.7 | CG56: =ROUND(R56,1) -> 3.9 | CH56: =ROUND(V56,1) -> 4.1 | CI56: =ROUND(W56,1) -> 3.5 | CJ56: =ROUND(X56,1) -> -0.3 | CK56: =ROUND(AA56,1) -> 0.1 | CL56: =ROUND(AB56,1) -> 0.7 | CM56: =ROUND(AC56,1) -> 1.3 | CN56: =ROUND(BM56,1) -> 96.5 | CO56: =ROUND(AF56,1) -> -0.2 | CP56: =ROUND(AJ56,1) -> -2.1 | CQ56: =ROUND(AK56,1) -> -4.4 | CR56: =ROUND(AL56,1) -> -0.5 | CS56: =ROUND(AO56,1) -> 0.1 | CT56: =ROUND(AP56,1) -> 0.7 | CU56: =ROUND(AQ56,1) -> 1.2 | CV56: =ROUND(BO56,1) -> 59.6 | CW56: =BF56 -> 1157 | CX56: =ROUND(PPTest!K56,1) -> 0 | CY56: =ROUND(P56,2) -> 2.77 | CZ56: =ROUND(AD56,2) -> 8.35 | DA56: =BP56 -> 0.479 | DB56: =BQ56 -> 0.325 | DC56: =BB56 -> 12.18 | DF56: 3.6 | DG56: 5.8 | DH56: 1.7 | DI56: 91.2 | DJ56: 86 | DW56: 2.2 | DX56: 5 | DY56: 0.2
A57: 34750 | B57: 51 | C57: 2.416 | D57: 4.849 | E57: 3.941 | F57: 85.9 | G57: 3.186 | H57: 2.903 | I57: -0.277 | J57: -1.572 | K57: 2.694 | L57: 0.115 | M57: 0.718 | N57: 1.303 | O57: 0 | P57: 2.2775 | R57: 7.81 | S57: 1305 | T57: 102.9 | U57: 200 | V57: 8.02 | W57: 7.42 | X57: -0.207 | Y57: -0.207 | Z57: 8.67 | AA57: 0.137 | AB57: 0.744 | AC57: 1.323 | AD57: 6.8608333 | AE57: 1832 | AF57: 0.534 | AG57: 142 | AH57: 55.91 | AI57: 1307 | AJ57: -0.072 | AK57: -0.21 | AL57: -0.343 | AM57: -3.087 | AN57: -0.373 | AO57: 0.094 | AP57: 0.703 | AQ57: 1.287 | AR57: 0.053 | AS57: 0.058 | AT57: 0.085 | AU57: 0.067 | AV57: 0.217 | AW57: 0.325 | AX57: 0.137 | AY57: 0.058 | AZ57: -0.271 | BA57: 2382 | BB57: 12.19 | BC57: 2876 | BF57: =BF$1-BA57 -> 1103 | BH57: 10.93 | BI57: =BH57*$BI$1 -> 22.0786 | BJ57: =ROUND(C57*BJ$2,2) -> 2.42 | BK57: =ROUND(D57*BK$2,2) -> 5.24 | BM57: =ROUND(T57*BM$3+BM$4,1) -> 96.1 | BN57: =ROUND(F57*BM$3+BM$4,1) -> 80.4 | BO57: =ROUND(AH57*BM$3+BM$4,1) -> 52.7 | BP57: =ROUND(0.6105*(EXP((17.273*R57)/(R57+237.3)))*BO57/100, 3) -> 0.558 | BQ57: =ROUND((100-BO57)*BP57/BO57,3) -> 0.501 | BS57: 0 | BW57: =BJ57 -> 2.42 | BX57: =BK57 -> 5.24 | BY57: =ROUND(E57,1) -> 3.9 | BZ57: =ROUND(G57,1) -> 3.2 | CA57: =ROUND(H57,1) -> 2.9 | CB57: =ROUND(I57,1) -> -0.3 | CC57: =ROUND(L57,1) -> 0.1 | CD57: =ROUND(M57,1) -> 0.7 | CE57: =ROUND(N57,1) -> 1.3 | CF57: =ROUND(BN57,1) -> 80.4 | CG57: =ROUND(R57,1) -> 7.8 | CH57: =ROUND(V57,1) -> 8 | CI57: =ROUND(W57,1) -> 7.4 | CJ57: =ROUND(X57,1) -> -0.2 | CK57: =ROUND(AA57,1) -> 0.1 | CL57: =ROUND(AB57,1) -> 0.7 | CM57: =ROUND(AC57,1) -> 1.3 | CN57: =ROUND(BM57,1) -> 96.1 | CO57: =ROUND(AF57,1) -> 0.5 | CP57: =ROUND(AJ57,1) -> -0.1 | CQ57: =ROUND(AK57,1) -> -0.2 | CR57: =ROUND(AL57,1) -> -0.3 | CS57: =ROUND(AO57,1) -> 0.1 | CT57: =ROUND(AP57,1) -> 0.7 | CU57: =ROUND(AQ57,1) -> 1.3 | CV57: =ROUND(BO57,1) -> 52.7 | CW57: =BF57 -> 1103 | CX57: =ROUND(PPTest!K57,1) -> 0 | CY57: =ROUND(P57,2) -> 2.28 | CZ57: =ROUND(AD57,2) -> 6.86 | DA57: =BP57 -> 0.558 | DB57: =BQ57 -> 0.501 | DC57: =BB57 -> 12.19 | DF57: 2.7 | DG57: 4.4 | DH57: 0.1 | DI57: 68 | DJ57: 54 | DW57: 3.1 | DX57: 7.7 | DY57: 0.8
A58: 34751 | B58: 52 | C58: 5.303 | D58: 10.15 | E58: -0.174 | F58: 67.06 | G58: -1.111 | H58: -1.699 | I58: -0.203 | J58: -1.048 | K58: -1.28 | L58: 0.108 | M58: 0.697 | N58: 1.284 | O58: 0 | P58: 2.5091667 | R58: 2.696 | S58: 3 | T58: 98.4 | U58: 308 | V58: 1.991 | W58: 2.186 | X58: -0.151 | Y58: -0.668 | Z58: 2.967 | AA58: 0.139 | AB58: 0.731 | AC58: 1.328 | AD58: 6.9008333 | AE58: 1141 | AF58: -5.765 | AG58: 2357 | AH58: 44.68 | AI58: 1044 | AJ58: -7.86 | AK58: -10.69 | AL58: -0.249 | AM58: -1.74 | AN58: -9.08 | AO58: 0.081 | AP58: 0.654 | AQ58: 1.243 | AR58: 0.024 | AS58: 0.092 | AT58: 0.04 | AU58: 0.044 | AV58: 0.304 | AW58: 0.434 | AX58: 0.054 | AY58: 0.008 | AZ58: -1.649 | BA58: 2399 | BB58: 12.19 | BC58: 2876 | BF58: =BF$1-BA58 -> 1086 | BH58: 11.14 | BI58: =BH58*$BI$1 -> 22.5028 | BJ58: =ROUND(C58*BJ$2,2) -> 5.3 | BK58: =ROUND(D58*BK$2,2) -> 10.96 | BM58: =ROUND(T58*BM$3+BM$4,1) -> 91.9 | BN58: =ROUND(F58*BM$3+BM$4,1) -> 63 | BO58: =ROUND(AH58*BM$3+BM$4,1) -> 42.3 | BP58: =ROUND(0.6105*(EXP((17.273*R58)/(R58+237.3)))*BO58/100, 3) -> 0.314 | BQ58: =ROUND((100-BO58)*BP58/BO58,3) -> 0.428 | BS58: 0 | BW58: =BJ58 -> 5.3 | BX58: =BK58 -> 10.96 | BY58: =ROUND(E58,1) -> -0.2 | BZ58: =ROUND(G58,1) -> -1.1 | CA58: =ROUND(H58,1) -> -1.7 | CB58: =ROUND(I58,1) -> -0.2 | CC58: =ROUND(L58,1) -> 0.1 | CD58: =ROUND(M58,1) -> 0.7 | CE58: =ROUND(N58,1) -> 1.3 | CF58: =ROUND(BN58,1) -> 63 | CG58: =ROUND(R58,1) -> 2.7 | CH58: =ROUND(V58,1) -> 2 | CI58: =ROUND(W58,1) -> 2.2 | CJ58: =ROUND(X58,1) -> -0.2 | CK58: =ROUND(AA58,1) -> 0.1 | CL58: =ROUND(AB58,1) -> 0.7 | CM58: =ROUND(AC58,1) -> 1.3 | CN58: =ROUND(BM58,1) -> 91.9 | CO58: =ROUND(AF58,1) -> -5.8 | CP58: =ROUND(AJ58,1) -> -7.9 | CQ58: =ROUND(AK58,1) -> -10.7 | CR58: =ROUND(AL58,1) -> -0.2 | CS58: =ROUND(AO58,1) -> 0.1 | CT58: =ROUND(AP58,1) -> 0.7 | CU58: =ROUND(AQ58,1) -> 1.2 | CV58: =ROUND(BO58,1) -> 42.3 | CW58: =BF58 -> 1086 | CX58: =ROUND(PPTest!K58,1) -> 0 | CY58: =ROUND(P58,2) -> 2.51 | CZ58: =ROUND(AD58,2) -> 6.9 | DA58: =BP58 -> 0.314 | DB58: =BQ58 -> 0.428 | DC58: =BB58 -> 12.19 | DF58: 0.6 | DG58: 6.1 | DH58: -2.1 | DI58: 68.9 | DJ58: 54 | DW58: 1.2 | DX58: 5.4 | DY58: -1.8
A59: 34752 | B59: 53 | C59: 11.21 | D59: 20.86 | E59: -5.009 | F59: 79.8 | G59: -5.729 | H59: -7.02 | I59: -0.174 | J59: -2.718 | K59: -5.63 | L59: 0.086 | M59: 0.649 | N59: 1.226 | O59: 0 | P59: 1.6441667 | R59: 2.011 | S59: 1523 | T59: 97.9 | U59: 655 | V59: 3.907 | W59: 2.579 | X59: -0.124 | Y59: -1.739 | Z59: 5.797 | AA59: 0.122 | AB59: 0.685 | AC59: 1.263 | AD59: 3.6875 | AE59: 1642 | AF59: -10.77 | AG59: 2336 | AH59: 45.78 | AI59: 1417 | AJ59: -11.91 | AK59: -13.05 | AL59: -0.224 | AM59: -3.785 | AN59: -12.67 | AO59: 0.032 | AP59: 0.588 | AQ59: 1.165 | AR59: 0.006 | AS59: 0.282 | AT59: 0.399 | AU59: 0.015 | AV59: 0.047 | AW59: 0.139 | AX59: 0.099 | AY59: 0.015 | AZ59: -6.472 | BA59: 2398 | BB59: 12.18 | BC59: 2876 | BF59: =BF$1-BA59 -> 1087 | BH59: 11.37 | BI59: =BH59*$BI$1 -> 22.9674 | BJ59: =ROUND(C59*BJ$2,2) -> 11.21 | BK59: =ROUND(D59*BK$2,2) -> 22.53 | BM59: =ROUND(T59*BM$3+BM$4,1) -> 91.5 | BN59: =ROUND(F59*BM$3+BM$4,1) -> 74.7 | BO59: =ROUND(AH59*BM$3+BM$4,1) -> 43.3 | BP59: =ROUND(0.6105*(EXP((17.273*R59)/(R59+237.3)))*BO59/100, 3) -> 0.306 | BQ59: =ROUND((100-BO59)*BP59/BO59,3) -> 0.401 | BS59: 0 | BW59: =BJ59 -> 11.21 | BX59: =BK59 -> 22.53 | BY59: =ROUND(E59,1) -> -5 | BZ59: =ROUND(G59,1) -> -5.7 | CA59: =ROUND(H59,1) -> -7 | CB59: =ROUND(I59,1) -> -0.2 | CC59: =ROUND(L59,1) -> 0.1 | CD59: =ROUND(M59,1) -> 0.6 | CE59: =ROUND(N59,1) -> 1.2 | CF59: =ROUND(BN59,1) -> 74.7 | CG59: =ROUND(R59,1) -> 2 | CH59: =ROUND(V59,1) -> 3.9 | CI59: =ROUND(W59,1) -> 2.6 | CJ59: =ROUND(X59,1) -> -0.1 | CK59: =ROUND(AA59,1) -> 0.1 | CL59: =ROUND(AB59,1) -> 0.7 | CM59: =ROUND(AC59,1) -> 1.3 | CN59: =ROUND(BM59,1) -> 91.5 | CO59: =ROUND(AF59,1) -> -10.8 | CP59: =ROUND(AJ59,1) -> -11.9 | CQ59: =ROUND(AK59,1) -> -13.1 | CR59: =ROUND(AL59,1) -> -0.2 | CS59: =ROUND(AO59,1) -> 0 | CT59: =ROUND(AP59,1) -> 0.6 | CU59: =ROUND(AQ59,1) -> 1.2 | CV59: =ROUND(BO59,1) -> 43.3 | CW59: =BF59 -> 1087 | CX59: =ROUND(PPTest!K59,1) -> 0.1 | CY59: =ROUND(P59,2) -> 1.64 | CZ59: =ROUND(AD59,2) -> 3.69 | DA59: =BP59 -> 0.306 | DB59: =BQ59 -> 0.401 | DC59: =BB59 -> 12.18 | DF59: 0.9 | DG59: 2.6 | DH59: -1.3 | DI59: 66 | DJ59: 63 | DW59: -1.9 | DX59: 5.5 | DY59: -6.9
A60: 34753 | B60: 54 | C60: 3.21 | D60: 6.172 | E60: -2.316 | F60: 76.6 | G60: -3.176 | H60: -3.729 | I60: -0.112 | J60: -4.208 | K60: -3.524 | L60: 0.083 | M60: 0.626 | N60: 1.181 | O60: 0 | P60: 1.3403333 | R60: 4.511 | S60: 1716 | T60: 97.6 | U60: 22 | V60: 4.478 | W60: 3.873 | X60: -0.059 | Y60: -3.324 | Z60: 5.207 | AA60: 0.119 | AB60: 0.679 | AC60: 1.255 | AD60: 5.0741667 | AE60: 1721 | AF60: -11.1 | AG60: 12 | AH60: 49.84 | AI60: 1634 | AJ60: -12.06 | AK60: -12.66 | AL60: -0.15 | AM60: -5.359 | AN60: -12.46 | AO60: 0.048 | AP60: 0.594 | AQ60: 1.142 | AR60: 0.08 | AS60: 0.414 | AT60: 0.261 | AU60: 0.028 | AV60: 0.028 | AW60: 0.116 | AX60: 0.046 | AY60: 0.026 | AZ60: -5.841 | BA60: 2398 | BB60: 12.18 | BC60: 2876 | BF60: =BF$1-BA60 -> 1087 | BH60: 11.59 | BI60: =BH60*$BI$1 -> 23.4118 | BJ60: =ROUND(C60*BJ$2,2) -> 3.21 | BK60: =ROUND(D60*BK$2,2) -> 6.67 | BM60: =ROUND(T60*BM$3+BM$4,1) -> 91.2 | BN60: =ROUND(F60*BM$3+BM$4,1) -> 71.8 | BO60: =ROUND(AH60*BM$3+BM$4,1) -> 47.1 | BP60: =ROUND(0.6105*(EXP((17.273*R60)/(R60+237.3)))*BO60/100, 3) -> 0.397 | BQ60: =ROUND((100-BO60)*BP60/BO60,3) -> 0.446 | BS60: 0.3 | BW60: =BJ60 -> 3.21 | BX60: =BK60 -> 6.67 | BY60: =ROUND(E60,1) -> -2.3 | BZ60: =ROUND(G60,1) -> -3.2 | CA60: =ROUND(H60,1) -> -3.7 | CB60: =ROUND(I60,1) -> -0.1 | CC60: =ROUND(L60,1) -> 0.1 | CD60: =ROUND(M60,1) -> 0.6 | CE60: =ROUND(N60,1) -> 1.2 | CF60: =ROUND(BN60,1) -> 71.8 | CG60: =ROUND(R60,1) -> 4.5 | CH60: =ROUND(V60,1) -> 4.5 | CI60: =ROUND(W60,1) -> 3.9 | CJ60: =ROUND(X60,1) -> -0.1 | CK60: =ROUND(AA60,1) -> 0.1 | CL60: =ROUND(AB60,1) -> 0.7 | CM60: =ROUND(AC60,1) -> 1.3 | CN60: =ROUND(BM60,1) -> 91.2 | CO60: =ROUND(AF60,1) -> -11.1 | CP60: =ROUND(AJ60,1) -> -12.1 | CQ60: =ROUND(AK60,1) -> -12.7 | CR60: =ROUND(AL60,1) -> -0.2 | CS60: =ROUND(AO60,1) -> 0 | CT60: =ROUND(AP60,1) -> 0.6 | CU60: =ROUND(AQ60,1) -> 1.1 | CV60: =ROUND(BO60,1) -> 47.1 | CW60: =BF60 -> 1087 | CX60: =ROUND(PPTest!K60,1) -> 0 | CY60: =ROUND(P60,2) -> 1.34 | CZ60: =ROUND(AD60,2) -> 5.07 | DA60: =BP60 -> 0.397 | DB60: =BQ60 -> 0.446 | DC60: =BB60 -> 12.18 | DF60: 2.7 | DG60: 3.6 | DH60: 2 | DI60: 74 | DJ60: 64 | DW60: -0.7 | DX60: 6 | DY60: -6.3
A61: 34754 | B61: 55 | C61: 1.915 | D61: 3.969 | E61: 1.927 | F61: 79.8 | G61: 1.13 | H61: 0.832 | I61: -0.027 | J61: -2.499 | K61: 0.536 | L61: 0.11 | M61: 0.635 | N61: 1.163 | O61: 0 | P61: 2.6958333 | R61: 4.81 | S61: 621 | T61: 93.6 | U61: 1400 | V61: 4.047 | W61: 4.092 | X61: 0.02 | Y61: -1.35 | Z61: 3.236 | AA61: 0.152 | AB61: 0.676 | AC61: 1.193 | AD61: 7.0075 | AE61: 1351 | AF61: -1.11 | AG61: 300 | AH61: 65.69 | AI61: 608 | AJ61: -2.231 | AK61: -2.966 | AL61: -0.086 | AM61: -3.569 | AN61: -2.485 | AO61: 0.064 | AP61: 0.593 | AQ61: 1.123 | AR61: 0.019 | AS61: 0.098 | AT61: 0.061 | AU61: 0.04 | AV61: 0.247 | AW61: 0.456 | AX61: 0.065 | AY61: 0.014 | AZ61: -1.274 | BA61: 2399 | BB61: 12.18 | BC61: 2876 | BF61: =BF$1-BA61 -> 1086 | BH61: 11.82 | BI61: =BH61*$BI$1 -> 23.8764 | BJ61: =ROUND(C61*BJ$2,2) -> 1.92 | BK61: =ROUND(D61*BK$2,2) -> 4.29 | BM61: =ROUND(T61*BM$3+BM$4,1) -> 87.5 | BN61: =ROUND(F61*BM$3+BM$4,1) -> 74.7 | BO61: =ROUND(AH61*BM$3+BM$4,1) -> 61.7 | BP61: =ROUND(0.6105*(EXP((17.273*R61)/(R61+237.3)))*BO61/100, 3) -> 0.531 | BQ61: =ROUND((100-BO61)*BP61/BO61,3) -> 0.33 | BS61: 0 | BW61: =BJ61 -> 1.92 | BX61: =BK61 -> 4.29 | BY61: =ROUND(E61,1) -> 1.9 | BZ61: =ROUND(G61,1) -> 1.1 | CA61: =ROUND(H61,1) -> 0.8 | CB61: =ROUND(I61,1) -> 0 | CC61: =ROUND(L61,1) -> 0.1 | CD61: =ROUND(M61,1) -> 0.6 | CE61: =ROUND(N61,1) -> 1.2 | CF61: =ROUND(BN61,1) -> 74.7 | CG61: =ROUND(R61,1) -> 4.8 | CH61: =ROUND(V61,1) -> 4 | CI61: =ROUND(W61,1) -> 4.1 | CJ61: =ROUND(X61,1) -> 0 | CK61: =ROUND(AA61,1) -> 0.2 | CL61: =ROUND(AB61,1) -> 0.7 | CM61: =ROUND(AC61,1) -> 1.2 | CN61: =ROUND(BM61,1) -> 87.5 | CO61: =ROUND(AF61,1) -> -1.1 | CP61: =ROUND(AJ61,1) -> -2.2 | CQ61: =ROUND(AK61,1) -> -3 | CR61: =ROUND(AL61,1) -> -0.1 | CS61: =ROUND(AO61,1) -> 0.1 | CT61: =ROUND(AP61,1) -> 0.6 | CU61: =ROUND(AQ61,1) -> 1.1 | CV61: =ROUND(BO61,1) -> 61.7 | CW61: =BF61 -> 1086 | CX61: =ROUND(PPTest!K61,1) -> 0 | CY61: =ROUND(P61,2) -> 2.7 | CZ61: =ROUND(AD61,2) -> 7.01 | DA61: =BP61 -> 0.531 | DB61: =BQ61 -> 0.33 | DC61: =BB61 -> 12.18 | DF61: -0.6 | DG61: 2.2 | DH61: -4.8 | DI61: 59.6 | DJ61: 44 | DW61: 0 | DX61: 3.5 | DY61: -4.9
A62: 34755 | B62: 56 | C62: 7.56 | D62: 14.36 | E62: -3.009 | F62: 68.76 | G62: -3.642 | H62: -4.363 | I62: -0.013 | J62: -1.177 | K62: -3.405 | L62: 0.123 | M62: 0.639 | N62: 1.139 | O62: 0 | P62: 1.9558333 | R62: 0.543 | S62: 2 | T62: 99.3 | U62: 558 | V62: 1.136 | W62: 0.355 | X62: 0.02 | Y62: -0.304 | Z62: 2.492 | AA62: 0.159 | AB62: 0.672 | AC62: 1.182 | AD62: 5.0208333 | AE62: 148 | AF62: -10.36 | AG62: 0 | AH62: 42.78 | AI62: 1019 | AJ62: -12.45 | AK62: -16.9 | AL62: -0.044 | AM62: -2.629 | AN62: -14.89 | AO62: 0.085 | AP62: 0.609 | AQ62: 1.103 | AR62: 0.015 | AS62: 0.07 | AT62: 0.078 | AU62: 0.03 | AV62: 0.168 | AW62: 0.494 | AX62: 0.117 | AY62: 0.029 | AZ62: -2.973 | BA62: 2412 | BB62: 12.17 | BC62: 2876 | BF62: =BF$1-BA62 -> 1073 | BH62: 12.04 | BI62: =BH62*$BI$1 -> 24.3208 | BJ62: =ROUND(C62*BJ$2,2) -> 7.56 | BK62: =ROUND(D62*BK$2,2) -> 15.51 | BM62: =ROUND(T62*BM$3+BM$4,1) -> 92.8 | BN62: =ROUND(F62*BM$3+BM$4,1) -> 64.5 | BO62: =ROUND(AH62*BM$3+BM$4,1) -> 40.5 | BP62: =ROUND(0.6105*(EXP((17.273*R62)/(R62+237.3)))*BO62/100, 3) -> 0.257 | BQ62: =ROUND((100-BO62)*BP62/BO62,3) -> 0.378 | BS62: 0 | BW62: =BJ62 -> 7.56 | BX62: =BK62 -> 15.51 | BY62: =ROUND(E62,1) -> -3 | BZ62: =ROUND(G62,1) -> -3.6 | CA62: =ROUND(H62,1) -> -4.4 | CB62: =ROUND(I62,1) -> 0 | CC62: =ROUND(L62,1) -> 0.1 | CD62: =ROUND(M62,1) -> 0.6 | CE62: =ROUND(N62,1) -> 1.1 | CF62: =ROUND(BN62,1) -> 64.5 | CG62: =ROUND(R62,1) -> 0.5 | CH62: =ROUND(V62,1) -> 1.1 | CI62: =ROUND(W62,1) -> 0.4 | CJ62: =ROUND(X62,1) -> 0 | CK62: =ROUND(AA62,1) -> 0.2 | CL62: =ROUND(AB62,1) -> 0.7 | CM62: =ROUND(AC62,1) -> 1.2 | CN62: =ROUND(BM62,1) -> 92.8 | CO62: =ROUND(AF62,1) -> -10.4 | CP62: =ROUND(AJ62,1) -> -12.5 | CQ62: =ROUND(AK62,1) -> -16.9 | CR62: =ROUND(AL62,1) -> 0 | CS62: =ROUND(AO62,1) -> 0.1 | CT62: =ROUND(AP62,1) -> 0.6 | CU62: =ROUND(AQ62,1) -> 1.1 | CV62: =ROUND(BO62,1) -> 40.5 | CW62: =BF62 -> 1073 | CX62: =ROUND(PPTest!K62,1) -> 0 | CY62: =ROUND(P62,2) -> 1.96 | CZ62: =ROUND(AD62,2) -> 5.02 | DA62: =BP62 -> 0.257 | DB62: =BQ62 -> 0.378 | DC62: =BB62 -> 12.17 | DF62: -6.7 | DG62: -4.2 | DH62: -9.3 | DI62: 50.9 | DJ62: 43 | DW62: -1.6 | DX62: 2.3 | DY62: -6.1
... A66: 34759 | B66: 60 | C66: 13.79 | D66: 25.37 | E66: -16.06 | F66: 57.43 | G66: -16.54 | H66: -17.8 | I66: -0.261 | J66: -12.8 | K66: -16.04 | L66: -0.017 | M66: 0.512 | N66: 0.96 | O66: 0 | P66: 1.7425 | R66: -3.526 | S66: 1552 | T66: 87.5 | U66: 629 | V66: -0.106 | W66: -2.773 | X66: -0.124 | Y66: -7.1 | Z66: 0.732 | AA66: 0.142 | AB66: 0.693 | AC66: 1.151 | AD66: 3.2875 | AE66: 1234 | AF66: -26.18 | AG66: 705 | AH66: 16.98 | AI66: 1405 | AJ66: -27.08 | AK66: -28.26 | AL66: -0.453 | AM66: -19.49 | AN66: -28.05 | AO66: -0.21 | AP66: 0.314 | AQ66: 0.761 | AR66: 0.028 | AS66: 0.299 | AT66: 0.494 | AU66: 0.026 | AV66: 0.054 | AW66: 0.087 | AX66: 0.003 | AY66: 0.008 | AZ66: -18.94 | BA66: 2418 | BB66: 12.14 | BC66: 2876 | BF66: =BF$1-BA66 -> 1067 | BH66: 12.98 | BI66: =BH66*$BI$1 -> 26.2196 | BJ66: =ROUND(C66*BJ$2,2) -> 13.79 | BK66: =ROUND(D66*BK$2,2) -> 27.4 | BM66: =ROUND(T66*BM$3+BM$4,1) -> 81.9 | BN66: =ROUND(F66*BM$3+BM$4,1) -> 54.1 | BO66: =ROUND(AH66*BM$3+BM$4,1) -> 16.7 | BP66: =ROUND(0.6105*(EXP((17.273*R66)/(R66+237.3)))*BO66/100, 3) -> 0.079 | BQ66: =ROUND((100-BO66)*BP66/BO66,3) -> 0.394 | BS66: 0 | BW66: =BJ66 -> 13.79 | BX66: =BK66 -> 27.4 | BY66: =ROUND(E66,1) -> -16.1 | BZ66: =ROUND(G66,1) -> -16.5 | CA66: =ROUND(H66,1) -> -17.8 | CB66: =ROUND(I66,1) -> -0.3 | CC66: =ROUND(L66,1) -> 0 | CD66: =ROUND(M66,1) -> 0.5 | CE66: =ROUND(N66,1) -> 1 | CF66: =ROUND(BN66,1) -> 54.1 | CG66: =ROUND(R66,1) -> -3.5 | CH66: =ROUND(V66,1) -> -0.1 | CI66: =ROUND(W66,1) -> -2.8 | CJ66: =ROUND(X66,1) -> -0.1 | CK66: =ROUND(AA66,1) -> 0.1 | CL66: =ROUND(AB66,1) -> 0.7 | CM66: =ROUND(AC66,1) -> 1.2 | CN66: =ROUND(BM66,1) -> 81.9 | CO66: =ROUND(AF66,1) -> -26.2 | CP66: =ROUND(AJ66,1) -> -27.1 | CQ66: =ROUND(AK66,1) -> -28.3 | CR66: =ROUND(AL66,1) -> -0.5 | CS66: =ROUND(AO66,1) -> -0.2 | CT66: =ROUND(AP66,1) -> 0.3 | CU66: =ROUND(AQ66,1) -> 0.8 | CV66: =ROUND(BO66,1) -> 16.7 | CW66: =BF66 -> 1067 | CX66: =ROUND(PPTest!K66,1) -> 0 | CY66: =ROUND(P66,2) -> 1.74 | CZ66: =ROUND(AD66,2) -> 3.29 | DA66: =BP66 -> 0.079 | DB66: =BQ66 -> 0.394 | DC66: =BB66 -> 12.14 | DF66: -6.8 | DG66: 0 | DH66: -11.5 | DI66: 50.8 | DJ66: 37 | DW66: -10.5 | DX66: -6.4 | DY66: -16.2
A67: 34760 | B67: 61 | C67: 13.8 | D67: 25.66 | E67: -13.12 | F67: 60.95 | G67: -13.63 | H67: -14.84 | I67: -0.448 | J67: -13.33 | K67: -13.31 | L67: -0.005 | M67: 0.54 | N67: 0.999 | O67: 0 | P67: 1.9775 | R67: -2.296 | S67: 1508 | T67: 86.8 | U67: 710 | V67: -0.54 | W67: -2.121 | X67: -0.356 | Y67: -6.573 | Z67: 1.587 | AA67: 0.105 | AB67: 0.666 | AC67: 1.138 | AD67: 3.8208333 | AE67: 1244 | AF67: -23.26 | AG67: 656 | AH67: 31.22 | AI67: 1459 | AJ67: -24.13 | AK67: -24.76 | AL67: -0.598 | AM67: -20.77 | AN67: -24.58 | AO67: -0.135 | AP67: 0.413 | AQ67: 0.872 | AR67: 0 | AS67: 0.163 | AT67: 0.503 | AU67: 0.022 | AV67: 0.099 | AW67: 0.212 | AX67: 0 | AY67: 0 | AZ67: -16.46 | BA67: 2422 | BB67: 12.14 | BC67: 2876 | BF67: =BF$1-BA67 -> 1063 | BH67: 13.23 | BI67: =BH67*$BI$1 -> 26.7246 | BJ67: =ROUND(C67*BJ$2,2) -> 13.8 | BK67: =ROUND(D67*BK$2,2) -> 27.71 | BM67: =ROUND(T67*BM$3+BM$4,1) -> 81.2 | BN67: =ROUND(F67*BM$3+BM$4,1) -> 57.3 | BO67: =ROUND(AH67*BM$3+BM$4,1) -> 29.8 | BP67: =ROUND(0.6105*(EXP((17.273*R67)/(R67+237.3)))*BO67/100, 3) -> 0.154 | BQ67: =ROUND((100-BO67)*BP67/BO67,3) -> 0.363 | BS67: 0 | BW67: =BJ67 -> 13.8 | BX67: =BK67 -> 27.71 | BY67: =ROUND(E67,1) -> -13.1 | BZ67: =ROUND(G67,1) -> -13.6 | CA67: =ROUND(H67,1) -> -14.8 | CB67: =ROUND(I67,1) -> -0.4 | CC67: =ROUND(L67,1) -> 0 | CD67: =ROUND(M67,1) -> 0.5 | CE67: =ROUND(N67,1) -> 1 | CF67: =ROUND(BN67,1) -> 57.3 | CG67: =ROUND(R67,1) -> -2.3 | CH67: =ROUND(V67,1) -> -0.5 | CI67: =ROUND(W67,1) -> -2.1 | CJ67: =ROUND(X67,1) -> -0.4 | CK67: =ROUND(AA67,1) -> 0.1 | CL67: =ROUND(AB67,1) -> 0.7 | CM67: =ROUND(AC67,1) -> 1.1 | CN67: =ROUND(BM67,1) -> 81.2 | CO67: =ROUND(AF67,1) -> -23.3 | CP67: =ROUND(AJ67,1) -> -24.1 | CQ67: =ROUND(AK67,1) -> -24.8 | CR67: =ROUND(AL67,1) -> -0.6 | CS67: =ROUND(AO67,1) -> -0.1 | CT67: =ROUND(AP67,1) -> 0.4 | CU67: =ROUND(AQ67,1) -> 0.9 | CV67: =ROUND(BO67,1) -> 29.8 | CW67: =BF67 -> 1063 | CX67: =ROUND(PPTest!K67,1) -> 0 | CY67: =ROUND(P67,2) -> 1.98 | CZ67: =ROUND(AD67,2) -> 3.82 | DA67: =BP67 -> 0.154 | DB67: =BQ67 -> 0.363 | DC67: =BB67 -> 12.14 | DW67: -9.5 | DX67: 1.3 | DY67: -18.7
A68: 34761 | B68: 62 | C68: 12.55 | D68: 23.37 | E68: -9.54 | F68: 56.24 | G68: -10.15 | H68: -11.29 | I68: -0.532 | J68: -12.25 | K68: -9.91 | L68: 0.009 | M68: 0.57 | N68: 1.054 | O68: 0 | P68: 1.7525 | R68: 1.566 | S68: 1627 | T68: 91.5 | U68: 456 | V68: 3.521 | W68: 1.6 | X68: -0.451 | Y68: -6.567 | Z68: 6.777 | AA68: 0.067 | AB68: 0.639 | AC68: 1.14 | AD68: 4.9275 | AE68: 1241 | AF68: -18.91 | AG68: 707 | AH68: 15.81 | AI68: 1357 | AJ68: -20.03 | AK68: -21 | AL68: -0.599 | AM68: -17.7 | AN68: -20.6 | AO68: -0.051 | AP68: 0.492 | AQ68: 0.973 | AR68: 0.022 | AS68: 0.26 | AT68: 0.424 | AU68: 0.076 | AV68: 0.075 | AW68: 0.097 | AX68: 0.037 | AY68: 0.008 | AZ68: -13.3 | BA68: 2424 | BB68: 12.14 | BC68: 2876 | BF68: =BF$1-BA68 -> 1061 | BH68: 13.47 | BI68: =BH68*$BI$1 -> 27.2094 | BJ68: =ROUND(C68*BJ$2,2) -> 12.55 | BK68: =ROUND(D68*BK$2,2) -> 25.24 | BM68: =ROUND(T68*BM$3+BM$4,1) -> 85.5 | BN68: =ROUND(F68*BM$3+BM$4,1) -> 53 | BO68: =ROUND(AH68*BM$3+BM$4,1) -> 15.6 | BP68: =ROUND(0.6105*(EXP((17.273*R68)/(R68+237.3)))*BO68/100, 3) -> 0.107 | BQ68: =ROUND((100-BO68)*BP68/BO68,3) -> 0.579 | BW68: =BJ68 -> 12.55 | BX68: =BK68 -> 25.24 | BY68: =ROUND(E68,1) -> -9.5 | BZ68: =ROUND(G68,1) -> -10.2 | CA68: =ROUND(H68,1) -> -11.3 | CB68: =ROUND(I68,1) -> -0.5 | CC68: =ROUND(L68,1) -> 0 | CD68: =ROUND(M68,1) -> 0.6 | CE68: =ROUND(N68,1) -> 1.1 | CF68: =ROUND(BN68,1) -> 53 | CG68: =ROUND(R68,1) -> 1.6 | CH68: =ROUND(V68,1) -> 3.5 | CI68: =ROUND(W68,1) -> 1.6 | CJ68: =ROUND(X68,1) -> -0.5 | CK68: =ROUND(AA68,1) -> 0.1 | CL68: =ROUND(AB68,1) -> 0.6 | CM68: =ROUND(AC68,1) -> 1.1 | CN68: =ROUND(BM68,1) -> 85.5 | CO68: =ROUND(AF68,1) -> -18.9 | CP68: =ROUND(AJ68,1) -> -20 | CQ68: =ROUND(AK68,1) -> -21 | CR68: =ROUND(AL68,1) -> -0.6 | CS68: =ROUND(AO68,1) -> -0.1 | CT68: =ROUND(AP68,1) -> 0.5 | CU68: =ROUND(AQ68,1) -> 1 | CV68: =ROUND(BO68,1) -> 15.6 | CW68: =BF68 -> 1061 | CX68: =ROUND(PPTest!K68,1) -> 0 | CY68: =ROUND(P68,2) -> 1.75 | CZ68: =ROUND(AD68,2) -> 4.93 | DA68: =BP68 -> 0.107 | DB68: =BQ68 -> 0.579 | DC68: =BB68 -> 12.14 | DW68: -8.1 | DX68: 1 | DY68: -16.5
A69: 34762 | B69: 63 | C69: 8.01 | D69: 15.64 | E69: -10.81 | F69: 86.7 | G69: -11.13 | H69: -11.54 | I69: -0.566 | J69: -9 | K69: -10.6 | L69: -0.003 | M69: 0.568 | N69: 1.078 | O69: 0 | P69: 1.5121667 | R69: -5.936 | S69: 1041 | T69: 98.5 | U69: 1745 | V69: -4.739 | W69: -5.845 | X69: -0.53 | Y69: -6.341 | Z69: -3.762 | AA69: 0.045 | AB69: 0.605 | AC69: 1.127 | AD69: 3.5408333 | AE69: 1307 | AF69: -14.7 | AG69: 0 | AH69: 66.83 | AI69: 36 | AJ69: -15.12 | AK69: -15.6 | AL69: -0.616 | AM69: -13.3 | AN69: -15.03 | AO69: -0.073 | AP69: 0.504 | AQ69: 1.025 | AR69: 0.008 | AS69: 0.233 | AT69: 0.083 | AU69: 0.004 | AV69: 0.128 | AW69: 0.503 | AX69: 0.04 | AY69: 0 | AZ69: -10.68 | BA69: 2410 | BB69: 12.15 | BC69: 2876 | BF69: =BF$1-BA69 -> 1075 | BH69: 13.71 | BI69: =BH69*$BI$1 -> 27.6942 | BJ69: =ROUND(C69*BJ$2,2) -> 8.01 | BK69: =ROUND(D69*BK$2,2) -> 16.89 | BM69: =ROUND(T69*BM$3+BM$4,1) -> 92 | BN69: =ROUND(F69*BM$3+BM$4,1) -> 81.1 | BO69: =ROUND(AH69*BM$3+BM$4,1) -> 62.8 | BP69: =ROUND(0.6105*(EXP((17.273*R69)/(R69+237.3)))*BO69/100, 3) -> 0.246 | BQ69: =ROUND((100-BO69)*BP69/BO69,3) -> 0.146 | BW69: =BJ69 -> 8.01 | BX69: =BK69 -> 16.89 | BY69: =ROUND(E69,1) -> -10.8 | BZ69: =ROUND(G69,1) -> -11.1 | CA69: =ROUND(H69,1) -> -11.5 | CB69: =ROUND(I69,1) -> -0.6 | CC69: =ROUND(L69,1) -> 0 | CD69: =ROUND(M69,1) -> 0.6 | CE69: =ROUND(N69,1) -> 1.1 | CF69: =ROUND(BN69,1) -> 81.1 | CG69: =ROUND(R69,1) -> -5.9 | CH69: =ROUND(V69,1) -> -4.7 | CI69: =ROUND(W69,1) -> -5.8 | CJ69: =ROUND(X69,1) -> -0.5 | CK69: =ROUND(AA69,1) -> 0 | CL69: =ROUND(AB69,1) -> 0.6 | CM69: =ROUND(AC69,1) -> 1.1 | CN69: =ROUND(BM69,1) -> 92 | CO69: =ROUND(AF69,1) -> -14.7 | CP69: =ROUND(AJ69,1) -> -15.1 | CQ69: =ROUND(AK69,1) -> -15.6 | CR69: =ROUND(AL69,1) -> -0.6 | CS69: =ROUND(AO69,1) -> -0.1 | CT69: =ROUND(AP69,1) -> 0.5 | CU69: =ROUND(AQ69,1) -> 1 | CV69: =ROUND(BO69,1) -> 62.8 | CW69: =BF69 -> 1075 | CX69: =ROUND(PPTest!K69,1) -> 1.8 | CY69: =ROUND(P69,2) -> 1.51 | CZ69: =ROUND(AD69,2) -> 3.54 | DA69: =BP69 -> 0.246 | DB69: =BQ69 -> 0.146 | DC69: =BB69 -> 12.15 | DW69: -8.9 | DX69: -3.6 | DY69: -14.7
A70: 34763 | B70: 64 | C70: 10.7 | D70: 19.16 | E70: -16.93 | F70: 88.3 | G70: -17.27 | H70: -17.95 | I70: -0.593 | J70: -6.154 | K70: -16.49 | L70: -0.006 | M70: 0.561 | N70: 1.096 | O70: 0 | P70: 1.4218333 | R70: -10.92 | S70: 1458 | T70: 93.7 | U70: 1 | V70: -9.32 | W70: -12.1 | X70: -0.548 | Y70: -4.926 | Z70: -7.2 | AA70: 0.042 | AB70: 0.603 | AC70: 1.137 | AD70: 3.5008333 | AE70: 1150 | AF70: -24.61 | AG70: 0 | AH70: 66.6 | AI70: 1500 | AJ70: -25.32 | AK70: -26.78 | AL70: -0.724 | AM70: -7.67 | AN70: -26.18 | AO70: -0.077 | AP70: 0.471 | AQ70: 1.031 | AR70: 0.003 | AS70: 0.093 | AT70: 0.147 | AU70: 0.01 | AV70: 0.117 | AW70: 0.51 | AX70: 0.108 | AY70: 0.013 | AZ70: -12.94 | BA70: 2406 | BB70: 12.14 | BC70: 2876 | BF70: =BF$1-BA70 -> 1079 | BH70: 13.95 | BI70: =BH70*$BI$1 -> 28.179 | BJ70: =ROUND(C70*BJ$2,2) -> 10.7 | BK70: =ROUND(D70*BK$2,2) -> 20.69 | BM70: =ROUND(T70*BM$3+BM$4,1) -> 87.6 | BN70: =ROUND(F70*BM$3+BM$4,1) -> 82.6 | BO70: =ROUND(AH70*BM$3+BM$4,1) -> 62.5 | BP70: =ROUND(0.6105*(EXP((17.273*R70)/(R70+237.3)))*BO70/100, 3) -> 0.166 | BQ70: =ROUND((100-BO70)*BP70/BO70,3) -> 0.1 | BW70: =BJ70 -> 10.7 | BX70: =BK70 -> 20.69 | BY70: =ROUND(E70,1) -> -16.9 | BZ70: =ROUND(G70,1) -> -17.3 | CA70: =ROUND(H70,1) -> -18 | CB70: =ROUND(I70,1) -> -0.6 | CC70: =ROUND(L70,1) -> 0 | CD70: =ROUND(M70,1) -> 0.6 | CE70: =ROUND(N70,1) -> 1.1 | CF70: =ROUND(BN70,1) -> 82.6 | CG70: =ROUND(R70,1) -> -10.9 | CH70: =ROUND(V70,1) -> -9.3 | CI70: =ROUND(W70,1) -> -12.1 | CJ70: =ROUND(X70,1) -> -0.5 | CK70: =ROUND(AA70,1) -> 0 | CL70: =ROUND(AB70,1) -> 0.6 | CM70: =ROUND(AC70,1) -> 1.1 | CN70: =ROUND(BM70,1) -> 87.6 | CO70: =ROUND(AF70,1) -> -24.6 | CP70: =ROUND(AJ70,1) -> -25.3 | CQ70: =ROUND(AK70,1) -> -26.8 | CR70: =ROUND(AL70,1) -> -0.7 | CS70: =ROUND(AO70,1) -> -0.1 | CT70: =ROUND(AP70,1) -> 0.5 | CU70: =ROUND(AQ70,1) -> 1 | CV70: =ROUND(BO70,1) -> 62.5 | CW70: =BF70 -> 1079 | CX70: =ROUND(PPTest!K70,1) -> 0.5 | CY70: =ROUND(P70,2) -> 1.42 | CZ70: =ROUND(AD70,2) -> 3.5 | DA70: =BP70 -> 0.166 | DB70: =BQ70 -> 0.1 | DC70: =BB70 -> 12.14 | DW70: -14.7 | DX70: -8.8 | DY70: -17.9
A71: 34764 | B71: 65 | C71: 14.6 | D71: 28.06 | E71: -18.9 | F71: 77.2 | G71: -19.06 | H71: -20.13 | I71: -0.758 | J71: -8.37 | K71: -18.4 | L71: -0.154 | M71: 0.418 | N71: 0.977 | O71: 0 | P71: 1.6091667 | R71: -9.48 | S71: 1311 | T71: 90.8 | U71: 2321 | V71: -6.438 | W71: -9.62 | X71: -0.6 | Y71: -5.459 | Z71: -5.174 | AA71: -0.015 | AB71: 0.558 | AC71: 1.124 | AD71: 3.8475 | AE71: 1358 | AF71: -27.55 | AG71: 634 | AH71: 55.81 | AI71: 1537 | AJ71: -28.18 | AK71: -29.02 | AL71: -0.978 | AM71: -11.74 | AN71: -28.71 | AO71: -0.341 | AP71: 0.231 | AQ71: 0.791 | AR71: 0 | AS71: 0.171 | AT71: 0.478 | AU71: 0.017 | AV71: 0.104 | AW71: 0.175 | AX71: 0.049 | AY71: 0.006 | AZ71: -18.59 | BA71: 2407 | BB71: 12.13 | BC71: 2876 | BF71: =BF$1-BA71 -> 1078 | BH71: 14.21 | BI71: =BH71*$BI$1 -> 28.7042 | BJ71: =ROUND(C71*BJ$2,2) -> 14.6 | BK71: =ROUND(D71*BK$2,2) -> 30.3 | BM71: =ROUND(T71*BM$3+BM$4,1) -> 84.9 | BN71: =ROUND(F71*BM$3+BM$4,1) -> 72.3 | BO71: =ROUND(AH71*BM$3+BM$4,1) -> 52.6 | BP71: =ROUND(0.6105*(EXP((17.273*R71)/(R71+237.3)))*BO71/100, 3) -> 0.157 | BQ71: =ROUND((100-BO71)*BP71/BO71,3) -> 0.141 | BW71: =BJ71 -> 14.6 | BX71: =BK71 -> 30.3 | BY71: =ROUND(E71,1) -> -18.9 | BZ71: =ROUND(G71,1) -> -19.1 | CA71: =ROUND(H71,1) -> -20.1 | CB71: =ROUND(I71,1) -> -0.8 | CC71: =ROUND(L71,1) -> -0.2 | CD71: =ROUND(M71,1) -> 0.4 | CE71: =ROUND(N71,1) -> 1 | CF71: =ROUND(BN71,1) -> 72.3 | CG71: =ROUND(R71,1) -> -9.5 | CH71: =ROUND(V71,1) -> -6.4 | CI71: =ROUND(W71,1) -> -9.6 | CJ71: =ROUND(X71,1) -> -0.6 | CK71: =ROUND(AA71,1) -> 0 | CL71: =ROUND(AB71,1) -> 0.6 | CM71: =ROUND(AC71,1) -> 1.1 | CN71: =ROUND(BM71,1) -> 84.9 | CO71: =ROUND(AF71,1) -> -27.6 | CP71: =ROUND(AJ71,1) -> -28.2 | CQ71: =ROUND(AK71,1) -> -29 | CR71: =ROUND(AL71,1) -> -1 | CS71: =ROUND(AO71,1) -> -0.3 | CT71: =ROUND(AP71,1) -> 0.2 | CU71: =ROUND(AQ71,1) -> 0.8 | CV71: =ROUND(BO71,1) -> 52.6 | CW71: =BF71 -> 1078 | CX71: =ROUND(PPTest!K71,1) -> 0 | CY71: =ROUND(P71,2) -> 1.61 | CZ71: =ROUND(AD71,2) -> 3.85 | DA71: =BP71 -> 0.157 | DB71: =BQ71 -> 0.141 | DC71: =BB71 -> 12.13 | DW71: -12.6 | DX71: -5.9 | DY71: -21.7
A72: 34765 | B72: 66 | C72: 8.41 | D72: 16.76 | E72: -10.95 | F72: 74.8 | G72: -11.21 | H72: -11.79 | I72: -0.705 | J72: -10.04 | K72: -10.7 | L72: -0.125 | M72: 0.475 | N72: 1.049 | O72: 0 | P72: 1.4458333 | R72: -4.497 | S72: 1347 | T72: 92.3 | U72: 643 | V72: -3.038 | W72: -4.896 | X72: -0.634 | Y72: -6.827 | Z72: -2.059 | AA72: -0.082 | AB72: 0.518 | AC72: 1.105 | AD72: 3.6475 | AE72: 2028 | AF72: -22.54 | AG72: 42 | AH72: 49.79 | AI72: 1047 | AJ72: -23.28 | AK72: -24.47 | AL72: -0.827 | AM72: -15.02 | AN72: -24.06 | AO72: -0.191 | AP72: 0.401 | AQ72: 0.972 | AR72: 0.021 | AS72: 0.19 | AT72: 0.362 | AU72: 0.081 | AV72: 0.119 | AW72: 0.173 | AX72: 0.035 | AY72: 0.019 | AZ72: -13.72 | BA72: 2407 | BB72: 12.13 | BC72: 2876 | BF72: =BF$1-BA72 -> 1078 | BH72: 14.45 | BI72: =BH72*$BI$1 -> 29.189 | BJ72: =ROUND(C72*BJ$2,2) -> 8.41 | BK72: =ROUND(D72*BK$2,2) -> 18.1 | BM72: =ROUND(T72*BM$3+BM$4,1) -> 86.3 | BN72: =ROUND(F72*BM$3+BM$4,1) -> 70.1 | BO72: =ROUND(AH72*BM$3+BM$4,1) -> 47 | BP72: =ROUND(0.6105*(EXP((17.273*R72)/(R72+237.3)))*BO72/100, 3) -> 0.206 | BQ72: =ROUND((100-BO72)*BP72/BO72,3) -> 0.232 | BW72: =BJ72 -> 8.41 | BX72: =BK72 -> 18.1 | BY72: =ROUND(E72,1) -> -11 | BZ72: =ROUND(G72,1) -> -11.2 | CA72: =ROUND(H72,1) -> -11.8 | CB72: =ROUND(I72,1) -> -0.7 | CC72: =ROUND(L72,1) -> -0.1 | CD72: =ROUND(M72,1) -> 0.5 | CE72: =ROUND(N72,1) -> 1 | CF72: =ROUND(BN72,1) -> 70.1 | CG72: =ROUND(R72,1) -> -4.5 | CH72: =ROUND(V72,1) -> -3 | CI72: =ROUND(W72,1) -> -4.9 | CJ72: =ROUND(X72,1) -> -0.6 | CK72: =ROUND(AA72,1) -> -0.1 | CL72: =ROUND(AB72,1) -> 0.5 | CM72: =ROUND(AC72,1) -> 1.1 | CN72: =ROUND(BM72,1) -> 86.3 | CO72: =ROUND(AF72,1) -> -22.5 | CP72: =ROUND(AJ72,1) -> -23.3 | CQ72: =ROUND(AK72,1) -> -24.5 | CR72: =ROUND(AL72,1) -> -0.8 | CS72: =ROUND(AO72,1) -> -0.2 | CT72: =ROUND(AP72,1) -> 0.4 | CU72: =ROUND(AQ72,1) -> 1 | CV72: =ROUND(BO72,1) -> 47 | CW72: =BF72 -> 1078 | CX72: =ROUND(PPTest!K72,1) -> 0 | CY72: =ROUND(P72,2) -> 1.45 | CZ72: =ROUND(AD72,2) -> 3.65 | DA72: =BP72 -> 0.206 | DB72: =BQ72 -> 0.232 | DC72: =BB72 -> 12.13 | DW72: -7.6 | DX72: -1.6 | DY72: -11.8
A73: 34766 | B73: 67 | C73: 3.043 | D73: 6.518 | E73: -4.73 | F73: 93 | G73: -5.167 | H73: -5.456 | I73: -0.699 | J73: -7.26 | K73: -5.412 | L73: -0.154 | M73: 0.463 | N73: 1.057 | O73: 0 | P73: 1.4141667 | R73: -1.995 | S73: 0 | T73: 102.3 | U73: 2339 | V73: -1.985 | W73: -1.774 | X73: -0.661 | Y73: -6.199 | Z73: -2.521 | AA73: -0.103 | AB73: 0.508 | AC73: 1.093 | AD73: 4.0475 | AE73: 800 | AF73: -8.71 | AG73: 101 | AH73: 72.2 | AI73: 750 | AJ73: -10.01 | AK73: -12.96 | AL73: -0.736 | AM73: -8.59 | AN73: -10.7 | AO73: -0.191 | AP73: 0.429 | AQ73: 1.026 | AR73: 0.065 | AS73: 0.144 | AT73: 0.065 | AU73: 0.069 | AV73: 0.09 | AW73: 0.272 | AX73: 0.216 | AY73: 0.078 | AZ73: -7.34 | BA73: 2329 | BB73: 12.14 | BC73: 2876 | BF73: =BF$1-BA73 -> 1156 | BH73: 14.7 | BI73: =BH73*$BI$1 -> 29.694 | BJ73: =ROUND(C73*BJ$2,2) -> 3.04 | BK73: =ROUND(D73*BK$2,2) -> 7.04 | BM73: =ROUND(T73*BM$3+BM$4,1) -> 95.5 | BN73: =ROUND(F73*BM$3+BM$4,1) -> 86.9 | BO73: =ROUND(AH73*BM$3+BM$4,1) -> 67.7 | BP73: =ROUND(0.6105*(EXP((17.273*R73)/(R73+237.3)))*BO73/100, 3) -> 0.357 | BQ73: =ROUND((100-BO73)*BP73/BO73,3) -> 0.17 | BW73: =BJ73 -> 3.04 | BX73: =BK73 -> 7.04 | BY73: =ROUND(E73,1) -> -4.7 | BZ73: =ROUND(G73,1) -> -5.2 | CA73: =ROUND(H73,1) -> -5.5 | CB73: =ROUND(I73,1) -> -0.7 | CC73: =ROUND(L73,1) -> -0.2 | CD73: =ROUND(M73,1) -> 0.5 | CE73: =ROUND(N73,1) -> 1.1 | CF73: =ROUND(BN73,1) -> 86.9 | CG73: =ROUND(R73,1) -> -2 | CH73: =ROUND(V73,1) -> -2 | CI73: =ROUND(W73,1) -> -1.8 | CJ73: =ROUND(X73,1) -> -0.7 | CK73: =ROUND(AA73,1) -> -0.1 | CL73: =ROUND(AB73,1) -> 0.5 | CM73: =ROUND(AC73,1) -> 1.1 | CN73: =ROUND(BM73,1) -> 95.5 | CO73: =ROUND(AF73,1) -> -8.7 | CP73: =ROUND(AJ73,1) -> -10 | CQ73: =ROUND(AK73,1) -> -13 | CR73: =ROUND(AL73,1) -> -0.7 | CS73: =ROUND(AO73,1) -> -0.2 | CT73: =ROUND(AP73,1) -> 0.4 | CU73: =ROUND(AQ73,1) -> 1 | CV73: =ROUND(BO73,1) -> 67.7 | CW73: =BF73 -> 1156 | CX73: =ROUND(PPTest!K73,1) -> 10.1 | CY73: =ROUND(P73,2) -> 1.41 | CZ73: =ROUND(AD73,2) -> 4.05 | DA73: =BP73 -> 0.357 | DB73: =BQ73 -> 0.17 | DC73: =BB73 -> 12.14 | DW73: -4.7 | DX73: -2.3 | DY73: -7.3
A74: 34767 | B74: 68 | C74: 3.468 | D74: 7.39 | E74: 1.209 | F74: 96.6 | G74: 0.868 | H74: 0.433 | I74: -0.659 | J74: -4.419 | K74: 0.108 | L74: -0.169 | M74: 0.455 | N74: 1.068 | O74: 0 | P74: 2.0425 | R74: 4.05 | S74: 2145 | T74: 104.2 | U74: 516 | V74: 3.566 | W74: 3.718 | X74: -0.53 | Y74: -1.686 | Z74: 2.606 | AA74: -0.119 | AB74: 0.495 | AC74: 1.117 | AD74: 8.6075 | AE74: 2124 | AF74: -1.957 | AG74: 1 | AH74: 75.2 | AI74: 2356 | AJ74: -2.52 | AK74: -2.693 | AL74: -0.736 | AM74: -6.201 | AN74: -2.911 | AO74: -0.223 | AP74: 0.41 | AQ74: 1.021 | AR74: 0.152 | AS74: 0.161 | AT74: 0.092 | AU74: 0.092 | AV74: 0.126 | AW74: 0.158 | AX74: 0.096 | AY74: 0.124 | AZ74: -2.534 | BA74: 2339 | BB74: 12.15 | BC74: 2876 | BF74: =BF$1-BA74 -> 1146 | BH74: 14.96 | BI74: =BH74*$BI$1 -> 30.2192 | BJ74: =ROUND(C74*BJ$2,2) -> 3.47 | BK74: =ROUND(D74*BK$2,2) -> 7.98 | BM74: =ROUND(T74*BM$3+BM$4,1) -> 97.3 | BN74: =ROUND(F74*BM$3+BM$4,1) -> 90.3 | BO74: =ROUND(AH74*BM$3+BM$4,1) -> 70.5 | BP74: =ROUND(0.6105*(EXP((17.273*R74)/(R74+237.3)))*BO74/100, 3) -> 0.575 | BQ74: =ROUND((100-BO74)*BP74/BO74,3) -> 0.241 | BW74: =BJ74 -> 3.47 | BX74: =BK74 -> 7.98 | BY74: =ROUND(E74,1) -> 1.2 | BZ74: =ROUND(G74,1) -> 0.9 | CA74: =ROUND(H74,1) -> 0.4 | CB74: =ROUND(I74,1) -> -0.7 | CC74: =ROUND(L74,1) -> -0.2 | CD74: =ROUND(M74,1) -> 0.5 | CE74: =ROUND(N74,1) -> 1.1 | CF74: =ROUND(BN74,1) -> 90.3 | CG74: =ROUND(R74,1) -> 4.1 | CH74: =ROUND(V74,1) -> 3.6 | CI74: =ROUND(W74,1) -> 3.7 | CJ74: =ROUND(X74,1) -> -0.5 | CK74: =ROUND(AA74,1) -> -0.1 | CL74: =ROUND(AB74,1) -> 0.5 | CM74: =ROUND(AC74,1) -> 1.1 | CN74: =ROUND(BM74,1) -> 97.3 | CO74: =ROUND(AF74,1) -> -2 | CP74: =ROUND(AJ74,1) -> -2.5 | CQ74: =ROUND(AK74,1) -> -2.7 | CR74: =ROUND(AL74,1) -> -0.7 | CS74: =ROUND(AO74,1) -> -0.2 | CT74: =ROUND(AP74,1) -> 0.4 | CU74: =ROUND(AQ74,1) -> 1 | CV74: =ROUND(BO74,1) -> 70.5 | CW74: =BF74 -> 1146 | CX74: =ROUND(PPTest!K74,1) -> 0 | CY74: =ROUND(P74,2) -> 2.04 | CZ74: =ROUND(AD74,2) -> 8.61 | DA74: =BP74 -> 0.575 | DB74: =BQ74 -> 0.241 | DC74: =BB74 -> 12.15 | DW74: 1.1 | DX74: 3.8 | DY74: -2.6
A75: 34768 | B75: 69 | C75: 7.57 | D75: 15.05 | E75: 2.291 | F75: 85.9 | G75: 1.795 | H75: 1.304 | I75: -0.462 | J75: -1.229 | K75: 1.681 | L75: -0.147 | M75: 0.472 | N75: 1.1 | O75: 0 | P75: 2.3075 | R75: 4.827 | S75: 1149 | T75: 100.6 | U75: 1740 | V75: 6.021 | W75: 4.985 | X75: -0.383 | Y75: -0.198 | Z75: 7.73 | AA75: -0.118 | AB75: 0.504 | AC75: 1.125 | AD75: 7.9275 | AE75: 50 | AF75: 0.605 | AG75: 544 | AH75: 68.72 | AI75: 1146 | AJ75: -1.316 | AK75: -3.226 | AL75: -0.555 | AM75: -2.299 | AN75: -1.414 | AO75: -0.164 | AP75: 0.455 | AQ75: 1.084 | AR75: 0.149 | AS75: 0.211 | AT75: 0.115 | AU75: 0.083 | AV75: 0.171 | AW75: 0.169 | AX75: 0.05 | AY75: 0.052 | AZ75: -0.144 | BA75: 2365 | BB75: 12.15 | BC75: 2876 | BF75: =BF$1-BA75 -> 1120 | BH75: 15.22 | BI75: =BH75*$BI$1 -> 30.7444 | BJ75: =ROUND(C75*BJ$2,2) -> 7.57 | BK75: =ROUND(D75*BK$2,2) -> 16.25 | BM75: =ROUND(T75*BM$3+BM$4,1) -> 94 | BN75: =ROUND(F75*BM$3+BM$4,1) -> 80.4 | BO75: =ROUND(AH75*BM$3+BM$4,1) -> 64.5 | BP75: =ROUND(0.6105*(EXP((17.273*R75)/(R75+237.3)))*BO75/100, 3) -> 0.556 | BQ75: =ROUND((100-BO75)*BP75/BO75,3) -> 0.306 | BS75: 2.1 | BW75: =BJ75 -> 7.57 | BX75: =BK75 -> 16.25 | BY75: =ROUND(E75,1) -> 2.3 | BZ75: =ROUND(G75,1) -> 1.8 | CA75: =ROUND(H75,1) -> 1.3 | CB75: =ROUND(I75,1) -> -0.5 | CC75: =ROUND(L75,1) -> -0.1 | CD75: =ROUND(M75,1) -> 0.5 | CE75: =ROUND(N75,1) -> 1.1 | CF75: =ROUND(BN75,1) -> 80.4 | CG75: =ROUND(R75,1) -> 4.8 | CH75: =ROUND(V75,1) -> 6 | CI75: =ROUND(W75,1) -> 5 | CJ75: =ROUND(X75,1) -> -0.4 | CK75: =ROUND(AA75,1) -> -0.1 | CL75: =ROUND(AB75,1) -> 0.5 | CM75: =ROUND(AC75,1) -> 1.1 | CN75: =ROUND(BM75,1) -> 94 | CO75: =ROUND(AF75,1) -> 0.6 | CP75: =ROUND(AJ75,1) -> -1.3 | CQ75: =ROUND(AK75,1) -> -3.2 | CR75: =ROUND(AL75,1) -> -0.6 | CS75: =ROUND(AO75,1) -> -0.2 | CT75: =ROUND(AP75,1) -> 0.5 | CU75: =ROUND(AQ75,1) -> 1.1 | CV75: =ROUND(BO75,1) -> 64.5 | CW75: =BF75 -> 1120 | CX75: =ROUND(PPTest!K75,1) -> 0 | CY75: =ROUND(P75,2) -> 2.31 | CZ75: =ROUND(AD75,2) -> 7.93 | DA75: =BP75 -> 0.556 | DB75: =BQ75 -> 0.306 | DC75: =BB75 -> 12.15 | DW75: 1.4 | DX75: 3.5 | DY75: -1.8
A76: 34769 | B76: 70 | C76: 9 | D76: 17.58 | E76: 1.951 | F76: 92.7 | G76: 1.594 | H76: 1.194 | I76: -0.336 | J76: -0.197 | K76: 1.787 | L76: -0.146 | M76: 0.461 | N76: 1.087 | O76: 0 | P76: 1.8591667 | R76: 5.428 | S76: 1244 | T76: 105.9 | U76: 2129 | V76: 7.79 | W76: 6.841 | X76: -0.286 | Y76: -0.11 | Z76: 10.08 | AA76: -0.121 | AB76: 0.489 | AC76: 1.11 | AD76: 6.4475 | AE76: 2308 | AF76: 0.087 | AG76: 2117 | AH76: 61.2 | AI76: 1254 | AJ76: -0.471 | AK76: -0.54 | AL76: -0.405 | AM76: -0.231 | AN76: -0.24 | AO76: -0.164 | AP76: 0.437 | AQ76: 1.06 | AR76: 0.054 | AS76: 0.018 | AT76: 0.023 | AU76: 0.06 | AV76: 0.278 | AW76: 0.418 | AX76: 0.107 | AY76: 0.042 | AZ76: 0.008 | BA76: 2353 | BB76: 12.15 | BC76: 2876 | BF76: =BF$1-BA76 -> 1132 | BH76: 15.48 | BI76: =BH76*$BI$1 -> 31.2696 | BJ76: =ROUND(C76*BJ$2,2) -> 9 | BK76: =ROUND(D76*BK$2,2) -> 18.99 | BM76: =ROUND(T76*BM$3+BM$4,1) -> 98.9 | BN76: =ROUND(F76*BM$3+BM$4,1) -> 86.7 | BO76: =ROUND(AH76*BM$3+BM$4,1) -> 57.5 | BP76: =ROUND(0.6105*(EXP((17.273*R76)/(R76+237.3)))*BO76/100, 3) -> 0.517 | BQ76: =ROUND((100-BO76)*BP76/BO76,3) -> 0.382 | BS76: 22.9 | BW76: =BJ76 -> 9 | BX76: =BK76 -> 18.99 | BY76: =ROUND(E76,1) -> 2 | BZ76: =ROUND(G76,1) -> 1.6 | CA76: =ROUND(H76,1) -> 1.2 | CB76: =ROUND(I76,1) -> -0.3 | CC76: =ROUND(L76,1) -> -0.1 | CD76: =ROUND(M76,1) -> 0.5 | CE76: =ROUND(N76,1) -> 1.1 | CF76: =ROUND(BN76,1) -> 86.7 | CG76: =ROUND(R76,1) -> 5.4 | CH76: =ROUND(V76,1) -> 7.8 | CI76: =ROUND(W76,1) -> 6.8 | CJ76: =ROUND(X76,1) -> -0.3 | CK76: =ROUND(AA76,1) -> -0.1 | CL76: =ROUND(AB76,1) -> 0.5 | CM76: =ROUND(AC76,1) -> 1.1 | CN76: =ROUND(BM76,1) -> 98.9 | CO76: =ROUND(AF76,1) -> 0.1 | CP76: =ROUND(AJ76,1) -> -0.5 | CQ76: =ROUND(AK76,1) -> -0.5 | CR76: =ROUND(AL76,1) -> -0.4 | CS76: =ROUND(AO76,1) -> -0.2 | CT76: =ROUND(AP76,1) -> 0.4 | CU76: =ROUND(AQ76,1) -> 1.1 | CV76: =ROUND(BO76,1) -> 57.5 | CW76: =BF76 -> 1132 | CX76: =ROUND(PPTest!K76,1) -> 1.6 | CY76: =ROUND(P76,2) -> 1.86 | CZ76: =ROUND(AD76,2) -> 6.45 | DA76: =BP76 -> 0.517 | DB76: =BQ76 -> 0.382 | DC76: =BB76 -> 12.15 | DF76: 2.8 | DG76: 5.5 | DH76: 0.8 | DI76: 90.5 | DJ76: 79 | DW76: 1.4 | DX76: 4.1 | DY76: -1.4
A77: 34770 | B77: 71 | C77: 6.874 | D77: 14.1 | E77: -1.024 | F77: 88.3 | G77: -1.516 | H77: -1.997 | I77: -0.279 | J77: -0.319 | K77: -1.337 | L77: -0.13 | M77: 0.431 | N77: 1.037 | O77: 0 | P77: 1.7491667 | R77: 1.934 | S77: 16 | T77: 103.6 | U77: 710 | V77: 2.067 | W77: 1.814 | X77: -0.247 | Y77: -0.145 | Z77: 4.131 | AA77: -0.088 | AB77: 0.462 | AC77: 1.075 | AD77: 4.9808333 | AE77: 755 | AF77: -9.17 | AG77: 0 | AH77: 55.98 | AI77: 1316 | AJ77: -10.34 | AK77: -11.78 | AL77: -0.309 | AM77: -1.671 | AN77: -11.36 | AO77: -0.158 | AP77: 0.376 | AQ77: 0.975 | AR77: 0.006 | AS77: 0.11 | AT77: 0.098 | AU77: 0.058 | AV77: 0.215 | AW77: 0.431 | AX77: 0.074 | AY77: 0.008 | AZ77: -0.525 | BA77: 2351 | BB77: 12.15 | BC77: 2876 | BF77: =BF$1-BA77 -> 1134 | BH77: 15.73 | BI77: =BH77*$BI$1 -> 31.7746 | BJ77: =ROUND(C77*BJ$2,2) -> 6.87 | BK77: =ROUND(D77*BK$2,2) -> 15.23 | BM77: =ROUND(T77*BM$3+BM$4,1) -> 96.7 | BN77: =ROUND(F77*BM$3+BM$4,1) -> 82.6 | BO77: =ROUND(AH77*BM$3+BM$4,1) -> 52.7 | BP77: =ROUND(0.6105*(EXP((17.273*R77)/(R77+237.3)))*BO77/100, 3) -> 0.37 | BQ77: =ROUND((100-BO77)*BP77/BO77,3) -> 0.332 | BS77: 1.1 | BW77: =BJ77 -> 6.87 | BX77: =BK77 -> 15.23 | BY77: =ROUND(E77,1) -> -1 | BZ77: =ROUND(G77,1) -> -1.5 | CA77: =ROUND(H77,1) -> -2 | CB77: =ROUND(I77,1) -> -0.3 | CC77: =ROUND(L77,1) -> -0.1 | CD77: =ROUND(M77,1) -> 0.4 | CE77: =ROUND(N77,1) -> 1 | CF77: =ROUND(BN77,1) -> 82.6 | CG77: =ROUND(R77,1) -> 1.9 | CH77: =ROUND(V77,1) -> 2.1 | CI77: =ROUND(W77,1) -> 1.8 | CJ77: =ROUND(X77,1) -> -0.2 | CK77: =ROUND(AA77,1) -> -0.1 | CL77: =ROUND(AB77,1) -> 0.5 | CM77: =ROUND(AC77,1) -> 1.1 | CN77: =ROUND(BM77,1) -> 96.7 | CO77: =ROUND(AF77,1) -> -9.2 | CP77: =ROUND(AJ77,1) -> -10.3 | CQ77: =ROUND(AK77,1) -> -11.8 | CR77: =ROUND(AL77,1) -> -0.3 | CS77: =ROUND(AO77,1) -> -0.2 | CT77: =ROUND(AP77,1) -> 0.4 | CU77: =ROUND(AQ77,1) -> 1 | CV77: =ROUND(BO77,1) -> 52.7 | CW77: =BF77 -> 1134 | CX77: =ROUND(PPTest!K77,1) -> 0.3 | CY77: =ROUND(P77,2) -> 1.75 | CZ77: =ROUND(AD77,2) -> 4.98 | DA77: =BP77 -> 0.37 | DB77: =BQ77 -> 0.332 | DC77: =BB77 -> 12.15 | DF77: 1.6 | DG77: 3.8 | DH77: -1.3 | DI77: 84.5 | DJ77: 67 | DW77: -2.3 | DX77: 0.4 | DY77: -6.3
A78: 34771 | B78: 72 | C78: 7.15 | D78: 14.22 | E78: -2.416 | F78: 86.8 | G78: -3 | H78: -3.532 | I78: -0.281 | J78: -2.495 | K78: -3.18 | L78: -0.156 | M78: 0.378 | N78: 0.953 | O78: 0 | P78: 1.6791667 | R78: 1.634 | S78: 1427 | T78: 105 | U78: 102 | V78: 2.638 | W78: 1.546 | X78: -0.231 | Y78: -0.813 | Z78: 4.551 | AA78: -0.117 | AB78: 0.414 | AC78: 0.999 | AD78: 4.9941667 | AE78: 1503 | AF78: -9.81 | AG78: 59 | AH78: 68.79 | AI78: 809 | AJ78: -11.07 | AK78: -13.08 | AL78: -0.329 | AM78: -5.186 | AN78: -12.2 | AO78: -0.206 | AP78: 0.336 | AQ78: 0.902 | AR78: 0.085 | AS78: 0.278 | AT78: 0.181 | AU78: 0.078 | AV78: 0.099 | AW78: 0.128 | AX78: 0.087 | AY78: 0.062 | AZ78: -3.693 | BA78: 2353 | BB78: 12.15 | BC78: 2876 | BF78: =BF$1-BA78 -> 1132 | BH78: 15.98 | BI78: =BH78*$BI$1 -> 32.2796 | BJ78: =ROUND(C78*BJ$2,2) -> 7.15 | BK78: =ROUND(D78*BK$2,2) -> 15.36 | BM78: =ROUND(T78*BM$3+BM$4,1) -> 98 | BN78: =ROUND(F78*BM$3+BM$4,1) -> 81.2 | BO78: =ROUND(AH78*BM$3+BM$4,1) -> 64.6 | BP78: =ROUND(0.6105*(EXP((17.273*R78)/(R78+237.3)))*BO78/100, 3) -> 0.444 | BQ78: =ROUND((100-BO78)*BP78/BO78,3) -> 0.243 | BS78: 0 | BW78: =BJ78 -> 7.15 | BX78: =BK78 -> 15.36 | BY78: =ROUND(E78,1) -> -2.4 | BZ78: =ROUND(G78,1) -> -3 | CA78: =ROUND(H78,1) -> -3.5 | CB78: =ROUND(I78,1) -> -0.3 | CC78: =ROUND(L78,1) -> -0.2 | CD78: =ROUND(M78,1) -> 0.4 | CE78: =ROUND(N78,1) -> 1 | CF78: =ROUND(BN78,1) -> 81.2 | CG78: =ROUND(R78,1) -> 1.6 | CH78: =ROUND(V78,1) -> 2.6 | CI78: =ROUND(W78,1) -> 1.5 | CJ78: =ROUND(X78,1) -> -0.2 | CK78: =ROUND(AA78,1) -> -0.1 | CL78: =ROUND(AB78,1) -> 0.4 | CM78: =ROUND(AC78,1) -> 1 | CN78: =ROUND(BM78,1) -> 98 | CO78: =ROUND(AF78,1) -> -9.8 | CP78: =ROUND(AJ78,1) -> -11.1 | CQ78: =ROUND(AK78,1) -> -13.1 | CR78: =ROUND(AL78,1) -> -0.3 | CS78: =ROUND(AO78,1) -> -0.2 | CT78: =ROUND(AP78,1) -> 0.3 | CU78: =ROUND(AQ78,1) -> 0.9 | CV78: =ROUND(BO78,1) -> 64.6 | CW78: =BF78 -> 1132 | CX78: =ROUND(PPTest!K78,1) -> 0 | CY78: =ROUND(P78,2) -> 1.68 | CZ78: =ROUND(AD78,2) -> 4.99 | DA78: =BP78 -> 0.444 | DB78: =BQ78 -> 0.243 | DC78: =BB78 -> 12.15 | DF78: 0.5 | DG78: 2.8 | DH78: -2.4 | DI78: 80.8 | DJ78: 70 | DW78: -2.1 | DX78: 0.5 | DY78: -5.8
A79: 34772 | B79: 73 | C79: 7.43 | D79: 14.65 | E79: 1.598 | F79: 87.4 | G79: 1.079 | H79: 0.616 | I79: -0.228 | J79: -0.991 | K79: 0.878 | L79: -0.123 | M79: 0.383 | N79: 0.93 | O79: 0 | P79: 1.7791667 | R79: 6.24 | S79: 1523 | T79: 103.1 | U79: 2018 | V79: 7.74 | W79: 6.004 | X79: -0.177 | Y79: 0.065 | Z79: 9.93 | AA79: -0.073 | AB79: 0.427 | AC79: 0.98 | AD79: 5.0608333 | AE79: 1514 | AF79: -1.374 | AG79: 631 | AH79: 67.43 | AI79: 1523 | AJ79: -2.653 | AK79: -4.716 | AL79: -0.283 | AM79: -2.738 | AN79: -2.467 | AO79: -0.173 | AP79: 0.343 | AQ79: 0.891 | AR79: 0.149 | AS79: 0.222 | AT79: 0.153 | AU79: 0.083 | AV79: 0.097 | AW79: 0.104 | AX79: 0.097 | AY79: 0.096 | AZ79: -0.937 | BA79: 2369 | BB79: 12.14 | BC79: 2876 | BF79: =BF$1-BA79 -> 1116 | BH79: 16.25 | BI79: =BH79*$BI$1 -> 32.825 | BJ79: =ROUND(C79*BJ$2,2) -> 7.43 | BK79: =ROUND(D79*BK$2,2) -> 15.82 | BM79: =ROUND(T79*BM$3+BM$4,1) -> 96.3 | BN79: =ROUND(F79*BM$3+BM$4,1) -> 81.8 | BO79: =ROUND(AH79*BM$3+BM$4,1) -> 63.3 | BP79: =ROUND(0.6105*(EXP((17.273*R79)/(R79+237.3)))*BO79/100, 3) -> 0.602 | BQ79: =ROUND((100-BO79)*BP79/BO79,3) -> 0.349 | BS79: 1.6 | BW79: =BJ79 -> 7.43 | BX79: =BK79 -> 15.82 | BY79: =ROUND(E79,1) -> 1.6 | BZ79: =ROUND(G79,1) -> 1.1 | CA79: =ROUND(H79,1) -> 0.6 | CB79: =ROUND(I79,1) -> -0.2 | CC79: =ROUND(L79,1) -> -0.1 | CD79: =ROUND(M79,1) -> 0.4 | CE79: =ROUND(N79,1) -> 0.9 | CF79: =ROUND(BN79,1) -> 81.8 | CG79: =ROUND(R79,1) -> 6.2 | CH79: =ROUND(V79,1) -> 7.7 | CI79: =ROUND(W79,1) -> 6 | CJ79: =ROUND(X79,1) -> -0.2 | CK79: =ROUND(AA79,1) -> -0.1 | CL79: =ROUND(AB79,1) -> 0.4 | CM79: =ROUND(AC79,1) -> 1 | CN79: =ROUND(BM79,1) -> 96.3 | CO79: =ROUND(AF79,1) -> -1.4 | CP79: =ROUND(AJ79,1) -> -2.7 | CQ79: =ROUND(AK79,1) -> -4.7 | CR79: =ROUND(AL79,1) -> -0.3 | CS79: =ROUND(AO79,1) -> -0.2 | CT79: =ROUND(AP79,1) -> 0.3 | CU79: =ROUND(AQ79,1) -> 0.9 | CV79: =ROUND(BO79,1) -> 63.3 | CW79: =BF79 -> 1116 | CX79: =ROUND(PPTest!K79,1) -> 0 | CY79: =ROUND(P79,2) -> 1.78 | CZ79: =ROUND(AD79,2) -> 5.06 | DA79: =BP79 -> 0.602 | DB79: =BQ79 -> 0.349 | DC79: =BB79 -> 12.14 | DF79: 3.4 | DG79: 6.5 | DH79: 1.5 | DI79: 81.4 | DJ79: 67 | DW79: 0.5 | DX79: 3.1 | DY79: -3.1
A80: 34773 | B80: 74 | C80: 7.65 | D80: 14.86 | E80: -1.026 | F80: 90.2 | G80: -1.572 | H80: -2.042 | I80: -0.158 | J80: -1.062 | K80: -1.215 | L80: -0.126 | M80: 0.368 | N80: 0.888 | O80: 0 | P80: 1.2998333 | R80: 2.765 | S80: 909 | T80: 103.8 | U80: 130 | V80: 3.186 | W80: 1.41 | X80: -0.083 | Y80: -0.143 | Z80: 3.112 | AA80: -0.06 | AB80: 0.424 | AC80: 0.944 | AD80: 4.4208333 | AE80: 1356 | AF80: -4.853 | AG80: 657 | AH80: 63.89 | AI80: 910 | AJ80: -5.888 | AK80: -7.39 | AL80: -0.226 | AM80: -2.989 | AN80: -6.489 | AO80: -0.182 | AP80: 0.314 | AQ80: 0.834 | AR80: 0.026 | AS80: 0.197 | AT80: 0.19 | AU80: 0.034 | AV80: 0.115 | AW80: 0.31 | AX80: 0.108 | AY80: 0.019 | AZ80: -1.479 | BA80: 2370 | BB80: 12.14 | BC80: 2876 | BF80: =BF$1-BA80 -> 1115 | BH80: 16.51 | BI80: =BH80*$BI$1 -> 33.3502 | BJ80: =ROUND(C80*BJ$2,2) -> 7.65 | BK80: =ROUND(D80*BK$2,2) -> 16.05 | BM80: =ROUND(T80*BM$3+BM$4,1) -> 96.9 | BN80: =ROUND(F80*BM$3+BM$4,1) -> 84.3 | BO80: =ROUND(AH80*BM$3+BM$4,1) -> 60 | BP80: =ROUND(0.6105*(EXP((17.273*R80)/(R80+237.3)))*BO80/100, 3) -> 0.447 | BQ80: =ROUND((100-BO80)*BP80/BO80,3) -> 0.298 | BS80: 0 | BW80: =BJ80 -> 7.65 | BX80: =BK80 -> 16.05 | BY80: =ROUND(E80,1) -> -1 | BZ80: =ROUND(G80,1) -> -1.6 | CA80: =ROUND(H80,1) -> -2 | CB80: =ROUND(I80,1) -> -0.2 | CC80: =ROUND(L80,1) -> -0.1 | CD80: =ROUND(M80,1) -> 0.4 | CE80: =ROUND(N80,1) -> 0.9 | CF80: =ROUND(BN80,1) -> 84.3 | CG80: =ROUND(R80,1) -> 2.8 | CH80: =ROUND(V80,1) -> 3.2 | CI80: =ROUND(W80,1) -> 1.4 | CJ80: =ROUND(X80,1) -> -0.1 | CK80: =ROUND(AA80,1) -> -0.1 | CL80: =ROUND(AB80,1) -> 0.4 | CM80: =ROUND(AC80,1) -> 0.9 | CN80: =ROUND(BM80,1) -> 96.9 | CO80: =ROUND(AF80,1) -> -4.9 | CP80: =ROUND(AJ80,1) -> -5.9 | CQ80: =ROUND(AK80,1) -> -7.4 | CR80: =ROUND(AL80,1) -> -0.2 | CS80: =ROUND(AO80,1) -> -0.2 | CT80: =ROUND(AP80,1) -> 0.3 | CU80: =ROUND(AQ80,1) -> 0.8 | CV80: =ROUND(BO80,1) -> 60 | CW80: =BF80 -> 1115 | CX80: =ROUND(PPTest!K80,1) -> 0 | CY80: =ROUND(P80,2) -> 1.3 | CZ80: =ROUND(AD80,2) -> 4.42 | DA80: =BP80 -> 0.447 | DB80: =BQ80 -> 0.298 | DC80: =BB80 -> 12.14 | DF80: 1.7 | DG80: 3.6 | DH80: -0.5 | DI80: 82.4 | DJ80: 66 | DW80: -1.8 | DX80: 1 | DY80: -7.7
A81: 34774 | B81: 75 | C81: 13.67 | D81: 25.69 | E81: -1.609 | F81: 77.5 | G81: -2.183 | H81: -3.361 | I81: -0.109 | J81: -3.305 | K81: -1.821 | L81: -0.133 | M81: 0.35 | N81: 0.845 | O81: 0 | P81: 1.32 | R81: 5.416 | S81: 1510 | T81: 103.2 | U81: 550 | V81: 7.01 | W81: 5.377 | X81: -0.041 | Y81: -0.631 | Z81: 10.27 | AA81: -0.076 | AB81: 0.401 | AC81: 0.895 | AD81: 4.8208333 | AE81: 1258 | AF81: -9.05 | AG81: 652 | AH81: 41.27 | AI81: 1438 | AJ81: -9.93 | AK81: -10.96 | AL81: -0.167 | AM81: -7.98 | AN81: -10.55 | AO81: -0.211 | AP81: 0.25 | AQ81: 0.734 | AR81: 0.043 | AS81: 0.251 | AT81: 0.333 | AU81: 0.104 | AV81: 0.128 | AW81: 0.093 | AX81: 0.028 | AY81: 0.019 | AZ81: -3.669 | BA81: 2381 | BB81: 12.14 | BC81: 2876 | BF81: =BF$1-BA81 -> 1104 | BH81: 16.77 | BI81: =BH81*$BI$1 -> 33.8754 | BJ81: =ROUND(C81*BJ$2,2) -> 13.67 | BK81: =ROUND(D81*BK$2,2) -> 27.75 | BM81: =ROUND(T81*BM$3+BM$4,1) -> 96.4 | BN81: =ROUND(F81*BM$3+BM$4,1) -> 72.6 | BO81: =ROUND(AH81*BM$3+BM$4,1) -> 39.1 | BP81: =ROUND(0.6105*(EXP((17.273*R81)/(R81+237.3)))*BO81/100, 3) -> 0.351 | BQ81: =ROUND((100-BO81)*BP81/BO81,3) -> 0.547 | BS81: 0 | BW81: =BJ81 -> 13.67 | BX81: =BK81 -> 27.75 | BY81: =ROUND(E81,1) -> -1.6 | BZ81: =ROUND(G81,1) -> -2.2 | CA81: =ROUND(H81,1) -> -3.4 | CB81: =ROUND(I81,1) -> -0.1 | CC81: =ROUND(L81,1) -> -0.1 | CD81: =ROUND(M81,1) -> 0.4 | CE81: =ROUND(N81,1) -> 0.8 | CF81: =ROUND(BN81,1) -> 72.6 | CG81: =ROUND(R81,1) -> 5.4 | CH81: =ROUND(V81,1) -> 7 | CI81: =ROUND(W81,1) -> 5.4 | CJ81: =ROUND(X81,1) -> 0 | CK81: =ROUND(AA81,1) -> -0.1 | CL81: =ROUND(AB81,1) -> 0.4 | CM81: =ROUND(AC81,1) -> 0.9 | CN81: =ROUND(BM81,1) -> 96.4 | CO81: =ROUND(AF81,1) -> -9.1 | CP81: =ROUND(AJ81,1) -> -9.9 | CQ81: =ROUND(AK81,1) -> -11 | CR81: =ROUND(AL81,1) -> -0.2 | CS81: =ROUND(AO81,1) -> -0.2 | CT81: =ROUND(AP81,1) -> 0.3 | CU81: =ROUND(AQ81,1) -> 0.7 | CV81: =ROUND(BO81,1) -> 39.1 | CW81: =BF81 -> 1104 | CX81: =ROUND(PPTest!K81,1) -> 0 | CY81: =ROUND(P81,2) -> 1.32 | CZ81: =ROUND(AD81,2) -> 4.82 | DA81: =BP81 -> 0.351 | DB81: =BQ81 -> 0.547 | DC81: =BB81 -> 12.14 | DF81: 2 | DG81: 7.2 | DH81: -1 | DI81: 69.2 | DJ81: 55 | DW81: -3.3 | DX81: 3.5 | DY81: -9.9
A82: 34775 | B82: 76 | C82: 12.01 | D82: 22.89 | E82: 0.913 | F82: 63.74 | G82: 0.335 | H82: -0.213 | I82: -0.058 | J82: -3.159 | K82: 0.587 | L82: -0.113 | M82: 0.36 | N82: 0.832 | O82: 0 | P82: 1.6641667 | R82: 5.226 | S82: 1235 | T82: 87.8 | U82: 507 | V82: 6.915 | W82: 4.771 | X82: 0.009 | Y82: -0.083 | Z82: 9.27 | AA82: -0.048 | AB82: 0.419 | AC82: 0.881 | AD82: 4.5541667 | AE82: 936 | AF82: -5.122 | AG82: 513 | AH82: 45.27 | AI82: 1236 | AJ82: -7.28 | AK82: -9.72 | AL82: -0.125 | AM82: -7.13 | AN82: -7.87 | AO82: -0.181 | AP82: 0.28 | AQ82: 0.752 | AR82: 0.063 | AS82: 0.192 | AT82: 0.212 | AU82: 0.222 | AV82: 0.13 | AW82: 0.118 | AX82: 0.035 | AY82: 0.028 | AZ82: -2.667 | BA82: 2378 | BB82: 12.14 | BC82: 2876 | BF82: =BF$1-BA82 -> 1107 | BH82: 17.03 | BI82: =BH82*$BI$1 -> 34.4006 | BJ82: =ROUND(C82*BJ$2,2) -> 12.01 | BK82: =ROUND(D82*BK$2,2) -> 24.72 | BM82: =ROUND(T82*BM$3+BM$4,1) -> 82.1 | BN82: =ROUND(F82*BM$3+BM$4,1) -> 59.9 | BO82: =ROUND(AH82*BM$3+BM$4,1) -> 42.8 | BP82: =ROUND(0.6105*(EXP((17.273*R82)/(R82+237.3)))*BO82/100, 3) -> 0.379 | BQ82: =ROUND((100-BO82)*BP82/BO82,3) -> 0.507 | BS82: 0 | BW82: =BJ82 -> 12.01 | BX82: =BK82 -> 24.72 | BY82: =ROUND(E82,1) -> 0.9 | BZ82: =ROUND(G82,1) -> 0.3 | CA82: =ROUND(H82,1) -> -0.2 | CB82: =ROUND(I82,1) -> -0.1 | CC82: =ROUND(L82,1) -> -0.1 | CD82: =ROUND(M82,1) -> 0.4 | CE82: =ROUND(N82,1) -> 0.8 | CF82: =ROUND(BN82,1) -> 59.9 | CG82: =ROUND(R82,1) -> 5.2 | CH82: =ROUND(V82,1) -> 6.9 | CI82: =ROUND(W82,1) -> 4.8 | CJ82: =ROUND(X82,1) -> 0 | CK82: =ROUND(AA82,1) -> 0 | CL82: =ROUND(AB82,1) -> 0.4 | CM82: =ROUND(AC82,1) -> 0.9 | CN82: =ROUND(BM82,1) -> 82.1 | CO82: =ROUND(AF82,1) -> -5.1 | CP82: =ROUND(AJ82,1) -> -7.3 | CQ82: =ROUND(AK82,1) -> -9.7 | CR82: =ROUND(AL82,1) -> -0.1 | CS82: =ROUND(AO82,1) -> -0.2 | CT82: =ROUND(AP82,1) -> 0.3 | CU82: =ROUND(AQ82,1) -> 0.8 | CV82: =ROUND(BO82,1) -> 42.8 | CW82: =BF82 -> 1107 | CX82: =ROUND(PPTest!K82,1) -> 0.4 | CY82: =ROUND(P82,2) -> 1.66 | CZ82: =ROUND(AD82,2) -> 4.55 | DA82: =BP82 -> 0.379 | DB82: =BQ82 -> 0.507 | DC82: =BB82 -> 12.14 | DF82: 2.9 | DG82: 6 | DH82: -1.4 | DI82: 59.1 | DJ82: 51 | DW82: -0.5 | DX82: 4.9 | DY82: -7.4
A83: 34776 | B83: 77 | C83: 4.678 | D83: 9.4 | E83: 1.047 | F83: 92 | G83: 0.523 | H83: 0.266 | I83: -0.007 | J83: -1.184 | K83: 0.585 | L83: -0.081 | M83: 0.387 | N83: 0.839 | O83: 0 | P83: 1.2293333 | R83: 3.007 | S83: 1705 | T83: 105.4 | U83: 1907 | V83: 3.24 | W83: 2.85 | X83: 0.096 | Y83: -0.065 | Z83: 4.131 | AA83: -0.043 | AB83: 0.429 | AC83: 0.873 | AD83: 3.8341667 | AE83: 14 | AF83: -0.79 | AG83: 236 | AH83: 63.53 | AI83: 10 | AJ83: -2.442 | AK83: -3.565 | AL83: -0.073 | AM83: -2.651 | AN83: -1.647 | AO83: -0.133 | AP83: 0.34 | AQ83: 0.797 | AR83: 0.053 | AS83: 0.091 | AT83: 0.079 | AU83: 0.044 | AV83: 0.154 | AW83: 0.369 | AX83: 0.167 | AY83: 0.042 | AZ83: -0.804 | BA83: 2377 | BB83: 12.14 | BC83: 2876 | BF83: =BF$1-BA83 -> 1108 | BH83: 17.3 | BI83: =BH83*$BI$1 -> 34.946 | BJ83: =ROUND(C83*BJ$2,2) -> 4.68 | BK83: =ROUND(D83*BK$2,2) -> 10.15 | BM83: =ROUND(T83*BM$3+BM$4,1) -> 98.4 | BN83: =ROUND(F83*BM$3+BM$4,1) -> 86 | BO83: =ROUND(AH83*BM$3+BM$4,1) -> 59.7 | BP83: =ROUND(0.6105*(EXP((17.273*R83)/(R83+237.3)))*BO83/100, 3) -> 0.452 | BQ83: =ROUND((100-BO83)*BP83/BO83,3) -> 0.305 | BS83: 1.1 | BW83: =BJ83 -> 4.68 | BX83: =BK83 -> 10.15 | BY83: =ROUND(E83,1) -> 1 | BZ83: =ROUND(G83,1) -> 0.5 | CA83: =ROUND(H83,1) -> 0.3 | CB83: =ROUND(I83,1) -> 0 | CC83: =ROUND(L83,1) -> -0.1 | CD83: =ROUND(M83,1) -> 0.4 | CE83: =ROUND(N83,1) -> 0.8 | CF83: =ROUND(BN83,1) -> 86 | CG83: =ROUND(R83,1) -> 3 | CH83: =ROUND(V83,1) -> 3.2 | CI83: =ROUND(W83,1) -> 2.9 | CJ83: =ROUND(X83,1) -> 0.1 | CK83: =ROUND(AA83,1) -> 0 | CL83: =ROUND(AB83,1) -> 0.4 | CM83: =ROUND(AC83,1) -> 0.9 | CN83: =ROUND(BM83,1) -> 98.4 | CO83: =ROUND(AF83,1) -> -0.8 | CP83: =ROUND(AJ83,1) -> -2.4 | CQ83: =ROUND(AK83,1) -> -3.6 | CR83: =ROUND(AL83,1) -> -0.1 | CS83: =ROUND(AO83,1) -> -0.1 | CT83: =ROUND(AP83,1) -> 0.3 | CU83: =ROUND(AQ83,1) -> 0.8 | CV83: =ROUND(BO83,1) -> 59.7 | CW83: =BF83 -> 1108 | CX83: =ROUND(PPTest!K83,1) -> 0.1 | CY83: =ROUND(P83,2) -> 1.23 | CZ83: =ROUND(AD83,2) -> 3.83 | DA83: =BP83 -> 0.452 | DB83: =BQ83 -> 0.305 | DC83: =BB83 -> 12.14 | DF83: 2.5 | DG83: 4 | DH83: 1.1 | DI83: 85 | DJ83: 58 | DW83: 0.6 | DX83: 4.6 | DY83: -1.4
