Workbook

Sheet Meta
A1: Meta data for Sicamous base station | N1: March - May Sicamous and MoTI
A2: Last edit 12/04/25
B3: Replaced 21X with CR10 data logger and storage module 1 September 2000
B4: Gap filling of temperature and humidity using relationships between Sicamous Creek and Sicamous FWS and Malakwa MoTI stations
A5: Solar W/m2
B6: LiCor silicon Pyranometer at 6 m
B7: Kmax from 10 min simulation
A8: PAR mol/m2/d
B9: LiCor PAR sensor 6 m above surface. Calibration drift problem | I9: 6 m air Temperature
A10: Tair C | H10: 1 Jan to 29 Feb, June 1-6
B11: HMP35C in RMYoung pie plate sheild at 6 m | I11: Tave C = MoTI* 0.77 - 6.2
B12: Thermocouples referenced to thermistor on panel at 3 m, 1.5 m and 0.25 m | I12: Tmax C = MoTI*0.69 - 5.3
I13: Tmin C = 2*Tave - Tmax This is used because the Tmin relationship was weak and gives some minimums that appear too low.
H14: 7 Jun to 18 Sept
A15: RH % | I15: Tave C = FWS* 0.82 - 1.1
B16: HMP35C in RMYoung pie plate sheild at 6 m | I16: Tmax C = FWS*0.92 - 0.52
B17: Corrected RH based on Rhmax=100. Calculated vpres (kPa) | I17: Tmin C = FWS*0.61 - 1.82
D18: 7 Jun to 18 Sept | F18: Rhmincor % = FWS*0.85 - 2.6
A20: Soil temperature C
B21: Thermocouples referenced to thermistor on panel at 0.15 m and 0.5 m depths
A22: Precipitation mm
B23: Sierra Misco tipping bucket not working
C24: Estimate from Sicamous FWS and MoTi Malakwa
A25: Snow depth m, mm
B26: CSI UDG01
A27: Wind m/s
B28: MetOne anemometer at 6 m
A29: Wind direction degrees
B30: MetOne Wind vane at 6 m
A32: PPT= snow+rain
B33: Snow = Daily increase in pack depth and assumed compacted density of 0.13 Mg/m3
B34: Rain = Rain gauge.
C35: If there is a snow pack then review tiping bucket data to determine if likely snow melt rather than rain, i.e., tipping when above zero and low humidity and sunny.
C36: Also sum tipping bucket over days to see if simialr total to water equivalent of snow fal from depth change.
C37: Sicamous Fire Weather Station rainfall adjusted by *1.05 | H37: MoTI Malakwa adjusted by *1.4*1.05
A38: Vapour pressure kPa
B39: 1 Jan to 29 Feb, June 1-6: Esat at minimum air temperature
B40: Calculated from the daily maximum temperature and mininimum relative humdity: esat(Tmax)*RHmin/100
A41: Maximum vapour presure deficit
B42: 1 Jan to 29 Feb, June 1-6: vpd kPa = esat(Tmax)-esat(Tmin)
B43: Calculated from the daily maximum temperature and mininimum relative humdity: esat(Tmax)*(1-RHmin/100)
N93: June-Aug FWS and MoTI

Sheet PPTest
A1: Precipitation | I1: 0.13 | K1: Rain | L1: Malakwa*1.4*1.05 | P1: Max density | Q1: 0.4
A2: =Data!A2 -> Last edit 21/04/25 | K2: SnowDepthChange | P2: Start Density | Q2: 0.23
C3: Total | K3: FWS* | L3: 1.05
C4: Solar | D4: Tmax | E4: Tmin | F4: Rhmin | G4: Rain | H4: SnowD | I4: Precip.from | J4: FWS | M4: FWS | N4: Sicamous | P4: density | R4: SWE | S4: dSWE | T4: Melt
A5: Date | B5: DoY | C5: MJ/m2/d | I5: snow depth | K5: Precipitation | P5: g/cm3 | R5: mm | S5: mm | T5: mm
H6: 650 | Q6: =Q2 -> 0.23 | R6: =H6*Q$2 -> 149.5 | S6: 0 | T6: 0
A7: 36526 | B7: 1 | C7: =ROUND(Data!BO7,2) -> 0 | D7: =ROUND(Data!R7,1) -> -6.8 | E7: =ROUND(Data!AF7,1) -> -11.4 | F7: =Data!BT7 -> 0 | G7: =Data!Q7 -> 0 | H7: =Data!BF7 -> 0 | I7: =IF(H7>H6,ROUND((H7-H6)*I$1,1),0) -> 0 | J7: =Data!BX7 -> 12.32 | K7: =J7*L$3 -> 12.936 | M7: =J7 -> 12.32 | N7: =K7 -> 12.936 | R7: =R6+K7 -> 162.436 | S7: =R7-R6 -> 12.936 | T7: =K7-S7 -> 0
A8: =A7+1 -> 36527 | B8: 2 | C8: =ROUND(Data!BO8,2) -> 0 | D8: =ROUND(Data!R8,1) -> -5 | E8: =ROUND(Data!AF8,1) -> -10.2 | F8: =Data!BT8 -> 0 | G8: =Data!Q8 -> 0 | H8: =Data!BF8 -> 0 | I8: =IF(H8>H7,ROUND((H8-H7)*I$1,1),0) -> 0 | J8: =Data!BX8 -> 4.06 | K8: =J8*L$3 -> 4.263 | M8: =J8+M7 -> 16.38 | N8: =K8+N7 -> 17.199 | R8: =R7+K8 -> 166.699 | S8: =R8-R7 -> 4.263 | T8: =K8-S8 -> 0
A9: =A8+1 -> 36528 | B9: 3 | C9: =ROUND(Data!BO9,2) -> 0 | D9: =ROUND(Data!R9,1) -> -5.4 | E9: =ROUND(Data!AF9,1) -> -9.4 | F9: =Data!BT9 -> 0 | G9: =Data!Q9 -> 0 | H9: =Data!BF9 -> 0 | I9: =IF(H9>H8,ROUND((H9-H8)*I$1,1),0) -> 0 | J9: =Data!BX9 -> 4.62 | K9: =J9*L$3 -> 4.851 | M9: =J9+M8 -> 21 | N9: =K9+N8 -> 22.05 | R9: =R8+K9 -> 171.55 | S9: =R9-R8 -> 4.851 | T9: =K9-S9 -> 0
A10: =A9+1 -> 36529 | B10: 4 | C10: =ROUND(Data!BO10,2) -> 0 | D10: =ROUND(Data!R10,1) -> -5.2 | E10: =ROUND(Data!AF10,1) -> -8.8 | F10: =Data!BT10 -> 0 | G10: =Data!Q10 -> 0 | H10: =Data!BF10 -> 0 | I10: =IF(H10>H9,ROUND((H10-H9)*I$1,1),0) -> 0 | J10: =Data!BX10 -> 6.16 | K10: =J10*L$3 -> 6.468 | M10: =J10+M9 -> 27.16 | N10: =K10+N9 -> 28.518 | R10: =R9+K10 -> 178.018 | S10: =R10-R9 -> 6.468 | T10: =K10-S10 -> 7.9936058e-15
A11: =A10+1 -> 36530 | B11: 5 | C11: =ROUND(Data!BO11,2) -> 0 | D11: =ROUND(Data!R11,1) -> -5 | E11: =ROUND(Data!AF11,1) -> -9.4 | F11: =Data!BT11 -> 0 | G11: =Data!Q11 -> 0 | H11: =Data!BF11 -> 0 | I11: =IF(H11>H10,ROUND((H11-H10)*I$1,1),0) -> 0 | J11: =Data!BX11 -> 0.98 | K11: =J11*L$3 -> 1.029 | M11: =J11+M10 -> 28.14 | N11: =K11+N10 -> 29.547 | R11: =R10+K11 -> 179.047 | S11: =R11-R10 -> 1.029 | T11: =K11-S11 -> 3.5527137e-15
A12: =A11+1 -> 36531 | B12: 6 | C12: =ROUND(Data!BO12,2) -> 0 | D12: =ROUND(Data!R12,1) -> -5.8 | E12: =ROUND(Data!AF12,1) -> -9.2 | F12: =Data!BT12 -> 0 | G12: =Data!Q12 -> 0 | H12: =Data!BF12 -> 0 | I12: =IF(H12>H11,ROUND((H12-H11)*I$1,1),0) -> 0 | J12: =Data!BX12 -> 21.56 | K12: =J12*L$3 -> 22.638 | M12: =J12+M11 -> 49.7 | N12: =K12+N11 -> 52.185 | R12: =R11+K12 -> 201.685 | S12: =R12-R11 -> 22.638 | T12: =K12-S12 -> 0
A13: =A12+1 -> 36532 | B13: 7 | C13: =ROUND(Data!BO13,2) -> 0 | D13: =ROUND(Data!R13,1) -> -4.8 | E13: =ROUND(Data!AF13,1) -> -8.8 | F13: =Data!BT13 -> 0 | G13: =Data!Q13 -> 0 | H13: =Data!BF13 -> 0 | I13: =IF(H13>H12,ROUND((H13-H12)*I$1,1),0) -> 0 | J13: =Data!BX13 -> 0 | K13: =J13*L$3 -> 0 | M13: =J13+M12 -> 49.7 | N13: =K13+N12 -> 52.185 | R13: =R12+K13 -> 201.685 | S13: =R13-R12 -> 0 | T13: =K13-S13 -> 0
A14: =A13+1 -> 36533 | B14: 8 | C14: =ROUND(Data!BO14,2) -> 0 | D14: =ROUND(Data!R14,1) -> -5.2 | E14: =ROUND(Data!AF14,1) -> -7.6 | F14: =Data!BT14 -> 0 | G14: =Data!Q14 -> 0 | H14: =Data!BF14 -> 0 | I14: =IF(H14>H13,ROUND((H14-H13)*I$1,1),0) -> 0 | J14: =Data!BX14 -> 21 | K14: =J14*L$3 -> 22.05 | M14: =J14+M13 -> 70.7 | N14: =K14+N13 -> 74.235 | R14: =R13+K14 -> 223.735 | S14: =R14-R13 -> 22.05 | T14: =K14-S14 -> 0
A15: =A14+1 -> 36534 | B15: 9 | C15: =ROUND(Data!BO15,2) -> 0 | D15: =ROUND(Data!R15,1) -> -4.8 | E15: =ROUND(Data!AF15,1) -> -9 | F15: =Data!BT15 -> 0 | G15: =Data!Q15 -> 0 | H15: =Data!BF15 -> 0 | I15: =IF(H15>H14,ROUND((H15-H14)*I$1,1),0) -> 0 | J15: =Data!BX15 -> 6.72 | K15: =J15*L$3 -> 7.056 | M15: =J15+M14 -> 77.42 | N15: =K15+N14 -> 81.291 | R15: =R14+K15 -> 230.791 | S15: =R15-R14 -> 7.056 | T15: =K15-S15 -> -1.1546319e-14
A16: =A15+1 -> 36535 | B16: 10 | C16: =ROUND(Data!BO16,2) -> 0 | D16: =ROUND(Data!R16,1) -> -5.6 | E16: =ROUND(Data!AF16,1) -> -14.4 | F16: =Data!BT16 -> 0 | G16: =Data!Q16 -> 0 | H16: =Data!BF16 -> 0 | I16: =IF(H16>H15,ROUND((H16-H15)*I$1,1),0) -> 0 | J16: =Data!BX16 -> 0.7 | K16: =J16*L$3 -> 0.735 | M16: =J16+M15 -> 78.12 | N16: =K16+N15 -> 82.026 | R16: =R15+K16 -> 231.526 | S16: =R16-R15 -> 0.735 | T16: =K16-S16 -> -1.3655743e-14
A17: =A16+1 -> 36536 | B17: 11 | C17: =ROUND(Data!BO17,2) -> 0 | D17: =ROUND(Data!R17,1) -> -7.2 | E17: =ROUND(Data!AF17,1) -> -14.8 | F17: =Data!BT17 -> 0 | G17: =Data!Q17 -> 0 | H17: =Data!BF17 -> 0 | I17: =IF(H17>H16,ROUND((H17-H16)*I$1,1),0) -> 0 | J17: =Data!BX17 -> 1.68 | K17: =J17*L$3 -> 1.764 | M17: =J17+M16 -> 79.8 | N17: =K17+N16 -> 83.79 | R17: =R16+K17 -> 233.29 | S17: =R17-R16 -> 1.764 | T17: =K17-S17 -> -9.7699626e-15
A18: =A17+1 -> 36537 | B18: 12 | C18: =ROUND(Data!BO18,2) -> 0 | D18: =ROUND(Data!R18,1) -> -6.3 | E18: =ROUND(Data!AF18,1) -> -13.9 | F18: =Data!BT18 -> 0 | G18: =Data!Q18 -> 0 | H18: =Data!BF18 -> 0 | I18: =IF(H18>H17,ROUND((H18-H17)*I$1,1),0) -> 0 | J18: =Data!BX18 -> 3.92 | K18: =J18*L$3 -> 4.116 | M18: =J18+M17 -> 83.72 | N18: =K18+N17 -> 87.906 | R18: =R17+K18 -> 237.406 | S18: =R18-R17 -> 4.116 | T18: =K18-S18 -> -1.2434498e-14
A19: =A18+1 -> 36538 | B19: 13 | C19: =ROUND(Data!BO19,2) -> 0 | D19: =ROUND(Data!R19,1) -> -5.4 | E19: =ROUND(Data!AF19,1) -> -14.2 | F19: =Data!BT19 -> 0 | G19: =Data!Q19 -> 0 | H19: =Data!BF19 -> 0 | I19: =IF(H19>H18,ROUND((H19-H18)*I$1,1),0) -> 0 | J19: =Data!BX19 -> 0 | K19: =J19*L$3 -> 0 | M19: =J19+M18 -> 83.72 | N19: =K19+N18 -> 87.906 | R19: =R18+K19 -> 237.406 | S19: =R19-R18 -> 0 | T19: =K19-S19 -> 0
... A67: =A66+1 -> 36586 | B67: 61 | C67: =ROUND(Data!BO67,2) -> 0 | D67: =ROUND(Data!R67,1) -> -0.7 | E67: =ROUND(Data!AF67,1) -> -6.5 | F67: =Data!BT67 -> 0 | G67: =Data!Q67 -> 0 | H67: =Data!BF67 -> 0 | I67: =IF(H67>H66,ROUND((H67-H66)*I$1,1),0) -> 0 | J67: =Data!BX67 -> 4.76 | K67: =J67*L$3 -> 4.998 | M67: =J67+M66 -> 198.94 | N67: =K67+N66 -> 208.887 | R67: =R66+K67 -> 358.387 | S67: =R67-R66 -> 4.998 | T67: =K67-S67 -> 9.7699626e-15
A68: =A67+1 -> 36587 | B68: 62 | C68: =ROUND(Data!BO68,2) -> 0.51 | D68: =ROUND(Data!R68,1) -> -0.4 | E68: =ROUND(Data!AF68,1) -> -6.1 | F68: =Data!BT68 -> 79.7 | G68: =Data!Q68 -> 0 | H68: =Data!BF68 -> 1250 | I68: 0 | J68: =Data!BX68 -> 5.18 | K68: =J68*L$3 -> 5.439 | M68: =J68+M67 -> 204.12 | N68: =K68+N67 -> 214.326 | P68: =(R67+K68)/H68 -> 0.2910608 | Q68: =IF(P68>Q$1,Q$1,P68) -> 0.2910608 | R68: =Q68*H68 -> 363.826 | S68: =R68-R67 -> 5.439 | T68: =K68-S68 -> -2.1316282e-14
A69: =A68+1 -> 36588 | B69: 63 | C69: =ROUND(Data!BO69,2) -> 1.06 | D69: =ROUND(Data!R69,1) -> -0.3 | E69: =ROUND(Data!AF69,1) -> -7 | F69: =Data!BT69 -> 75 | G69: =Data!Q69 -> 0 | H69: =Data!BF69 -> 1293 | I69: =IF(H69>H68,ROUND((H69-H68)*I$1,1),0) -> 5.6 | J69: =Data!BX69 -> 7.98 | K69: =I69 -> 5.6 | M69: =J69+M68 -> 212.1 | N69: =K69+N68 -> 219.926 | P69: =(R68+K69)/H69 -> 0.2857123 | Q69: =IF(P69>Q$1,Q$1,P69) -> 0.2857123 | R69: =Q69*H69 -> 369.426 | S69: =R69-R68 -> 5.6 | T69: =K69-S69 -> -7.9936058e-14
A70: =A69+1 -> 36589 | B70: 64 | C70: =ROUND(Data!BO70,2) -> 1.15 | D70: =ROUND(Data!R70,1) -> -1.2 | E70: =ROUND(Data!AF70,1) -> -7.4 | F70: =Data!BT70 -> 82 | G70: =Data!Q70 -> 0 | H70: =Data!BF70 -> 1318 | I70: =IF(H70>H69,ROUND((H70-H69)*I$1,1),0) -> 3.3 | J70: =Data!BX70 -> 9.24 | K70: =I70 -> 3.3 | M70: =J70+M69 -> 221.34 | N70: =K70+N69 -> 223.226 | P70: =(R69+K70)/H70 -> 0.28279666 | Q70: =IF(P70>Q$1,Q$1,P70) -> 0.28279666 | R70: =Q70*H70 -> 372.726 | S70: =R70-R69 -> 3.3 | T70: =K70-S70 -> -1.1546319e-14
A71: =A70+1 -> 36590 | B71: 65 | C71: =ROUND(Data!BO71,2) -> 2.33 | D71: =ROUND(Data!R71,1) -> -1.6 | E71: =ROUND(Data!AF71,1) -> -12.5 | F71: =Data!BT71 -> 60 | G71: =Data!Q71 -> 0 | H71: =Data!BF71 -> 1288 | I71: =IF(H71>H70,ROUND((H71-H70)*I$1,1),0) -> 0 | J71: =Data!BX71 -> 0 | K71: =I71 -> 0 | M71: =J71+M70 -> 221.34 | N71: =K71+N70 -> 223.226 | P71: =(R70+K71)/H71 -> 0.28938354 | Q71: =IF(P71>Q$1,Q$1,P71) -> 0.28938354 | R71: =Q71*H71 -> 372.726 | S71: =R71-R70 -> 0 | T71: =K71-S71 -> 0
A72: =A71+1 -> 36591 | B72: 66 | C72: =ROUND(Data!BO72,2) -> 1.38 | D72: =ROUND(Data!R72,1) -> -4.3 | E72: =ROUND(Data!AF72,1) -> -16.1 | F72: =Data!BT72 -> 83.1 | G72: =Data!Q72 -> 0 | H72: =Data!BF72 -> 1304 | I72: =IF(H72>H71,ROUND((H72-H71)*I$1,1),0) -> 2.1 | J72: =Data!BX72 -> 2.38 | K72: =I72 -> 2.1 | M72: =J72+M71 -> 223.72 | N72: =K72+N71 -> 225.326 | P72: =(R71+K72)/H72 -> 0.28744325 | Q72: =IF(P72>Q$1,Q$1,P72) -> 0.28744325 | R72: =Q72*H72 -> 374.826 | S72: =R72-R71 -> 2.1 | T72: =K72-S72 -> -2.264855e-14
A73: =A72+1 -> 36592 | B73: 67 | C73: =ROUND(Data!BO73,2) -> 8.24 | D73: =ROUND(Data!R73,1) -> 0.1 | E73: =ROUND(Data!AF73,1) -> -18.9 | F73: =Data!BT73 -> 32.7 | G73: =Data!Q73 -> 0 | H73: =Data!BF73 -> 1278 | I73: =IF(H73>H72,ROUND((H73-H72)*I$1,1),0) -> 0 | J73: =Data!BX73 -> 0.28 | K73: =I73 -> 0 | M73: =J73+M72 -> 224 | N73: =K73+N72 -> 225.326 | P73: =(R72+K73)/H73 -> 0.29329108 | Q73: =IF(P73>Q$1,Q$1,P73) -> 0.29329108 | R73: =Q73*H73 -> 374.826 | S73: =R73-R72 -> 0 | T73: =K73-S73 -> 0
A74: =A73+1 -> 36593 | B74: 68 | C74: =ROUND(Data!BO74,2) -> 11.82 | D74: =ROUND(Data!R74,1) -> 3.4 | E74: =ROUND(Data!AF74,1) -> -11.2 | F74: =Data!BT74 -> 37.2 | G74: =Data!Q74 -> 0 | H74: =Data!BF74 -> 1254 | I74: =IF(H74>H73,ROUND((H74-H73)*I$1,1),0) -> 0 | J74: =Data!BX74 -> 0 | K74: =I74 -> 0 | M74: =J74+M73 -> 224 | N74: =K74+N73 -> 225.326 | P74: =(R73+K74)/H74 -> 0.29890431 | Q74: =IF(P74>Q$1,Q$1,P74) -> 0.29890431 | R74: =Q74*H74 -> 374.826 | S74: =R74-R73 -> 0 | T74: =K74-S74 -> 0
A75: =A74+1 -> 36594 | B75: 69 | C75: =ROUND(Data!BO75,2) -> 4.44 | D75: =ROUND(Data!R75,1) -> 0.9 | E75: =ROUND(Data!AF75,1) -> -3 | F75: =Data!BT75 -> 69 | G75: =Data!Q75 -> 0 | H75: =Data!BF75 -> 1253 | I75: =IF(H75>H74,ROUND((H75-H74)*I$1,1),0) -> 0 | J75: =Data!BX75 -> 0.84 | K75: =I75 -> 0 | M75: =J75+M74 -> 224.84 | N75: =K75+N74 -> 225.326 | P75: =(R74+K75)/H75 -> 0.29914286 | Q75: =IF(P75>Q$1,Q$1,P75) -> 0.29914286 | R75: =Q75*H75 -> 374.826 | S75: =R75-R74 -> 0 | T75: =K75-S75 -> 0
A76: =A75+1 -> 36595 | B76: 70 | C76: =ROUND(Data!BO76,2) -> 10.16 | D76: =ROUND(Data!R76,1) -> 3.2 | E76: =ROUND(Data!AF76,1) -> -3.9 | F76: =Data!BT76 -> 52.3 | G76: =Data!Q76 -> 0 | H76: =Data!BF76 -> 1244 | I76: =IF(H76>H75,ROUND((H76-H75)*I$1,1),0) -> 0 | J76: =Data!BX76 -> 0.42 | K76: =I76 -> 0 | M76: =J76+M75 -> 225.26 | N76: =K76+N75 -> 225.326 | P76: =(R75+K76)/H76 -> 0.30130707 | Q76: =IF(P76>Q$1,Q$1,P76) -> 0.30130707 | R76: =Q76*H76 -> 374.826 | S76: =R76-R75 -> 0 | T76: =K76-S76 -> 0
A77: =A76+1 -> 36596 | B77: 71 | C77: =ROUND(Data!BO77,2) -> 9.51 | D77: =ROUND(Data!R77,1) -> 0.8 | E77: =ROUND(Data!AF77,1) -> -3.9 | F77: =Data!BT77 -> 46.6 | G77: =Data!Q77 -> 0 | H77: =Data!BF77 -> 1240 | I77: =IF(H77>H76,ROUND((H77-H76)*I$1,1),0) -> 0 | J77: =Data!BX77 -> 1.96 | K77: =I77 -> 0 | M77: =J77+M76 -> 227.22 | N77: =K77+N76 -> 225.326 | P77: =(R76+K77)/H77 -> 0.30227903 | Q77: =IF(P77>Q$1,Q$1,P77) -> 0.30227903 | R77: =Q77*H77 -> 374.826 | S77: =R77-R76 -> 0 | T77: =K77-S77 -> 0
A78: =A77+1 -> 36597 | B78: 72 | C78: =ROUND(Data!BO78,2) -> 9.42 | D78: =ROUND(Data!R78,1) -> 0.8 | E78: =ROUND(Data!AF78,1) -> -9.7 | F78: =Data!BT78 -> 49.1 | G78: =Data!Q78 -> 0 | H78: =Data!BF78 -> 1233 | I78: =IF(H78>H77,ROUND((H78-H77)*I$1,1),0) -> 0 | J78: =Data!BX78 -> 0 | K78: =I78 -> 0 | M78: =J78+M77 -> 227.22 | N78: =K78+N77 -> 225.326 | P78: =(R77+K78)/H78 -> 0.30399513 | Q78: =IF(P78>Q$1,Q$1,P78) -> 0.30399513 | R78: =Q78*H78 -> 374.826 | S78: =R78-R77 -> 0 | T78: =K78-S78 -> 0
A79: =A78+1 -> 36598 | B79: 73 | C79: =ROUND(Data!BO79,2) -> 11.04 | D79: =ROUND(Data!R79,1) -> 3.3 | E79: =ROUND(Data!AF79,1) -> -5.7 | F79: =Data!BT79 -> 45.4 | G79: =Data!Q79 -> 0 | H79: =Data!BF79 -> 1208 | I79: =IF(H79>H78,ROUND((H79-H78)*I$1,1),0) -> 0 | J79: =Data!BX79 -> 0 | K79: =I79 -> 0 | M79: =J79+M78 -> 227.22 | N79: =K79+N78 -> 225.326 | P79: =(R78+K79)/H79 -> 0.31028642 | Q79: =IF(P79>Q$1,Q$1,P79) -> 0.31028642 | R79: =Q79*H79 -> 374.826 | S79: =R79-R78 -> 0 | T79: =K79-S79 -> 0
A80: =A79+1 -> 36599 | B80: 74 | C80: =ROUND(Data!BO80,2) -> 2.68 | D80: =ROUND(Data!R80,1) -> -1.6 | E80: =ROUND(Data!AF80,1) -> -4.6 | F80: =Data!BT80 -> 90.9 | G80: =Data!Q80 -> 0 | H80: =Data!BF80 -> 1348 | I80: =IF(H80>H79,ROUND((H80-H79)*I$1,1),0) -> 18.2 | J80: =Data!BX80 -> 16.8 | K80: =I80 -> 18.2 | M80: =J80+M79 -> 244.02 | N80: =K80+N79 -> 243.526 | P80: =(R79+K80)/H80 -> 0.29156231 | Q80: =IF(P80>Q$1,Q$1,P80) -> 0.29156231 | R80: =Q80*H80 -> 393.026 | S80: =R80-R79 -> 18.2 | T80: =K80-S80 -> 0
... A110: =A109+1 -> 36629 | B110: 104 | C110: =ROUND(Data!BO110,2) -> 5.17 | D110: =ROUND(Data!R110,1) -> 3.7 | E110: =ROUND(Data!AF110,1) -> -4.9 | F110: =Data!BT110 -> 80.6 | G110: =Data!Q110 -> 0 | H110: =Data!BF110 -> 1169 | I110: =IF(H110>H109,ROUND((H110-H109)*I$1,1),0) -> 8.3 | J110: =Data!BX110 -> 13.16 | K110: =I110 -> 8.3 | M110: =J110+M109 -> 318.78 | N110: =K110+N109 -> 293.126 | P110: =(R109+K110)/H110 -> 0.37863644 | Q110: =IF(P110>Q$1,Q$1,P110) -> 0.37863644 | R110: =Q110*H110 -> 442.626 | S110: =R110-R109 -> 8.3 | T110: =K110-S110 -> 0
A111: =A110+1 -> 36630 | B111: 105 | C111: =ROUND(Data!BO111,2) -> 2.01 | D111: =ROUND(Data!R111,1) -> 0.6 | E111: =ROUND(Data!AF111,1) -> -5.7 | F111: =Data!BT111 -> 92 | G111: =Data!Q111 -> 0 | H111: =Data!BF111 -> 1169 | I111: =IF(H111>H110,ROUND((H111-H110)*I$1,1),0) -> 0 | J111: =Data!BX111 -> 4.9 | K111: =J111*L$3 -> 5.145 | M111: =J111+M110 -> 323.68 | N111: =K111+N110 -> 298.271 | P111: =(R110+K111)/H111 -> 0.38303764 | Q111: =IF(P111>Q$1,Q$1,P111) -> 0.38303764 | R111: =Q111*H111 -> 447.771 | S111: =R111-R110 -> 5.145 | T111: =K111-S111 -> 1.8651747e-14
A112: =A111+1 -> 36631 | B112: 106 | C112: =ROUND(Data!BO112,2) -> 15.04 | D112: =ROUND(Data!R112,1) -> 4.2 | E112: =ROUND(Data!AF112,1) -> -3 | F112: =Data!BT112 -> 59.2 | G112: =Data!Q112 -> 0 | H112: =Data!BF112 -> 1138 | I112: =IF(H112>H111,ROUND((H112-H111)*I$1,1),0) -> 0 | J112: =Data!BX112 -> 4.48 | K112: =J112*L$3 -> 4.704 | M112: =J112+M111 -> 328.16 | N112: =K112+N111 -> 302.975 | P112: =(R111+K112)/H112 -> 0.39760545 | Q112: =IF(P112>Q$1,Q$1,P112) -> 0.39760545 | R112: =Q112*H112 -> 452.475 | S112: =R112-R111 -> 4.704 | T112: =K112-S112 -> 4.8849813e-14
A113: =A112+1 -> 36632 | B113: 107 | C113: =ROUND(Data!BO113,2) -> 13.27 | D113: =ROUND(Data!R113,1) -> 5.5 | E113: =ROUND(Data!AF113,1) -> -6.5 | F113: =Data!BT113 -> 54.9 | G113: =Data!Q113 -> 0 | H113: =Data!BF113 -> 1154 | I113: =IF(H113>H112,ROUND((H113-H112)*I$1,1),0) -> 2.1 | J113: =Data!BX113 -> 0 | K113: =I113 -> 2.1 | M113: =J113+M112 -> 328.16 | N113: =K113+N112 -> 305.075 | P113: =(R112+K113)/H113 -> 0.39391248 | Q113: =IF(P113>Q$1,Q$1,P113) -> 0.39391248 | R113: =Q113*H113 -> 454.575 | S113: =R113-R112 -> 2.1 | T113: =K113-S113 -> -2.264855e-14
A114: =A113+1 -> 36633 | B114: 108 | C114: =ROUND(Data!BO114,2) -> 25.37 | D114: =ROUND(Data!R114,1) -> 7.7 | E114: =ROUND(Data!AF114,1) -> -6.1 | F114: =Data!BT114 -> 24.5 | G114: =Data!Q114 -> 0 | H114: =Data!BF114 -> 1109 | I114: =IF(H114>H113,ROUND((H114-H113)*I$1,1),0) -> 0 | J114: =Data!BX114 -> 0 | K114: =I114 -> 0 | M114: =J114+M113 -> 328.16 | N114: =K114+N113 -> 305.075 | P114: =(R113+K114)/H114 -> 0.4098963 | Q114: =IF(P114>Q$1,Q$1,P114) -> 0.4 | R114: =Q114*H114 -> 443.6 | S114: =R114-R113 -> -10.975 | T114: =K114-S114 -> 10.975
A115: =A114+1 -> 36634 | B115: 109 | C115: =ROUND(Data!BO115,2) -> 24.65 | D115: =ROUND(Data!R115,1) -> 12.2 | E115: =ROUND(Data!AF115,1) -> -7.2 | F115: =Data!BT115 -> 17.5 | G115: =Data!Q115 -> 0 | H115: =Data!BF115 -> 1061 | I115: =IF(H115>H114,ROUND((H115-H114)*I$1,1),0) -> 0 | J115: =Data!BX115 -> 0 | K115: =I115 -> 0 | M115: =J115+M114 -> 328.16 | N115: =K115+N114 -> 305.075 | P115: =(R114+K115)/H115 -> 0.41809614 | Q115: =IF(P115>Q$1,Q$1,P115) -> 0.4 | R115: =Q115*H115 -> 424.4 | S115: =R115-R114 -> -19.2 | T115: =K115-S115 -> 19.2
A116: =A115+1 -> 36635 | B116: 110 | C116: =ROUND(Data!BO116,2) -> 25.74 | D116: =ROUND(Data!R116,1) -> 12.7 | E116: =ROUND(Data!AF116,1) -> -5.2 | F116: =Data!BT116 -> 24 | G116: =Data!Q116 -> 0 | H116: =Data!BF116 -> 1023 | I116: =IF(H116>H115,ROUND((H116-H115)*I$1,1),0) -> 0 | J116: =Data!BX116 -> 0 | K116: =I116 -> 0 | M116: =J116+M115 -> 328.16 | N116: =K116+N115 -> 305.075 | P116: =(R115+K116)/H116 -> 0.41485826 | Q116: =IF(P116>Q$1,Q$1,P116) -> 0.4 | R116: =Q116*H116 -> 409.2 | S116: =R116-R115 -> -15.2 | T116: =K116-S116 -> 15.2
A117: =A116+1 -> 36636 | B117: 111 | C117: =ROUND(Data!BO117,2) -> 14.45 | D117: =ROUND(Data!R117,1) -> 8.8 | E117: =ROUND(Data!AF117,1) -> -3 | F117: =Data!BT117 -> 54.1 | G117: =Data!Q117 -> 0 | H117: =Data!BF117 -> 993 | I117: =IF(H117>H116,ROUND((H117-H116)*I$1,1),0) -> 0 | J117: =Data!BX117 -> 0 | K117: =I117 -> 0 | M117: =J117+M116 -> 328.16 | N117: =K117+N116 -> 305.075 | P117: =(R116+K117)/H117 -> 0.41208459 | Q117: =IF(P117>Q$1,Q$1,P117) -> 0.4 | R117: =Q117*H117 -> 397.2 | S117: =R117-R116 -> -12 | T117: =K117-S117 -> 12
A118: =A117+1 -> 36637 | B118: 112 | C118: =ROUND(Data!BO118,2) -> 20.52 | D118: =ROUND(Data!R118,1) -> 12 | E118: =ROUND(Data!AF118,1) -> -1.7 | F118: =Data!BT118 -> 38.1 | G118: =Data!Q118 -> 0 | H118: =Data!BF118 -> 943 | I118: =IF(H118>H117,ROUND((H118-H117)*I$1,1),0) -> 0 | J118: =Data!BX118 -> 0 | K118: =I118 -> 0 | M118: =J118+M117 -> 328.16 | N118: =K118+N117 -> 305.075 | P118: =(R117+K118)/H118 -> 0.42120891 | Q118: =IF(P118>Q$1,Q$1,P118) -> 0.4 | R118: =Q118*H118 -> 377.2 | S118: =R118-R117 -> -20 | T118: =K118-S118 -> 20
A119: =A118+1 -> 36638 | B119: 113 | C119: =ROUND(Data!BO119,2) -> 21.13 | D119: =ROUND(Data!R119,1) -> 7.7 | E119: =ROUND(Data!AF119,1) -> -2.5 | F119: =Data!BT119 -> 20.3 | G119: =Data!Q119 -> 0 | H119: =Data!BF119 -> 887 | I119: =IF(H119>H118,ROUND((H119-H118)*I$1,1),0) -> 0 | J119: =Data!BX119 -> 0.98 | K119: =I119 -> 0 | M119: =J119+M118 -> 329.14 | N119: =K119+N118 -> 305.075 | P119: =(R118+K119)/H119 -> 0.42525366 | Q119: =IF(P119>Q$1,Q$1,P119) -> 0.4 | R119: =Q119*H119 -> 354.8 | S119: =R119-R118 -> -22.4 | T119: =K119-S119 -> 22.4
A120: =A119+1 -> 36639 | B120: 114 | C120: =ROUND(Data!BO120,2) -> 15.43 | D120: =ROUND(Data!R120,1) -> 5.7 | E120: =ROUND(Data!AF120,1) -> -5.6 | F120: =Data!BT120 -> 27.4 | G120: =Data!Q120 -> 0 | H120: =Data!BF120 -> 923 | I120: =IF(H120>H119,ROUND((H120-H119)*I$1,1),0) -> 4.7 | J120: =Data!BX120 -> 0 | K120: =I120 -> 4.7 | M120: =J120+M119 -> 329.14 | N120: =K120+N119 -> 309.775 | P120: =(R119+K120)/H120 -> 0.38949079 | Q120: =IF(P120>Q$1,Q$1,P120) -> 0.38949079 | R120: =Q120*H120 -> 359.5 | S120: =R120-R119 -> 4.7 | T120: =K120-S120 -> 1.1546319e-14
A121: =A120+1 -> 36640 | B121: 115 | C121: =ROUND(Data!BO121,2) -> 17.38 | D121: =ROUND(Data!R121,1) -> 3.1 | E121: =ROUND(Data!AF121,1) -> -7.4 | F121: =Data!BT121 -> 35.3 | G121: =Data!Q121 -> 0 | H121: =Data!BF121 -> 889 | I121: =IF(H121>H120,ROUND((H121-H120)*I$1,1),0) -> 0 | J121: =Data!BX121 -> 0 | K121: =I121 -> 0 | M121: =J121+M120 -> 329.14 | N121: =K121+N120 -> 309.775 | P121: =(R120+K121)/H121 -> 0.40438695 | Q121: =IF(P121>Q$1,Q$1,P121) -> 0.4 | R121: =Q121*H121 -> 355.6 | S121: =R121-R120 -> -3.9 | T121: =K121-S121 -> 3.9
A122: =A121+1 -> 36641 | B122: 116 | C122: =ROUND(Data!BO122,2) -> 12.46 | D122: =ROUND(Data!R122,1) -> 3.1 | E122: =ROUND(Data!AF122,1) -> -7.8 | F122: =Data!BT122 -> 48.8 | G122: =Data!Q122 -> 0 | H122: =Data!BF122 -> 881 | I122: =IF(H122>H121,ROUND((H122-H121)*I$1,1),0) -> 0 | J122: =Data!BX122 -> 0 | K122: =I122 -> 0 | M122: =J122+M121 -> 329.14 | N122: =K122+N121 -> 309.775 | P122: =(R121+K122)/H122 -> 0.40363224 | Q122: =IF(P122>Q$1,Q$1,P122) -> 0.4 | R122: =Q122*H122 -> 352.4 | S122: =R122-R121 -> -3.2 | T122: =K122-S122 -> 3.2
A123: =A122+1 -> 36642 | B123: 117 | C123: =ROUND(Data!BO123,2) -> 26.95 | D123: =ROUND(Data!R123,1) -> 7.6 | E123: =ROUND(Data!AF123,1) -> -6.2 | F123: =Data!BT123 -> 31.4 | G123: =Data!Q123 -> 0 | H123: =Data!BF123 -> 843 | I123: =IF(H123>H122,ROUND((H123-H122)*I$1,1),0) -> 0 | J123: =Data!BX123 -> 0 | K123: =I123 -> 0 | M123: =J123+M122 -> 329.14 | N123: =K123+N122 -> 309.775 | P123: =(R122+K123)/H123 -> 0.41803084 | Q123: =IF(P123>Q$1,Q$1,P123) -> 0.4 | R123: =Q123*H123 -> 337.2 | S123: =R123-R122 -> -15.2 | T123: =K123-S123 -> 15.2
A124: =A123+1 -> 36643 | B124: 118 | C124: =ROUND(Data!BO124,2) -> 17.87 | D124: =ROUND(Data!R124,1) -> 15.9 | E124: =ROUND(Data!AF124,1) -> 2.2 | F124: =Data!BT124 -> 24.4 | G124: =Data!Q124 -> 0 | H124: =Data!BF124 -> 799 | I124: =IF(H124>H123,ROUND((H124-H123)*I$1,1),0) -> 0 | J124: =Data!BX124 -> 0 | K124: =I124 -> 0 | M124: =J124+M123 -> 329.14 | N124: =K124+N123 -> 309.775 | P124: =(R123+K124)/H124 -> 0.42202753 | Q124: =IF(P124>Q$1,Q$1,P124) -> 0.4 | R124: =Q124*H124 -> 319.6 | S124: =R124-R123 -> -17.6 | T124: =K124-S124 -> 17.6
... A136: =A135+1 -> 36655 | B136: 130 | C136: =ROUND(Data!BO136,2) -> 14.54 | D136: =ROUND(Data!R136,1) -> 6.1 | E136: =ROUND(Data!AF136,1) -> -2.1 | F136: =Data!BT136 -> 46.3 | G136: =Data!Q136 -> 0 | H136: =Data!BF136 -> 759 | I136: =IF(H136>H135,ROUND((H136-H135)*I$1,1),0) -> 0.4 | J136: =Data!BX136 -> 0 | K136: =I136 -> 0.4 | M136: =J136+M135 -> 374.78 | N136: =K136+N135 -> 319.075 | P136: =(R135+K136)/H136 -> 0.39657444 | Q136: =IF(P136>Q$1,Q$1,P136) -> 0.39657444 | R136: =Q136*H136 -> 301 | S136: =R136-R135 -> 0.4 | T136: =K136-S136 -> 2.2759572e-14
A137: =A136+1 -> 36656 | B137: 131 | C137: =ROUND(Data!BO137,2) -> 12.56 | D137: =ROUND(Data!R137,1) -> 3 | E137: =ROUND(Data!AF137,1) -> -1.4 | F137: =Data!BT137 -> 66.3 | G137: =Data!Q137 -> 0 | H137: =Data!BF137 -> 752 | I137: =IF(H137>H136,ROUND((H137-H136)*I$1,1),0) -> 0 | J137: =Data!BX137 -> 4.9 | K137: =J137*L$3 -> 5.145 | M137: =J137+M136 -> 379.68 | N137: =K137+N136 -> 324.22 | P137: =(R136+K137)/H137 -> 0.40710771 | Q137: =IF(P137>Q$1,Q$1,P137) -> 0.4 | R137: =Q137*H137 -> 300.8 | S137: =R137-R136 -> -0.2 | T137: =K137-S137 -> 5.345
A138: =A137+1 -> 36657 | B138: 132 | C138: =ROUND(Data!BO138,2) -> 9.52 | D138: =ROUND(Data!R138,1) -> 5 | E138: =ROUND(Data!AF138,1) -> -1.8 | F138: =Data!BT138 -> 69 | G138: =Data!Q138 -> 0 | H138: =Data!BF138 -> 764 | I138: =IF(H138>H137,ROUND((H138-H137)*I$1,1),0) -> 1.6 | J138: =Data!BX138 -> 0.28 | K138: =I138 -> 1.6 | M138: =J138+M137 -> 379.96 | N138: =K138+N137 -> 325.82 | P138: =(R137+K138)/H138 -> 0.39581152 | Q138: =IF(P138>Q$1,Q$1,P138) -> 0.39581152 | R138: =Q138*H138 -> 302.4 | S138: =R138-R137 -> 1.6 | T138: =K138-S138 -> -2.264855e-14
A139: =A138+1 -> 36658 | B139: 133 | C139: =ROUND(Data!BO139,2) -> 14.58 | D139: =ROUND(Data!R139,1) -> 6.1 | E139: =ROUND(Data!AF139,1) -> -2.2 | F139: =Data!BT139 -> 62.5 | G139: =Data!Q139 -> 0 | H139: =Data!BF139 -> 748 | I139: =IF(H139>H138,ROUND((H139-H138)*I$1,1),0) -> 0 | J139: =Data!BX139 -> 0 | K139: =J139*L$3 -> 0 | M139: =J139+M138 -> 379.96 | N139: =K139+N138 -> 325.82 | P139: =(R138+K139)/H139 -> 0.40427807 | Q139: =IF(P139>Q$1,Q$1,P139) -> 0.4 | R139: =Q139*H139 -> 299.2 | S139: =R139-R138 -> -3.2 | T139: =K139-S139 -> 3.2
A140: =A139+1 -> 36659 | B140: 134 | C140: =ROUND(Data!BO140,2) -> 16.77 | D140: =ROUND(Data!R140,1) -> 8.5 | E140: =ROUND(Data!AF140,1) -> -1.7 | F140: =Data!BT140 -> 48.1 | G140: =Data!Q140 -> 0 | H140: =Data!BF140 -> 720 | I140: =IF(H140>H139,ROUND((H140-H139)*I$1,1),0) -> 0 | J140: =Data!BX140 -> 0 | K140: =J140*L$3 -> 0 | M140: =J140+M139 -> 379.96 | N140: =K140+N139 -> 325.82 | P140: =(R139+K140)/H140 -> 0.41555556 | Q140: =IF(P140>Q$1,Q$1,P140) -> 0.4 | R140: =Q140*H140 -> 288 | S140: =R140-R139 -> -11.2 | T140: =K140-S140 -> 11.2
A141: =A140+1 -> 36660 | B141: 135 | C141: =ROUND(Data!BO141,2) -> 15.12 | D141: =ROUND(Data!R141,1) -> 10.5 | E141: =ROUND(Data!AF141,1) -> -3.2 | F141: =Data!BT141 -> 30 | G141: =Data!Q141 -> 0 | H141: =Data!BF141 -> 688 | I141: =IF(H141>H140,ROUND((H141-H140)*I$1,1),0) -> 0 | J141: =Data!BX141 -> 0 | K141: =J141*L$3 -> 0 | M141: =J141+M140 -> 379.96 | N141: =K141+N140 -> 325.82 | P141: =(R140+K141)/H141 -> 0.41860465 | Q141: =IF(P141>Q$1,Q$1,P141) -> 0.4 | R141: =Q141*H141 -> 275.2 | S141: =R141-R140 -> -12.8 | T141: =K141-S141 -> 12.8
A142: =A141+1 -> 36661 | B142: 136 | C142: =ROUND(Data!BO142,2) -> 18.89 | D142: =ROUND(Data!R142,1) -> 14.4 | E142: =ROUND(Data!AF142,1) -> -0.8 | F142: =Data!BT142 -> 30 | G142: =Data!Q142 -> 0 | H142: =Data!BF142 -> 636 | I142: =IF(H142>H141,ROUND((H142-H141)*I$1,1),0) -> 0 | J142: =Data!BX142 -> 0 | K142: =J142*L$3 -> 0 | M142: =J142+M141 -> 379.96 | N142: =K142+N141 -> 325.82 | P142: =(R141+K142)/H142 -> 0.4327044 | Q142: =IF(P142>Q$1,Q$1,P142) -> 0.4 | R142: =Q142*H142 -> 254.4 | S142: =R142-R141 -> -20.8 | T142: =K142-S142 -> 20.8
A143: =A142+1 -> 36662 | B143: 137 | C143: =ROUND(Data!BO143,2) -> 19.18 | D143: =ROUND(Data!R143,1) -> 15.9 | E143: =ROUND(Data!AF143,1) -> -0.7 | F143: =Data!BT143 -> 28.1 | G143: =Data!Q143 -> 0 | H143: =Data!BF143 -> 597 | I143: =IF(H143>H142,ROUND((H143-H142)*I$1,1),0) -> 0 | J143: =Data!BX143 -> 0 | K143: =J143*L$3 -> 0 | M143: =J143+M142 -> 379.96 | N143: =K143+N142 -> 325.82 | P143: =(R142+K143)/H143 -> 0.42613065 | Q143: =IF(P143>Q$1,Q$1,P143) -> 0.4 | R143: =Q143*H143 -> 238.8 | S143: =R143-R142 -> -15.6 | T143: =K143-S143 -> 15.6
A144: =A143+1 -> 36663 | B144: 138 | C144: =ROUND(Data!BO144,2) -> 22.89 | D144: =ROUND(Data!R144,1) -> 12.2 | E144: =ROUND(Data!AF144,1) -> -1.1 | F144: =Data!BT144 -> 39.4 | G144: =Data!Q144 -> 0 | H144: =Data!BF144 -> 546 | I144: =IF(H144>H143,ROUND((H144-H143)*I$1,1),0) -> 0 | J144: =Data!BX144 -> 0 | K144: =J144*L$3 -> 0 | M144: =J144+M143 -> 379.96 | N144: =K144+N143 -> 325.82 | P144: =(R143+K144)/H144 -> 0.43736264 | Q144: =IF(P144>Q$1,Q$1,P144) -> 0.4 | R144: =Q144*H144 -> 218.4 | S144: =R144-R143 -> -20.4 | T144: =K144-S144 -> 20.4
A145: =A144+1 -> 36664 | B145: 139 | C145: =ROUND(Data!BO145,2) -> 21.61 | D145: =ROUND(Data!R145,1) -> 12.1 | E145: =ROUND(Data!AF145,1) -> -1.7 | F145: =Data!BT145 -> 32.7 | G145: =Data!Q145 -> 0 | H145: =Data!BF145 -> 495 | I145: =IF(H145>H144,ROUND((H145-H144)*I$1,1),0) -> 0 | J145: =Data!BX145 -> 0 | K145: =J145*L$3 -> 0 | M145: =J145+M144 -> 379.96 | N145: =K145+N144 -> 325.82 | P145: =(R144+K145)/H145 -> 0.44121212 | Q145: =IF(P145>Q$1,Q$1,P145) -> 0.4 | R145: =Q145*H145 -> 198 | S145: =R145-R144 -> -20.4 | T145: =K145-S145 -> 20.4
A146: =A145+1 -> 36665 | B146: 140 | C146: =ROUND(Data!BO146,2) -> 15.8 | D146: =ROUND(Data!R146,1) -> 10.3 | E146: =ROUND(Data!AF146,1) -> 0.4 | F146: =Data!BT146 -> 58.2 | G146: =Data!Q146 -> 0 | H146: =Data!BF146 -> 441 | I146: =IF(H146>H145,ROUND((H146-H145)*I$1,1),0) -> 0 | J146: =Data!BX146 -> 6.3 | K146: =J146*L$3 -> 6.615 | M146: =J146+M145 -> 386.26 | N146: =K146+N145 -> 332.435 | P146: =(R145+K146)/H146 -> 0.46397959 | Q146: =IF(P146>Q$1,Q$1,P146) -> 0.4 | R146: =Q146*H146 -> 176.4 | S146: =R146-R145 -> -21.6 | T146: =K146-S146 -> 28.215
A147: =A146+1 -> 36666 | B147: 141 | C147: =ROUND(Data!BO147,2) -> 13.05 | D147: =ROUND(Data!R147,1) -> 9.6 | E147: =ROUND(Data!AF147,1) -> -1 | F147: =Data!BT147 -> 51.4 | G147: =Data!Q147 -> 0 | H147: =Data!BF147 -> 387 | I147: =IF(H147>H146,ROUND((H147-H146)*I$1,1),0) -> 0 | J147: =Data!BX147 -> 0 | K147: =J147*L$3 -> 0 | M147: =J147+M146 -> 386.26 | N147: =K147+N146 -> 332.435 | P147: =(R146+K147)/H147 -> 0.45581395 | Q147: =IF(P147>Q$1,Q$1,P147) -> 0.4 | R147: =Q147*H147 -> 154.8 | S147: =R147-R146 -> -21.6 | T147: =K147-S147 -> 21.6
A148: =A147+1 -> 36667 | B148: 142 | C148: =ROUND(Data!BO148,2) -> 7.65 | D148: =ROUND(Data!R148,1) -> 11.1 | E148: =ROUND(Data!AF148,1) -> 3.5 | F148: =Data!BT148 -> 58.9 | G148: =Data!Q148 -> 0 | H148: =Data!BF148 -> 338 | I148: =IF(H148>H147,ROUND((H148-H147)*I$1,1),0) -> 0 | J148: =Data!BX148 -> 17.64 | K148: =J148*L$3 -> 18.522 | M148: =J148+M147 -> 403.9 | N148: =K148+N147 -> 350.957 | P148: =(R147+K148)/H148 -> 0.51278698 | Q148: =IF(P148>Q$1,Q$1,P148) -> 0.4 | R148: =Q148*H148 -> 135.2 | S148: =R148-R147 -> -19.6 | T148: =K148-S148 -> 38.122
A149: =A148+1 -> 36668 | B149: 143 | C149: =ROUND(Data!BO149,2) -> 17.35 | D149: =ROUND(Data!R149,1) -> 8.7 | E149: =ROUND(Data!AF149,1) -> -0.7 | F149: =Data!BT149 -> 43.2 | G149: =Data!Q149 -> 0 | H149: =Data!BF149 -> 293 | I149: =IF(H149>H148,ROUND((H149-H148)*I$1,1),0) -> 0 | J149: =Data!BX149 -> 0 | K149: =J149*L$3 -> 0 | M149: =J149+M148 -> 403.9 | N149: =K149+N148 -> 350.957 | P149: =(R148+K149)/H149 -> 0.46143345 | Q149: =IF(P149>Q$1,Q$1,P149) -> 0.4 | R149: =Q149*H149 -> 117.2 | S149: =R149-R148 -> -18 | T149: =K149-S149 -> 18
A150: =A149+1 -> 36669 | B150: 144 | C150: =ROUND(Data!BO150,2) -> 29.49 | D150: =ROUND(Data!R150,1) -> 8.5 | E150: =ROUND(Data!AF150,1) -> -2.5 | F150: =Data!BT150 -> 23.4 | G150: =Data!Q150 -> 0 | H150: =Data!BF150 -> 229 | I150: =IF(H150>H149,ROUND((H150-H149)*I$1,1),0) -> 0 | J150: =Data!BX150 -> 0 | K150: =J150*L$3 -> 0 | M150: =J150+M149 -> 403.9 | N150: =K150+N149 -> 350.957 | P150: =(R149+K150)/H150 -> 0.51179039 | Q150: =IF(P150>Q$1,Q$1,P150) -> 0.4 | R150: =Q150*H150 -> 91.6 | S150: =R150-R149 -> -25.6 | T150: =K150-S150 -> 25.6
... A157: =A156+1 -> 36676 | B157: 151 | C157: =ROUND(Data!BO157,2) -> 17.62 | D157: =ROUND(Data!R157,1) -> 12.2 | E157: =ROUND(Data!AF157,1) -> -3.2 | F157: =Data!BT157 -> 30.7 | G157: =Data!Q157 -> 0 | H157: =Data!BF157 -> 7 | I157: =IF(H157>H156,ROUND((H157-H156)*I$1,1),0) -> 0 | J157: =Data!BX157 -> 2.7 | K157: =J157*L$3 -> 2.835 | M157: =J157+M156 -> 424 | N157: =K157+N156 -> 372.062 | P157: =(R156+K157)/H157 -> 3.0335714 | Q157: =IF(P157>Q$1,Q$1,P157) -> 0.4 | R157: =Q157*H157 -> 2.8 | S157: =R157-R156 -> -15.6 | T157: =K157-S157 -> 18.435
A158: =A157+1 -> 36677 | B158: 152 | C158: =ROUND(Data!BO158,2) -> 14.33 | D158: =ROUND(Data!R158,1) -> 10.7 | E158: =ROUND(Data!AF158,1) -> -2.3 | F158: =Data!BT158 -> 29.8 | G158: =Data!Q158 -> 0 | H158: =Data!BF158 -> 0 | I158: =IF(H158>H157,ROUND((H158-H157)*I$1,1),0) -> 0 | J158: =Data!BX158 -> 0 | K158: =J158*L$3 -> 0 | M158: =J158+M157 -> 424 | N158: =K158+N157 -> 372.062 | P158: 1 | Q158: =IF(P158>Q$1,Q$1,P158) -> 0.4 | R158: =Q158*H158 -> 0 | S158: =R158-R157 -> -2.8 | T158: =K158-S158 -> 2.8
A159: =A158+1 -> 36678 | B159: 153 | C159: =ROUND(Data!BO159,2) -> 0 | D159: =ROUND(Data!R159,1) -> 10.6 | E159: =ROUND(Data!AF159,1) -> -3.6 | F159: =Data!BT159 -> 0 | G159: =Data!Q159 -> 0 | H159: =Data!BF159 -> 0 | I159: =IF(H159>H158,ROUND((H159-H158)*I$1,1),0) -> 0 | J159: =Data!BX159 -> 0 | K159: =J159*L$3 -> 0 | M159: =J159+M158 -> 424 | N159: =K159+N158 -> 372.062
A160: =A159+1 -> 36679 | B160: 154 | C160: =ROUND(Data!BO160,2) -> 0 | D160: =ROUND(Data!R160,1) -> 10.4 | E160: =ROUND(Data!AF160,1) -> -2.4 | F160: =Data!BT160 -> 0 | G160: =Data!Q160 -> 0 | H160: =Data!BF160 -> 0 | I160: =IF(H160>H159,ROUND((H160-H159)*I$1,1),0) -> 0 | J160: =Data!BX160 -> 1.5 | K160: =J160*L$3 -> 1.575 | M160: =J160+M159 -> 425.5 | N160: =K160+N159 -> 373.637
A161: =A160+1 -> 36680 | B161: 155 | C161: =ROUND(Data!BO161,2) -> 0 | D161: =ROUND(Data!R161,1) -> 15.1 | E161: =ROUND(Data!AF161,1) -> -2.1 | F161: =Data!BT161 -> 0 | G161: =Data!Q161 -> 0 | H161: =Data!BF161 -> 0 | I161: =IF(H161>H160,ROUND((H161-H160)*I$1,1),0) -> 0 | J161: =Data!BX161 -> 0 | K161: =J161*L$3 -> 0 | M161: =J161+M160 -> 425.5 | N161: =K161+N160 -> 373.637
A162: =A161+1 -> 36681 | B162: 156 | C162: =ROUND(Data!BO162,2) -> 0 | D162: =ROUND(Data!R162,1) -> 16.8 | E162: =ROUND(Data!AF162,1) -> -1.8 | F162: =Data!BT162 -> 0 | G162: =Data!Q162 -> 0 | H162: =Data!BF162 -> 0 | I162: =IF(H162>H161,ROUND((H162-H161)*I$1,1),0) -> 0 | J162: =Data!BX162 -> 0 | K162: =J162*L$3 -> 0 | M162: =J162+M161 -> 425.5 | N162: =K162+N161 -> 373.637
A163: =A162+1 -> 36682 | B163: 157 | C163: =ROUND(Data!BO163,2) -> 0 | D163: =ROUND(Data!R163,1) -> 14.2 | E163: =ROUND(Data!AF163,1) -> 1.8 | F163: =Data!BT163 -> 0 | G163: =Data!Q163 -> 0 | H163: =Data!BF163 -> 0 | I163: =IF(H163>H162,ROUND((H163-H162)*I$1,1),0) -> 0 | J163: =Data!BX163 -> 11.7 | K163: =J163*L$3 -> 12.285 | M163: =J163+M162 -> 437.2 | N163: =K163+N162 -> 385.922
A164: =A163+1 -> 36683 | B164: 158 | C164: =ROUND(Data!BO164,2) -> 0 | D164: =ROUND(Data!R164,1) -> 12 | E164: =ROUND(Data!AF164,1) -> 2.2 | F164: =Data!BT164 -> 0 | G164: =Data!Q164 -> 0 | H164: =Data!BF164 -> 0 | I164: =IF(H164>H163,ROUND((H164-H163)*I$1,1),0) -> 0 | J164: =Data!BX164 -> 0 | K164: =J164*L$3 -> 0 | M164: =J164+M163 -> 437.2 | N164: =K164+N163 -> 385.922
A165: =A164+1 -> 36684 | B165: 159 | C165: =ROUND(Data!BO165,2) -> 0 | D165: =ROUND(Data!R165,1) -> 12.9 | E165: =ROUND(Data!AF165,1) -> 3 | F165: =Data!BT165 -> 47 | G165: =Data!Q165 -> 0 | H165: =Data!BF165 -> 0 | I165: =IF(H165>H164,ROUND((H165-H164)*I$1,1),0) -> 0 | J165: =Data!BX165 -> 0 | K165: =J165*L$3 -> 0 | M165: =J165+M164 -> 437.2 | N165: =K165+N164 -> 385.922
A166: =A165+1 -> 36685 | B166: 160 | C166: =ROUND(Data!BO166,2) -> 0 | D166: =ROUND(Data!R166,1) -> 9.9 | E166: =ROUND(Data!AF166,1) -> 2.5 | F166: =Data!BT166 -> 76 | G166: =Data!Q166 -> 0 | H166: =Data!BF166 -> 0 | I166: =IF(H166>H165,ROUND((H166-H165)*I$1,1),0) -> 0 | J166: =Data!BX166 -> 7.4 | K166: =J166*L$3 -> 7.77 | M166: =J166+M165 -> 444.6 | N166: =K166+N165 -> 393.692
A167: =A166+1 -> 36686 | B167: 161 | C167: =ROUND(Data!BO167,2) -> 0 | D167: =ROUND(Data!R167,1) -> 11.3 | E167: =ROUND(Data!AF167,1) -> 1.4 | F167: =Data!BT167 -> 50 | G167: =Data!Q167 -> 0 | H167: =Data!BF167 -> 0 | I167: =IF(H167>H166,ROUND((H167-H166)*I$1,1),0) -> 0 | J167: =Data!BX167 -> 13.7 | K167: =J167*L$3 -> 14.385 | M167: =J167+M166 -> 458.3 | N167: =K167+N166 -> 408.077
A168: =A167+1 -> 36687 | B168: 162 | C168: =ROUND(Data!BO168,2) -> 0 | D168: =ROUND(Data!R168,1) -> 7.4 | E168: =ROUND(Data!AF168,1) -> -1.5 | F168: =Data!BT168 -> 64 | G168: =Data!Q168 -> 0 | H168: =Data!BF168 -> 0 | I168: =IF(H168>H167,ROUND((H168-H167)*I$1,1),0) -> 0 | J168: =Data!BX168 -> 6.5 | K168: =J168*L$3 -> 6.825 | M168: =J168+M167 -> 464.8 | N168: =K168+N167 -> 414.902
A169: =A168+1 -> 36688 | B169: 163 | C169: =ROUND(Data!BO169,2) -> 0 | D169: =ROUND(Data!R169,1) -> 9.8 | E169: =ROUND(Data!AF169,1) -> -2.2 | F169: =Data!BT169 -> 37 | G169: =Data!Q169 -> 0 | H169: =Data!BF169 -> 0 | I169: =IF(H169>H168,ROUND((H169-H168)*I$1,1),0) -> 0 | J169: =Data!BX169 -> 0 | K169: =J169*L$3 -> 0 | M169: =J169+M168 -> 464.8 | N169: =K169+N168 -> 414.902
A170: =A169+1 -> 36689 | B170: 164 | C170: =ROUND(Data!BO170,2) -> 0 | D170: =ROUND(Data!R170,1) -> 6.3 | E170: =ROUND(Data!AF170,1) -> 0.4 | F170: =Data!BT170 -> 66 | G170: =Data!Q170 -> 0 | H170: =Data!BF170 -> 0 | I170: =IF(H170>H169,ROUND((H170-H169)*I$1,1),0) -> 0 | J170: =Data!BX170 -> 16.8 | K170: =J170*L$3 -> 17.64 | M170: =J170+M169 -> 481.6 | N170: =K170+N169 -> 432.542
... A307: =A306+1 -> 36826 | B307: 301 | C307: =ROUND(Data!BO307,2) -> 1.23 | D307: =ROUND(Data!R307,1) -> 5.4 | E307: =ROUND(Data!AF307,1) -> 1.7 | F307: =Data!BT307 -> 75.3 | G307: =Data!Q307 -> 0 | H307: =Data!BF307 -> 0 | I307: =IF(H307>H306,ROUND((H307-H306)*I$1,1),0) -> 0 | J307: =Data!BX307 -> 1.2 | K307: =J307*L$3 -> 1.26 | M307: =J307+M306 -> 773.7 | N307: =K307+N306 -> 739.247
A308: =A307+1 -> 36827 | B308: 302 | C308: =ROUND(Data!BO308,2) -> 1.88 | D308: =ROUND(Data!R308,1) -> 3.5 | E308: =ROUND(Data!AF308,1) -> -3.6 | F308: =Data!BT308 -> 80.2 | G308: =Data!Q308 -> 0 | H308: =Data!BF308 -> 0 | I308: =IF(H308>H307,ROUND((H308-H307)*I$1,1),0) -> 0 | J308: =Data!BX308 -> 6.3 | K308: =J308*L$3 -> 6.615 | M308: =J308+M307 -> 780 | N308: =K308+N307 -> 745.862 | P308: 1 | R308: =Q308*H308 -> 0
A309: =A308+1 -> 36828 | B309: 303 | C309: =ROUND(Data!BO309,2) -> 3.52 | D309: =ROUND(Data!R309,1) -> 1.3 | E309: =ROUND(Data!AF309,1) -> -4.3 | F309: =Data!BT309 -> 87.4 | G309: =Data!Q309 -> 0 | H309: =Data!BF309 -> 7 | I309: =IF(H309>H308,ROUND((H309-H308)*I$1,1),0) -> 0.9 | J309: =Data!BX309 -> 6.5 | K309: =J309*L$3 -> 6.825 | M309: =J309+M308 -> 786.5 | N309: =K309+N308 -> 752.687 | P309: =(R308+K309)/H309 -> 0.975 | Q309: =IF(P309>Q$1,Q$1,P309) -> 0.4 | R309: =Q309*H309 -> 2.8 | S309: =R309-R308 -> 2.8 | T309: =K309-S309 -> 4.025
A310: =A309+1 -> 36829 | B310: 304 | C310: =ROUND(Data!BO310,2) -> 3.15 | D310: =ROUND(Data!R310,1) -> 2.1 | E310: =ROUND(Data!AF310,1) -> -2.8 | F310: =Data!BT310 -> 77.9 | G310: =Data!Q310 -> 0 | H310: =Data!BF310 -> 16 | I310: =IF(H310>H309,ROUND((H310-H309)*I$1,1),0) -> 1.2 | J310: =Data!BX310 -> 0.3 | K310: =J310*L$3 -> 0.315 | M310: =J310+M309 -> 786.8 | N310: =K310+N309 -> 753.002 | P310: =(R309+K310)/H310 -> 0.1946875 | Q310: =IF(P310>Q$1,Q$1,P310) -> 0.1946875 | R310: =Q310*H310 -> 3.115 | S310: =R310-R309 -> 0.315 | T310: =K310-S310 -> 0
A311: =A310+1 -> 36830 | B311: 305 | C311: =ROUND(Data!BO311,2) -> 0.48 | D311: =ROUND(Data!R311,1) -> -0.2 | E311: =ROUND(Data!AF311,1) -> -2 | F311: =Data!BT311 -> 78.5 | G311: =Data!Q311 -> 0 | H311: =Data!BF311 -> 11 | I311: =IF(H311>H310,ROUND((H311-H310)*I$1,1),0) -> 0 | J311: =Data!BX311 -> 4.8 | K311: =J311*L$3 -> 5.04 | M311: =J311+M310 -> 791.6 | N311: =K311+N310 -> 758.042 | P311: =(R310+K311)/H311 -> 0.74136364 | Q311: =IF(P311>Q$1,Q$1,P311) -> 0.4 | R311: =Q311*H311 -> 4.4 | S311: =R311-R310 -> 1.285 | T311: =K311-S311 -> 3.755
A312: =A311+1 -> 36831 | B312: 306 | C312: =ROUND(Data!BO312,2) -> 2.84 | D312: =ROUND(Data!R312,1) -> 0.8 | E312: =ROUND(Data!AF312,1) -> -9.8 | F312: =Data!BT312 -> 75.1 | G312: =Data!Q312 -> 0 | H312: =Data!BF312 -> 54 | I312: =IF(H312>H311,ROUND((H312-H311)*I$1,1),0) -> 5.6 | J312: =Data!BX312 -> 0.8 | K312: =I312 -> 5.6 | M312: =J312+M311 -> 792.4 | N312: =K312+N311 -> 763.642 | P312: =(R311+K312)/H312 -> 0.18518519 | Q312: =IF(P312>Q$1,Q$1,P312) -> 0.18518519 | R312: =Q312*H312 -> 10 | S312: =R312-R311 -> 5.6 | T312: =K312-S312 -> 0
A313: =A312+1 -> 36832 | B313: 307 | C313: =ROUND(Data!BO313,2) -> 5.67 | D313: =ROUND(Data!R313,1) -> 2.6 | E313: =ROUND(Data!AF313,1) -> -9.7 | F313: =Data!BT313 -> 63.8 | G313: =Data!Q313 -> 0 | H313: =Data!BF313 -> 41 | I313: =IF(H313>H312,ROUND((H313-H312)*I$1,1),0) -> 0 | J313: =Data!BX313 -> 0.6 | K313: =I313 -> 0 | M313: =J313+M312 -> 793 | N313: =K313+N312 -> 763.642 | P313: =(R312+K313)/H313 -> 0.24390244 | Q313: =IF(P313>Q$1,Q$1,P313) -> 0.24390244 | R313: =Q313*H313 -> 10 | S313: =R313-R312 -> 0 | T313: =K313-S313 -> 0
A314: =A313+1 -> 36833 | B314: 308 | C314: =ROUND(Data!BO314,2) -> 2.56 | D314: =ROUND(Data!R314,1) -> 3.1 | E314: =ROUND(Data!AF314,1) -> -4.6 | F314: =Data!BT314 -> 83.6 | G314: =Data!Q314 -> 0 | H314: =Data!BF314 -> 45 | I314: =IF(H314>H313,ROUND((H314-H313)*I$1,1),0) -> 0.5 | J314: =Data!BX314 -> 0 | K314: =I314 -> 0.5 | M314: =J314+M313 -> 793 | N314: =K314+N313 -> 764.142 | P314: =(R313+K314)/H314 -> 0.23333333 | Q314: =IF(P314>Q$1,Q$1,P314) -> 0.23333333 | R314: =Q314*H314 -> 10.5 | S314: =R314-R313 -> 0.5 | T314: =K314-S314 -> 0
A315: =A314+1 -> 36834 | B315: 309 | C315: =ROUND(Data!BO315,2) -> 0.68 | D315: =ROUND(Data!R315,1) -> 3 | E315: =ROUND(Data!AF315,1) -> -3.2 | F315: =Data!BT315 -> 84.1 | G315: =Data!Q315 -> 0 | H315: =Data!BF315 -> 130 | I315: =IF(H315>H314,ROUND((H315-H314)*I$1,1),0) -> 11.1 | J315: =Data!BX315 -> 0 | K315: =I315 -> 11.1 | M315: =J315+M314 -> 793 | N315: =K315+N314 -> 775.242 | P315: =(R314+K315)/H315 -> 0.16615385 | Q315: =IF(P315>Q$1,Q$1,P315) -> 0.16615385 | R315: =Q315*H315 -> 21.6 | S315: =R315-R314 -> 11.1 | T315: =K315-S315 -> 0
A316: =A315+1 -> 36835 | B316: 310 | C316: =ROUND(Data!BO316,2) -> 4.27 | D316: =ROUND(Data!R316,1) -> -0.7 | E316: =ROUND(Data!AF316,1) -> -12.2 | F316: =Data!BT316 -> 90.1 | G316: =Data!Q316 -> 0 | H316: =Data!BF316 -> 123 | I316: =IF(H316>H315,ROUND((H316-H315)*I$1,1),0) -> 0 | J316: =Data!BX316 -> 0 | K316: =I316 -> 0 | M316: =J316+M315 -> 793 | N316: =K316+N315 -> 775.242 | P316: =(R315+K316)/H316 -> 0.17560976 | Q316: =IF(P316>Q$1,Q$1,P316) -> 0.17560976 | R316: =Q316*H316 -> 21.6 | S316: =R316-R315 -> 0 | T316: =K316-S316 -> 0
A317: =A316+1 -> 36836 | B317: 311 | C317: =ROUND(Data!BO317,2) -> 4.13 | D317: =ROUND(Data!R317,1) -> -2.6 | E317: =ROUND(Data!AF317,1) -> -12.1 | F317: =Data!BT317 -> 87.6 | G317: =Data!Q317 -> 0 | H317: =Data!BF317 -> 122 | I317: =IF(H317>H316,ROUND((H317-H316)*I$1,1),0) -> 0 | J317: =Data!BX317 -> 0 | K317: =I317 -> 0 | M317: =J317+M316 -> 793 | N317: =K317+N316 -> 775.242 | P317: =(R316+K317)/H317 -> 0.17704918 | Q317: =IF(P317>Q$1,Q$1,P317) -> 0.17704918 | R317: =Q317*H317 -> 21.6 | S317: =R317-R316 -> 0 | T317: =K317-S317 -> 0
A318: =A317+1 -> 36837 | B318: 312 | C318: =ROUND(Data!BO318,2) -> 1.82 | D318: =ROUND(Data!R318,1) -> -2.6 | E318: =ROUND(Data!AF318,1) -> -5.5 | F318: =Data!BT318 -> 82.7 | G318: =Data!Q318 -> 0 | H318: =Data!BF318 -> 124 | I318: =IF(H318>H317,ROUND((H318-H317)*I$1,1),0) -> 0.3 | J318: =Data!BX318 -> 0 | K318: =I318 -> 0.3 | M318: =J318+M317 -> 793 | N318: =K318+N317 -> 775.542 | P318: =(R317+K318)/H318 -> 0.1766129 | Q318: =IF(P318>Q$1,Q$1,P318) -> 0.1766129 | R318: =Q318*H318 -> 21.9 | S318: =R318-R317 -> 0.3 | T318: =K318-S318 -> -7.2164497e-16
A319: =A318+1 -> 36838 | B319: 313 | C319: =ROUND(Data!BO319,2) -> 4.01 | D319: =ROUND(Data!R319,1) -> -1.5 | E319: =ROUND(Data!AF319,1) -> -6.4 | F319: =Data!BT319 -> 67.6 | G319: =Data!Q319 -> 0 | H319: =Data!BF319 -> 123 | I319: =IF(H319>H318,ROUND((H319-H318)*I$1,1),0) -> 0 | J319: =Data!BX319 -> 0 | K319: =I319 -> 0 | M319: =J319+M318 -> 793 | N319: =K319+N318 -> 775.542 | P319: =(R318+K319)/H319 -> 0.17804878 | Q319: =IF(P319>Q$1,Q$1,P319) -> 0.17804878 | R319: =Q319*H319 -> 21.9 | S319: =R319-R318 -> 0 | T319: =K319-S319 -> 0
A320: =A319+1 -> 36839 | B320: 314 | C320: =ROUND(Data!BO320,2) -> 4.56 | D320: =ROUND(Data!R320,1) -> -2.3 | E320: =ROUND(Data!AF320,1) -> -12.4 | F320: =Data!BT320 -> 50.8 | G320: =Data!Q320 -> 0 | H320: =Data!BF320 -> 122 | I320: =IF(H320>H319,ROUND((H320-H319)*I$1,1),0) -> 0 | J320: =Data!BX320 -> 0 | K320: =I320 -> 0 | M320: =J320+M319 -> 793 | N320: =K320+N319 -> 775.542 | P320: =(R319+K320)/H320 -> 0.1795082 | Q320: =IF(P320>Q$1,Q$1,P320) -> 0.1795082 | R320: =Q320*H320 -> 21.9 | S320: =R320-R319 -> 0 | T320: =K320-S320 -> 0
A321: =A320+1 -> 36840 | B321: 315 | C321: =ROUND(Data!BO321,2) -> 3.2 | D321: =ROUND(Data!R321,1) -> -6.7 | E321: =ROUND(Data!AF321,1) -> -14.6 | F321: =Data!BT321 -> 71.1 | G321: =Data!Q321 -> 0 | H321: =Data!BF321 -> 128 | I321: =IF(H321>H320,ROUND((H321-H320)*I$1,1),0) -> 0.8 | J321: =Data!BX321 -> 0 | K321: =I321 -> 0.8 | M321: =J321+M320 -> 793 | N321: =K321+N320 -> 776.342 | P321: =(R320+K321)/H321 -> 0.17734375 | Q321: =IF(P321>Q$1,Q$1,P321) -> 0.17734375 | R321: =Q321*H321 -> 22.7 | S321: =R321-R320 -> 0.8 | T321: =K321-S321 -> 0
A322: =A321+1 -> 36841 | B322: 316 | C322: =ROUND(Data!BO322,2) -> 2.75 | D322: =ROUND(Data!R322,1) -> -8.7 | E322: =ROUND(Data!AF322,1) -> -11.2 | F322: =Data!BT322 -> 90.5 | G322: =Data!Q322 -> 0 | H322: =Data!BF322 -> 166 | I322: =IF(H322>H321,ROUND((H322-H321)*I$1,1),0) -> 4.9 | J322: =Data!BX322 -> 0 | K322: =I322 -> 4.9 | M322: =J322+M321 -> 793 | N322: =K322+N321 -> 781.242 | P322: =(R321+K322)/H322 -> 0.16626506 | Q322: =IF(P322>Q$1,Q$1,P322) -> 0.16626506 | R322: =Q322*H322 -> 27.6 | S322: =R322-R321 -> 4.9 | T322: =K322-S322 -> 0
A323: =A322+1 -> 36842 | B323: 317 | C323: =ROUND(Data!BO323,2) -> 3.93 | D323: =ROUND(Data!R323,1) -> -4.6 | E323: =ROUND(Data!AF323,1) -> -9.4 | F323: =Data!BT323 -> 87.3 | G323: =Data!Q323 -> 0 | H323: =Data!BF323 -> 155 | I323: =IF(H323>H322,ROUND((H323-H322)*I$1,1),0) -> 0 | J323: =Data!BX323 -> 0 | K323: =I323 -> 0 | M323: =J323+M322 -> 793 | N323: =K323+N322 -> 781.242 | P323: =(R322+K323)/H323 -> 0.17806452 | Q323: =IF(P323>Q$1,Q$1,P323) -> 0.17806452 | R323: =Q323*H323 -> 27.6 | S323: =R323-R322 -> 0 | T323: =K323-S323 -> 0
... A372: =A371+1 -> 36891 | B372: 366 | C372: =ROUND(Data!BO372,2) -> 0.35 | D372: =ROUND(Data!R372,1) -> -1.4 | E372: =ROUND(Data!AF372,1) -> -11.8 | F372: =Data!BT372 -> 87 | G372: =Data!Q372 -> 0 | H372: =Data!BF372 -> 606 | I372: =IF(H372>H371,ROUND((H372-H371)*I$1,1),0) -> 2.2 | J372: =Data!BX372 -> 0 | K372: =I372 -> 2.2 | M372: =J372+M371 -> 793 | N372: =K372+N371 -> 873.942 | P372: =(R371+K372)/H372 -> 0.19851485 | Q372: =IF(P372>Q$1,Q$1,P372) -> 0.19851485 | R372: =Q372*H372 -> 120.3 | S372: =R372-R371 -> 2.2 | T372: =K372-S372 -> 0
A375: Monthly Totals
A376: January | K376: =ROUND(SUM(K7:K37),1) -> 120.1
A377: February | K377: =ROUND(SUM(K38:K66),1) -> 83.8
A378: March | K378: =ROUND(SUM(K67:K97),1) -> 79.6
A379: April | K379: =ROUND(SUM(K98:K127),1) -> 29.6
...

Sheet Data
A1: Sicamous Creek 2000 Daily data | D1: No data for day 1 to 61, day 153-161. | J1: RH, Solar and PAR new calibrations added col BL onwards | P1: Windrose data invalid September-December | BF1: 3493 | BN1: =2.02 -> 2.02 | BO1: Recalibrated 30/07/07 | BR1: Rh_adjustment, 2/08/07) | BS1: 1.59 | BV1: UseRHcor
A2: Last edit 21/04/25 | C2: Rainfall - no data | F2: Removed -6999 indicating bad data | I2: Empty cell indicates no data | L2: Wind corrected for scan time of 30 sec 2 Mar to 31 May while programmed for a multiplier for 10 secs. Mean windspeed missing day 262 onward | BO2: 0.98 | BP2: 1.1 | BR2: 110 | BS2: -75.7 | BX2: 1.4 | BZ2: 1.4 | CB2: Summary
C3: TOTAL | D3: MEAN | E3: MEAN | F3: MEAN | G3: MEAN | H3: MEAN | I3: MEAN | J3: MEAN | K3: MEAN | L3: MEAN | M3: MEAN | N3: MEAN | O3: MEAN | P3: MEAN | Q3: TOTAL | R3: MAX. | S3: TIME | T3: MAX | U3: TIME | V3: MAX | W3: MAX | X3: MAX | Y3: MAX | Z3: MAX | AA3: MAX | AB3: MAX | AC3: MAX | AD3: MAX | AE3: TIME | AF3: MIN | AG3: TIME | AH3: MIN | AI3: TIME | AJ3: MIN | AK3: MIN | AL3: MIN | AM3: MIN | AN3: MIN | AO3: MIN | AP3: MIN | AQ3: MIN | AR3: Wind Rose: | BO3: Revised | BR3: 99 | BS3: 0.88 | BU3: esTn | BV3: esTx-esTn | DB3: Midnight | DK3: FWS | DQ3: MoTI Malakwa
C4: SOLAR | D4: PAR | E4: Ta 6m | F4: RH | G4: Ta 3m | H4: Ta 1.5m | I4: Ta 0.25m | J4: Tstem | K4: Tstem | L4: Tsoil | M4: Tsoil | N4: Tsoil | O4: SHORT | P4: WIND | Q4: RAIN | R4: Ta 6m | S4: tA 6m | T4: RH | U4: RH | V4: Ta 3m | W4: Ta 1.5m | X4: Ta 0.25m | Y4: Tstem | Z4: Tstem | AA4: Tsoil | AB4: Tsoil | AC4: Tsoil | AD4: WIND SPD | AE4: MAX U | AF4: Ta 6m | AG4: tA 6m | AH4: RH | AI4: RH | AJ4: Ta 3m | AK4: Ta 1.5m | AL4: Ta 0.25m | AM4: Tstem | AN4: Tstem | AO4: Tsoil | AP4: Tsoil | AQ4: Tsoil | AZ4: DAILY AVG | BA4: DISTANCE | BB4: BATT. | BC4: Identity | BD4: Distance | BE4: Distance | BF4: Snow depth | BG4: AVG | BH4: Max | BI4: Max | BJ4: Min | BK4: Min | BM4: Solarmax | BN4: PARmax | BO4: Solar | BP4: PAR | BQ4: =MAX(BR7:BR372) -> 100 | BS4: -6 | BU4: Vpres | BV4: VPD | BX4: UPC to FWS | BZ4: Malakwa | CB4: Solar | CC4: PAR | CD4: Ta6Ave | CE4: Ta3Ave | CF4: Ta15Ave | CG4: Ta025Ave | CH4: TdufAve | CI4: Ts015Ave | CJ4: Ts05Ave | CK4: RH6Ave | CL4: Ta6Max | CM4: Ta3Max | CN4: Ta15Max | CO4: Ta025Max | CP4: TdufMax | CQ4: Ts015Max | CR4: Ts05Max | CS4: RH6Max | CT4: Ta6Min | CU4: Ta3Min | CV4: Ta15Min | CW4: Ta025Min | CX4: TdufMin | CY4: Ts015Min | CZ4: Ts05Min | DA4: RH6Min | DB4: SnowD | DC4: Precipitation | DD4: Wind | DE4: WindX | DF4: Vapres | DG4: vpdX | DH4: BatV | DK4: C | DL4: C | DM4: C | DN4: % | DO4: % | DQ4: C | DR4: C | DS4: C
A5: Date | B5: DofY | C5: MJ/m2/d | D5: mol/m2/d | E5: C | F5: % | G5: C | H5: C | I5: C | J5: WEST | K5: EAST | L5: duff | M5: 15cm | N5: 50cm | O5: (mV) | P5: (m/s) | Q5: mm | R5: C | T5: % | V5: C | W5: C | X5: C | Y5: WEST | Z5: EAST | AA5: duff | AB5: 15cm | AC5: 50cm | AD5: m/s | AE5: m/s | AF5: C | AG5: C | AH5: % | AJ5: C | AK5: C | AL5: C | AM5: WEST | AN5: EAST | AO5: duff | AP5: 15cm | AQ5: 50cm | AR5: N--NE | AS5: NE--E | AT5: E--SE | AU5: SE--S | AV5: S--SW | AW5: SW--W | AX5: W--NW | AY5: NW--N | AZ5: PANEL T | BA5: (mm) | BB5: (V) | BD5: Max | BE5: Min | BF5: mm | BG5: Logger | BH5: Logger | BI5: PANEL T | BJ5: Logger | BK5: PANEL T | BM5: MJ/m2/d | BN5: mol/m2/d | BR5: RHMax | BS5: RHAvg | BT5: RHMin | BU5: kPa | BV5: kPa | BX5: FWS | CB5: MJ/m2/d | CC5: mol/m2/d | CD5: C | CE5: C | CF5: C | CG5: C | CH5: C | CI5: C | CJ5: C | CK5: % | CL5: C | CM5: C | CN5: C | CO5: C | CP5: C | CQ5: C | CR5: C | CS5: % | CT5: C | CU5: C | CV5: C | CW5: C | CX5: C | CY5: C | CZ5: C | DA5: % | DB5: mm | DC5: mm/d | DD5: m/s | DE5: m/s | DF5: kPa | DG5: kPa | DH5: V | DK5: Tav | DL5: Tmax | DM5: Tmin | DN5: Rhav | DO5: Rhmin | DQ5: Tav | DR5: Tmax | DS5: Tmin
A7: 36526 | B7: 1 | E7: =ROUND(0.77*DQ7-6.2,1) -> -9.1 | R7: =ROUND(DR7*0.69-5.3,1) -> -6.8 | AF7: =ROUND(2*E7-R7,1) -> -11.4 | BM7: 4.59 | BN7: =BM7*$BN$1 -> 9.2718 | BU7: =ROUND((0.6105*(EXP((17.273*AF7)/(AF7+237.3)))),3) -> 0.255 | BV7: =ROUND((0.6105*(EXP((17.273*R7)/(R7+237.3))))-BU7,3) -> 0.112 | BX7: =BZ7*BZ$2 -> 12.32 | BY7: 8.32 | BZ7: 8.8 | CB7: NA | CC7: NA | CD7: =ROUND(E7,1) -> -9.1 | CE7: NA | CF7: NA | CG7: NA | CH7: NA | CI7: NA | CJ7: NA | CK7: NA | CL7: =ROUND(R7,1) -> -6.8 | CM7: NA | CN7: NA | CO7: NA | CP7: NA | CQ7: NA | CR7: NA | CS7: NA | CT7: =ROUND(AF7,1) -> -11.4 | CU7: NA | CV7: NA | CW7: NA | CX7: NA | CY7: NA | CZ7: NA | DA7: NA | DB7: NA | DC7: =ROUND(PPTest!K7,1) -> 12.9 | DD7: NA | DE7: NA | DF7: =BU7 -> 0.255 | DG7: =BV7 -> 0.112 | DH7: NA | DQ7: -3.8 | DR7: -2.2 | DS7: -5.4
A8: =A7+1 -> 36527 | B8: 2 | E8: =ROUND(0.77*DQ8-6.2,1) -> -7.6 | R8: =ROUND(DR8*0.69-5.3,1) -> -5 | AF8: =ROUND(2*E8-R8,1) -> -10.2 | BM8: 4.63 | BN8: =BM8*$BN$1 -> 9.3526 | BU8: =ROUND((0.6105*(EXP((17.273*AF8)/(AF8+237.3)))),3) -> 0.281 | BV8: =ROUND((0.6105*(EXP((17.273*R8)/(R8+237.3))))-BU8,3) -> 0.14 | BX8: =BZ8*BZ$2 -> 4.06 | BY8: 4.03 | BZ8: 2.9 | CB8: NA | CC8: NA | CD8: =ROUND(E8,1) -> -7.6 | CE8: NA | CF8: NA | CG8: NA | CH8: NA | CI8: NA | CJ8: NA | CK8: NA | CL8: =ROUND(R8,1) -> -5 | CM8: NA | CN8: NA | CO8: NA | CP8: NA | CQ8: NA | CR8: NA | CS8: NA | CT8: =ROUND(AF8,1) -> -10.2 | CU8: NA | CV8: NA | CW8: NA | CX8: NA | CY8: NA | CZ8: NA | DA8: NA | DB8: NA | DC8: =ROUND(PPTest!K8,1) -> 4.3 | DD8: NA | DE8: NA | DF8: =BU8 -> 0.281 | DG8: =BV8 -> 0.14 | DH8: NA | DQ8: -1.8 | DR8: 0.5 | DS8: -4
A9: =A8+1 -> 36528 | B9: 3 | E9: =ROUND(0.77*DQ9-6.2,1) -> -7.4 | R9: =ROUND(DR9*0.69-5.3,1) -> -5.4 | AF9: =ROUND(2*E9-R9,1) -> -9.4 | BM9: 4.67 | BN9: =BM9*$BN$1 -> 9.4334 | BU9: =ROUND((0.6105*(EXP((17.273*AF9)/(AF9+237.3)))),3) -> 0.299 | BV9: =ROUND((0.6105*(EXP((17.273*R9)/(R9+237.3))))-BU9,3) -> 0.109 | BX9: =BZ9*BZ$2 -> 4.62 | BY9: 7.93 | BZ9: 3.3 | CB9: NA | CC9: NA | CD9: =ROUND(E9,1) -> -7.4 | CE9: NA | CF9: NA | CG9: NA | CH9: NA | CI9: NA | CJ9: NA | CK9: NA | CL9: =ROUND(R9,1) -> -5.4 | CM9: NA | CN9: NA | CO9: NA | CP9: NA | CQ9: NA | CR9: NA | CS9: NA | CT9: =ROUND(AF9,1) -> -9.4 | CU9: NA | CV9: NA | CW9: NA | CX9: NA | CY9: NA | CZ9: NA | DA9: NA | DB9: NA | DC9: =ROUND(PPTest!K9,1) -> 4.9 | DD9: NA | DE9: NA | DF9: =BU9 -> 0.299 | DG9: =BV9 -> 0.109 | DH9: NA | DQ9: -1.6 | DR9: -0.1 | DS9: -3.1
A10: =A9+1 -> 36529 | B10: 4 | E10: =ROUND(0.77*DQ10-6.2,1) -> -7 | R10: =ROUND(DR10*0.69-5.3,1) -> -5.2 | AF10: =ROUND(2*E10-R10,1) -> -8.8 | BM10: 4.72 | BN10: =BM10*$BN$1 -> 9.5344 | BU10: =ROUND((0.6105*(EXP((17.273*AF10)/(AF10+237.3)))),3) -> 0.314 | BV10: =ROUND((0.6105*(EXP((17.273*R10)/(R10+237.3))))-BU10,3) -> 0.101 | BX10: =BZ10*BZ$2 -> 6.16 | BY10: 0 | BZ10: 4.4 | CB10: NA | CC10: NA | CD10: =ROUND(E10,1) -> -7 | CE10: NA | CF10: NA | CG10: NA | CH10: NA | CI10: NA | CJ10: NA | CK10: NA | CL10: =ROUND(R10,1) -> -5.2 | CM10: NA | CN10: NA | CO10: NA | CP10: NA | CQ10: NA | CR10: NA | CS10: NA | CT10: =ROUND(AF10,1) -> -8.8 | CU10: NA | CV10: NA | CW10: NA | CX10: NA | CY10: NA | CZ10: NA | DA10: NA | DB10: NA | DC10: =ROUND(PPTest!K10,1) -> 6.5 | DD10: NA | DE10: NA | DF10: =BU10 -> 0.314 | DG10: =BV10 -> 0.101 | DH10: NA | DQ10: -1.1 | DR10: 0.1 | DS10: -2.2
A11: =A10+1 -> 36530 | B11: 5 | E11: =ROUND(0.77*DQ11-6.2,1) -> -7.2 | R11: =ROUND(DR11*0.69-5.3,1) -> -5 | AF11: =ROUND(2*E11-R11,1) -> -9.4 | BM11: 4.76 | BN11: =BM11*$BN$1 -> 9.6152 | BU11: =ROUND((0.6105*(EXP((17.273*AF11)/(AF11+237.3)))),3) -> 0.299 | BV11: =ROUND((0.6105*(EXP((17.273*R11)/(R11+237.3))))-BU11,3) -> 0.122 | BX11: =BZ11*BZ$2 -> 0.98 | BY11: 0 | BZ11: 0.7 | CB11: NA | CC11: NA | CD11: =ROUND(E11,1) -> -7.2 | CE11: NA | CF11: NA | CG11: NA | CH11: NA | CI11: NA | CJ11: NA | CK11: NA | CL11: =ROUND(R11,1) -> -5 | CM11: NA | CN11: NA | CO11: NA | CP11: NA | CQ11: NA | CR11: NA | CS11: NA | CT11: =ROUND(AF11,1) -> -9.4 | CU11: NA | CV11: NA | CW11: NA | CX11: NA | CY11: NA | CZ11: NA | DA11: NA | DB11: NA | DC11: =ROUND(PPTest!K11,1) -> 1 | DD11: NA | DE11: NA | DF11: =BU11 -> 0.299 | DG11: =BV11 -> 0.122 | DH11: NA | DQ11: -1.3 | DR11: 0.4 | DS11: -2.9
A12: =A11+1 -> 36531 | B12: 6 | E12: =ROUND(0.77*DQ12-6.2,1) -> -7.5 | R12: =ROUND(DR12*0.69-5.3,1) -> -5.8 | AF12: =ROUND(2*E12-R12,1) -> -9.2 | BM12: 4.82 | BN12: =BM12*$BN$1 -> 9.7364 | BU12: =ROUND((0.6105*(EXP((17.273*AF12)/(AF12+237.3)))),3) -> 0.304 | BV12: =ROUND((0.6105*(EXP((17.273*R12)/(R12+237.3))))-BU12,3) -> 0.092 | BX12: =BZ12*BZ$2 -> 21.56 | BY12: 0 | BZ12: 15.4 | CB12: NA | CC12: NA | CD12: =ROUND(E12,1) -> -7.5 | CE12: NA | CF12: NA | CG12: NA | CH12: NA | CI12: NA | CJ12: NA | CK12: NA | CL12: =ROUND(R12,1) -> -5.8 | CM12: NA | CN12: NA | CO12: NA | CP12: NA | CQ12: NA | CR12: NA | CS12: NA | CT12: =ROUND(AF12,1) -> -9.2 | CU12: NA | CV12: NA | CW12: NA | CX12: NA | CY12: NA | CZ12: NA | DA12: NA | DB12: NA | DC12: =ROUND(PPTest!K12,1) -> 22.6 | DD12: NA | DE12: NA | DF12: =BU12 -> 0.304 | DG12: =BV12 -> 0.092 | DH12: NA | DQ12: -1.7 | DR12: -0.7 | DS12: -2.6
A13: =A12+1 -> 36532 | B13: 7 | E13: =ROUND(0.77*DQ13-6.2,1) -> -6.8 | R13: =ROUND(DR13*0.69-5.3,1) -> -4.8 | AF13: =ROUND(2*E13-R13,1) -> -8.8 | BM13: 4.87 | BN13: =BM13*$BN$1 -> 9.8374 | BU13: =ROUND((0.6105*(EXP((17.273*AF13)/(AF13+237.3)))),3) -> 0.314 | BV13: =ROUND((0.6105*(EXP((17.273*R13)/(R13+237.3))))-BU13,3) -> 0.113 | BX13: =BZ13*BZ$2 -> 0 | BY13: 4.29 | BZ13: 0 | CB13: NA | CC13: NA | CD13: =ROUND(E13,1) -> -6.8 | CE13: NA | CF13: NA | CG13: NA | CH13: NA | CI13: NA | CJ13: NA | CK13: NA | CL13: =ROUND(R13,1) -> -4.8 | CM13: NA | CN13: NA | CO13: NA | CP13: NA | CQ13: NA | CR13: NA | CS13: NA | CT13: =ROUND(AF13,1) -> -8.8 | CU13: NA | CV13: NA | CW13: NA | CX13: NA | CY13: NA | CZ13: NA | DA13: NA | DB13: NA | DC13: =ROUND(PPTest!K13,1) -> 0 | DD13: NA | DE13: NA | DF13: =BU13 -> 0.314 | DG13: =BV13 -> 0.113 | DH13: NA | DQ13: -0.8 | DR13: 0.7 | DS13: -2.3
A14: =A13+1 -> 36533 | B14: 8 | E14: =ROUND(0.77*DQ14-6.2,1) -> -6.4 | R14: =ROUND(DR14*0.69-5.3,1) -> -5.2 | AF14: =ROUND(2*E14-R14,1) -> -7.6 | BM14: 4.93 | BN14: =BM14*$BN$1 -> 9.9586 | BU14: =ROUND((0.6105*(EXP((17.273*AF14)/(AF14+237.3)))),3) -> 0.345 | BV14: =ROUND((0.6105*(EXP((17.273*R14)/(R14+237.3))))-BU14,3) -> 0.07 | BX14: =BZ14*BZ$2 -> 21 | BY14: 2.73 | BZ14: 15 | CB14: NA | CC14: NA | CD14: =ROUND(E14,1) -> -6.4 | CE14: NA | CF14: NA | CG14: NA | CH14: NA | CI14: NA | CJ14: NA | CK14: NA | CL14: =ROUND(R14,1) -> -5.2 | CM14: NA | CN14: NA | CO14: NA | CP14: NA | CQ14: NA | CR14: NA | CS14: NA | CT14: =ROUND(AF14,1) -> -7.6 | CU14: NA | CV14: NA | CW14: NA | CX14: NA | CY14: NA | CZ14: NA | DA14: NA | DB14: NA | DC14: =ROUND(PPTest!K14,1) -> 22.1 | DD14: NA | DE14: NA | DF14: =BU14 -> 0.345 | DG14: =BV14 -> 0.07 | DH14: NA | DQ14: -0.3 | DR14: 0.1 | DS14: -0.6
A15: =A14+1 -> 36534 | B15: 9 | E15: =ROUND(0.77*DQ15-6.2,1) -> -6.9 | R15: =ROUND(DR15*0.69-5.3,1) -> -4.8 | AF15: =ROUND(2*E15-R15,1) -> -9 | BM15: 4.99 | BN15: =BM15*$BN$1 -> 10.0798 | BU15: =ROUND((0.6105*(EXP((17.273*AF15)/(AF15+237.3)))),3) -> 0.309 | BV15: =ROUND((0.6105*(EXP((17.273*R15)/(R15+237.3))))-BU15,3) -> 0.118 | BX15: =BZ15*BZ$2 -> 6.72 | BY15: 0 | BZ15: 4.8 | CB15: NA | CC15: NA | CD15: =ROUND(E15,1) -> -6.9 | CE15: NA | CF15: NA | CG15: NA | CH15: NA | CI15: NA | CJ15: NA | CK15: NA | CL15: =ROUND(R15,1) -> -4.8 | CM15: NA | CN15: NA | CO15: NA | CP15: NA | CQ15: NA | CR15: NA | CS15: NA | CT15: =ROUND(AF15,1) -> -9 | CU15: NA | CV15: NA | CW15: NA | CX15: NA | CY15: NA | CZ15: NA | DA15: NA | DB15: NA | DC15: =ROUND(PPTest!K15,1) -> 7.1 | DD15: NA | DE15: NA | DF15: =BU15 -> 0.309 | DG15: =BV15 -> 0.118 | DH15: NA | DQ15: -0.9 | DR15: 0.7 | DS15: -2.4
A16: =A15+1 -> 36535 | B16: 10 | E16: =ROUND(0.77*DQ16-6.2,1) -> -10 | R16: =ROUND(DR16*0.69-5.3,1) -> -5.6 | AF16: =ROUND(2*E16-R16,1) -> -14.4 | BM16: 5.06 | BN16: =BM16*$BN$1 -> 10.2212 | BU16: =ROUND((0.6105*(EXP((17.273*AF16)/(AF16+237.3)))),3) -> 0.2 | BV16: =ROUND((0.6105*(EXP((17.273*R16)/(R16+237.3))))-BU16,3) -> 0.202 | BX16: =BZ16*BZ$2 -> 0.7 | BY16: 0 | BZ16: 0.5 | CB16: NA | CC16: NA | CD16: =ROUND(E16,1) -> -10 | CE16: NA | CF16: NA | CG16: NA | CH16: NA | CI16: NA | CJ16: NA | CK16: NA | CL16: =ROUND(R16,1) -> -5.6 | CM16: NA | CN16: NA | CO16: NA | CP16: NA | CQ16: NA | CR16: NA | CS16: NA | CT16: =ROUND(AF16,1) -> -14.4 | CU16: NA | CV16: NA | CW16: NA | CX16: NA | CY16: NA | CZ16: NA | DA16: NA | DB16: NA | DC16: =ROUND(PPTest!K16,1) -> 0.7 | DD16: NA | DE16: NA | DF16: =BU16 -> 0.2 | DG16: =BV16 -> 0.202 | DH16: NA | DQ16: -4.9 | DR16: -0.5 | DS16: -9.2
A17: =A16+1 -> 36536 | B17: 11 | E17: =ROUND(0.77*DQ17-6.2,1) -> -11 | R17: =ROUND(DR17*0.69-5.3,1) -> -7.2 | AF17: =ROUND(2*E17-R17,1) -> -14.8 | BM17: 5.13 | BN17: =BM17*$BN$1 -> 10.3626 | BU17: =ROUND((0.6105*(EXP((17.273*AF17)/(AF17+237.3)))),3) -> 0.194 | BV17: =ROUND((0.6105*(EXP((17.273*R17)/(R17+237.3))))-BU17,3) -> 0.162 | BX17: =BZ17*BZ$2 -> 1.68 | BY17: 1.43 | BZ17: 1.2 | CB17: NA | CC17: NA | CD17: =ROUND(E17,1) -> -11 | CE17: NA | CF17: NA | CG17: NA | CH17: NA | CI17: NA | CJ17: NA | CK17: NA | CL17: =ROUND(R17,1) -> -7.2 | CM17: NA | CN17: NA | CO17: NA | CP17: NA | CQ17: NA | CR17: NA | CS17: NA | CT17: =ROUND(AF17,1) -> -14.8 | CU17: NA | CV17: NA | CW17: NA | CX17: NA | CY17: NA | CZ17: NA | DA17: NA | DB17: NA | DC17: =ROUND(PPTest!K17,1) -> 1.8 | DD17: NA | DE17: NA | DF17: =BU17 -> 0.194 | DG17: =BV17 -> 0.162 | DH17: NA | DQ17: -6.2 | DR17: -2.8 | DS17: -9.5
A18: =A17+1 -> 36537 | B18: 12 | E18: =ROUND(0.77*DQ18-6.2,1) -> -10.1 | R18: =ROUND(DR18*0.69-5.3,1) -> -6.3 | AF18: =ROUND(2*E18-R18,1) -> -13.9 | BM18: 5.2 | BN18: =BM18*$BN$1 -> 10.504 | BU18: =ROUND((0.6105*(EXP((17.273*AF18)/(AF18+237.3)))),3) -> 0.208 | BV18: =ROUND((0.6105*(EXP((17.273*R18)/(R18+237.3))))-BU18,3) -> 0.173 | BX18: =BZ18*BZ$2 -> 3.92 | BY18: 3.38 | BZ18: 2.8 | CB18: NA | CC18: NA | CD18: =ROUND(E18,1) -> -10.1 | CE18: NA | CF18: NA | CG18: NA | CH18: NA | CI18: NA | CJ18: NA | CK18: NA | CL18: =ROUND(R18,1) -> -6.3 | CM18: NA | CN18: NA | CO18: NA | CP18: NA | CQ18: NA | CR18: NA | CS18: NA | CT18: =ROUND(AF18,1) -> -13.9 | CU18: NA | CV18: NA | CW18: NA | CX18: NA | CY18: NA | CZ18: NA | DA18: NA | DB18: NA | DC18: =ROUND(PPTest!K18,1) -> 4.1 | DD18: NA | DE18: NA | DF18: =BU18 -> 0.208 | DG18: =BV18 -> 0.173 | DH18: NA | DQ18: -5 | DR18: -1.4 | DS18: -8.5
A19: =A18+1 -> 36538 | B19: 13 | E19: =ROUND(0.77*DQ19-6.2,1) -> -9.8 | R19: =ROUND(DR19*0.69-5.3,1) -> -5.4 | AF19: =ROUND(2*E19-R19,1) -> -14.2 | BM19: 5.27 | BN19: =BM19*$BN$1 -> 10.6454 | BU19: =ROUND((0.6105*(EXP((17.273*AF19)/(AF19+237.3)))),3) -> 0.203 | BV19: =ROUND((0.6105*(EXP((17.273*R19)/(R19+237.3))))-BU19,3) -> 0.205 | BX19: =BZ19*BZ$2 -> 0 | BY19: 3.25 | BZ19: 0 | CB19: NA | CC19: NA | CD19: =ROUND(E19,1) -> -9.8 | CE19: NA | CF19: NA | CG19: NA | CH19: NA | CI19: NA | CJ19: NA | CK19: NA | CL19: =ROUND(R19,1) -> -5.4 | CM19: NA | CN19: NA | CO19: NA | CP19: NA | CQ19: NA | CR19: NA | CS19: NA | CT19: =ROUND(AF19,1) -> -14.2 | CU19: NA | CV19: NA | CW19: NA | CX19: NA | CY19: NA | CZ19: NA | DA19: NA | DB19: NA | DC19: =ROUND(PPTest!K19,1) -> 0 | DD19: NA | DE19: NA | DF19: =BU19 -> 0.203 | DG19: =BV19 -> 0.205 | DH19: NA | DQ19: -4.7 | DR19: -0.2 | DS19: -9.1
... A67: =A66+1 -> 36586 | B67: 61 | E67: =ROUND(0.77*DQ67-6.2,1) -> -3.6 | R67: =ROUND(DR67*0.69-5.3,1) -> -0.7 | AF67: =ROUND(2*E67-R67,1) -> -6.5 | BM67: 13.23 | BN67: =BM67*$BN$1 -> 26.7246 | BU67: =ROUND((0.6105*(EXP((17.273*AF67)/(AF67+237.3)))),3) -> 0.375 | BV67: =ROUND((0.6105*(EXP((17.273*R67)/(R67+237.3))))-BU67,3) -> 0.205 | BX67: =BZ67*BZ$2 -> 4.76 | BY67: 0 | BZ67: 3.4 | CB67: NA | CC67: NA | CD67: =ROUND(E67,1) -> -3.6 | CE67: NA | CF67: NA | CG67: NA | CH67: NA | CI67: NA | CJ67: NA | CK67: NA | CL67: =ROUND(R67,1) -> -0.7 | CM67: NA | CN67: NA | CO67: NA | CP67: NA | CQ67: NA | CR67: NA | CS67: NA | CT67: =ROUND(AF67,1) -> -6.5 | CU67: NA | CV67: NA | CW67: NA | CX67: NA | CY67: NA | CZ67: NA | DA67: NA | DB67: NA | DC67: =ROUND(PPTest!K67,1) -> 5 | DD67: NA | DE67: NA | DF67: =BU67 -> 0.375 | DG67: =BV67 -> 0.205 | DH67: NA | DQ67: 3.4 | DR67: 6.6 | DS67: 0.2
A68: =A67+1 -> 36587 | B68: 62 | C68: 0.517 | D68: 0.757 | E68: -1.68 | F68: 105.2 | I68: -0.093 | J68: -2.096 | K68: -0.891 | L68: -0.122 | M68: 0.293 | N68: 0.911 | O68: 0 | P68: 1.1246667 | R68: -0.373 | S68: 1622 | T68: 107.9 | U68: 1537 | X68: -0.024 | Y68: -1.91 | Z68: -0.277 | AA68: -0.058 | AB68: 0.356 | AC68: 0.978 | AD68: 3.888 | AE68: 1841 | AF68: -6.113 | AG68: 0 | AH68: 97.4 | AI68: 2053 | AL68: -0.131 | AM68: -2.764 | AN68: -3.052 | AO68: -0.16 | AP68: 0.256 | AQ68: 0.872 | AR68: 0.025 | AS68: 0.064 | AT68: 0.105 | AU68: 0.089 | AV68: 0.22 | AW68: 0.356 | AX68: 0.097 | AY68: 0.043 | AZ68: -1.416 | BA68: 2288 | BF68: 1250 | BM68: 13.47 | BN68: =BM68*$BN$1 -> 27.2094 | BO68: =ROUND(C68*BO$2,2) -> 0.51 | BP68: =ROUND(D68*BP$2,2) -> 0.83 | BR68: =ROUND(IF(T68>BR$2,100,IF(T68>BR$3,BS$1*T68+BS$2, T68*BS$3+BS$4)),1) -> 95.9 | BS68: =ROUND(IF(F68>BR$2,100, IF(F68>BR$3,BS$1*F68+BS$2, F68*BS$3+BS$4)),1) -> 91.6 | BT68: =ROUND(IF(AH68>BR$2,100,IF(AH68>BR$3,BS$1*AH68+BS$2, AH68*BS$3+BS$4)),1) -> 79.7 | BU68: =ROUND(0.6105*(EXP((17.273*R68)/(R68+237.3)))*BT68/100, 3) -> 0.474 | BV68: =ROUND((100-BT68)*BU68/BT68,3) -> 0.121 | BX68: =BZ68*BZ$2 -> 5.18 | BY68: 0 | BZ68: 3.7 | CB68: =BO68 -> 0.51 | CC68: =BP68 -> 0.83 | CD68: =ROUND(E68,1) -> -1.7 | CE68: NA | CF68: NA | CG68: =ROUND(I68,1) -> -0.1 | CH68: =ROUND(L68,1) -> -0.1 | CI68: =ROUND(M68,1) -> 0.3 | CJ68: =ROUND(N68,1) -> 0.9 | CK68: =ROUND(BS68,1) -> 91.6 | CL68: =ROUND(R68,1) -> -0.4 | CM68: NA | CN68: NA | CO68: =ROUND(X68,1) -> 0 | CP68: =ROUND(AA68,1) -> -0.1 | CQ68: =ROUND(AB68,1) -> 0.4 | CR68: =ROUND(AC68,1) -> 1 | CS68: =ROUND(BR68,1) -> 95.9 | CT68: =ROUND(AF68,1) -> -6.1 | CU68: NA | CV68: NA | CW68: =ROUND(AL68,1) -> -0.1 | CX68: =ROUND(AO68,1) -> -0.2 | CY68: =ROUND(AP68,1) -> 0.3 | CZ68: =ROUND(AQ68,1) -> 0.9 | DA68: =ROUND(BT68,1) -> 79.7 | DB68: =BF68 -> 1250 | DC68: =ROUND(PPTest!K68,1) -> 5.4 | DD68: =ROUND(P68,2) -> 1.12 | DE68: =ROUND(AD68,2) -> 3.89 | DF68: =BU68 -> 0.474 | DG68: =BV68 -> 0.121 | DH68: NA | DQ68: 2.4 | DR68: 4.4 | DS68: 0.4
A69: =A68+1 -> 36588 | B69: 63 | C69: 1.08 | D69: 1.686 | E69: -2.067 | F69: 102.2 | I69: -0.143 | J69: -3.401 | K69: -2.837 | L69: -0.157 | M69: 0.251 | N69: 0.861 | O69: 0 | P69: 1.4796667 | R69: -0.296 | S69: 1359 | T69: 108.9 | U69: 2344 | X69: -0.083 | Y69: -2.407 | Z69: -0.693 | AA69: -0.112 | AB69: 0.313 | AC69: 0.942 | AD69: 5.408 | AE69: 655 | AF69: -6.954 | AG69: 47 | AH69: 92 | AI69: 748 | AL69: -0.222 | AM69: -5.051 | AN69: -7.67 | AO69: -0.208 | AP69: 0.184 | AQ69: 0.794 | AR69: 0.03 | AS69: 0.065 | AT69: 0.08 | AU69: 0.087 | AV69: 0.194 | AW69: 0.326 | AX69: 0.172 | AY69: 0.047 | AZ69: -3.495 | BA69: 2200 | BB69: 13.06 | BC69: 2786 | BF69: =$BF$1-BA69 -> 1293 | BM69: 13.71 | BN69: =BM69*$BN$1 -> 27.6942 | BO69: =ROUND(C69*BO$2,2) -> 1.06 | BP69: =ROUND(D69*BP$2,2) -> 1.85 | BR69: =ROUND(IF(T69>BR$2,100,IF(T69>BR$3,BS$1*T69+BS$2, T69*BS$3+BS$4)),1) -> 97.5 | BS69: =ROUND(IF(F69>BR$2,100, IF(F69>BR$3,BS$1*F69+BS$2, F69*BS$3+BS$4)),1) -> 86.8 | BT69: =ROUND(IF(AH69>BR$2,100,IF(AH69>BR$3,BS$1*AH69+BS$2, AH69*BS$3+BS$4)),1) -> 75 | BU69: =ROUND(0.6105*(EXP((17.273*R69)/(R69+237.3)))*BT69/100, 3) -> 0.448 | BV69: =ROUND((100-BT69)*BU69/BT69,3) -> 0.149 | BX69: =BZ69*BZ$2 -> 7.98 | BY69: 0 | BZ69: 5.7 | CB69: =BO69 -> 1.06 | CC69: =BP69 -> 1.85 | CD69: =ROUND(E69,1) -> -2.1 | CE69: NA | CF69: NA | CG69: =ROUND(I69,1) -> -0.1 | CH69: =ROUND(L69,1) -> -0.2 | CI69: =ROUND(M69,1) -> 0.3 | CJ69: =ROUND(N69,1) -> 0.9 | CK69: =ROUND(BS69,1) -> 86.8 | CL69: =ROUND(R69,1) -> -0.3 | CM69: NA | CN69: NA | CO69: =ROUND(X69,1) -> -0.1 | CP69: =ROUND(AA69,1) -> -0.1 | CQ69: =ROUND(AB69,1) -> 0.3 | CR69: =ROUND(AC69,1) -> 0.9 | CS69: =ROUND(BR69,1) -> 97.5 | CT69: =ROUND(AF69,1) -> -7 | CU69: NA | CV69: NA | CW69: =ROUND(AL69,1) -> -0.2 | CX69: =ROUND(AO69,1) -> -0.2 | CY69: =ROUND(AP69,1) -> 0.2 | CZ69: =ROUND(AQ69,1) -> 0.8 | DA69: =ROUND(BT69,1) -> 75 | DB69: =BF69 -> 1293 | DC69: =ROUND(PPTest!K69,1) -> 5.6 | DD69: =ROUND(P69,2) -> 1.48 | DE69: =ROUND(AD69,2) -> 5.41 | DF69: =BU69 -> 0.448 | DG69: =BV69 -> 0.149 | DH69: =BB69 -> 13.06 | DQ69: 1.5 | DR69: 3.1 | DS69: -0.2
A70: =A69+1 -> 36589 | B70: 64 | C70: 1.173 | D70: 1.784 | E70: -3.019 | F70: 106.4 | I70: -0.098 | J70: -2.705 | K70: -2.738 | L70: -0.147 | M70: 0.261 | N70: 0.872 | O70: 0 | P70: 1.2806667 | R70: -1.237 | S70: 1035 | T70: 109.1 | U70: 536 | X70: -0.064 | Y70: -2.394 | Z70: -1.46 | AA70: -0.108 | AB70: 0.303 | AC70: 0.929 | AD70: 3.4613333 | AE70: 1305 | AF70: -7.35 | AG70: 0 | AH70: 99.2 | AI70: 1251 | AL70: -0.137 | AM70: -3.817 | AN70: -7.39 | AO70: -0.172 | AP70: 0.228 | AQ70: 0.834 | AR70: 0.024 | AS70: 0.006 | AT70: 0.019 | AU70: 0.042 | AV70: 0.274 | AW70: 0.486 | AX70: 0.126 | AY70: 0.023 | AZ70: -2.544 | BA70: 2175 | BB70: 10.45 | BC70: 2786 | BF70: =$BF$1-BA70 -> 1318 | BM70: 13.95 | BN70: =BM70*$BN$1 -> 28.179 | BO70: =ROUND(C70*BO$2,2) -> 1.15 | BP70: =ROUND(D70*BP$2,2) -> 1.96 | BR70: =ROUND(IF(T70>BR$2,100,IF(T70>BR$3,BS$1*T70+BS$2, T70*BS$3+BS$4)),1) -> 97.8 | BS70: =ROUND(IF(F70>BR$2,100, IF(F70>BR$3,BS$1*F70+BS$2, F70*BS$3+BS$4)),1) -> 93.5 | BT70: =ROUND(IF(AH70>BR$2,100,IF(AH70>BR$3,BS$1*AH70+BS$2, AH70*BS$3+BS$4)),1) -> 82 | BU70: =ROUND(0.6105*(EXP((17.273*R70)/(R70+237.3)))*BT70/100, 3) -> 0.457 | BV70: =ROUND((100-BT70)*BU70/BT70,3) -> 0.1 | BX70: =BZ70*BZ$2 -> 9.24 | BY70: 3.12 | BZ70: 6.6 | CB70: =BO70 -> 1.15 | CC70: =BP70 -> 1.96 | CD70: =ROUND(E70,1) -> -3 | CE70: NA | CF70: NA | CG70: =ROUND(I70,1) -> -0.1 | CH70: =ROUND(L70,1) -> -0.1 | CI70: =ROUND(M70,1) -> 0.3 | CJ70: =ROUND(N70,1) -> 0.9 | CK70: =ROUND(BS70,1) -> 93.5 | CL70: =ROUND(R70,1) -> -1.2 | CM70: NA | CN70: NA | CO70: =ROUND(X70,1) -> -0.1 | CP70: =ROUND(AA70,1) -> -0.1 | CQ70: =ROUND(AB70,1) -> 0.3 | CR70: =ROUND(AC70,1) -> 0.9 | CS70: =ROUND(BR70,1) -> 97.8 | CT70: =ROUND(AF70,1) -> -7.4 | CU70: NA | CV70: NA | CW70: =ROUND(AL70,1) -> -0.1 | CX70: =ROUND(AO70,1) -> -0.2 | CY70: =ROUND(AP70,1) -> 0.2 | CZ70: =ROUND(AQ70,1) -> 0.8 | DA70: =ROUND(BT70,1) -> 82 | DB70: =BF70 -> 1318 | DC70: =ROUND(PPTest!K70,1) -> 3.3 | DD70: =ROUND(P70,2) -> 1.28 | DE70: =ROUND(AD70,2) -> 3.46 | DF70: =BU70 -> 0.457 | DG70: =BV70 -> 0.1 | DH70: =BB70 -> 10.45 | DQ70: 2 | DR70: 4.2 | DS70: -0.2
A71: =A70+1 -> 36590 | B71: 65 | C71: 2.378 | D71: 3.02 | E71: -6.585 | F71: 102.3 | I71: -0.127 | J71: -5.55 | K71: -6.291 | L71: -0.153 | M71: 0.253 | N71: 0.86 | O71: 0 | P71: 1.1933333 | R71: -1.617 | S71: 1112 | T71: 108.2 | U71: 217 | X71: -0.078 | Y71: -3.826 | Z71: -1.143 | AA71: -0.072 | AB71: 0.345 | AC71: 0.967 | AD71: 3.3013333 | AE71: 1455 | AF71: -12.54 | AG71: 553 | AH71: 75 | AI71: 1110 | AL71: -0.203 | AM71: -7.41 | AN71: -13.56 | AO71: -0.251 | AP71: 0.109 | AQ71: 0.697 | AR71: 0.061 | AS71: 0.29 | AT71: 0.26 | AU71: 0.042 | AV71: 0.096 | AW71: 0.183 | AX71: 0.021 | AY71: 0.048 | AZ71: -6.571 | BA71: 2205 | BB71: 13.17 | BC71: 2786 | BF71: =$BF$1-BA71 -> 1288 | BM71: 14.21 | BN71: =BM71*$BN$1 -> 28.7042 | BO71: =ROUND(C71*BO$2,2) -> 2.33 | BP71: =ROUND(D71*BP$2,2) -> 3.32 | BR71: =ROUND(IF(T71>BR$2,100,IF(T71>BR$3,BS$1*T71+BS$2, T71*BS$3+BS$4)),1) -> 96.3 | BS71: =ROUND(IF(F71>BR$2,100, IF(F71>BR$3,BS$1*F71+BS$2, F71*BS$3+BS$4)),1) -> 87 | BT71: =ROUND(IF(AH71>BR$2,100,IF(AH71>BR$3,BS$1*AH71+BS$2, AH71*BS$3+BS$4)),1) -> 60 | BU71: =ROUND(0.6105*(EXP((17.273*R71)/(R71+237.3)))*BT71/100, 3) -> 0.325 | BV71: =ROUND((100-BT71)*BU71/BT71,3) -> 0.217 | BX71: =BZ71*BZ$2 -> 0 | BY71: 0 | BZ71: 0 | CB71: =BO71 -> 2.33 | CC71: =BP71 -> 3.32 | CD71: =ROUND(E71,1) -> -6.6 | CE71: NA | CF71: NA | CG71: =ROUND(I71,1) -> -0.1 | CH71: =ROUND(L71,1) -> -0.2 | CI71: =ROUND(M71,1) -> 0.3 | CJ71: =ROUND(N71,1) -> 0.9 | CK71: =ROUND(BS71,1) -> 87 | CL71: =ROUND(R71,1) -> -1.6 | CM71: NA | CN71: NA | CO71: =ROUND(X71,1) -> -0.1 | CP71: =ROUND(AA71,1) -> -0.1 | CQ71: =ROUND(AB71,1) -> 0.3 | CR71: =ROUND(AC71,1) -> 1 | CS71: =ROUND(BR71,1) -> 96.3 | CT71: =ROUND(AF71,1) -> -12.5 | CU71: NA | CV71: NA | CW71: =ROUND(AL71,1) -> -0.2 | CX71: =ROUND(AO71,1) -> -0.3 | CY71: =ROUND(AP71,1) -> 0.1 | CZ71: =ROUND(AQ71,1) -> 0.7 | DA71: =ROUND(BT71,1) -> 60 | DB71: =BF71 -> 1288 | DC71: =ROUND(PPTest!K71,1) -> 0 | DD71: =ROUND(P71,2) -> 1.19 | DE71: =ROUND(AD71,2) -> 3.3 | DF71: =BU71 -> 0.325 | DG71: =BV71 -> 0.217 | DH71: =BB71 -> 13.17 | DQ71: 3.1 | DR71: 7 | DS71: -0.9
A72: =A71+1 -> 36591 | B72: 66 | C72: 1.412 | D72: 2.235 | E72: -6.98 | F72: 105.1 | I72: -0.106 | J72: -5.37 | K72: -6.715 | L72: -0.147 | M72: 0.261 | N72: 0.868 | O72: 0 | P72: 1.3643333 | R72: -4.31 | S72: 1424 | T72: 107.6 | U72: 238 | X72: -0.045 | Y72: -4.719 | Z72: -2.825 | AA72: -0.063 | AB72: 0.357 | AC72: 0.978 | AD72: 3.3813333 | AE72: 1300 | AF72: -16.05 | AG72: 2355 | AH72: 99.9 | AI72: 1149 | AL72: -0.178 | AM72: -10.23 | AN72: -17.51 | AO72: -0.201 | AP72: 0.196 | AQ72: 0.8 | AR72: 0.026 | AS72: 0.116 | AT72: 0.157 | AU72: 0.014 | AV72: 0.108 | AW72: 0.458 | AX72: 0.107 | AY72: 0.014 | AZ72: -5.774 | BA72: 2189 | BB72: 13.18 | BC72: 2786 | BF72: =$BF$1-BA72 -> 1304 | BM72: 14.45 | BN72: =BM72*$BN$1 -> 29.189 | BO72: =ROUND(C72*BO$2,2) -> 1.38 | BP72: =ROUND(D72*BP$2,2) -> 2.46 | BR72: =ROUND(IF(T72>BR$2,100,IF(T72>BR$3,BS$1*T72+BS$2, T72*BS$3+BS$4)),1) -> 95.4 | BS72: =ROUND(IF(F72>BR$2,100, IF(F72>BR$3,BS$1*F72+BS$2, F72*BS$3+BS$4)),1) -> 91.4 | BT72: =ROUND(IF(AH72>BR$2,100,IF(AH72>BR$3,BS$1*AH72+BS$2, AH72*BS$3+BS$4)),1) -> 83.1 | BU72: =ROUND(0.6105*(EXP((17.273*R72)/(R72+237.3)))*BT72/100, 3) -> 0.369 | BV72: =ROUND((100-BT72)*BU72/BT72,3) -> 0.075 | BX72: =BZ72*BZ$2 -> 2.38 | BY72: 3.38 | BZ72: 1.7 | CB72: =BO72 -> 1.38 | CC72: =BP72 -> 2.46 | CD72: =ROUND(E72,1) -> -7 | CE72: NA | CF72: NA | CG72: =ROUND(I72,1) -> -0.1 | CH72: =ROUND(L72,1) -> -0.1 | CI72: =ROUND(M72,1) -> 0.3 | CJ72: =ROUND(N72,1) -> 0.9 | CK72: =ROUND(BS72,1) -> 91.4 | CL72: =ROUND(R72,1) -> -4.3 | CM72: NA | CN72: NA | CO72: =ROUND(X72,1) -> 0 | CP72: =ROUND(AA72,1) -> -0.1 | CQ72: =ROUND(AB72,1) -> 0.4 | CR72: =ROUND(AC72,1) -> 1 | CS72: =ROUND(BR72,1) -> 95.4 | CT72: =ROUND(AF72,1) -> -16.1 | CU72: NA | CV72: NA | CW72: =ROUND(AL72,1) -> -0.2 | CX72: =ROUND(AO72,1) -> -0.2 | CY72: =ROUND(AP72,1) -> 0.2 | CZ72: =ROUND(AQ72,1) -> 0.8 | DA72: =ROUND(BT72,1) -> 83.1 | DB72: =BF72 -> 1304 | DC72: =ROUND(PPTest!K72,1) -> 2.1 | DD72: =ROUND(P72,2) -> 1.36 | DE72: =ROUND(AD72,2) -> 3.38 | DF72: =BU72 -> 0.369 | DG72: =BV72 -> 0.075 | DH72: =BB72 -> 13.18 | DQ72: 0.2 | DR72: 1.9 | DS72: -1.5
A73: =A72+1 -> 36592 | B73: 67 | C73: 8.41 | D73: 11.86 | E73: -8.88 | F73: 87.5 | I73: -0.293 | J73: -8.11 | K73: -8.38 | L73: -0.162 | M73: 0.237 | N73: 0.838 | O73: 0 | P73: 1.593 | R73: 0.094 | S73: 1308 | T73: 106.4 | U73: 2339 | X73: -0.152 | Y73: -4.689 | Z73: -0.278 | AA73: -0.082 | AB73: 0.333 | AC73: 0.945 | AD73: 4.3413333 | AE73: 1118 | AF73: -18.85 | AG73: 610 | AH73: 43.95 | AI73: 1309 | AL73: -0.574 | AM73: -12.43 | AN73: -20.09 | AO73: -0.261 | AP73: 0.065 | AQ73: 0.649 | AR73: 0.055 | AS73: 0.268 | AT73: 0.43 | AU73: 0.076 | AV73: 0.077 | AW73: 0.06 | AX73: 0.014 | AY73: 0.02 | AZ73: -10.95 | BA73: 2215 | BB73: 13.19 | BC73: 2786 | BF73: =$BF$1-BA73 -> 1278 | BM73: 14.7 | BN73: =BM73*$BN$1 -> 29.694 | BO73: =ROUND(C73*BO$2,2) -> 8.24 | BP73: =ROUND(D73*BP$2,2) -> 13.05 | BR73: =ROUND(IF(T73>BR$2,100,IF(T73>BR$3,BS$1*T73+BS$2, T73*BS$3+BS$4)),1) -> 93.5 | BS73: =ROUND(IF(F73>BR$2,100, IF(F73>BR$3,BS$1*F73+BS$2, F73*BS$3+BS$4)),1) -> 71 | BT73: =ROUND(IF(AH73>BR$2,100,IF(AH73>BR$3,BS$1*AH73+BS$2, AH73*BS$3+BS$4)),1) -> 32.7 | BU73: =ROUND(0.6105*(EXP((17.273*R73)/(R73+237.3)))*BT73/100, 3) -> 0.201 | BV73: =ROUND((100-BT73)*BU73/BT73,3) -> 0.414 | BX73: =BZ73*BZ$2 -> 0.28 | BY73: 0 | BZ73: 0.2 | CB73: =BO73 -> 8.24 | CC73: =BP73 -> 13.05 | CD73: =ROUND(E73,1) -> -8.9 | CE73: NA | CF73: NA | CG73: =ROUND(I73,1) -> -0.3 | CH73: =ROUND(L73,1) -> -0.2 | CI73: =ROUND(M73,1) -> 0.2 | CJ73: =ROUND(N73,1) -> 0.8 | CK73: =ROUND(BS73,1) -> 71 | CL73: =ROUND(R73,1) -> 0.1 | CM73: NA | CN73: NA | CO73: =ROUND(X73,1) -> -0.2 | CP73: =ROUND(AA73,1) -> -0.1 | CQ73: =ROUND(AB73,1) -> 0.3 | CR73: =ROUND(AC73,1) -> 0.9 | CS73: =ROUND(BR73,1) -> 93.5 | CT73: =ROUND(AF73,1) -> -18.9 | CU73: NA | CV73: NA | CW73: =ROUND(AL73,1) -> -0.6 | CX73: =ROUND(AO73,1) -> -0.3 | CY73: =ROUND(AP73,1) -> 0.1 | CZ73: =ROUND(AQ73,1) -> 0.6 | DA73: =ROUND(BT73,1) -> 32.7 | DB73: =BF73 -> 1278 | DC73: =ROUND(PPTest!K73,1) -> 0 | DD73: =ROUND(P73,2) -> 1.59 | DE73: =ROUND(AD73,2) -> 4.34 | DF73: =BU73 -> 0.201 | DG73: =BV73 -> 0.414 | DH73: =BB73 -> 13.19 | DQ73: 1.6 | DR73: 6.3 | DS73: -3.2
A74: =A73+1 -> 36593 | B74: 68 | C74: 12.06 | D74: 20.81 | E74: -3.353 | F74: 84.3 | I74: -0.283 | J74: -5.01 | K74: -4.206 | L74: -0.15 | M74: 0.25 | N74: 0.846 | O74: 0 | P74: 1.5543333 | R74: 3.386 | S74: 1445 | T74: 105 | U74: 537 | X74: -0.121 | Y74: -2.799 | Z74: 1.712 | AA74: -0.084 | AB74: 0.333 | AC74: 0.94 | AD74: 5.2746667 | AE74: 1201 | AF74: -11.16 | AG74: 32 | AH74: 49.08 | AI74: 1402 | AL74: -0.468 | AM74: -7.64 | AN74: -12.34 | AO74: -0.231 | AP74: 0.13 | AQ74: 0.715 | AR74: 0.072 | AS74: 0.277 | AT74: 0.378 | AU74: 0.108 | AV74: 0.054 | AW74: 0.055 | AX74: 0.028 | AY74: 0.029 | AZ74: -5.64 | BA74: 2239 | BB74: 13.21 | BC74: 2786 | BF74: =$BF$1-BA74 -> 1254 | BM74: 14.96 | BN74: =BM74*$BN$1 -> 30.2192 | BO74: =ROUND(C74*BO$2,2) -> 11.82 | BP74: =ROUND(D74*BP$2,2) -> 22.89 | BR74: =ROUND(IF(T74>BR$2,100,IF(T74>BR$3,BS$1*T74+BS$2, T74*BS$3+BS$4)),1) -> 91.3 | BS74: =ROUND(IF(F74>BR$2,100, IF(F74>BR$3,BS$1*F74+BS$2, F74*BS$3+BS$4)),1) -> 68.2 | BT74: =ROUND(IF(AH74>BR$2,100,IF(AH74>BR$3,BS$1*AH74+BS$2, AH74*BS$3+BS$4)),1) -> 37.2 | BU74: =ROUND(0.6105*(EXP((17.273*R74)/(R74+237.3)))*BT74/100, 3) -> 0.29 | BV74: =ROUND((100-BT74)*BU74/BT74,3) -> 0.49 | BX74: =BZ74*BZ$2 -> 0 | BY74: 0 | BZ74: 0 | CB74: =BO74 -> 11.82 | CC74: =BP74 -> 22.89 | CD74: =ROUND(E74,1) -> -3.4 | CE74: NA | CF74: NA | CG74: =ROUND(I74,1) -> -0.3 | CH74: =ROUND(L74,1) -> -0.2 | CI74: =ROUND(M74,1) -> 0.3 | CJ74: =ROUND(N74,1) -> 0.8 | CK74: =ROUND(BS74,1) -> 68.2 | CL74: =ROUND(R74,1) -> 3.4 | CM74: NA | CN74: NA | CO74: =ROUND(X74,1) -> -0.1 | CP74: =ROUND(AA74,1) -> -0.1 | CQ74: =ROUND(AB74,1) -> 0.3 | CR74: =ROUND(AC74,1) -> 0.9 | CS74: =ROUND(BR74,1) -> 91.3 | CT74: =ROUND(AF74,1) -> -11.2 | CU74: NA | CV74: NA | CW74: =ROUND(AL74,1) -> -0.5 | CX74: =ROUND(AO74,1) -> -0.2 | CY74: =ROUND(AP74,1) -> 0.1 | CZ74: =ROUND(AQ74,1) -> 0.7 | DA74: =ROUND(BT74,1) -> 37.2 | DB74: =BF74 -> 1254 | DC74: =ROUND(PPTest!K74,1) -> 0 | DD74: =ROUND(P74,2) -> 1.55 | DE74: =ROUND(AD74,2) -> 5.27 | DF74: =BU74 -> 0.29 | DG74: =BV74 -> 0.49 | DH74: =BB74 -> 13.21 | DQ74: 3.1 | DR74: 10.5 | DS74: -4.3
A75: =A74+1 -> 36594 | B75: 69 | C75: 4.533 | D75: 7.91 | E75: -1.47 | F75: 103.5 | I75: -0.085 | J75: -2.602 | K75: -0.552 | L75: -0.139 | M75: 0.267 | N75: 0.862 | O75: 0 | P75: 1.3613333 | R75: 0.882 | S75: 1520 | T75: 109.3 | U75: 2033 | X75: 0 | Y75: -2 | Z75: -0.176 | AA75: -0.086 | AB75: 0.32 | AC75: 0.918 | AD75: 4.1013333 | AE75: 1339 | AF75: -2.977 | AG75: 600 | AH75: 85.2 | AI75: 1549 | AL75: -0.164 | AM75: -3.102 | AN75: -0.924 | AO75: -0.181 | AP75: 0.206 | AQ75: 0.797 | AR75: 0.036 | AS75: 0.141 | AT75: 0.103 | AU75: 0.02 | AV75: 0.122 | AW75: 0.41 | AX75: 0.149 | AY75: 0.017 | AZ75: -2.05 | BA75: 2240 | BB75: 13.21 | BC75: 2786 | BF75: =$BF$1-BA75 -> 1253 | BM75: 15.22 | BN75: =BM75*$BN$1 -> 30.7444 | BO75: =ROUND(C75*BO$2,2) -> 4.44 | BP75: =ROUND(D75*BP$2,2) -> 8.7 | BR75: =ROUND(IF(T75>BR$2,100,IF(T75>BR$3,BS$1*T75+BS$2, T75*BS$3+BS$4)),1) -> 98.1 | BS75: =ROUND(IF(F75>BR$2,100, IF(F75>BR$3,BS$1*F75+BS$2, F75*BS$3+BS$4)),1) -> 88.9 | BT75: =ROUND(IF(AH75>BR$2,100,IF(AH75>BR$3,BS$1*AH75+BS$2, AH75*BS$3+BS$4)),1) -> 69 | BU75: =ROUND(0.6105*(EXP((17.273*R75)/(R75+237.3)))*BT75/100, 3) -> 0.449 | BV75: =ROUND((100-BT75)*BU75/BT75,3) -> 0.202 | BX75: =BZ75*BZ$2 -> 0.84 | BY75: 1.6 | BZ75: 0.6 | CB75: =BO75 -> 4.44 | CC75: =BP75 -> 8.7 | CD75: =ROUND(E75,1) -> -1.5 | CE75: NA | CF75: NA | CG75: =ROUND(I75,1) -> -0.1 | CH75: =ROUND(L75,1) -> -0.1 | CI75: =ROUND(M75,1) -> 0.3 | CJ75: =ROUND(N75,1) -> 0.9 | CK75: =ROUND(BS75,1) -> 88.9 | CL75: =ROUND(R75,1) -> 0.9 | CM75: NA | CN75: NA | CO75: =ROUND(X75,1) -> 0 | CP75: =ROUND(AA75,1) -> -0.1 | CQ75: =ROUND(AB75,1) -> 0.3 | CR75: =ROUND(AC75,1) -> 0.9 | CS75: =ROUND(BR75,1) -> 98.1 | CT75: =ROUND(AF75,1) -> -3 | CU75: NA | CV75: NA | CW75: =ROUND(AL75,1) -> -0.2 | CX75: =ROUND(AO75,1) -> -0.2 | CY75: =ROUND(AP75,1) -> 0.2 | CZ75: =ROUND(AQ75,1) -> 0.8 | DA75: =ROUND(BT75,1) -> 69 | DB75: =BF75 -> 1253 | DC75: =ROUND(PPTest!K75,1) -> 0 | DD75: =ROUND(P75,2) -> 1.36 | DE75: =ROUND(AD75,2) -> 4.1 | DF75: =BU75 -> 0.449 | DG75: =BV75 -> 0.202 | DH75: =BB75 -> 13.21 | DQ75: 3.8 | DR75: 7.7 | DS75: -0.2
A76: =A75+1 -> 36595 | B76: 70 | C76: 10.37 | D76: 18.17 | E76: -0.808 | F76: 93 | I76: -0.075 | J76: -2.368 | K76: -0.663 | L76: -0.136 | M76: 0.271 | N76: 0.864 | O76: 0 | P76: 1.4576667 | R76: 3.206 | S76: 1412 | T76: 108.6 | U76: 628 | X76: -0.007 | Y76: -1.702 | Z76: 0.96 | AA76: -0.08 | AB76: 0.339 | AC76: 0.934 | AD76: 5.328 | AE76: 1139 | AF76: -3.915 | AG76: 651 | AH76: 66.24 | AI76: 1304 | AL76: -0.212 | AM76: -3.119 | AN76: -2.092 | AO76: -0.221 | AP76: 0.16 | AQ76: 0.741 | AR76: 0.07 | AS76: 0.104 | AT76: 0.102 | AU76: 0.088 | AV76: 0.179 | AW76: 0.305 | AX76: 0.105 | AY76: 0.047 | AZ76: -2.13 | BA76: 2249 | BB76: 13.19 | BC76: 2786 | BF76: =$BF$1-BA76 -> 1244 | BM76: 15.48 | BN76: =BM76*$BN$1 -> 31.2696 | BO76: =ROUND(C76*BO$2,2) -> 10.16 | BP76: =ROUND(D76*BP$2,2) -> 19.99 | BR76: =ROUND(IF(T76>BR$2,100,IF(T76>BR$3,BS$1*T76+BS$2, T76*BS$3+BS$4)),1) -> 97 | BS76: =ROUND(IF(F76>BR$2,100, IF(F76>BR$3,BS$1*F76+BS$2, F76*BS$3+BS$4)),1) -> 75.8 | BT76: =ROUND(IF(AH76>BR$2,100,IF(AH76>BR$3,BS$1*AH76+BS$2, AH76*BS$3+BS$4)),1) -> 52.3 | BU76: =ROUND(0.6105*(EXP((17.273*R76)/(R76+237.3)))*BT76/100, 3) -> 0.402 | BV76: =ROUND((100-BT76)*BU76/BT76,3) -> 0.367 | BX76: =BZ76*BZ$2 -> 0.42 | BY76: 0 | BZ76: 0.3 | CB76: =BO76 -> 10.16 | CC76: =BP76 -> 19.99 | CD76: =ROUND(E76,1) -> -0.8 | CE76: NA | CF76: NA | CG76: =ROUND(I76,1) -> -0.1 | CH76: =ROUND(L76,1) -> -0.1 | CI76: =ROUND(M76,1) -> 0.3 | CJ76: =ROUND(N76,1) -> 0.9 | CK76: =ROUND(BS76,1) -> 75.8 | CL76: =ROUND(R76,1) -> 3.2 | CM76: NA | CN76: NA | CO76: =ROUND(X76,1) -> 0 | CP76: =ROUND(AA76,1) -> -0.1 | CQ76: =ROUND(AB76,1) -> 0.3 | CR76: =ROUND(AC76,1) -> 0.9 | CS76: =ROUND(BR76,1) -> 97 | CT76: =ROUND(AF76,1) -> -3.9 | CU76: NA | CV76: NA | CW76: =ROUND(AL76,1) -> -0.2 | CX76: =ROUND(AO76,1) -> -0.2 | CY76: =ROUND(AP76,1) -> 0.2 | CZ76: =ROUND(AQ76,1) -> 0.7 | DA76: =ROUND(BT76,1) -> 52.3 | DB76: =BF76 -> 1244 | DC76: =ROUND(PPTest!K76,1) -> 0 | DD76: =ROUND(P76,2) -> 1.46 | DE76: =ROUND(AD76,2) -> 5.33 | DF76: =BU76 -> 0.402 | DG76: =BV76 -> 0.367 | DH76: =BB76 -> 13.19 | DQ76: 5 | DR76: 10 | DS76: 0
A77: =A76+1 -> 36596 | B77: 71 | C77: 9.7 | D77: 16.1 | E77: -1.636 | F77: 86.8 | I77: -0.078 | J77: -2.775 | K77: -0.494 | L77: -0.141 | M77: 0.264 | N77: 0.856 | O77: 0 | P77: 2.4606667 | R77: 0.831 | S77: 1428 | T77: 107.6 | U77: 404 | X77: -0.03 | Y77: -2.351 | Z77: -0.139 | AA77: -0.108 | AB77: 0.307 | AC77: 0.903 | AD77: 7.088 | AE77: 1331 | AF77: -3.863 | AG77: 2359 | AH77: 59.8 | AI77: 1456 | AL77: -0.142 | AM77: -3.636 | AN77: -0.814 | AO77: -0.174 | AP77: 0.213 | AQ77: 0.798 | AR77: 0.017 | AS77: 0.04 | AT77: 0.048 | AU77: 0.03 | AV77: 0.225 | AW77: 0.542 | AX77: 0.074 | AY77: 0.024 | AZ77: -2.686 | BA77: 2253 | BB77: 13.21 | BC77: 2786 | BF77: =$BF$1-BA77 -> 1240 | BM77: 15.73 | BN77: =BM77*$BN$1 -> 31.7746 | BO77: =ROUND(C77*BO$2,2) -> 9.51 | BP77: =ROUND(D77*BP$2,2) -> 17.71 | BR77: =ROUND(IF(T77>BR$2,100,IF(T77>BR$3,BS$1*T77+BS$2, T77*BS$3+BS$4)),1) -> 95.4 | BS77: =ROUND(IF(F77>BR$2,100, IF(F77>BR$3,BS$1*F77+BS$2, F77*BS$3+BS$4)),1) -> 70.4 | BT77: =ROUND(IF(AH77>BR$2,100,IF(AH77>BR$3,BS$1*AH77+BS$2, AH77*BS$3+BS$4)),1) -> 46.6 | BU77: =ROUND(0.6105*(EXP((17.273*R77)/(R77+237.3)))*BT77/100, 3) -> 0.302 | BV77: =ROUND((100-BT77)*BU77/BT77,3) -> 0.346 | BX77: =BZ77*BZ$2 -> 1.96 | BY77: 0 | BZ77: 1.4 | CB77: =BO77 -> 9.51 | CC77: =BP77 -> 17.71 | CD77: =ROUND(E77,1) -> -1.6 | CE77: NA | CF77: NA | CG77: =ROUND(I77,1) -> -0.1 | CH77: =ROUND(L77,1) -> -0.1 | CI77: =ROUND(M77,1) -> 0.3 | CJ77: =ROUND(N77,1) -> 0.9 | CK77: =ROUND(BS77,1) -> 70.4 | CL77: =ROUND(R77,1) -> 0.8 | CM77: NA | CN77: NA | CO77: =ROUND(X77,1) -> 0 | CP77: =ROUND(AA77,1) -> -0.1 | CQ77: =ROUND(AB77,1) -> 0.3 | CR77: =ROUND(AC77,1) -> 0.9 | CS77: =ROUND(BR77,1) -> 95.4 | CT77: =ROUND(AF77,1) -> -3.9 | CU77: NA | CV77: NA | CW77: =ROUND(AL77,1) -> -0.1 | CX77: =ROUND(AO77,1) -> -0.2 | CY77: =ROUND(AP77,1) -> 0.2 | CZ77: =ROUND(AQ77,1) -> 0.8 | DA77: =ROUND(BT77,1) -> 46.6 | DB77: =BF77 -> 1240 | DC77: =ROUND(PPTest!K77,1) -> 0 | DD77: =ROUND(P77,2) -> 2.46 | DE77: =ROUND(AD77,2) -> 7.09 | DF77: =BU77 -> 0.302 | DG77: =BV77 -> 0.346 | DH77: =BB77 -> 13.21 | DQ77: 6.2 | DR77: 12.1 | DS77: 0.3
A78: =A77+1 -> 36597 | B78: 72 | C78: 9.61 | D78: 16.57 | E78: -3.776 | F78: 87.4 | I78: -0.075 | J78: -4.488 | K78: -2.295 | L78: -0.143 | M78: 0.262 | N78: 0.852 | O78: 0 | P78: 1.4673333 | R78: 0.789 | S78: 1519 | T78: 106.9 | U78: 413 | X78: -0.006 | Y78: -3.388 | Z78: -0.241 | AA78: -0.078 | AB78: 0.34 | AC78: 0.948 | AD78: 4.208 | AE78: 1047 | AF78: -9.68 | AG78: 424 | AH78: 62.65 | AI78: 1555 | AL78: -0.158 | AM78: -6.244 | AN78: -9.43 | AO78: -0.216 | AP78: 0.159 | AQ78: 0.737 | AR78: 0.022 | AS78: 0.172 | AT78: 0.151 | AU78: 0.039 | AV78: 0.119 | AW78: 0.348 | AX78: 0.112 | AY78: 0.037 | AZ78: -4.636 | BA78: 2260 | BB78: 13.23 | BC78: 2786 | BF78: =$BF$1-BA78 -> 1233 | BM78: 15.98 | BN78: =BM78*$BN$1 -> 32.2796 | BO78: =ROUND(C78*BO$2,2) -> 9.42 | BP78: =ROUND(D78*BP$2,2) -> 18.23 | BR78: =ROUND(IF(T78>BR$2,100,IF(T78>BR$3,BS$1*T78+BS$2, T78*BS$3+BS$4)),1) -> 94.3 | BS78: =ROUND(IF(F78>BR$2,100, IF(F78>BR$3,BS$1*F78+BS$2, F78*BS$3+BS$4)),1) -> 70.9 | BT78: =ROUND(IF(AH78>BR$2,100,IF(AH78>BR$3,BS$1*AH78+BS$2, AH78*BS$3+BS$4)),1) -> 49.1 | BU78: =ROUND(0.6105*(EXP((17.273*R78)/(R78+237.3)))*BT78/100, 3) -> 0.317 | BV78: =ROUND((100-BT78)*BU78/BT78,3) -> 0.329 | BX78: =BZ78*BZ$2 -> 0 | BY78: 0 | BZ78: 0 | CB78: =BO78 -> 9.42 | CC78: =BP78 -> 18.23 | CD78: =ROUND(E78,1) -> -3.8 | CE78: NA | CF78: NA | CG78: =ROUND(I78,1) -> -0.1 | CH78: =ROUND(L78,1) -> -0.1 | CI78: =ROUND(M78,1) -> 0.3 | CJ78: =ROUND(N78,1) -> 0.9 | CK78: =ROUND(BS78,1) -> 70.9 | CL78: =ROUND(R78,1) -> 0.8 | CM78: NA | CN78: NA | CO78: =ROUND(X78,1) -> 0 | CP78: =ROUND(AA78,1) -> -0.1 | CQ78: =ROUND(AB78,1) -> 0.3 | CR78: =ROUND(AC78,1) -> 0.9 | CS78: =ROUND(BR78,1) -> 94.3 | CT78: =ROUND(AF78,1) -> -9.7 | CU78: NA | CV78: NA | CW78: =ROUND(AL78,1) -> -0.2 | CX78: =ROUND(AO78,1) -> -0.2 | CY78: =ROUND(AP78,1) -> 0.2 | CZ78: =ROUND(AQ78,1) -> 0.7 | DA78: =ROUND(BT78,1) -> 49.1 | DB78: =BF78 -> 1233 | DC78: =ROUND(PPTest!K78,1) -> 0 | DD78: =ROUND(P78,2) -> 1.47 | DE78: =ROUND(AD78,2) -> 4.21 | DF78: =BU78 -> 0.317 | DG78: =BV78 -> 0.329 | DH78: =BB78 -> 13.23 | DQ78: 5 | DR78: 11.9 | DS78: -1.9
A79: =A78+1 -> 36598 | B79: 73 | C79: 11.27 | D79: 19.29 | E79: -2.285 | F79: 92 | I79: -0.07 | J79: -3.62 | K79: -1.991 | L79: -0.141 | M79: 0.26 | N79: 0.847 | O79: 0 | P79: 1.413 | R79: 3.295 | S79: 1447 | T79: 108 | U79: 428 | X79: 0.011 | Y79: -2.369 | Z79: -0.117 | AA79: -0.085 | AB79: 0.315 | AC79: 0.908 | AD79: 4.5546667 | AE79: 1027 | AF79: -5.675 | AG79: 612 | AH79: 58.44 | AI79: 1448 | AL79: -0.17 | AM79: -4.706 | AN79: -6.183 | AO79: -0.21 | AP79: 0.166 | AQ79: 0.737 | AR79: 0.123 | AS79: 0.235 | AT79: 0.191 | AU79: 0.086 | AV79: 0.097 | AW79: 0.145 | AX79: 0.065 | AY79: 0.058 | AZ79: -3.102 | BA79: 2285 | BB79: 13.23 | BC79: 2786 | BF79: =$BF$1-BA79 -> 1208 | BM79: 16.25 | BN79: =BM79*$BN$1 -> 32.825 | BO79: =ROUND(C79*BO$2,2) -> 11.04 | BP79: =ROUND(D79*BP$2,2) -> 21.22 | BR79: =ROUND(IF(T79>BR$2,100,IF(T79>BR$3,BS$1*T79+BS$2, T79*BS$3+BS$4)),1) -> 96 | BS79: =ROUND(IF(F79>BR$2,100, IF(F79>BR$3,BS$1*F79+BS$2, F79*BS$3+BS$4)),1) -> 75 | BT79: =ROUND(IF(AH79>BR$2,100,IF(AH79>BR$3,BS$1*AH79+BS$2, AH79*BS$3+BS$4)),1) -> 45.4 | BU79: =ROUND(0.6105*(EXP((17.273*R79)/(R79+237.3)))*BT79/100, 3) -> 0.351 | BV79: =ROUND((100-BT79)*BU79/BT79,3) -> 0.422 | BX79: =BZ79*BZ$2 -> 0 | BY79: 7.54 | BZ79: 0 | CB79: =BO79 -> 11.04 | CC79: =BP79 -> 21.22 | CD79: =ROUND(E79,1) -> -2.3 | CE79: NA | CF79: NA | CG79: =ROUND(I79,1) -> -0.1 | CH79: =ROUND(L79,1) -> -0.1 | CI79: =ROUND(M79,1) -> 0.3 | CJ79: =ROUND(N79,1) -> 0.8 | CK79: =ROUND(BS79,1) -> 75 | CL79: =ROUND(R79,1) -> 3.3 | CM79: NA | CN79: NA | CO79: =ROUND(X79,1) -> 0 | CP79: =ROUND(AA79,1) -> -0.1 | CQ79: =ROUND(AB79,1) -> 0.3 | CR79: =ROUND(AC79,1) -> 0.9 | CS79: =ROUND(BR79,1) -> 96 | CT79: =ROUND(AF79,1) -> -5.7 | CU79: NA | CV79: NA | CW79: =ROUND(AL79,1) -> -0.2 | CX79: =ROUND(AO79,1) -> -0.2 | CY79: =ROUND(AP79,1) -> 0.2 | CZ79: =ROUND(AQ79,1) -> 0.7 | DA79: =ROUND(BT79,1) -> 45.4 | DB79: =BF79 -> 1208 | DC79: =ROUND(PPTest!K79,1) -> 0 | DD79: =ROUND(P79,2) -> 1.41 | DE79: =ROUND(AD79,2) -> 4.55 | DF79: =BU79 -> 0.351 | DG79: =BV79 -> 0.422 | DH79: =BB79 -> 13.23 | DQ79: 5.4 | DR79: 10.9 | DS79: -0.1
A80: =A79+1 -> 36599 | B80: 74 | C80: 2.732 | D80: 5.213 | E80: -2.759 | F80: 108.3 | I80: -0.053 | J80: -2.595 | K80: -1.927 | L80: -0.13 | M80: 0.275 | N80: 0.86 | O80: 0 | P80: 2.6413333 | R80: -1.646 | S80: 438 | T80: 108.9 | U80: 652 | X80: 0.005 | Y80: -2.498 | Z80: -0.617 | AA80: -0.087 | AB80: 0.317 | AC80: 0.904 | AD80: 7.568 | AE80: 731 | AF80: -4.615 | AG80: 2343 | AH80: 104.8 | AI80: 5 | AL80: -0.213 | AM80: -2.682 | AN80: -4.794 | AO80: -0.158 | AP80: 0.245 | AQ80: 0.828 | AR80: 0.034 | AS80: 0.042 | AT80: 0.016 | AU80: 0.012 | AV80: 0.126 | AW80: 0.638 | AX80: 0.121 | AY80: 0.01 | AZ80: -2.089 | BA80: 2145 | BB80: 13.23 | BC80: 2786 | BF80: =$BF$1-BA80 -> 1348 | BM80: 16.51 | BN80: =BM80*$BN$1 -> 33.3502 | BO80: =ROUND(C80*BO$2,2) -> 2.68 | BP80: =ROUND(D80*BP$2,2) -> 5.73 | BR80: =ROUND(IF(T80>BR$2,100,IF(T80>BR$3,BS$1*T80+BS$2, T80*BS$3+BS$4)),1) -> 97.5 | BS80: =ROUND(IF(F80>BR$2,100, IF(F80>BR$3,BS$1*F80+BS$2, F80*BS$3+BS$4)),1) -> 96.5 | BT80: =ROUND(IF(AH80>BR$2,100,IF(AH80>BR$3,BS$1*AH80+BS$2, AH80*BS$3+BS$4)),1) -> 90.9 | BU80: =ROUND(0.6105*(EXP((17.273*R80)/(R80+237.3)))*BT80/100, 3) -> 0.492 | BV80: =ROUND((100-BT80)*BU80/BT80,3) -> 0.049 | BX80: =BZ80*BZ$2 -> 16.8 | BY80: 6.5 | BZ80: 12 | CB80: =BO80 -> 2.68 | CC80: =BP80 -> 5.73 | CD80: =ROUND(E80,1) -> -2.8 | CE80: NA | CF80: NA | CG80: =ROUND(I80,1) -> -0.1 | CH80: =ROUND(L80,1) -> -0.1 | CI80: =ROUND(M80,1) -> 0.3 | CJ80: =ROUND(N80,1) -> 0.9 | CK80: =ROUND(BS80,1) -> 96.5 | CL80: =ROUND(R80,1) -> -1.6 | CM80: NA | CN80: NA | CO80: =ROUND(X80,1) -> 0 | CP80: =ROUND(AA80,1) -> -0.1 | CQ80: =ROUND(AB80,1) -> 0.3 | CR80: =ROUND(AC80,1) -> 0.9 | CS80: =ROUND(BR80,1) -> 97.5 | CT80: =ROUND(AF80,1) -> -4.6 | CU80: NA | CV80: NA | CW80: =ROUND(AL80,1) -> -0.2 | CX80: =ROUND(AO80,1) -> -0.2 | CY80: =ROUND(AP80,1) -> 0.2 | CZ80: =ROUND(AQ80,1) -> 0.8 | DA80: =ROUND(BT80,1) -> 90.9 | DB80: =BF80 -> 1348 | DC80: =ROUND(PPTest!K80,1) -> 18.2 | DD80: =ROUND(P80,2) -> 2.64 | DE80: =ROUND(AD80,2) -> 7.57 | DF80: =BU80 -> 0.492 | DG80: =BV80 -> 0.049 | DH80: =BB80 -> 13.23 | DQ80: 4.5 | DR80: 9.2 | DS80: -0.2
A81: =A80+1 -> 36600 | B81: 75 | C81: 13.16 | D81: 22.53 | E81: -3.453 | F81: 105.7 | I81: -0.019 | J81: -2.549 | K81: -2.344 | L81: -0.125 | M81: 0.28 | N81: 0.862 | O81: 0 | P81: 1.5793333 | R81: -0.489 | S81: 1402 | T81: 108.3 | U81: 107 | X81: 0.036 | Y81: -2.473 | Z81: -0.127 | AA81: -0.096 | AB81: 0.315 | AC81: 0.897 | AD81: 3.7013333 | AE81: 2222 | AF81: -6.291 | AG81: 706 | AH81: 97.5 | AI81: 2235 | AL81: -0.08 | AM81: -2.692 | AN81: -7.29 | AO81: -0.153 | AP81: 0.247 | AQ81: 0.826 | AR81: 0.059 | AS81: 0.153 | AT81: 0.094 | AU81: 0.065 | AV81: 0.137 | AW81: 0.377 | AX81: 0.09 | AY81: 0.024 | AZ81: -2.039 | BA81: 2172 | BB81: 13.18 | BC81: 2786 | BF81: =$BF$1-BA81 -> 1321 | BM81: 16.77 | BN81: =BM81*$BN$1 -> 33.8754 | BO81: =ROUND(C81*BO$2,2) -> 12.9 | BP81: =ROUND(D81*BP$2,2) -> 24.78 | BR81: =ROUND(IF(T81>BR$2,100,IF(T81>BR$3,BS$1*T81+BS$2, T81*BS$3+BS$4)),1) -> 96.5 | BS81: =ROUND(IF(F81>BR$2,100, IF(F81>BR$3,BS$1*F81+BS$2, F81*BS$3+BS$4)),1) -> 92.4 | BT81: =ROUND(IF(AH81>BR$2,100,IF(AH81>BR$3,BS$1*AH81+BS$2, AH81*BS$3+BS$4)),1) -> 79.8 | BU81: =ROUND(0.6105*(EXP((17.273*R81)/(R81+237.3)))*BT81/100, 3) -> 0.47 | BV81: =ROUND((100-BT81)*BU81/BT81,3) -> 0.119 | BX81: =BZ81*BZ$2 -> 0 | BY81: 0 | BZ81: 0 | CB81: =BO81 -> 12.9 | CC81: =BP81 -> 24.78 | CD81: =ROUND(E81,1) -> -3.5 | CE81: NA | CF81: NA | CG81: =ROUND(I81,1) -> 0 | CH81: =ROUND(L81,1) -> -0.1 | CI81: =ROUND(M81,1) -> 0.3 | CJ81: =ROUND(N81,1) -> 0.9 | CK81: =ROUND(BS81,1) -> 92.4 | CL81: =ROUND(R81,1) -> -0.5 | CM81: NA | CN81: NA | CO81: =ROUND(X81,1) -> 0 | CP81: =ROUND(AA81,1) -> -0.1 | CQ81: =ROUND(AB81,1) -> 0.3 | CR81: =ROUND(AC81,1) -> 0.9 | CS81: =ROUND(BR81,1) -> 96.5 | CT81: =ROUND(AF81,1) -> -6.3 | CU81: NA | CV81: NA | CW81: =ROUND(AL81,1) -> -0.1 | CX81: =ROUND(AO81,1) -> -0.2 | CY81: =ROUND(AP81,1) -> 0.2 | CZ81: =ROUND(AQ81,1) -> 0.8 | DA81: =ROUND(BT81,1) -> 79.8 | DB81: =BF81 -> 1321 | DC81: =ROUND(PPTest!K81,1) -> 0 | DD81: =ROUND(P81,2) -> 1.58 | DE81: =ROUND(AD81,2) -> 3.7 | DF81: =BU81 -> 0.47 | DG81: =BV81 -> 0.119 | DH81: =BB81 -> 13.18 | DQ81: 4.8 | DR81: 11.2 | DS81: -1.7
A82: =A81+1 -> 36601 | B82: 76 | C82: 4.56 | D82: 8 | E82: -2.304 | F82: 108.6 | G82: -2.614 | I82: 0.006 | J82: -2.514 | K82: -2.149 | L82: -0.121 | M82: 0.28 | N82: 0.859 | O82: 0 | P82: 2.594 | R82: -1.025 | S82: 1423 | T82: 109 | U82: 1802 | V82: -0.202 | X82: 0.041 | Y82: -2.383 | Z82: -1.266 | AA82: -0.085 | AB82: 0.304 | AC82: 0.887 | AD82: 6.9546667 | AE82: 1543 | AF82: -4.029 | AG82: 0 | AH82: 108 | AI82: 1147 | AJ82: -4.783 | AL82: -0.072 | AM82: -2.717 | AN82: -3.507 | AO82: -0.176 | AP82: 0.193 | AQ82: 0.757 | AR82: 0.001 | AS82: 0 | AT82: 0.003 | AU82: 0.013 | AV82: 0.166 | AW82: 0.641 | AX82: 0.15 | AY82: 0.025 | AZ82: -1.568 | BA82: 2110 | BB82: 13.24 | BC82: 2786 | BF82: =$BF$1-BA82 -> 1383 | BM82: 17.03 | BN82: =BM82*$BN$1 -> 34.4006 | BO82: =ROUND(C82*BO$2,2) -> 4.47 | BP82: =ROUND(D82*BP$2,2) -> 8.8 | BR82: =ROUND(IF(T82>BR$2,100,IF(T82>BR$3,BS$1*T82+BS$2, T82*BS$3+BS$4)),1) -> 97.6 | BS82: =ROUND(IF(F82>BR$2,100, IF(F82>BR$3,BS$1*F82+BS$2, F82*BS$3+BS$4)),1) -> 97 | BT82: =ROUND(IF(AH82>BR$2,100,IF(AH82>BR$3,BS$1*AH82+BS$2, AH82*BS$3+BS$4)),1) -> 96 | BU82: =ROUND(0.6105*(EXP((17.273*R82)/(R82+237.3)))*BT82/100, 3) -> 0.544 | BV82: =ROUND((100-BT82)*BU82/BT82,3) -> 0.023 | BX82: =BZ82*BZ$2 -> 21 | BY82: 6.89 | BZ82: 15 | CB82: =BO82 -> 4.47 | CC82: =BP82 -> 8.8 | CD82: =ROUND(E82,1) -> -2.3 | CE82: =ROUND(G82,1) -> -2.6 | CF82: NA | CG82: =ROUND(I82,1) -> 0 | CH82: =ROUND(L82,1) -> -0.1 | CI82: =ROUND(M82,1) -> 0.3 | CJ82: =ROUND(N82,1) -> 0.9 | CK82: =ROUND(BS82,1) -> 97 | CL82: =ROUND(R82,1) -> -1 | CM82: =ROUND(V82,1) -> -0.2 | CN82: NA | CO82: =ROUND(X82,1) -> 0 | CP82: =ROUND(AA82,1) -> -0.1 | CQ82: =ROUND(AB82,1) -> 0.3 | CR82: =ROUND(AC82,1) -> 0.9 | CS82: =ROUND(BR82,1) -> 97.6 | CT82: =ROUND(AF82,1) -> -4 | CU82: =ROUND(AJ82,1) -> -4.8 | CV82: NA | CW82: =ROUND(AL82,1) -> -0.1 | CX82: =ROUND(AO82,1) -> -0.2 | CY82: =ROUND(AP82,1) -> 0.2 | CZ82: =ROUND(AQ82,1) -> 0.8 | DA82: =ROUND(BT82,1) -> 96 | DB82: =BF82 -> 1383 | DC82: =ROUND(PPTest!K82,1) -> 8.1 | DD82: =ROUND(P82,2) -> 2.59 | DE82: =ROUND(AD82,2) -> 6.95 | DF82: =BU82 -> 0.544 | DG82: =BV82 -> 0.023 | DH82: =BB82 -> 13.24 | DQ82: 2.8 | DR82: 5.8 | DS82: -0.2
A83: =A82+1 -> 36602 | B83: 77 | C83: 8.06 | D83: 14.03 | E83: -3.997 | F83: 107.2 | G83: -4.165 | I83: 0.028 | J83: -2.363 | K83: -4.063 | L83: -0.115 | M83: 0.288 | N83: 0.865 | O83: 0 | P83: 2.3513333 | R83: -1.27 | S83: 1605 | T83: 108.5 | U83: 25 | V83: -0.427 | X83: 0.055 | Y83: -2.308 | Z83: -2.047 | AA83: -0.09 | AB83: 0.306 | AC83: 0.889 | AD83: 6.0213333 | AE83: 958 | AF83: -5.539 | AG83: 627 | AH83: 104.6 | AI83: 2337 | AJ83: -6.416 | AL83: 0.005 | AM83: -2.396 | AN83: -5.782 | AO83: -0.133 | AP83: 0.27 | AQ83: 0.846 | AR83: 0 | AS83: 0 | AT83: 0.005 | AU83: 0.029 | AV83: 0.274 | AW83: 0.572 | AX83: 0.11 | AY83: 0.009 | AZ83: -1.376 | BA83: 1976 | BB83: 13.18 | BC83: 2786 | BF83: =$BF$1-BA83 -> 1517 | BM83: 17.3 | BN83: =BM83*$BN$1 -> 34.946 | BO83: =ROUND(C83*BO$2,2) -> 7.9 | BP83: =ROUND(D83*BP$2,2) -> 15.43 | BR83: =ROUND(IF(T83>BR$2,100,IF(T83>BR$3,BS$1*T83+BS$2, T83*BS$3+BS$4)),1) -> 96.8 | BS83: =ROUND(IF(F83>BR$2,100, IF(F83>BR$3,BS$1*F83+BS$2, F83*BS$3+BS$4)),1) -> 94.7 | BT83: =ROUND(IF(AH83>BR$2,100,IF(AH83>BR$3,BS$1*AH83+BS$2, AH83*BS$3+BS$4)),1) -> 90.6 | BU83: =ROUND(0.6105*(EXP((17.273*R83)/(R83+237.3)))*BT83/100, 3) -> 0.504 | BV83: =ROUND((100-BT83)*BU83/BT83,3) -> 0.052 | BX83: =BZ83*BZ$2 -> 1.82 | BY83: 0 | BZ83: 1.3 | CB83: =BO83 -> 7.9 | CC83: =BP83 -> 15.43 | CD83: =ROUND(E83,1) -> -4 | CE83: =ROUND(G83,1) -> -4.2 | CF83: NA | CG83: =ROUND(I83,1) -> 0 | CH83: =ROUND(L83,1) -> -0.1 | CI83: =ROUND(M83,1) -> 0.3 | CJ83: =ROUND(N83,1) -> 0.9 | CK83: =ROUND(BS83,1) -> 94.7 | CL83: =ROUND(R83,1) -> -1.3 | CM83: =ROUND(V83,1) -> -0.4 | CN83: NA | CO83: =ROUND(X83,1) -> 0.1 | CP83: =ROUND(AA83,1) -> -0.1 | CQ83: =ROUND(AB83,1) -> 0.3 | CR83: =ROUND(AC83,1) -> 0.9 | CS83: =ROUND(BR83,1) -> 96.8 | CT83: =ROUND(AF83,1) -> -5.5 | CU83: =ROUND(AJ83,1) -> -6.4 | CV83: NA | CW83: =ROUND(AL83,1) -> 0 | CX83: =ROUND(AO83,1) -> -0.1 | CY83: =ROUND(AP83,1) -> 0.3 | CZ83: =ROUND(AQ83,1) -> 0.8 | DA83: =ROUND(BT83,1) -> 90.6 | DB83: =BF83 -> 1517 | DC83: =ROUND(PPTest!K83,1) -> 17.4 | DD83: =ROUND(P83,2) -> 2.35 | DE83: =ROUND(AD83,2) -> 6.02 | DF83: =BU83 -> 0.504 | DG83: =BV83 -> 0.052 | DH83: =BB83 -> 13.18 | DQ83: 3.4 | DR83: 6.9 | DS83: -0.2
A84: =A83+1 -> 36603 | B84: 78 | C84: 3.301 | D84: 5.854 | E84: -2.685 | F84: 103.7 | G84: -2.944 | I84: 0.02 | J84: -2.314 | K84: -3.188 | L84: -0.11 | M84: 0.291 | N84: 0.866 | O84: 0 | P84: 2.4283333 | R84: -1.449 | S84: 1228 | T84: 108.3 | U84: 2005 | V84: -0.853 | X84: 0.057 | Y84: -2.197 | Z84: -1.922 | AA84: -0.09 | AB84: 0.315 | AC84: 0.889 | AD84: 8.4746667 | AE84: 2345 | AF84: -4.505 | AG84: 39 | AH84: 98.7 | AI84: 1506 | AJ84: -6.386 | AL84: -0.08 | AM84: -2.362 | AN84: -4.576 | AO84: -0.127 | AP84: 0.274 | AQ84: 0.849 | AR84: 0.031 | AS84: 0.031 | AT84: 0.052 | AU84: 0.112 | AV84: 0.223 | AW84: 0.323 | AX84: 0.169 | AY84: 0.058 | AZ84: -1.202 | BA84: 1947 | BB84: 13.26 | BC84: 2786 | BF84: =$BF$1-BA84 -> 1546 | BM84: 17.56 | BN84: =BM84*$BN$1 -> 35.4712 | BO84: =ROUND(C84*BO$2,2) -> 3.23 | BP84: =ROUND(D84*BP$2,2) -> 6.44 | BR84: =ROUND(IF(T84>BR$2,100,IF(T84>BR$3,BS$1*T84+BS$2, T84*BS$3+BS$4)),1) -> 96.5 | BS84: =ROUND(IF(F84>BR$2,100, IF(F84>BR$3,BS$1*F84+BS$2, F84*BS$3+BS$4)),1) -> 89.2 | BT84: =ROUND(IF(AH84>BR$2,100,IF(AH84>BR$3,BS$1*AH84+BS$2, AH84*BS$3+BS$4)),1) -> 80.9 | BU84: =ROUND(0.6105*(EXP((17.273*R84)/(R84+237.3)))*BT84/100, 3) -> 0.444 | BV84: =ROUND((100-BT84)*BU84/BT84,3) -> 0.105 | BX84: =BZ84*BZ$2 -> 9.24 | BY84: 5.33 | BZ84: 6.6 | CB84: =BO84 -> 3.23 | CC84: =BP84 -> 6.44 | CD84: =ROUND(E84,1) -> -2.7 | CE84: =ROUND(G84,1) -> -2.9 | CF84: NA | CG84: =ROUND(I84,1) -> 0 | CH84: =ROUND(L84,1) -> -0.1 | CI84: =ROUND(M84,1) -> 0.3 | CJ84: =ROUND(N84,1) -> 0.9 | CK84: =ROUND(BS84,1) -> 89.2 | CL84: =ROUND(R84,1) -> -1.4 | CM84: =ROUND(V84,1) -> -0.9 | CN84: NA | CO84: =ROUND(X84,1) -> 0.1 | CP84: =ROUND(AA84,1) -> -0.1 | CQ84: =ROUND(AB84,1) -> 0.3 | CR84: =ROUND(AC84,1) -> 0.9 | CS84: =ROUND(BR84,1) -> 96.5 | CT84: =ROUND(AF84,1) -> -4.5 | CU84: =ROUND(AJ84,1) -> -6.4 | CV84: NA | CW84: =ROUND(AL84,1) -> -0.1 | CX84: =ROUND(AO84,1) -> -0.1 | CY84: =ROUND(AP84,1) -> 0.3 | CZ84: =ROUND(AQ84,1) -> 0.8 | DA84: =ROUND(BT84,1) -> 80.9 | DB84: =BF84 -> 1546 | DC84: =ROUND(PPTest!K84,1) -> 3.8 | DD84: =ROUND(P84,2) -> 2.43 | DE84: =ROUND(AD84,2) -> 8.47 | DF84: =BU84 -> 0.444 | DG84: =BV84 -> 0.105 | DH84: =BB84 -> 13.26 | DQ84: 1.8 | DR84: 3.5 | DS84: 0
A85: =A84+1 -> 36604 | B85: 79 | C85: 12.82 | D85: 21.8 | E85: -5.136 | F85: 100.4 | G85: -5.474 | I85: 0.036 | J85: -1.927 | K85: -4.841 | L85: -0.108 | M85: 0.293 | N85: 0.865 | O85: 0 | P85: 2.6546667 | R85: -2.099 | S85: 1430 | T85: 108.2 | U85: 22 | V85: 0.556 | X85: 0.113 | Y85: -1.719 | Z85: -1.327 | AA85: -0.082 | AB85: 0.314 | AC85: 0.89 | AD85: 6.9013333 | AE85: 201 | AF85: -12 | AG85: 0 | AH85: 74 | AI85: 1725 | AJ85: -14.06 | AL85: -0.04 | AM85: -2.214 | AN85: -13.46 | AO85: -0.126 | AP85: 0.275 | AQ85: 0.85 | AR85: 0.013 | AS85: 0.061 | AT85: 0.068 | AU85: 0.026 | AV85: 0.136 | AW85: 0.534 | AX85: 0.133 | AY85: 0.028 | AZ85: -1.07 | BA85: 1946 | BB85: 13.18 | BC85: 2786 | BF85: =$BF$1-BA85 -> 1547 | BM85: 17.83 | BN85: =BM85*$BN$1 -> 36.0166 | BO85: =ROUND(C85*BO$2,2) -> 12.56 | BP85: =ROUND(D85*BP$2,2) -> 23.98 | BR85: =ROUND(IF(T85>BR$2,100,IF(T85>BR$3,BS$1*T85+BS$2, T85*BS$3+BS$4)),1) -> 96.3 | BS85: =ROUND(IF(F85>BR$2,100, IF(F85>BR$3,BS$1*F85+BS$2, F85*BS$3+BS$4)),1) -> 83.9 | BT85: =ROUND(IF(AH85>BR$2,100,IF(AH85>BR$3,BS$1*AH85+BS$2, AH85*BS$3+BS$4)),1) -> 59.1 | BU85: =ROUND(0.6105*(EXP((17.273*R85)/(R85+237.3)))*BT85/100, 3) -> 0.309 | BV85: =ROUND((100-BT85)*BU85/BT85,3) -> 0.214 | BX85: =BZ85*BZ$2 -> 7.14 | BY85: 0 | BZ85: 5.1 | CB85: =BO85 -> 12.56 | CC85: =BP85 -> 23.98 | CD85: =ROUND(E85,1) -> -5.1 | CE85: =ROUND(G85,1) -> -5.5 | CF85: NA | CG85: =ROUND(I85,1) -> 0 | CH85: =ROUND(L85,1) -> -0.1 | CI85: =ROUND(M85,1) -> 0.3 | CJ85: =ROUND(N85,1) -> 0.9 | CK85: =ROUND(BS85,1) -> 83.9 | CL85: =ROUND(R85,1) -> -2.1 | CM85: =ROUND(V85,1) -> 0.6 | CN85: NA | CO85: =ROUND(X85,1) -> 0.1 | CP85: =ROUND(AA85,1) -> -0.1 | CQ85: =ROUND(AB85,1) -> 0.3 | CR85: =ROUND(AC85,1) -> 0.9 | CS85: =ROUND(BR85,1) -> 96.3 | CT85: =ROUND(AF85,1) -> -12 | CU85: =ROUND(AJ85,1) -> -14.1 | CV85: NA | CW85: =ROUND(AL85,1) -> 0 | CX85: =ROUND(AO85,1) -> -0.1 | CY85: =ROUND(AP85,1) -> 0.3 | CZ85: =ROUND(AQ85,1) -> 0.9 | DA85: =ROUND(BT85,1) -> 59.1 | DB85: =BF85 -> 1547 | DC85: =ROUND(PPTest!K85,1) -> 0.1 | DD85: =ROUND(P85,2) -> 2.65 | DE85: =ROUND(AD85,2) -> 6.9 | DF85: =BU85 -> 0.309 | DG85: =BV85 -> 0.214 | DH85: =BB85 -> 13.18 | DQ85: 3 | DR85: 8.7 | DS85: -2.7
A86: =A85+1 -> 36605 | B86: 80 | C86: 10.82 | D86: 18.77 | E86: -6.817 | F86: 91.2 | G86: -7.54 | I86: -0.015 | J86: -1.637 | K86: -7.61 | L86: -0.115 | M86: 0.283 | N86: 0.853 | O86: 0 | P86: 1.545 | R86: 0.155 | S86: 1629 | T86: 106.3 | U86: 51 | V86: 0.703 | X86: 0.049 | Y86: -1.577 | Z86: -0.547 | AA86: -0.09 | AB86: 0.311 | AC86: 0.883 | AD86: 4.7146667 | AE86: 2041 | AF86: -16.18 | AG86: 457 | AH86: 70.3 | AI86: 1524 | AJ86: -17.56 | AL86: -0.111 | AM86: -1.745 | AN86: -17.46 | AO86: -0.14 | AP86: 0.258 | AQ86: 0.826 | AR86: 0.037 | AS86: 0.149 | AT86: 0.265 | AU86: 0.059 | AV86: 0.171 | AW86: 0.21 | AX86: 0.074 | AY86: 0.035 | AZ86: -1.948 | BA86: 1977 | BB86: 13.25 | BC86: 2786 | BF86: =$BF$1-BA86 -> 1516 | BM86: 18.1 | BN86: =BM86*$BN$1 -> 36.562 | BO86: =ROUND(C86*BO$2,2) -> 10.6 | BP86: =ROUND(D86*BP$2,2) -> 20.65 | BR86: =ROUND(IF(T86>BR$2,100,IF(T86>BR$3,BS$1*T86+BS$2, T86*BS$3+BS$4)),1) -> 93.3 | BS86: =ROUND(IF(F86>BR$2,100, IF(F86>BR$3,BS$1*F86+BS$2, F86*BS$3+BS$4)),1) -> 74.3 | BT86: =ROUND(IF(AH86>BR$2,100,IF(AH86>BR$3,BS$1*AH86+BS$2, AH86*BS$3+BS$4)),1) -> 55.9 | BU86: =ROUND(0.6105*(EXP((17.273*R86)/(R86+237.3)))*BT86/100, 3) -> 0.345 | BV86: =ROUND((100-BT86)*BU86/BT86,3) -> 0.272 | BX86: =BZ86*BZ$2 -> 0 | BY86: 0 | BZ86: 0 | CB86: =BO86 -> 10.6 | CC86: =BP86 -> 20.65 | CD86: =ROUND(E86,1) -> -6.8 | CE86: =ROUND(G86,1) -> -7.5 | CF86: NA | CG86: =ROUND(I86,1) -> 0 | CH86: =ROUND(L86,1) -> -0.1 | CI86: =ROUND(M86,1) -> 0.3 | CJ86: =ROUND(N86,1) -> 0.9 | CK86: =ROUND(BS86,1) -> 74.3 | CL86: =ROUND(R86,1) -> 0.2 | CM86: =ROUND(V86,1) -> 0.7 | CN86: NA | CO86: =ROUND(X86,1) -> 0 | CP86: =ROUND(AA86,1) -> -0.1 | CQ86: =ROUND(AB86,1) -> 0.3 | CR86: =ROUND(AC86,1) -> 0.9 | CS86: =ROUND(BR86,1) -> 93.3 | CT86: =ROUND(AF86,1) -> -16.2 | CU86: =ROUND(AJ86,1) -> -17.6 | CV86: NA | CW86: =ROUND(AL86,1) -> -0.1 | CX86: =ROUND(AO86,1) -> -0.1 | CY86: =ROUND(AP86,1) -> 0.3 | CZ86: =ROUND(AQ86,1) -> 0.8 | DA86: =ROUND(BT86,1) -> 55.9 | DB86: =BF86 -> 1516 | DC86: =ROUND(PPTest!K86,1) -> 0 | DD86: =ROUND(P86,2) -> 1.55 | DE86: =ROUND(AD86,2) -> 4.71 | DF86: =BU86 -> 0.345 | DG86: =BV86 -> 0.272 | DH86: =BB86 -> 13.25 | DQ86: 2.2 | DR86: 9.4 | DS86: -5.1
A87: =A86+1 -> 36606 | B87: 81 | C87: 17.59 | D87: 30.11 | E87: -0.574 | F87: 90.8 | G87: -1.19 | I87: 0.04 | J87: -1.595 | K87: -0.64 | L87: -0.107 | M87: 0.292 | N87: 0.858 | O87: 0 | P87: 2.1536667 | R87: 5.667 | S87: 1514 | T87: 106.9 | U87: 1903 | V87: 7.54 | X87: 0.075 | Y87: -1.425 | Z87: 8.14 | AA87: -0.067 | AB87: 0.325 | AC87: 0.9 | AD87: 6.2346667 | AE87: 932 | AF87: -4.243 | AG87: 23 | AH87: 60.01 | AI87: 1513 | AJ87: -5.649 | AL87: 0.007 | AM87: -1.682 | AN87: -4.774 | AO87: -0.144 | AP87: 0.248 | AQ87: 0.813 | AR87: 0.045 | AS87: 0.113 | AT87: 0.095 | AU87: 0.062 | AV87: 0.204 | AW87: 0.352 | AX87: 0.1 | AY87: 0.03 | AZ87: -1.496 | BA87: 2035 | BB87: 13.26 | BC87: 2786 | BF87: =$BF$1-BA87 -> 1458 | BM87: 18.36 | BN87: =BM87*$BN$1 -> 37.0872 | BO87: =ROUND(C87*BO$2,2) -> 17.24 | BP87: =ROUND(D87*BP$2,2) -> 33.12 | BR87: =ROUND(IF(T87>BR$2,100,IF(T87>BR$3,BS$1*T87+BS$2, T87*BS$3+BS$4)),1) -> 94.3 | BS87: =ROUND(IF(F87>BR$2,100, IF(F87>BR$3,BS$1*F87+BS$2, F87*BS$3+BS$4)),1) -> 73.9 | BT87: =ROUND(IF(AH87>BR$2,100,IF(AH87>BR$3,BS$1*AH87+BS$2, AH87*BS$3+BS$4)),1) -> 46.8 | BU87: =ROUND(0.6105*(EXP((17.273*R87)/(R87+237.3)))*BT87/100, 3) -> 0.427 | BV87: =ROUND((100-BT87)*BU87/BT87,3) -> 0.485 | BX87: =BZ87*BZ$2 -> 0 | BY87: 0 | BZ87: 0 | CB87: =BO87 -> 17.24 | CC87: =BP87 -> 33.12 | CD87: =ROUND(E87,1) -> -0.6 | CE87: =ROUND(G87,1) -> -1.2 | CF87: NA | CG87: =ROUND(I87,1) -> 0 | CH87: =ROUND(L87,1) -> -0.1 | CI87: =ROUND(M87,1) -> 0.3 | CJ87: =ROUND(N87,1) -> 0.9 | CK87: =ROUND(BS87,1) -> 73.9 | CL87: =ROUND(R87,1) -> 5.7 | CM87: =ROUND(V87,1) -> 7.5 | CN87: NA | CO87: =ROUND(X87,1) -> 0.1 | CP87: =ROUND(AA87,1) -> -0.1 | CQ87: =ROUND(AB87,1) -> 0.3 | CR87: =ROUND(AC87,1) -> 0.9 | CS87: =ROUND(BR87,1) -> 94.3 | CT87: =ROUND(AF87,1) -> -4.2 | CU87: =ROUND(AJ87,1) -> -5.6 | CV87: NA | CW87: =ROUND(AL87,1) -> 0 | CX87: =ROUND(AO87,1) -> -0.1 | CY87: =ROUND(AP87,1) -> 0.2 | CZ87: =ROUND(AQ87,1) -> 0.8 | DA87: =ROUND(BT87,1) -> 46.8 | DB87: =BF87 -> 1458 | DC87: =ROUND(PPTest!K87,1) -> 0 | DD87: =ROUND(P87,2) -> 2.15 | DE87: =ROUND(AD87,2) -> 6.23 | DF87: =BU87 -> 0.427 | DG87: =BV87 -> 0.485 | DH87: =BB87 -> 13.26 | DQ87: 6.5 | DR87: 13.4 | DS87: -0.4
A88: =A87+1 -> 36607 | B88: 82 | C88: 4.153 | D88: 7.7 | E88: 0.381 | F88: 101.7 | G88: -0.383 | I88: 0.05 | J88: -1.31 | K88: -0.443 | L88: -0.099 | M88: 0.298 | N88: 0.862 | O88: 0 | P88: 2.0236667 | R88: 2.421 | S88: 1719 | T88: 109.6 | U88: 1539 | V88: 1.911 | X88: 0.108 | Y88: -1.137 | Z88: -0.162 | AA88: -0.053 | AB88: 0.338 | AC88: 0.902 | AD88: 6.848 | AE88: 1008 | AF88: -2.231 | AG88: 2018 | AH88: 80.2 | AI88: 332 | AJ88: -5.318 | AL88: -0.004 | AM88: -1.464 | AN88: -0.688 | AO88: -0.121 | AP88: 0.278 | AQ88: 0.842 | AR88: 0.065 | AS88: 0.08 | AT88: 0.074 | AU88: 0.056 | AV88: 0.134 | AW88: 0.295 | AX88: 0.2 | AY88: 0.096 | AZ88: -1.034 | BA88: 2026 | BB88: 13.24 | BC88: 2786 | BF88: =$BF$1-BA88 -> 1467 | BM88: 18.63 | BN88: =BM88*$BN$1 -> 37.6326 | BO88: =ROUND(C88*BO$2,2) -> 4.07 | BP88: =ROUND(D88*BP$2,2) -> 8.47 | BR88: =ROUND(IF(T88>BR$2,100,IF(T88>BR$3,BS$1*T88+BS$2, T88*BS$3+BS$4)),1) -> 98.6 | BS88: =ROUND(IF(F88>BR$2,100, IF(F88>BR$3,BS$1*F88+BS$2, F88*BS$3+BS$4)),1) -> 86 | BT88: =ROUND(IF(AH88>BR$2,100,IF(AH88>BR$3,BS$1*AH88+BS$2, AH88*BS$3+BS$4)),1) -> 64.6 | BU88: =ROUND(0.6105*(EXP((17.273*R88)/(R88+237.3)))*BT88/100, 3) -> 0.47 | BV88: =ROUND((100-BT88)*BU88/BT88,3) -> 0.258 | BX88: =BZ88*BZ$2 -> 7.28 | BY88: 11.5 | BZ88: 5.2 | CB88: =BO88 -> 4.07 | CC88: =BP88 -> 8.47 | CD88: =ROUND(E88,1) -> 0.4 | CE88: =ROUND(G88,1) -> -0.4 | CF88: NA | CG88: =ROUND(I88,1) -> 0.1 | CH88: =ROUND(L88,1) -> -0.1 | CI88: =ROUND(M88,1) -> 0.3 | CJ88: =ROUND(N88,1) -> 0.9 | CK88: =ROUND(BS88,1) -> 86 | CL88: =ROUND(R88,1) -> 2.4 | CM88: =ROUND(V88,1) -> 1.9 | CN88: NA | CO88: =ROUND(X88,1) -> 0.1 | CP88: =ROUND(AA88,1) -> -0.1 | CQ88: =ROUND(AB88,1) -> 0.3 | CR88: =ROUND(AC88,1) -> 0.9 | CS88: =ROUND(BR88,1) -> 98.6 | CT88: =ROUND(AF88,1) -> -2.2 | CU88: =ROUND(AJ88,1) -> -5.3 | CV88: NA | CW88: =ROUND(AL88,1) -> 0 | CX88: =ROUND(AO88,1) -> -0.1 | CY88: =ROUND(AP88,1) -> 0.3 | CZ88: =ROUND(AQ88,1) -> 0.8 | DA88: =ROUND(BT88,1) -> 64.6 | DB88: =BF88 -> 1467 | DC88: =ROUND(PPTest!K88,1) -> 1.2 | DD88: =ROUND(P88,2) -> 2.02 | DE88: =ROUND(AD88,2) -> 6.85 | DF88: =BU88 -> 0.47 | DG88: =BV88 -> 0.258 | DH88: =BB88 -> 13.24 | DQ88: 4.2 | DR88: 8.5 | DS88: -0.2
A89: =A88+1 -> 36608 | B89: 83 | C89: 6.689 | D89: 11.85 | E89: -2.83 | F89: 107.9 | G89: -3.141 | I89: 0.068 | J89: -1.254 | K89: -1.466 | L89: -0.089 | M89: 0.305 | N89: 0.867 | O89: 0 | P89: 2.0326667 | R89: -0.696 | S89: 1519 | T89: 108.9 | U89: 333 | V89: 2.387 | X89: 0.096 | Y89: -1.138 | Z89: -0.48 | AA89: -0.068 | AB89: 0.324 | AC89: 0.882 | AD89: 4.9813333 | AE89: 940 | AF89: -4.462 | AG89: 2236 | AH89: 103.6 | AI89: 1522 | AJ89: -6.297 | AL89: 0.05 | AM89: -1.325 | AN89: -4.028 | AO89: -0.108 | AP89: 0.291 | AQ89: 0.854 | AR89: 0.02 | AS89: 0.041 | AT89: 0.047 | AU89: 0.035 | AV89: 0.133 | AW89: 0.57 | AX89: 0.13 | AY89: 0.025 | AZ89: -0.691 | BA89: 1981 | BB89: 13.26 | BC89: 2786 | BF89: =$BF$1-BA89 -> 1512 | BM89: 18.9 | BN89: =BM89*$BN$1 -> 38.178 | BO89: =ROUND(C89*BO$2,2) -> 6.56 | BP89: =ROUND(D89*BP$2,2) -> 13.04 | BR89: =ROUND(IF(T89>BR$2,100,IF(T89>BR$3,BS$1*T89+BS$2, T89*BS$3+BS$4)),1) -> 97.5 | BS89: =ROUND(IF(F89>BR$2,100, IF(F89>BR$3,BS$1*F89+BS$2, F89*BS$3+BS$4)),1) -> 95.9 | BT89: =ROUND(IF(AH89>BR$2,100,IF(AH89>BR$3,BS$1*AH89+BS$2, AH89*BS$3+BS$4)),1) -> 89 | BU89: =ROUND(0.6105*(EXP((17.273*R89)/(R89+237.3)))*BT89/100, 3) -> 0.516 | BV89: =ROUND((100-BT89)*BU89/BT89,3) -> 0.064 | BX89: =BZ89*BZ$2 -> 5.46 | BY89: 9.6 | BZ89: 3.9 | CB89: =BO89 -> 6.56 | CC89: =BP89 -> 13.04 | CD89: =ROUND(E89,1) -> -2.8 | CE89: =ROUND(G89,1) -> -3.1 | CF89: NA | CG89: =ROUND(I89,1) -> 0.1 | CH89: =ROUND(L89,1) -> -0.1 | CI89: =ROUND(M89,1) -> 0.3 | CJ89: =ROUND(N89,1) -> 0.9 | CK89: =ROUND(BS89,1) -> 95.9 | CL89: =ROUND(R89,1) -> -0.7 | CM89: =ROUND(V89,1) -> 2.4 | CN89: NA | CO89: =ROUND(X89,1) -> 0.1 | CP89: =ROUND(AA89,1) -> -0.1 | CQ89: =ROUND(AB89,1) -> 0.3 | CR89: =ROUND(AC89,1) -> 0.9 | CS89: =ROUND(BR89,1) -> 97.5 | CT89: =ROUND(AF89,1) -> -4.5 | CU89: =ROUND(AJ89,1) -> -6.3 | CV89: NA | CW89: =ROUND(AL89,1) -> 0.1 | CX89: =ROUND(AO89,1) -> -0.1 | CY89: =ROUND(AP89,1) -> 0.3 | CZ89: =ROUND(AQ89,1) -> 0.9 | DA89: =ROUND(BT89,1) -> 89 | DB89: =BF89 -> 1512 | DC89: =ROUND(PPTest!K89,1) -> 5.9 | DD89: =ROUND(P89,2) -> 2.03 | DE89: =ROUND(AD89,2) -> 4.98 | DF89: =BU89 -> 0.516 | DG89: =BV89 -> 0.064 | DH89: =BB89 -> 13.26 | DQ89: 6.1 | DR89: 11.1 | DS89: 1.1
A90: =A89+1 -> 36609 | B90: 84 | C90: 14.24 | D90: 24.25 | E90: -2.297 | F90: 93.4 | G90: -2.599 | I90: 0.053 | J90: -1.309 | K90: -1.969 | L90: -0.089 | M90: 0.305 | N90: 0.864 | O90: 0 | P90: 1.3546667 | R90: 2.029 | S90: 1329 | T90: 108.5 | U90: 8 | V90: 4.926 | X90: 0.085 | Y90: -1.28 | Z90: 0.203 | AA90: -0.069 | AB90: 0.322 | AC90: 0.883 | AD90: 6.3946667 | AE90: 1235 | AF90: -5.164 | AG90: 628 | AH90: 59.86 | AI90: 1336 | AJ90: -6.416 | AL90: 0.019 | AM90: -1.33 | AN90: -5.88 | AO90: -0.104 | AP90: 0.288 | AQ90: 0.846 | AR90: 0.07 | AS90: 0.207 | AT90: 0.237 | AU90: 0.145 | AV90: 0.143 | AW90: 0.115 | AX90: 0.041 | AY90: 0.042 | AZ90: -0.787 | BA90: 2009 | BB90: 13.26 | BC90: 2786 | BF90: =$BF$1-BA90 -> 1484 | BM90: 19.16 | BN90: =BM90*$BN$1 -> 38.7032 | BO90: =ROUND(C90*BO$2,2) -> 13.96 | BP90: =ROUND(D90*BP$2,2) -> 26.68 | BR90: =ROUND(IF(T90>BR$2,100,IF(T90>BR$3,BS$1*T90+BS$2, T90*BS$3+BS$4)),1) -> 96.8 | BS90: =ROUND(IF(F90>BR$2,100, IF(F90>BR$3,BS$1*F90+BS$2, F90*BS$3+BS$4)),1) -> 76.2 | BT90: =ROUND(IF(AH90>BR$2,100,IF(AH90>BR$3,BS$1*AH90+BS$2, AH90*BS$3+BS$4)),1) -> 46.7 | BU90: =ROUND(0.6105*(EXP((17.273*R90)/(R90+237.3)))*BT90/100, 3) -> 0.33 | BV90: =ROUND((100-BT90)*BU90/BT90,3) -> 0.377 | BX90: =BZ90*BZ$2 -> 0 | BY90: 0 | BZ90: 0 | CB90: =BO90 -> 13.96 | CC90: =BP90 -> 26.68 | CD90: =ROUND(E90,1) -> -2.3 | CE90: =ROUND(G90,1) -> -2.6 | CF90: NA | CG90: =ROUND(I90,1) -> 0.1 | CH90: =ROUND(L90,1) -> -0.1 | CI90: =ROUND(M90,1) -> 0.3 | CJ90: =ROUND(N90,1) -> 0.9 | CK90: =ROUND(BS90,1) -> 76.2 | CL90: =ROUND(R90,1) -> 2 | CM90: =ROUND(V90,1) -> 4.9 | CN90: NA | CO90: =ROUND(X90,1) -> 0.1 | CP90: =ROUND(AA90,1) -> -0.1 | CQ90: =ROUND(AB90,1) -> 0.3 | CR90: =ROUND(AC90,1) -> 0.9 | CS90: =ROUND(BR90,1) -> 96.8 | CT90: =ROUND(AF90,1) -> -5.2 | CU90: =ROUND(AJ90,1) -> -6.4 | CV90: NA | CW90: =ROUND(AL90,1) -> 0 | CX90: =ROUND(AO90,1) -> -0.1 | CY90: =ROUND(AP90,1) -> 0.3 | CZ90: =ROUND(AQ90,1) -> 0.8 | DA90: =ROUND(BT90,1) -> 46.7 | DB90: =BF90 -> 1484 | DC90: =ROUND(PPTest!K90,1) -> 0 | DD90: =ROUND(P90,2) -> 1.35 | DE90: =ROUND(AD90,2) -> 6.39 | DF90: =BU90 -> 0.33 | DG90: =BV90 -> 0.377 | DH90: =BB90 -> 13.26 | DQ90: 6.2 | DR90: 11.4 | DS90: 0.9
A91: =A90+1 -> 36610 | B91: 85 | C91: 9.64 | D91: 16.57 | E91: -2.9 | F91: 99.9 | G91: -3.53 | I91: 0.06 | J91: -1.3 | K91: -1.777 | L91: -0.087 | M91: 0.306 | N91: 0.862 | O91: 0 | P91: 2.054 | R91: 0.713 | S91: 1705 | T91: 108.5 | U91: 2021 | V91: 1.964 | X91: 0.088 | Y91: -1.243 | Z91: -0.263 | AA91: -0.066 | AB91: 0.326 | AC91: 0.88 | AD91: 5.2213333 | AE91: 1108 | AF91: -10.09 | AG91: 2247 | AH91: 79.9 | AI91: 432 | AJ91: -11.88 | AL91: 0.014 | AM91: -1.339 | AN91: -11.55 | AO91: -0.103 | AP91: 0.289 | AQ91: 0.843 | AR91: 0.007 | AS91: 0.1 | AT91: 0.15 | AU91: 0.059 | AV91: 0.174 | AW91: 0.403 | AX91: 0.091 | AY91: 0.017 | AZ91: -0.789 | BA91: 2003 | BB91: 13.26 | BC91: 2786 | BF91: =$BF$1-BA91 -> 1490 | BM91: 19.44 | BN91: =BM91*$BN$1 -> 39.2688 | BO91: =ROUND(C91*BO$2,2) -> 9.45 | BP91: =ROUND(D91*BP$2,2) -> 18.23 | BR91: =ROUND(IF(T91>BR$2,100,IF(T91>BR$3,BS$1*T91+BS$2, T91*BS$3+BS$4)),1) -> 96.8 | BS91: =ROUND(IF(F91>BR$2,100, IF(F91>BR$3,BS$1*F91+BS$2, F91*BS$3+BS$4)),1) -> 83.1 | BT91: =ROUND(IF(AH91>BR$2,100,IF(AH91>BR$3,BS$1*AH91+BS$2, AH91*BS$3+BS$4)),1) -> 64.3 | BU91: =ROUND(0.6105*(EXP((17.273*R91)/(R91+237.3)))*BT91/100, 3) -> 0.413 | BV91: =ROUND((100-BT91)*BU91/BT91,3) -> 0.229 | BX91: =BZ91*BZ$2 -> 2.8 | BY91: 0 | BZ91: 2 | CB91: =BO91 -> 9.45 | CC91: =BP91 -> 18.23 | CD91: =ROUND(E91,1) -> -2.9 | CE91: =ROUND(G91,1) -> -3.5 | CF91: NA | CG91: =ROUND(I91,1) -> 0.1 | CH91: =ROUND(L91,1) -> -0.1 | CI91: =ROUND(M91,1) -> 0.3 | CJ91: =ROUND(N91,1) -> 0.9 | CK91: =ROUND(BS91,1) -> 83.1 | CL91: =ROUND(R91,1) -> 0.7 | CM91: =ROUND(V91,1) -> 2 | CN91: NA | CO91: =ROUND(X91,1) -> 0.1 | CP91: =ROUND(AA91,1) -> -0.1 | CQ91: =ROUND(AB91,1) -> 0.3 | CR91: =ROUND(AC91,1) -> 0.9 | CS91: =ROUND(BR91,1) -> 96.8 | CT91: =ROUND(AF91,1) -> -10.1 | CU91: =ROUND(AJ91,1) -> -11.9 | CV91: NA | CW91: =ROUND(AL91,1) -> 0 | CX91: =ROUND(AO91,1) -> -0.1 | CY91: =ROUND(AP91,1) -> 0.3 | CZ91: =ROUND(AQ91,1) -> 0.8 | DA91: =ROUND(BT91,1) -> 64.3 | DB91: =BF91 -> 1490 | DC91: =ROUND(PPTest!K91,1) -> 0.8 | DD91: =ROUND(P91,2) -> 2.05 | DE91: =ROUND(AD91,2) -> 5.22 | DF91: =BU91 -> 0.413 | DG91: =BV91 -> 0.229 | DH91: =BB91 -> 13.26 | DQ91: 6 | DR91: 13.2 | DS91: -1.2
A92: =A91+1 -> 36611 | B92: 86 | C92: 19.03 | D92: 32.6 | E92: -1.392 | F92: 79.9 | G92: -2.236 | I92: 0.032 | J92: -1.158 | K92: -2.547 | L92: -0.093 | M92: 0.3 | N92: 0.853 | O92: 0 | P92: 1.791 | R92: 7.08 | S92: 1635 | T92: 108.5 | U92: 242 | V92: 7.78 | X92: 0.078 | Y92: -0.985 | Z92: 9.67 | AA92: -0.067 | AB92: 0.322 | AC92: 0.878 | AD92: 5.1146667 | AE92: 1237 | AF92: -12.62 | AG92: 423 | AH92: 46.85 | AI92: 1211 | AJ92: -14.11 | AL92: -0.02 | AM92: -1.254 | AN92: -14.29 | AO92: -0.113 | AP92: 0.282 | AQ92: 0.834 | AR92: 0.037 | AS92: 0.174 | AT92: 0.388 | AU92: 0.154 | AV92: 0.104 | AW92: 0.079 | AX92: 0.029 | AY92: 0.034 | AZ92: -1.163 | BA92: 2058 | BB92: 13.29 | BC92: 2786 | BF92: =$BF$1-BA92 -> 1435 | BM92: 19.7 | BN92: =BM92*$BN$1 -> 39.794 | BO92: =ROUND(C92*BO$2,2) -> 18.65 | BP92: =ROUND(D92*BP$2,2) -> 35.86 | BR92: =ROUND(IF(T92>BR$2,100,IF(T92>BR$3,BS$1*T92+BS$2, T92*BS$3+BS$4)),1) -> 96.8 | BS92: =ROUND(IF(F92>BR$2,100, IF(F92>BR$3,BS$1*F92+BS$2, F92*BS$3+BS$4)),1) -> 64.3 | BT92: =ROUND(IF(AH92>BR$2,100,IF(AH92>BR$3,BS$1*AH92+BS$2, AH92*BS$3+BS$4)),1) -> 35.2 | BU92: =ROUND(0.6105*(EXP((17.273*R92)/(R92+237.3)))*BT92/100, 3) -> 0.354 | BV92: =ROUND((100-BT92)*BU92/BT92,3) -> 0.652 | BX92: =BZ92*BZ$2 -> 0 | BY92: 0 | BZ92: 0 | CB92: =BO92 -> 18.65 | CC92: =BP92 -> 35.86 | CD92: =ROUND(E92,1) -> -1.4 | CE92: =ROUND(G92,1) -> -2.2 | CF92: NA | CG92: =ROUND(I92,1) -> 0 | CH92: =ROUND(L92,1) -> -0.1 | CI92: =ROUND(M92,1) -> 0.3 | CJ92: =ROUND(N92,1) -> 0.9 | CK92: =ROUND(BS92,1) -> 64.3 | CL92: =ROUND(R92,1) -> 7.1 | CM92: =ROUND(V92,1) -> 7.8 | CN92: NA | CO92: =ROUND(X92,1) -> 0.1 | CP92: =ROUND(AA92,1) -> -0.1 | CQ92: =ROUND(AB92,1) -> 0.3 | CR92: =ROUND(AC92,1) -> 0.9 | CS92: =ROUND(BR92,1) -> 96.8 | CT92: =ROUND(AF92,1) -> -12.6 | CU92: =ROUND(AJ92,1) -> -14.1 | CV92: NA | CW92: =ROUND(AL92,1) -> 0 | CX92: =ROUND(AO92,1) -> -0.1 | CY92: =ROUND(AP92,1) -> 0.3 | CZ92: =ROUND(AQ92,1) -> 0.8 | DA92: =ROUND(BT92,1) -> 35.2 | DB92: =BF92 -> 1435 | DC92: =ROUND(PPTest!K92,1) -> 0 | DD92: =ROUND(P92,2) -> 1.79 | DE92: =ROUND(AD92,2) -> 5.11 | DF92: =BU92 -> 0.354 | DG92: =BV92 -> 0.652 | DH92: =BB92 -> 13.29 | DQ92: 7.2 | DR92: 15.6 | DS92: -1.2
A93: =A92+1 -> 36612 | B93: 87 | C93: 9.03 | D93: 15.99 | E93: 0.53 | F93: 91.3 | G93: -0.234 | I93: 0.07 | J93: -0.963 | K93: 1.144 | L93: -0.086 | M93: 0.306 | N93: 0.856 | O93: 0 | P93: 1.5666667 | R93: 4.384 | S93: 1118 | T93: 109.4 | U93: 2105 | V93: 5.193 | X93: 0.112 | Y93: -0.892 | Z93: 5.729 | AA93: -0.061 | AB93: 0.331 | AC93: 0.877 | AD93: 6.368 | AE93: 2004 | AF93: -4.557 | AG93: 0 | AH93: 62.24 | AI93: 1120 | AJ93: -7.38 | AL93: 0.03 | AM93: -1.016 | AN93: -0.858 | AO93: -0.104 | AP93: 0.292 | AQ93: 0.838 | AR93: 0.074 | AS93: 0.109 | AT93: 0.118 | AU93: 0.078 | AV93: 0.169 | AW93: 0.309 | AX93: 0.104 | AY93: 0.039 | AZ93: -0.893 | BA93: 2037 | BB93: 13.25 | BC93: 2786 | BF93: =$BF$1-BA93 -> 1456 | BM93: 19.97 | BN93: =BM93*$BN$1 -> 40.3394 | BO93: =ROUND(C93*BO$2,2) -> 8.85 | BP93: =ROUND(D93*BP$2,2) -> 17.59 | BR93: =ROUND(IF(T93>BR$2,100,IF(T93>BR$3,BS$1*T93+BS$2, T93*BS$3+BS$4)),1) -> 98.2 | BS93: =ROUND(IF(F93>BR$2,100, IF(F93>BR$3,BS$1*F93+BS$2, F93*BS$3+BS$4)),1) -> 74.3 | BT93: =ROUND(IF(AH93>BR$2,100,IF(AH93>BR$3,BS$1*AH93+BS$2, AH93*BS$3+BS$4)),1) -> 48.8 | BU93: =ROUND(0.6105*(EXP((17.273*R93)/(R93+237.3)))*BT93/100, 3) -> 0.408 | BV93: =ROUND((100-BT93)*BU93/BT93,3) -> 0.428 | BX93: =BZ93*BZ$2 -> 0 | BY93: 0 | BZ93: 0 | CB93: =BO93 -> 8.85 | CC93: =BP93 -> 17.59 | CD93: =ROUND(E93,1) -> 0.5 | CE93: =ROUND(G93,1) -> -0.2 | CF93: NA | CG93: =ROUND(I93,1) -> 0.1 | CH93: =ROUND(L93,1) -> -0.1 | CI93: =ROUND(M93,1) -> 0.3 | CJ93: =ROUND(N93,1) -> 0.9 | CK93: =ROUND(BS93,1) -> 74.3 | CL93: =ROUND(R93,1) -> 4.4 | CM93: =ROUND(V93,1) -> 5.2 | CN93: NA | CO93: =ROUND(X93,1) -> 0.1 | CP93: =ROUND(AA93,1) -> -0.1 | CQ93: =ROUND(AB93,1) -> 0.3 | CR93: =ROUND(AC93,1) -> 0.9 | CS93: =ROUND(BR93,1) -> 98.2 | CT93: =ROUND(AF93,1) -> -4.6 | CU93: =ROUND(AJ93,1) -> -7.4 | CV93: NA | CW93: =ROUND(AL93,1) -> 0 | CX93: =ROUND(AO93,1) -> -0.1 | CY93: =ROUND(AP93,1) -> 0.3 | CZ93: =ROUND(AQ93,1) -> 0.8 | DA93: =ROUND(BT93,1) -> 48.8 | DB93: =BF93 -> 1456 | DC93: =ROUND(PPTest!K93,1) -> 2.7 | DD93: =ROUND(P93,2) -> 1.57 | DE93: =ROUND(AD93,2) -> 6.37 | DF93: =BU93 -> 0.408 | DG93: =BV93 -> 0.428 | DH93: =BB93 -> 13.25 | DQ93: 6.1 | DR93: 12.2 | DS93: 0
... A102: =A101+1 -> 36621 | B102: 96 | C102: 11.68 | D102: 20.28 | E102: -2.857 | F102: 92.3 | G102: -3.112 | I102: 0.059 | J102: -2.988 | K102: -1.428 | L102: -0.052 | M102: 0.316 | N102: 0.841 | O102: 0 | P102: 2.9413333 | R102: 0.182 | S102: 1441 | T102: 106.5 | U102: 112 | V102: 1.984 | X102: 0.102 | Y102: -1.573 | Z102: -0.286 | AA102: -0.013 | AB102: 0.356 | AC102: 0.874 | AD102: 7.1946667 | AE102: 1019 | AF102: -4.452 | AG102: 627 | AH102: 69.89 | AI102: 1441 | AJ102: -4.927 | AL102: 0.032 | AM102: -3.973 | AN102: -3.771 | AO102: -0.073 | AP102: 0.295 | AQ102: 0.818 | AR102: 0 | AS102: 0 | AT102: 0.002 | AU102: 0.017 | AV102: 0.224 | AW102: 0.63 | AX102: 0.119 | AY102: 0.007 | AZ102: -0.261 | BA102: 2211 | BB102: 13.25 | BC102: 2786 | BF102: =$BF$1-BA102 -> 1282 | BM102: 22.34 | BN102: =BM102*$BN$1 -> 45.1268 | BO102: =ROUND(C102*BO$2,2) -> 11.45 | BP102: =ROUND(D102*BP$2,2) -> 22.31 | BR102: =ROUND(IF(T102>BR$2,100,IF(T102>BR$3,BS$1*T102+BS$2, T102*BS$3+BS$4)),1) -> 93.6 | BS102: =ROUND(IF(F102>BR$2,100, IF(F102>BR$3,BS$1*F102+BS$2, F102*BS$3+BS$4)),1) -> 75.2 | BT102: =ROUND(IF(AH102>BR$2,100,IF(AH102>BR$3,BS$1*AH102+BS$2, AH102*BS$3+BS$4)),1) -> 55.5 | BU102: =ROUND(0.6105*(EXP((17.273*R102)/(R102+237.3)))*BT102/100, 3) -> 0.343 | BV102: =ROUND((100-BT102)*BU102/BT102,3) -> 0.275 | BX102: =BZ102*BZ$2 -> 0 | BY102: 0 | BZ102: 0 | CB102: =BO102 -> 11.45 | CC102: =BP102 -> 22.31 | CD102: =ROUND(E102,1) -> -2.9 | CE102: =ROUND(G102,1) -> -3.1 | CF102: NA | CG102: =ROUND(I102,1) -> 0.1 | CH102: =ROUND(L102,1) -> -0.1 | CI102: =ROUND(M102,1) -> 0.3 | CJ102: =ROUND(N102,1) -> 0.8 | CK102: =ROUND(BS102,1) -> 75.2 | CL102: =ROUND(R102,1) -> 0.2 | CM102: =ROUND(V102,1) -> 2 | CN102: NA | CO102: =ROUND(X102,1) -> 0.1 | CP102: =ROUND(AA102,1) -> 0 | CQ102: =ROUND(AB102,1) -> 0.4 | CR102: =ROUND(AC102,1) -> 0.9 | CS102: =ROUND(BR102,1) -> 93.6 | CT102: =ROUND(AF102,1) -> -4.5 | CU102: =ROUND(AJ102,1) -> -4.9 | CV102: NA | CW102: =ROUND(AL102,1) -> 0 | CX102: =ROUND(AO102,1) -> -0.1 | CY102: =ROUND(AP102,1) -> 0.3 | CZ102: =ROUND(AQ102,1) -> 0.8 | DA102: =ROUND(BT102,1) -> 55.5 | DB102: =BF102 -> 1282 | DC102: =ROUND(PPTest!K102,1) -> 0 | DD102: =ROUND(P102,2) -> 2.94 | DE102: =ROUND(AD102,2) -> 7.19 | DF102: =BU102 -> 0.343 | DG102: =BV102 -> 0.275 | DH102: =BB102 -> 13.25 | DQ102: 4.9 | DR102: 10.3 | DS102: -0.5
A103: =A102+1 -> 36622 | B103: 97 | C103: 12.09 | D103: 19.15 | E103: -4.95 | F103: 104.1 | G103: -5.359 | I103: 0.058 | J103: -3.942 | K103: -3.542 | L103: -0.057 | M103: 0.312 | N103: 0.823 | O103: 0 | P103: 1.8636667 | R103: -1.378 | S103: 1537 | T103: 107.9 | U103: 2047 | V103: 1.191 | X103: 0.086 | Y103: -3.19 | Z103: -0.327 | AA103: -0.034 | AB103: 0.338 | AC103: 0.848 | AD103: 5.968 | AE103: 1317 | AF103: -12.92 | AG103: 2359 | AH103: 86.4 | AI103: 1543 | AJ103: -14.71 | AL103: 0.03 | AM103: -8.13 | AN103: -14.42 | AO103: -0.078 | AP103: 0.296 | AQ103: 0.794 | AR103: 0.022 | AS103: 0.09 | AT103: 0.107 | AU103: 0.028 | AV103: 0.132 | AW103: 0.449 | AX103: 0.143 | AY103: 0.029 | AZ103: -0.378 | BB103: 13.3 | BC103: 2786 | BF103: 1282 | BM103: 22.6 | BN103: =BM103*$BN$1 -> 45.652 | BO103: =ROUND(C103*BO$2,2) -> 11.85 | BP103: =ROUND(D103*BP$2,2) -> 21.07 | BR103: =ROUND(IF(T103>BR$2,100,IF(T103>BR$3,BS$1*T103+BS$2, T103*BS$3+BS$4)),1) -> 95.9 | BS103: =ROUND(IF(F103>BR$2,100, IF(F103>BR$3,BS$1*F103+BS$2, F103*BS$3+BS$4)),1) -> 89.8 | BT103: =ROUND(IF(AH103>BR$2,100,IF(AH103>BR$3,BS$1*AH103+BS$2, AH103*BS$3+BS$4)),1) -> 70 | BU103: =ROUND(0.6105*(EXP((17.273*R103)/(R103+237.3)))*BT103/100, 3) -> 0.386 | BV103: =ROUND((100-BT103)*BU103/BT103,3) -> 0.165 | BX103: =BZ103*BZ$2 -> 4.06 | BY103: 19.89 | BZ103: 2.9 | CB103: =BO103 -> 11.85 | CC103: =BP103 -> 21.07 | CD103: =ROUND(E103,1) -> -5 | CE103: =ROUND(G103,1) -> -5.4 | CF103: NA | CG103: =ROUND(I103,1) -> 0.1 | CH103: =ROUND(L103,1) -> -0.1 | CI103: =ROUND(M103,1) -> 0.3 | CJ103: =ROUND(N103,1) -> 0.8 | CK103: =ROUND(BS103,1) -> 89.8 | CL103: =ROUND(R103,1) -> -1.4 | CM103: =ROUND(V103,1) -> 1.2 | CN103: NA | CO103: =ROUND(X103,1) -> 0.1 | CP103: =ROUND(AA103,1) -> 0 | CQ103: =ROUND(AB103,1) -> 0.3 | CR103: =ROUND(AC103,1) -> 0.8 | CS103: =ROUND(BR103,1) -> 95.9 | CT103: =ROUND(AF103,1) -> -12.9 | CU103: =ROUND(AJ103,1) -> -14.7 | CV103: NA | CW103: =ROUND(AL103,1) -> 0 | CX103: =ROUND(AO103,1) -> -0.1 | CY103: =ROUND(AP103,1) -> 0.3 | CZ103: =ROUND(AQ103,1) -> 0.8 | DA103: =ROUND(BT103,1) -> 70 | DB103: =BF103 -> 1282 | DC103: =ROUND(PPTest!K103,1) -> 0 | DD103: =ROUND(P103,2) -> 1.86 | DE103: =ROUND(AD103,2) -> 5.97 | DF103: =BU103 -> 0.386 | DG103: =BV103 -> 0.165 | DH103: =BB103 -> 13.3 | DQ103: 5.9 | DR103: 12.6 | DS103: -0.8
A104: =A103+1 -> 36623 | B104: 98 | C104: 18.93 | D104: 33.35 | E104: -3.764 | F104: 84.5 | G104: -4.489 | I104: 0.055 | J104: -5.745 | K104: -3.901 | L104: -0.057 | M104: 0.311 | N104: 0.807 | O104: 0 | P104: 1.567 | R104: 4.066 | S104: 1352 | T104: 104.8 | U104: 540 | V104: 6.916 | X104: 0.094 | Y104: -2.395 | Z104: 6.9 | AA104: -0.034 | AB104: 0.332 | AC104: 0.834 | AD104: 5.3813333 | AE104: 1100 | AF104: -14.54 | AG104: 305 | AH104: 48.07 | AI104: 1221 | AJ104: -16.13 | AL104: 0.016 | AM104: -10.24 | AN104: -16.25 | AO104: -0.083 | AP104: 0.287 | AQ104: 0.782 | AR104: 0.036 | AS104: 0.267 | AT104: 0.323 | AU104: 0.067 | AV104: 0.107 | AW104: 0.135 | AX104: 0.041 | AY104: 0.023 | AZ104: -0.472 | BA104: 2201 | BB104: 13.31 | BC104: 2786 | BF104: =$BF$1-BA104 -> 1292 | BM104: 22.86 | BN104: =BM104*$BN$1 -> 46.1772 | BO104: =ROUND(C104*BO$2,2) -> 18.55 | BP104: =ROUND(D104*BP$2,2) -> 36.69 | BR104: =ROUND(IF(T104>BR$2,100,IF(T104>BR$3,BS$1*T104+BS$2, T104*BS$3+BS$4)),1) -> 90.9 | BS104: =ROUND(IF(F104>BR$2,100, IF(F104>BR$3,BS$1*F104+BS$2, F104*BS$3+BS$4)),1) -> 68.4 | BT104: =ROUND(IF(AH104>BR$2,100,IF(AH104>BR$3,BS$1*AH104+BS$2, AH104*BS$3+BS$4)),1) -> 36.3 | BU104: =ROUND(0.6105*(EXP((17.273*R104)/(R104+237.3)))*BT104/100, 3) -> 0.296 | BV104: =ROUND((100-BT104)*BU104/BT104,3) -> 0.519 | BX104: =BZ104*BZ$2 -> 0 | BY104: 0 | BZ104: 0 | CB104: =BO104 -> 18.55 | CC104: =BP104 -> 36.69 | CD104: =ROUND(E104,1) -> -3.8 | CE104: =ROUND(G104,1) -> -4.5 | CF104: NA | CG104: =ROUND(I104,1) -> 0.1 | CH104: =ROUND(L104,1) -> -0.1 | CI104: =ROUND(M104,1) -> 0.3 | CJ104: =ROUND(N104,1) -> 0.8 | CK104: =ROUND(BS104,1) -> 68.4 | CL104: =ROUND(R104,1) -> 4.1 | CM104: =ROUND(V104,1) -> 6.9 | CN104: NA | CO104: =ROUND(X104,1) -> 0.1 | CP104: =ROUND(AA104,1) -> 0 | CQ104: =ROUND(AB104,1) -> 0.3 | CR104: =ROUND(AC104,1) -> 0.8 | CS104: =ROUND(BR104,1) -> 90.9 | CT104: =ROUND(AF104,1) -> -14.5 | CU104: =ROUND(AJ104,1) -> -16.1 | CV104: NA | CW104: =ROUND(AL104,1) -> 0 | CX104: =ROUND(AO104,1) -> -0.1 | CY104: =ROUND(AP104,1) -> 0.3 | CZ104: =ROUND(AQ104,1) -> 0.8 | DA104: =ROUND(BT104,1) -> 36.3 | DB104: =BF104 -> 1292 | DC104: =ROUND(PPTest!K104,1) -> 1.3 | DD104: =ROUND(P104,2) -> 1.57 | DE104: =ROUND(AD104,2) -> 5.38 | DF104: =BU104 -> 0.296 | DG104: =BV104 -> 0.519 | DH104: =BB104 -> 13.31 | DQ104: 6.5 | DR104: 14.5 | DS104: -1.6
A105: =A104+1 -> 36624 | B105: 99 | C105: 21.97 | D105: 37.77 | E105: 1.652 | F105: 79.6 | G105: 0.987 | I105: 0.059 | J105: -1.951 | K105: 3.346 | L105: -0.053 | M105: 0.31 | N105: 0.791 | O105: 0 | P105: 1.7646667 | R105: 10.14 | S105: 1243 | T105: 105.3 | U105: 531 | V105: 12.55 | X105: 0.094 | Y105: -0.312 | Z105: 15.75 | AA105: -0.031 | AB105: 0.331 | AC105: 0.817 | AD105: 4.7413333 | AE105: 1439 | AF105: -4.834 | AG105: 511 | AH105: 43.25 | AI105: 1534 | AJ105: -5.695 | AL105: 0.029 | AM105: -3.631 | AN105: -2.93 | AO105: -0.075 | AP105: 0.283 | AQ105: 0.766 | AR105: 0.043 | AS105: 0.322 | AT105: 0.327 | AU105: 0.026 | AV105: 0.098 | AW105: 0.105 | AX105: 0.043 | AY105: 0.035 | AZ105: -0.322 | BA105: 2245 | BB105: 13.29 | BC105: 2786 | BF105: =$BF$1-BA105 -> 1248 | BM105: 23.11 | BN105: =BM105*$BN$1 -> 46.6822 | BO105: =ROUND(C105*BO$2,2) -> 21.53 | BP105: =ROUND(D105*BP$2,2) -> 41.55 | BR105: =ROUND(IF(T105>BR$2,100,IF(T105>BR$3,BS$1*T105+BS$2, T105*BS$3+BS$4)),1) -> 91.7 | BS105: =ROUND(IF(F105>BR$2,100, IF(F105>BR$3,BS$1*F105+BS$2, F105*BS$3+BS$4)),1) -> 64 | BT105: =ROUND(IF(AH105>BR$2,100,IF(AH105>BR$3,BS$1*AH105+BS$2, AH105*BS$3+BS$4)),1) -> 32.1 | BU105: =ROUND(0.6105*(EXP((17.273*R105)/(R105+237.3)))*BT105/100, 3) -> 0.398 | BV105: =ROUND((100-BT105)*BU105/BT105,3) -> 0.842 | BX105: =BZ105*BZ$2 -> 0 | BY105: 0 | BZ105: 0 | CB105: =BO105 -> 21.53 | CC105: =BP105 -> 41.55 | CD105: =ROUND(E105,1) -> 1.7 | CE105: =ROUND(G105,1) -> 1 | CF105: NA | CG105: =ROUND(I105,1) -> 0.1 | CH105: =ROUND(L105,1) -> -0.1 | CI105: =ROUND(M105,1) -> 0.3 | CJ105: =ROUND(N105,1) -> 0.8 | CK105: =ROUND(BS105,1) -> 64 | CL105: =ROUND(R105,1) -> 10.1 | CM105: =ROUND(V105,1) -> 12.6 | CN105: NA | CO105: =ROUND(X105,1) -> 0.1 | CP105: =ROUND(AA105,1) -> 0 | CQ105: =ROUND(AB105,1) -> 0.3 | CR105: =ROUND(AC105,1) -> 0.8 | CS105: =ROUND(BR105,1) -> 91.7 | CT105: =ROUND(AF105,1) -> -4.8 | CU105: =ROUND(AJ105,1) -> -5.7 | CV105: NA | CW105: =ROUND(AL105,1) -> 0 | CX105: =ROUND(AO105,1) -> -0.1 | CY105: =ROUND(AP105,1) -> 0.3 | CZ105: =ROUND(AQ105,1) -> 0.8 | DA105: =ROUND(BT105,1) -> 32.1 | DB105: =BF105 -> 1248 | DC105: =ROUND(PPTest!K105,1) -> 0 | DD105: =ROUND(P105,2) -> 1.76 | DE105: =ROUND(AD105,2) -> 4.74 | DF105: =BU105 -> 0.398 | DG105: =BV105 -> 0.842 | DH105: =BB105 -> 13.29 | DQ105: 10.2 | DR105: 20.7 | DS105: -0.4
A106: =A105+1 -> 36625 | B106: 100 | C106: 22.62 | D106: 38.57 | E106: 2.951 | F106: 66.6 | G106: 2.322 | I106: 0.034 | J106: -0.711 | K106: 3.519 | L106: -0.058 | M106: 0.296 | N106: 0.77 | O106: 0 | P106: 2.583 | R106: 9.57 | S106: 1512 | T106: 105.6 | U106: 518 | V106: 10.48 | X106: 0.065 | Y106: 2.883 | Z106: 13.72 | AA106: -0.008 | AB106: 0.349 | AC106: 0.821 | AD106: 7.6746667 | AE106: 1315 | AF106: -5.183 | AG106: 515 | AH106: 33.89 | AI106: 2240 | AJ106: -6.179 | AL106: -0.005 | AM106: -4.434 | AN106: -3.786 | AO106: -0.092 | AP106: 0.263 | AQ106: 0.739 | AR106: 0.024 | AS106: 0.141 | AT106: 0.242 | AU106: 0.028 | AV106: 0.145 | AW106: 0.311 | AX106: 0.081 | AY106: 0.028 | AZ106: -0.514 | BA106: 2293 | BB106: 13.31 | BC106: 2786 | BF106: =$BF$1-BA106 -> 1200 | BM106: 23.37 | BN106: =BM106*$BN$1 -> 47.2074 | BO106: =ROUND(C106*BO$2,2) -> 22.17 | BP106: =ROUND(D106*BP$2,2) -> 42.43 | BR106: =ROUND(IF(T106>BR$2,100,IF(T106>BR$3,BS$1*T106+BS$2, T106*BS$3+BS$4)),1) -> 92.2 | BS106: =ROUND(IF(F106>BR$2,100, IF(F106>BR$3,BS$1*F106+BS$2, F106*BS$3+BS$4)),1) -> 52.6 | BT106: =ROUND(IF(AH106>BR$2,100,IF(AH106>BR$3,BS$1*AH106+BS$2, AH106*BS$3+BS$4)),1) -> 23.8 | BU106: =ROUND(0.6105*(EXP((17.273*R106)/(R106+237.3)))*BT106/100, 3) -> 0.284 | BV106: =ROUND((100-BT106)*BU106/BT106,3) -> 0.909 | BX106: =BZ106*BZ$2 -> 0 | BY106: 0 | BZ106: 0 | CB106: =BO106 -> 22.17 | CC106: =BP106 -> 42.43 | CD106: =ROUND(E106,1) -> 3 | CE106: =ROUND(G106,1) -> 2.3 | CF106: NA | CG106: =ROUND(I106,1) -> 0 | CH106: =ROUND(L106,1) -> -0.1 | CI106: =ROUND(M106,1) -> 0.3 | CJ106: =ROUND(N106,1) -> 0.8 | CK106: =ROUND(BS106,1) -> 52.6 | CL106: =ROUND(R106,1) -> 9.6 | CM106: =ROUND(V106,1) -> 10.5 | CN106: NA | CO106: =ROUND(X106,1) -> 0.1 | CP106: =ROUND(AA106,1) -> 0 | CQ106: =ROUND(AB106,1) -> 0.3 | CR106: =ROUND(AC106,1) -> 0.8 | CS106: =ROUND(BR106,1) -> 92.2 | CT106: =ROUND(AF106,1) -> -5.2 | CU106: =ROUND(AJ106,1) -> -6.2 | CV106: NA | CW106: =ROUND(AL106,1) -> 0 | CX106: =ROUND(AO106,1) -> -0.1 | CY106: =ROUND(AP106,1) -> 0.3 | CZ106: =ROUND(AQ106,1) -> 0.7 | DA106: =ROUND(BT106,1) -> 23.8 | DB106: =BF106 -> 1200 | DC106: =ROUND(PPTest!K106,1) -> 0 | DD106: =ROUND(P106,2) -> 2.58 | DE106: =ROUND(AD106,2) -> 7.67 | DF106: =BU106 -> 0.284 | DG106: =BV106 -> 0.909 | DH106: =BB106 -> 13.31 | DQ106: 10.8 | DR106: 22 | DS106: -0.5
A107: =A106+1 -> 36626 | B107: 101 | C107: 23.46 | D107: 39.78 | E107: 1.351 | F107: 61.9 | G107: 0.73 | I107: -0.007 | J107: 0.236 | K107: 3.601 | L107: -0.057 | M107: 0.273 | N107: 0.745 | O107: 0 | P107: 1.9663333 | R107: 9.49 | S107: 1545 | T107: 91.4 | U107: 2348 | V107: 9.77 | X107: 0.034 | Y107: 5.213 | Z107: 14.64 | AA107: -0.008 | AB107: 0.317 | AC107: 0.793 | AD107: 5.1946667 | AE107: 1458 | AF107: -6.349 | AG107: 534 | AH107: 33.15 | AI107: 1408 | AJ107: -7.43 | AL107: -0.049 | AM107: -2.644 | AN107: -1.48 | AO107: -0.095 | AP107: 0.234 | AQ107: 0.703 | AR107: 0.012 | AS107: 0.275 | AT107: 0.291 | AU107: 0.004 | AV107: 0.061 | AW107: 0.199 | AX107: 0.104 | AY107: 0.055 | AZ107: -0.549 | BA107: 2330 | BB107: 13.31 | BC107: 2786 | BF107: =$BF$1-BA107 -> 1163 | BM107: 23.61 | BN107: =BM107*$BN$1 -> 47.6922 | BO107: =ROUND(C107*BO$2,2) -> 22.99 | BP107: =ROUND(D107*BP$2,2) -> 43.76 | BR107: =ROUND(IF(T107>BR$2,100,IF(T107>BR$3,BS$1*T107+BS$2, T107*BS$3+BS$4)),1) -> 74.4 | BS107: =ROUND(IF(F107>BR$2,100, IF(F107>BR$3,BS$1*F107+BS$2, F107*BS$3+BS$4)),1) -> 48.5 | BT107: =ROUND(IF(AH107>BR$2,100,IF(AH107>BR$3,BS$1*AH107+BS$2, AH107*BS$3+BS$4)),1) -> 23.2 | BU107: =ROUND(0.6105*(EXP((17.273*R107)/(R107+237.3)))*BT107/100, 3) -> 0.275 | BV107: =ROUND((100-BT107)*BU107/BT107,3) -> 0.91 | BX107: =BZ107*BZ$2 -> 0 | BY107: 0 | BZ107: 0 | CB107: =BO107 -> 22.99 | CC107: =BP107 -> 43.76 | CD107: =ROUND(E107,1) -> 1.4 | CE107: =ROUND(G107,1) -> 0.7 | CF107: NA | CG107: =ROUND(I107,1) -> 0 | CH107: =ROUND(L107,1) -> -0.1 | CI107: =ROUND(M107,1) -> 0.3 | CJ107: =ROUND(N107,1) -> 0.7 | CK107: =ROUND(BS107,1) -> 48.5 | CL107: =ROUND(R107,1) -> 9.5 | CM107: =ROUND(V107,1) -> 9.8 | CN107: NA | CO107: =ROUND(X107,1) -> 0 | CP107: =ROUND(AA107,1) -> 0 | CQ107: =ROUND(AB107,1) -> 0.3 | CR107: =ROUND(AC107,1) -> 0.8 | CS107: =ROUND(BR107,1) -> 74.4 | CT107: =ROUND(AF107,1) -> -6.3 | CU107: =ROUND(AJ107,1) -> -7.4 | CV107: NA | CW107: =ROUND(AL107,1) -> 0 | CX107: =ROUND(AO107,1) -> -0.1 | CY107: =ROUND(AP107,1) -> 0.2 | CZ107: =ROUND(AQ107,1) -> 0.7 | DA107: =ROUND(BT107,1) -> 23.2 | DB107: =BF107 -> 1163 | DC107: =ROUND(PPTest!K107,1) -> 0 | DD107: =ROUND(P107,2) -> 1.97 | DE107: =ROUND(AD107,2) -> 5.19 | DF107: =BU107 -> 0.275 | DG107: =BV107 -> 0.91 | DH107: =BB107 -> 13.31 | DQ107: 9.6 | DR107: 22.2 | DS107: -3.1
A108: =A107+1 -> 36627 | B108: 102 | C108: 14.37 | D108: 24.93 | E108: 2.917 | F108: 75.1 | G108: 2.163 | I108: -0.023 | J108: 0.046 | K108: 2.767 | L108: -0.065 | M108: 0.228 | N108: 0.686 | O108: 0 | P108: 1.7343333 | R108: 11.26 | S108: 852 | T108: 108.6 | U108: 2354 | V108: 11.57 | X108: 0.32 | Y108: 4.828 | Z108: 13.29 | AA108: -0.038 | AB108: 0.27 | AC108: 0.744 | AD108: 5.088 | AE108: 1326 | AF108: -5.016 | AG108: 505 | AH108: 32.28 | AI108: 852 | AJ108: -6.269 | AL108: -0.074 | AM108: -4.184 | AN108: -4.58 | AO108: -0.109 | AP108: 0.184 | AQ108: 0.642 | AR108: 0.038 | AS108: 0.184 | AT108: 0.314 | AU108: 0.035 | AV108: 0.077 | AW108: 0.185 | AX108: 0.108 | AY108: 0.058 | AZ108: -0.724 | BA108: 2353 | BB108: 13.32 | BC108: 2786 | BF108: =$BF$1-BA108 -> 1140 | BM108: 23.88 | BN108: =BM108*$BN$1 -> 48.2376 | BO108: =ROUND(C108*BO$2,2) -> 14.08 | BP108: =ROUND(D108*BP$2,2) -> 27.42 | BR108: =ROUND(IF(T108>BR$2,100,IF(T108>BR$3,BS$1*T108+BS$2, T108*BS$3+BS$4)),1) -> 97 | BS108: =ROUND(IF(F108>BR$2,100, IF(F108>BR$3,BS$1*F108+BS$2, F108*BS$3+BS$4)),1) -> 60.1 | BT108: =ROUND(IF(AH108>BR$2,100,IF(AH108>BR$3,BS$1*AH108+BS$2, AH108*BS$3+BS$4)),1) -> 22.4 | BU108: =ROUND(0.6105*(EXP((17.273*R108)/(R108+237.3)))*BT108/100, 3) -> 0.299 | BV108: =ROUND((100-BT108)*BU108/BT108,3) -> 1.036 | BX108: =BZ108*BZ$2 -> 0 | BY108: 0 | BZ108: 0 | CB108: =BO108 -> 14.08 | CC108: =BP108 -> 27.42 | CD108: =ROUND(E108,1) -> 2.9 | CE108: =ROUND(G108,1) -> 2.2 | CF108: NA | CG108: =ROUND(I108,1) -> 0 | CH108: =ROUND(L108,1) -> -0.1 | CI108: =ROUND(M108,1) -> 0.2 | CJ108: =ROUND(N108,1) -> 0.7 | CK108: =ROUND(BS108,1) -> 60.1 | CL108: =ROUND(R108,1) -> 11.3 | CM108: =ROUND(V108,1) -> 11.6 | CN108: NA | CO108: =ROUND(X108,1) -> 0.3 | CP108: =ROUND(AA108,1) -> 0 | CQ108: =ROUND(AB108,1) -> 0.3 | CR108: =ROUND(AC108,1) -> 0.7 | CS108: =ROUND(BR108,1) -> 97 | CT108: =ROUND(AF108,1) -> -5 | CU108: =ROUND(AJ108,1) -> -6.3 | CV108: NA | CW108: =ROUND(AL108,1) -> -0.1 | CX108: =ROUND(AO108,1) -> -0.1 | CY108: =ROUND(AP108,1) -> 0.2 | CZ108: =ROUND(AQ108,1) -> 0.6 | DA108: =ROUND(BT108,1) -> 22.4 | DB108: =BF108 -> 1140 | DC108: =ROUND(PPTest!K108,1) -> 0 | DD108: =ROUND(P108,2) -> 1.73 | DE108: =ROUND(AD108,2) -> 5.09 | DF108: =BU108 -> 0.299 | DG108: =BV108 -> 1.036 | DH108: =BB108 -> 13.32 | DQ108: 8.7 | DR108: 18.7 | DS108: -1.3
A109: =A108+1 -> 36628 | B109: 103 | C109: 16.99 | D109: 29.45 | E109: 2.454 | F109: 86.7 | G109: 1.897 | I109: -0.015 | J109: 1.181 | K109: 3.606 | L109: -0.062 | M109: 0.196 | N109: 0.635 | O109: 0 | P109: 1.731 | R109: 9.33 | S109: 1517 | T109: 108.5 | U109: 301 | V109: 10.51 | X109: 0.036 | Y109: 7.17 | Z109: 13.92 | AA109: -0.024 | AB109: 0.235 | AC109: 0.683 | AD109: 4.9013333 | AE109: 1523 | AF109: -4.839 | AG109: 535 | AH109: 44.26 | AI109: 1301 | AJ109: -5.641 | AL109: -0.08 | AM109: -1.388 | AN109: -0.876 | AO109: -0.102 | AP109: 0.156 | AQ109: 0.587 | AR109: 0.035 | AS109: 0.233 | AT109: 0.274 | AU109: 0.016 | AV109: 0.057 | AW109: 0.245 | AX109: 0.111 | AY109: 0.028 | AZ109: -0.051 | BA109: 2388 | BB109: 13.3 | BC109: 2786 | BF109: =$BF$1-BA109 -> 1105 | BM109: 24.12 | BN109: =BM109*$BN$1 -> 48.7224 | BO109: =ROUND(C109*BO$2,2) -> 16.65 | BP109: =ROUND(D109*BP$2,2) -> 32.4 | BR109: =ROUND(IF(T109>BR$2,100,IF(T109>BR$3,BS$1*T109+BS$2, T109*BS$3+BS$4)),1) -> 96.8 | BS109: =ROUND(IF(F109>BR$2,100, IF(F109>BR$3,BS$1*F109+BS$2, F109*BS$3+BS$4)),1) -> 70.3 | BT109: =ROUND(IF(AH109>BR$2,100,IF(AH109>BR$3,BS$1*AH109+BS$2, AH109*BS$3+BS$4)),1) -> 32.9 | BU109: =ROUND(0.6105*(EXP((17.273*R109)/(R109+237.3)))*BT109/100, 3) -> 0.386 | BV109: =ROUND((100-BT109)*BU109/BT109,3) -> 0.787 | BX109: =BZ109*BZ$2 -> 0 | BY109: 0 | BZ109: 0 | CB109: =BO109 -> 16.65 | CC109: =BP109 -> 32.4 | CD109: =ROUND(E109,1) -> 2.5 | CE109: =ROUND(G109,1) -> 1.9 | CF109: NA | CG109: =ROUND(I109,1) -> 0 | CH109: =ROUND(L109,1) -> -0.1 | CI109: =ROUND(M109,1) -> 0.2 | CJ109: =ROUND(N109,1) -> 0.6 | CK109: =ROUND(BS109,1) -> 70.3 | CL109: =ROUND(R109,1) -> 9.3 | CM109: =ROUND(V109,1) -> 10.5 | CN109: NA | CO109: =ROUND(X109,1) -> 0 | CP109: =ROUND(AA109,1) -> 0 | CQ109: =ROUND(AB109,1) -> 0.2 | CR109: =ROUND(AC109,1) -> 0.7 | CS109: =ROUND(BR109,1) -> 96.8 | CT109: =ROUND(AF109,1) -> -4.8 | CU109: =ROUND(AJ109,1) -> -5.6 | CV109: NA | CW109: =ROUND(AL109,1) -> -0.1 | CX109: =ROUND(AO109,1) -> -0.1 | CY109: =ROUND(AP109,1) -> 0.2 | CZ109: =ROUND(AQ109,1) -> 0.6 | DA109: =ROUND(BT109,1) -> 32.9 | DB109: =BF109 -> 1105 | DC109: =ROUND(PPTest!K109,1) -> 0 | DD109: =ROUND(P109,2) -> 1.73 | DE109: =ROUND(AD109,2) -> 4.9 | DF109: =BU109 -> 0.386 | DG109: =BV109 -> 0.787 | DH109: =BB109 -> 13.3 | DQ109: 9.4 | DR109: 18.8 | DS109: -0.1
A110: =A109+1 -> 36629 | B110: 104 | C110: 5.277 | D110: 9.73 | E110: -0.157 | F110: 107.3 | G110: -0.813 | I110: 0.027 | J110: 0.036 | K110: 0.612 | L110: -0.066 | M110: 0.159 | N110: 0.565 | O110: 0 | P110: 1.436 | R110: 3.677 | S110: 23 | T110: 109.3 | U110: 1622 | V110: 3.857 | X110: 0.055 | Y110: 1.154 | Z110: 3.284 | AA110: -0.033 | AB110: 0.189 | AC110: 0.613 | AD110: 3.7813333 | AE110: 1535 | AF110: -4.901 | AG110: 2342 | AH110: 98.4 | AI110: 23 | AJ110: -5.327 | AL110: 0 | AM110: -0.794 | AN110: -0.869 | AO110: -0.096 | AP110: 0.119 | AQ110: 0.518 | AR110: 0.038 | AS110: 0.093 | AT110: 0.075 | AU110: 0.032 | AV110: 0.194 | AW110: 0.395 | AX110: 0.116 | AY110: 0.058 | AZ110: -0.177 | BA110: 2324 | BB110: 13.32 | BC110: 2786 | BF110: =$BF$1-BA110 -> 1169 | BM110: 24.37 | BN110: =BM110*$BN$1 -> 49.2274 | BO110: =ROUND(C110*BO$2,2) -> 5.17 | BP110: =ROUND(D110*BP$2,2) -> 10.7 | BR110: =ROUND(IF(T110>BR$2,100,IF(T110>BR$3,BS$1*T110+BS$2, T110*BS$3+BS$4)),1) -> 98.1 | BS110: =ROUND(IF(F110>BR$2,100, IF(F110>BR$3,BS$1*F110+BS$2, F110*BS$3+BS$4)),1) -> 94.9 | BT110: =ROUND(IF(AH110>BR$2,100,IF(AH110>BR$3,BS$1*AH110+BS$2, AH110*BS$3+BS$4)),1) -> 80.6 | BU110: =ROUND(0.6105*(EXP((17.273*R110)/(R110+237.3)))*BT110/100, 3) -> 0.64 | BV110: =ROUND((100-BT110)*BU110/BT110,3) -> 0.154 | BX110: =BZ110*BZ$2 -> 13.16 | BY110: 9.46 | BZ110: 9.4 | CB110: =BO110 -> 5.17 | CC110: =BP110 -> 10.7 | CD110: =ROUND(E110,1) -> -0.2 | CE110: =ROUND(G110,1) -> -0.8 | CF110: NA | CG110: =ROUND(I110,1) -> 0 | CH110: =ROUND(L110,1) -> -0.1 | CI110: =ROUND(M110,1) -> 0.2 | CJ110: =ROUND(N110,1) -> 0.6 | CK110: =ROUND(BS110,1) -> 94.9 | CL110: =ROUND(R110,1) -> 3.7 | CM110: =ROUND(V110,1) -> 3.9 | CN110: NA | CO110: =ROUND(X110,1) -> 0.1 | CP110: =ROUND(AA110,1) -> 0 | CQ110: =ROUND(AB110,1) -> 0.2 | CR110: =ROUND(AC110,1) -> 0.6 | CS110: =ROUND(BR110,1) -> 98.1 | CT110: =ROUND(AF110,1) -> -4.9 | CU110: =ROUND(AJ110,1) -> -5.3 | CV110: NA | CW110: =ROUND(AL110,1) -> 0 | CX110: =ROUND(AO110,1) -> -0.1 | CY110: =ROUND(AP110,1) -> 0.1 | CZ110: =ROUND(AQ110,1) -> 0.5 | DA110: =ROUND(BT110,1) -> 80.6 | DB110: =BF110 -> 1169 | DC110: =ROUND(PPTest!K110,1) -> 8.3 | DD110: =ROUND(P110,2) -> 1.44 | DE110: =ROUND(AD110,2) -> 3.78 | DF110: =BU110 -> 0.64 | DG110: =BV110 -> 0.154 | DH110: =BB110 -> 13.32 | DQ110: 8.6 | DR110: 14.8 | DS110: 2.3
A111: =A110+1 -> 36630 | B111: 105 | C111: 2.051 | D111: 3.496 | E111: -2.899 | F111: 108 | G111: -3.623 | I111: 0.027 | J111: -2.491 | K111: -2.163 | L111: -0.085 | M111: 0.117 | N111: 0.498 | O111: 0 | P111: 1.3333333 | R111: 0.639 | S111: 1329 | T111: 109.4 | U111: 2114 | V111: -0.259 | X111: 0.064 | Y111: -0.783 | Z111: -0.628 | AA111: -0.055 | AB111: 0.144 | AC111: 0.535 | AD111: 4.1013333 | AE111: 1154 | AF111: -5.683 | AG111: 415 | AH111: 105.5 | AI111: 1238 | AJ111: -6.203 | AL111: -0.009 | AM111: -4.357 | AN111: -5.187 | AO111: -0.112 | AP111: 0.086 | AQ111: 0.466 | AR111: 0.124 | AS111: 0.298 | AT111: 0.173 | AU111: 0.043 | AV111: 0.111 | AW111: 0.168 | AX111: 0.052 | AY111: 0.031 | AZ111: -0.976 | BB111: 13.3 | BC111: 2786 | BF111: 1169 | BM111: 24.61 | BN111: =BM111*$BN$1 -> 49.7122 | BO111: =ROUND(C111*BO$2,2) -> 2.01 | BP111: =ROUND(D111*BP$2,2) -> 3.85 | BR111: =ROUND(IF(T111>BR$2,100,IF(T111>BR$3,BS$1*T111+BS$2, T111*BS$3+BS$4)),1) -> 98.2 | BS111: =ROUND(IF(F111>BR$2,100, IF(F111>BR$3,BS$1*F111+BS$2, F111*BS$3+BS$4)),1) -> 96 | BT111: =ROUND(IF(AH111>BR$2,100,IF(AH111>BR$3,BS$1*AH111+BS$2, AH111*BS$3+BS$4)),1) -> 92 | BU111: =ROUND(0.6105*(EXP((17.273*R111)/(R111+237.3)))*BT111/100, 3) -> 0.588 | BV111: =ROUND((100-BT111)*BU111/BT111,3) -> 0.051 | BX111: =BZ111*BZ$2 -> 4.9 | BY111: 16.32 | BZ111: 3.5 | CB111: =BO111 -> 2.01 | CC111: =BP111 -> 3.85 | CD111: =ROUND(E111,1) -> -2.9 | CE111: =ROUND(G111,1) -> -3.6 | CF111: NA | CG111: =ROUND(I111,1) -> 0 | CH111: =ROUND(L111,1) -> -0.1 | CI111: =ROUND(M111,1) -> 0.1 | CJ111: =ROUND(N111,1) -> 0.5 | CK111: =ROUND(BS111,1) -> 96 | CL111: =ROUND(R111,1) -> 0.6 | CM111: =ROUND(V111,1) -> -0.3 | CN111: NA | CO111: =ROUND(X111,1) -> 0.1 | CP111: =ROUND(AA111,1) -> -0.1 | CQ111: =ROUND(AB111,1) -> 0.1 | CR111: =ROUND(AC111,1) -> 0.5 | CS111: =ROUND(BR111,1) -> 98.2 | CT111: =ROUND(AF111,1) -> -5.7 | CU111: =ROUND(AJ111,1) -> -6.2 | CV111: NA | CW111: =ROUND(AL111,1) -> 0 | CX111: =ROUND(AO111,1) -> -0.1 | CY111: =ROUND(AP111,1) -> 0.1 | CZ111: =ROUND(AQ111,1) -> 0.5 | DA111: =ROUND(BT111,1) -> 92 | DB111: =BF111 -> 1169 | DC111: =ROUND(PPTest!K111,1) -> 5.1 | DD111: =ROUND(P111,2) -> 1.33 | DE111: =ROUND(AD111,2) -> 4.1 | DF111: =BU111 -> 0.588 | DG111: =BV111 -> 0.051 | DH111: =BB111 -> 13.3 | DQ111: 2.9 | DR111: 5.8 | DS111: 0
A112: =A111+1 -> 36631 | B112: 106 | C112: 15.35 | D112: 25.93 | E112: -0.073 | F112: 102.1 | G112: -0.719 | I112: 0.015 | J112: -1.411 | K112: -0.155 | L112: -0.083 | M112: 0.11 | N112: 0.478 | O112: 0 | P112: 1.2146667 | R112: 4.244 | S112: 1452 | T112: 110 | U112: 2122 | V112: 5.836 | X112: 0.059 | Y112: -0.374 | Z112: 6.743 | AA112: -0.047 | AB112: 0.137 | AC112: 0.505 | AD112: 3.488 | AE112: 1029 | AF112: -3.005 | AG112: 231 | AH112: 74.1 | AI112: 1519 | AJ112: -4.095 | AL112: -0.021 | AM112: -2.626 | AN112: -2.982 | AO112: -0.107 | AP112: 0.074 | AQ112: 0.434 | AR112: 0.051 | AS112: 0.2 | AT112: 0.186 | AU112: 0.043 | AV112: 0.167 | AW112: 0.281 | AX112: 0.052 | AY112: 0.019 | AZ112: -0.247 | BA112: 2355 | BB112: 13.31 | BC112: 2786 | BF112: =$BF$1-BA112 -> 1138 | BM112: 24.86 | BN112: =BM112*$BN$1 -> 50.2172 | BO112: =ROUND(C112*BO$2,2) -> 15.04 | BP112: =ROUND(D112*BP$2,2) -> 28.52 | BR112: =ROUND(IF(T112>BR$2,100,IF(T112>BR$3,BS$1*T112+BS$2, T112*BS$3+BS$4)),1) -> 99.2 | BS112: =ROUND(IF(F112>BR$2,100, IF(F112>BR$3,BS$1*F112+BS$2, F112*BS$3+BS$4)),1) -> 86.6 | BT112: =ROUND(IF(AH112>BR$2,100,IF(AH112>BR$3,BS$1*AH112+BS$2, AH112*BS$3+BS$4)),1) -> 59.2 | BU112: =ROUND(0.6105*(EXP((17.273*R112)/(R112+237.3)))*BT112/100, 3) -> 0.49 | BV112: =ROUND((100-BT112)*BU112/BT112,3) -> 0.338 | BX112: =BZ112*BZ$2 -> 4.48 | BY112: 8.6 | BZ112: 3.2 | CB112: =BO112 -> 15.04 | CC112: =BP112 -> 28.52 | CD112: =ROUND(E112,1) -> -0.1 | CE112: =ROUND(G112,1) -> -0.7 | CF112: NA | CG112: =ROUND(I112,1) -> 0 | CH112: =ROUND(L112,1) -> -0.1 | CI112: =ROUND(M112,1) -> 0.1 | CJ112: =ROUND(N112,1) -> 0.5 | CK112: =ROUND(BS112,1) -> 86.6 | CL112: =ROUND(R112,1) -> 4.2 | CM112: =ROUND(V112,1) -> 5.8 | CN112: NA | CO112: =ROUND(X112,1) -> 0.1 | CP112: =ROUND(AA112,1) -> 0 | CQ112: =ROUND(AB112,1) -> 0.1 | CR112: =ROUND(AC112,1) -> 0.5 | CS112: =ROUND(BR112,1) -> 99.2 | CT112: =ROUND(AF112,1) -> -3 | CU112: =ROUND(AJ112,1) -> -4.1 | CV112: NA | CW112: =ROUND(AL112,1) -> 0 | CX112: =ROUND(AO112,1) -> -0.1 | CY112: =ROUND(AP112,1) -> 0.1 | CZ112: =ROUND(AQ112,1) -> 0.4 | DA112: =ROUND(BT112,1) -> 59.2 | DB112: =BF112 -> 1138 | DC112: =ROUND(PPTest!K112,1) -> 4.7 | DD112: =ROUND(P112,2) -> 1.21 | DE112: =ROUND(AD112,2) -> 3.49 | DF112: =BU112 -> 0.49 | DG112: =BV112 -> 0.338 | DH112: =BB112 -> 13.31 | DQ112: 5.3 | DR112: 10.7 | DS112: -0.2
A113: =A112+1 -> 36632 | B113: 107 | C113: 13.54 | D113: 23.9 | E113: -0.103 | F113: 100.2 | G113: -0.764 | I113: 0.031 | J113: -1.811 | K113: 0.728 | L113: -0.088 | M113: 0.108 | N113: 0.467 | O113: 0 | P113: 1.489 | R113: 5.479 | S113: 1440 | T113: 109.9 | U113: 2234 | V113: 6.989 | X113: 0.381 | Y113: -0.214 | Z113: 8.57 | AA113: -0.05 | AB113: 0.145 | AC113: 0.508 | AD113: 4.608 | AE113: 1455 | AF113: -6.5 | AG113: 530 | AH113: 69.26 | AI113: 1441 | AJ113: -7.5 | AL113: -0.04 | AM113: -6.427 | AN113: -4.239 | AO113: -0.14 | AP113: 0.047 | AQ113: 0.398 | AR113: 0.019 | AS113: 0.151 | AT113: 0.243 | AU113: 0.021 | AV113: 0.151 | AW113: 0.323 | AX113: 0.072 | AY113: 0.02 | AZ113: -0.582 | BA113: 2339 | BB113: 13.34 | BC113: 2786 | BF113: =$BF$1-BA113 -> 1154 | BM113: 25.1 | BN113: =BM113*$BN$1 -> 50.702 | BO113: =ROUND(C113*BO$2,2) -> 13.27 | BP113: =ROUND(D113*BP$2,2) -> 26.29 | BR113: =ROUND(IF(T113>BR$2,100,IF(T113>BR$3,BS$1*T113+BS$2, T113*BS$3+BS$4)),1) -> 99 | BS113: =ROUND(IF(F113>BR$2,100, IF(F113>BR$3,BS$1*F113+BS$2, F113*BS$3+BS$4)),1) -> 83.6 | BT113: =ROUND(IF(AH113>BR$2,100,IF(AH113>BR$3,BS$1*AH113+BS$2, AH113*BS$3+BS$4)),1) -> 54.9 | BU113: =ROUND(0.6105*(EXP((17.273*R113)/(R113+237.3)))*BT113/100, 3) -> 0.495 | BV113: =ROUND((100-BT113)*BU113/BT113,3) -> 0.407 | BX113: =BZ113*BZ$2 -> 0 | BY113: 2.9 | BZ113: 0 | CB113: =BO113 -> 13.27 | CC113: =BP113 -> 26.29 | CD113: =ROUND(E113,1) -> -0.1 | CE113: =ROUND(G113,1) -> -0.8 | CF113: NA | CG113: =ROUND(I113,1) -> 0 | CH113: =ROUND(L113,1) -> -0.1 | CI113: =ROUND(M113,1) -> 0.1 | CJ113: =ROUND(N113,1) -> 0.5 | CK113: =ROUND(BS113,1) -> 83.6 | CL113: =ROUND(R113,1) -> 5.5 | CM113: =ROUND(V113,1) -> 7 | CN113: NA | CO113: =ROUND(X113,1) -> 0.4 | CP113: =ROUND(AA113,1) -> -0.1 | CQ113: =ROUND(AB113,1) -> 0.1 | CR113: =ROUND(AC113,1) -> 0.5 | CS113: =ROUND(BR113,1) -> 99 | CT113: =ROUND(AF113,1) -> -6.5 | CU113: =ROUND(AJ113,1) -> -7.5 | CV113: NA | CW113: =ROUND(AL113,1) -> 0 | CX113: =ROUND(AO113,1) -> -0.1 | CY113: =ROUND(AP113,1) -> 0 | CZ113: =ROUND(AQ113,1) -> 0.4 | DA113: =ROUND(BT113,1) -> 54.9 | DB113: =BF113 -> 1154 | DC113: =ROUND(PPTest!K113,1) -> 2.1 | DD113: =ROUND(P113,2) -> 1.49 | DE113: =ROUND(AD113,2) -> 4.61 | DF113: =BU113 -> 0.495 | DG113: =BV113 -> 0.407 | DH113: =BB113 -> 13.34 | DQ113: 8 | DR113: 16.3 | DS113: -0.4
A114: =A113+1 -> 36633 | B114: 108 | C114: 25.89 | D114: 40.22 | E114: 0.309 | F114: 78.1 | G114: -0.625 | I114: 0.028 | J114: -0.036 | K114: 3.654 | L114: -0.081 | M114: 0.117 | N114: 0.471 | O114: 0 | P114: 1.626 | R114: 7.67 | S114: 1554 | T114: 109.6 | U114: 242 | V114: 8.55 | X114: 0.165 | Y114: 4.851 | Z114: 13.74 | AA114: 0.006 | AB114: 0.19 | AC114: 0.543 | AD114: 4.3946667 | AE114: 1512 | AF114: -6.122 | AG114: 2357 | AH114: 34.69 | AI114: 1555 | AJ114: -8.83 | AL114: -0.066 | AM114: -2.542 | AN114: -0.914 | AO114: -0.144 | AP114: 0.052 | AQ114: 0.398 | AR114: 0.074 | AS114: 0.292 | AT114: 0.169 | AU114: 0.041 | AV114: 0.103 | AW114: 0.176 | AX114: 0.078 | AY114: 0.067 | AZ114: -0.222 | BA114: 2384 | BB114: 13.33 | BC114: 2786 | BF114: =$BF$1-BA114 -> 1109 | BM114: 25.34 | BN114: =BM114*$BN$1 -> 51.1868 | BO114: =ROUND(C114*BO$2,2) -> 25.37 | BP114: =ROUND(D114*BP$2,2) -> 44.24 | BR114: =ROUND(IF(T114>BR$2,100,IF(T114>BR$3,BS$1*T114+BS$2, T114*BS$3+BS$4)),1) -> 98.6 | BS114: =ROUND(IF(F114>BR$2,100, IF(F114>BR$3,BS$1*F114+BS$2, F114*BS$3+BS$4)),1) -> 62.7 | BT114: =ROUND(IF(AH114>BR$2,100,IF(AH114>BR$3,BS$1*AH114+BS$2, AH114*BS$3+BS$4)),1) -> 24.5 | BU114: =ROUND(0.6105*(EXP((17.273*R114)/(R114+237.3)))*BT114/100, 3) -> 0.257 | BV114: =ROUND((100-BT114)*BU114/BT114,3) -> 0.792 | BX114: =BZ114*BZ$2 -> 0 | BY114: 0.9 | BZ114: 0 | CB114: =BO114 -> 25.37 | CC114: =BP114 -> 44.24 | CD114: =ROUND(E114,1) -> 0.3 | CE114: =ROUND(G114,1) -> -0.6 | CF114: NA | CG114: =ROUND(I114,1) -> 0 | CH114: =ROUND(L114,1) -> -0.1 | CI114: =ROUND(M114,1) -> 0.1 | CJ114: =ROUND(N114,1) -> 0.5 | CK114: =ROUND(BS114,1) -> 62.7 | CL114: =ROUND(R114,1) -> 7.7 | CM114: =ROUND(V114,1) -> 8.6 | CN114: NA | CO114: =ROUND(X114,1) -> 0.2 | CP114: =ROUND(AA114,1) -> 0 | CQ114: =ROUND(AB114,1) -> 0.2 | CR114: =ROUND(AC114,1) -> 0.5 | CS114: =ROUND(BR114,1) -> 98.6 | CT114: =ROUND(AF114,1) -> -6.1 | CU114: =ROUND(AJ114,1) -> -8.8 | CV114: NA | CW114: =ROUND(AL114,1) -> -0.1 | CX114: =ROUND(AO114,1) -> -0.1 | CY114: =ROUND(AP114,1) -> 0.1 | CZ114: =ROUND(AQ114,1) -> 0.4 | DA114: =ROUND(BT114,1) -> 24.5 | DB114: =BF114 -> 1109 | DC114: =ROUND(PPTest!K114,1) -> 0 | DD114: =ROUND(P114,2) -> 1.63 | DE114: =ROUND(AD114,2) -> 4.39 | DF114: =BU114 -> 0.257 | DG114: =BV114 -> 0.792 | DH114: =BB114 -> 13.33 | DQ114: 9.8 | DR114: 19.2 | DS114: 0.4
A115: =A114+1 -> 36634 | B115: 109 | C115: 25.15 | D115: 42.56 | E115: 2.237 | F115: 69.51 | G115: 1.732 | I115: 0.005 | J115: 0.398 | K115: 3.406 | L115: -0.079 | M115: 0.111 | N115: 0.461 | O115: 0 | P115: 2.104 | R115: 12.2 | S115: 1528 | T115: 104 | U115: 523 | V115: 13.08 | X115: 0.205 | Y115: 12.39 | Z115: 17.38 | AA115: 0.066 | AB115: 0.252 | AC115: 0.611 | AD115: 5.248 | AE115: 1548 | AF115: -7.24 | AG115: 506 | AH115: 26.75 | AI115: 1332 | AJ115: -8.33 | AL115: -0.096 | AM115: -7.61 | AN115: -8.04 | AO115: -0.188 | AP115: -0.011 | AQ115: 0.323 | AR115: 0.02 | AS115: 0.281 | AT115: 0.288 | AU115: 0.006 | AV115: 0.05 | AW115: 0.176 | AX115: 0.136 | AY115: 0.043 | AZ115: -0.607 | BA115: 2432 | BB115: 13.34 | BC115: 2786 | BF115: =$BF$1-BA115 -> 1061 | BM115: 25.58 | BN115: =BM115*$BN$1 -> 51.6716 | BO115: =ROUND(C115*BO$2,2) -> 24.65 | BP115: =ROUND(D115*BP$2,2) -> 46.82 | BR115: =ROUND(IF(T115>BR$2,100,IF(T115>BR$3,BS$1*T115+BS$2, T115*BS$3+BS$4)),1) -> 89.7 | BS115: =ROUND(IF(F115>BR$2,100, IF(F115>BR$3,BS$1*F115+BS$2, F115*BS$3+BS$4)),1) -> 55.2 | BT115: =ROUND(IF(AH115>BR$2,100,IF(AH115>BR$3,BS$1*AH115+BS$2, AH115*BS$3+BS$4)),1) -> 17.5 | BU115: =ROUND(0.6105*(EXP((17.273*R115)/(R115+237.3)))*BT115/100, 3) -> 0.249 | BV115: =ROUND((100-BT115)*BU115/BT115,3) -> 1.174 | BX115: =BZ115*BZ$2 -> 0 | BY115: 0 | BZ115: 0 | CB115: =BO115 -> 24.65 | CC115: =BP115 -> 46.82 | CD115: =ROUND(E115,1) -> 2.2 | CE115: =ROUND(G115,1) -> 1.7 | CF115: NA | CG115: =ROUND(I115,1) -> 0 | CH115: =ROUND(L115,1) -> -0.1 | CI115: =ROUND(M115,1) -> 0.1 | CJ115: =ROUND(N115,1) -> 0.5 | CK115: =ROUND(BS115,1) -> 55.2 | CL115: =ROUND(R115,1) -> 12.2 | CM115: =ROUND(V115,1) -> 13.1 | CN115: NA | CO115: =ROUND(X115,1) -> 0.2 | CP115: =ROUND(AA115,1) -> 0.1 | CQ115: =ROUND(AB115,1) -> 0.3 | CR115: =ROUND(AC115,1) -> 0.6 | CS115: =ROUND(BR115,1) -> 89.7 | CT115: =ROUND(AF115,1) -> -7.2 | CU115: =ROUND(AJ115,1) -> -8.3 | CV115: NA | CW115: =ROUND(AL115,1) -> -0.1 | CX115: =ROUND(AO115,1) -> -0.2 | CY115: =ROUND(AP115,1) -> 0 | CZ115: =ROUND(AQ115,1) -> 0.3 | DA115: =ROUND(BT115,1) -> 17.5 | DB115: =BF115 -> 1061 | DC115: =ROUND(PPTest!K115,1) -> 0 | DD115: =ROUND(P115,2) -> 2.1 | DE115: =ROUND(AD115,2) -> 5.25 | DF115: =BU115 -> 0.249 | DG115: =BV115 -> 1.174 | DH115: =BB115 -> 13.34 | DQ115: 11 | DR115: 24.4 | DS115: -2.5
A116: =A115+1 -> 36635 | B116: 110 | C116: 26.27 | D116: 44.5 | E116: 3.127 | F116: 66.88 | G116: 2.544 | I116: 0.032 | J116: 2.082 | K116: 5.173 | L116: -0.067 | M116: 0.116 | N116: 0.457 | O116: 0 | P116: 1.8393333 | R116: 12.69 | S116: 1636 | T116: 99.2 | U116: 511 | V116: 13.99 | X116: 0.287 | Y116: 12.01 | Z116: 18.69 | AA116: 0.108 | AB116: 0.3 | AC116: 0.652 | AD116: 4.608 | AE116: 1504 | AF116: -5.16 | AG116: 511 | AH116: 34.14 | AI116: 1731 | AJ116: -6.322 | AL116: -0.087 | AM116: -2.551 | AN116: -1.729 | AO116: -0.211 | AP116: -0.052 | AQ116: 0.27 | AR116: 0.033 | AS116: 0.233 | AT116: 0.342 | AU116: 0.012 | AV116: 0.086 | AW116: 0.175 | AX116: 0.055 | AY116: 0.064 | AZ116: 0.178 | BA116: 2470 | BB116: 13.34 | BC116: 2786 | BF116: =$BF$1-BA116 -> 1023 | BM116: 25.81 | BN116: =BM116*$BN$1 -> 52.1362 | BO116: =ROUND(C116*BO$2,2) -> 25.74 | BP116: =ROUND(D116*BP$2,2) -> 48.95 | BR116: =ROUND(IF(T116>BR$2,100,IF(T116>BR$3,BS$1*T116+BS$2, T116*BS$3+BS$4)),1) -> 82 | BS116: =ROUND(IF(F116>BR$2,100, IF(F116>BR$3,BS$1*F116+BS$2, F116*BS$3+BS$4)),1) -> 52.9 | BT116: =ROUND(IF(AH116>BR$2,100,IF(AH116>BR$3,BS$1*AH116+BS$2, AH116*BS$3+BS$4)),1) -> 24 | BU116: =ROUND(0.6105*(EXP((17.273*R116)/(R116+237.3)))*BT116/100, 3) -> 0.352 | BV116: =ROUND((100-BT116)*BU116/BT116,3) -> 1.115 | BX116: =BZ116*BZ$2 -> 0 | BY116: 0 | BZ116: 0 | CB116: =BO116 -> 25.74 | CC116: =BP116 -> 48.95 | CD116: =ROUND(E116,1) -> 3.1 | CE116: =ROUND(G116,1) -> 2.5 | CF116: NA | CG116: =ROUND(I116,1) -> 0 | CH116: =ROUND(L116,1) -> -0.1 | CI116: =ROUND(M116,1) -> 0.1 | CJ116: =ROUND(N116,1) -> 0.5 | CK116: =ROUND(BS116,1) -> 52.9 | CL116: =ROUND(R116,1) -> 12.7 | CM116: =ROUND(V116,1) -> 14 | CN116: NA | CO116: =ROUND(X116,1) -> 0.3 | CP116: =ROUND(AA116,1) -> 0.1 | CQ116: =ROUND(AB116,1) -> 0.3 | CR116: =ROUND(AC116,1) -> 0.7 | CS116: =ROUND(BR116,1) -> 82 | CT116: =ROUND(AF116,1) -> -5.2 | CU116: =ROUND(AJ116,1) -> -6.3 | CV116: NA | CW116: =ROUND(AL116,1) -> -0.1 | CX116: =ROUND(AO116,1) -> -0.2 | CY116: =ROUND(AP116,1) -> -0.1 | CZ116: =ROUND(AQ116,1) -> 0.3 | DA116: =ROUND(BT116,1) -> 24 | DB116: =BF116 -> 1023 | DC116: =ROUND(PPTest!K116,1) -> 0 | DD116: =ROUND(P116,2) -> 1.84 | DE116: =ROUND(AD116,2) -> 4.61 | DF116: =BU116 -> 0.352 | DG116: =BV116 -> 1.115 | DH116: =BB116 -> 13.34 | DQ116: 11.7 | DR116: 24.3 | DS116: -0.9
A117: =A116+1 -> 36636 | B117: 111 | C117: 14.74 | D117: 25.32 | E117: 2.164 | F117: 88.4 | G117: 1.627 | I117: 0.107 | J117: 1.35 | K117: 3.047 | L117: -0.082 | M117: 0.087 | N117: 0.419 | O117: 0 | P117: 1.7393333 | R117: 8.78 | S117: 1535 | T117: 104.6 | U117: 2339 | V117: 9.17 | X117: 0.26 | Y117: 6.044 | Z117: 10.32 | AA117: 0.023 | AB117: 0.201 | AC117: 0.536 | AD117: 4.928 | AE117: 1016 | AF117: -2.977 | AG117: 103 | AH117: 68.29 | AI117: 1535 | AJ117: -4.273 | AL117: -0.057 | AM117: -0.782 | AN117: -1.441 | AO117: -0.164 | AP117: 0.002 | AQ117: 0.327 | AR117: 0.056 | AS117: 0.383 | AT117: 0.203 | AU117: 0.01 | AV117: 0.047 | AW117: 0.175 | AX117: 0.085 | AY117: 0.042 | AZ117: 0.32 | BA117: 2500 | BB117: 13.35 | BC117: 2786 | BF117: =$BF$1-BA117 -> 993 | BM117: 26.04 | BN117: =BM117*$BN$1 -> 52.6008 | BO117: =ROUND(C117*BO$2,2) -> 14.45 | BP117: =ROUND(D117*BP$2,2) -> 27.85 | BR117: =ROUND(IF(T117>BR$2,100,IF(T117>BR$3,BS$1*T117+BS$2, T117*BS$3+BS$4)),1) -> 90.6 | BS117: =ROUND(IF(F117>BR$2,100, IF(F117>BR$3,BS$1*F117+BS$2, F117*BS$3+BS$4)),1) -> 71.8 | BT117: =ROUND(IF(AH117>BR$2,100,IF(AH117>BR$3,BS$1*AH117+BS$2, AH117*BS$3+BS$4)),1) -> 54.1 | BU117: =ROUND(0.6105*(EXP((17.273*R117)/(R117+237.3)))*BT117/100, 3) -> 0.612 | BV117: =ROUND((100-BT117)*BU117/BT117,3) -> 0.519 | BX117: =BZ117*BZ$2 -> 0 | BY117: 0 | BZ117: 0 | CB117: =BO117 -> 14.45 | CC117: =BP117 -> 27.85 | CD117: =ROUND(E117,1) -> 2.2 | CE117: =ROUND(G117,1) -> 1.6 | CF117: NA | CG117: =ROUND(I117,1) -> 0.1 | CH117: =ROUND(L117,1) -> -0.1 | CI117: =ROUND(M117,1) -> 0.1 | CJ117: =ROUND(N117,1) -> 0.4 | CK117: =ROUND(BS117,1) -> 71.8 | CL117: =ROUND(R117,1) -> 8.8 | CM117: =ROUND(V117,1) -> 9.2 | CN117: NA | CO117: =ROUND(X117,1) -> 0.3 | CP117: =ROUND(AA117,1) -> 0 | CQ117: =ROUND(AB117,1) -> 0.2 | CR117: =ROUND(AC117,1) -> 0.5 | CS117: =ROUND(BR117,1) -> 90.6 | CT117: =ROUND(AF117,1) -> -3 | CU117: =ROUND(AJ117,1) -> -4.3 | CV117: NA | CW117: =ROUND(AL117,1) -> -0.1 | CX117: =ROUND(AO117,1) -> -0.2 | CY117: =ROUND(AP117,1) -> 0 | CZ117: =ROUND(AQ117,1) -> 0.3 | DA117: =ROUND(BT117,1) -> 54.1 | DB117: =BF117 -> 993 | DC117: =ROUND(PPTest!K117,1) -> 0 | DD117: =ROUND(P117,2) -> 1.74 | DE117: =ROUND(AD117,2) -> 4.93 | DF117: =BU117 -> 0.612 | DG117: =BV117 -> 0.519 | DH117: =BB117 -> 13.35 | DQ117: 10.5 | DR117: 19.1 | DS117: 1.9
A118: =A117+1 -> 36637 | B118: 112 | C118: 20.94 | D118: 35.87 | E118: 6.359 | F118: 78.5 | G118: 5.744 | I118: 0.285 | J118: 4.852 | K118: 6.859 | L118: -0.029 | M118: 0.127 | N118: 0.463 | O118: 0 | P118: 2.0193333 | R118: 11.99 | S118: 1156 | T118: 107 | U118: 258 | V118: 12.92 | X118: 0.445 | Y118: 11.04 | Z118: 15.8 | AA118: 0.146 | AB118: 0.296 | AC118: 0.641 | AD118: 7.1946667 | AE118: 854 | AF118: -1.726 | AG118: 6 | AH118: 50.1 | AI118: 1156 | AJ118: -2.593 | AL118: 0.075 | AM118: -0.717 | AN118: -0.617 | AO118: -0.19 | AP118: -0.055 | AQ118: 0.267 | AR118: 0.055 | AS118: 0.206 | AT118: 0.212 | AU118: 0.143 | AV118: 0.162 | AW118: 0.147 | AX118: 0.049 | AY118: 0.026 | AZ118: 2.89 | BA118: 2550 | BB118: 13.38 | BC118: 2786 | BF118: =$BF$1-BA118 -> 943 | BM118: 26.27 | BN118: =BM118*$BN$1 -> 53.0654 | BO118: =ROUND(C118*BO$2,2) -> 20.52 | BP118: =ROUND(D118*BP$2,2) -> 39.46 | BR118: =ROUND(IF(T118>BR$2,100,IF(T118>BR$3,BS$1*T118+BS$2, T118*BS$3+BS$4)),1) -> 94.4 | BS118: =ROUND(IF(F118>BR$2,100, IF(F118>BR$3,BS$1*F118+BS$2, F118*BS$3+BS$4)),1) -> 63.1 | BT118: =ROUND(IF(AH118>BR$2,100,IF(AH118>BR$3,BS$1*AH118+BS$2, AH118*BS$3+BS$4)),1) -> 38.1 | BU118: =ROUND(0.6105*(EXP((17.273*R118)/(R118+237.3)))*BT118/100, 3) -> 0.534 | BV118: =ROUND((100-BT118)*BU118/BT118,3) -> 0.868 | BX118: =BZ118*BZ$2 -> 0 | BY118: 1.6 | BZ118: 0 | CB118: =BO118 -> 20.52 | CC118: =BP118 -> 39.46 | CD118: =ROUND(E118,1) -> 6.4 | CE118: =ROUND(G118,1) -> 5.7 | CF118: NA | CG118: =ROUND(I118,1) -> 0.3 | CH118: =ROUND(L118,1) -> 0 | CI118: =ROUND(M118,1) -> 0.1 | CJ118: =ROUND(N118,1) -> 0.5 | CK118: =ROUND(BS118,1) -> 63.1 | CL118: =ROUND(R118,1) -> 12 | CM118: =ROUND(V118,1) -> 12.9 | CN118: NA | CO118: =ROUND(X118,1) -> 0.4 | CP118: =ROUND(AA118,1) -> 0.1 | CQ118: =ROUND(AB118,1) -> 0.3 | CR118: =ROUND(AC118,1) -> 0.6 | CS118: =ROUND(BR118,1) -> 94.4 | CT118: =ROUND(AF118,1) -> -1.7 | CU118: =ROUND(AJ118,1) -> -2.6 | CV118: NA | CW118: =ROUND(AL118,1) -> 0.1 | CX118: =ROUND(AO118,1) -> -0.2 | CY118: =ROUND(AP118,1) -> -0.1 | CZ118: =ROUND(AQ118,1) -> 0.3 | DA118: =ROUND(BT118,1) -> 38.1 | DB118: =BF118 -> 943 | DC118: =ROUND(PPTest!K118,1) -> 0 | DD118: =ROUND(P118,2) -> 2.02 | DE118: =ROUND(AD118,2) -> 7.19 | DF118: =BU118 -> 0.534 | DG118: =BV118 -> 0.868 | DH118: =BB118 -> 13.38 | DQ118: 12.1 | DR118: 21.5 | DS118: 2.7
A119: =A118+1 -> 36638 | B119: 113 | C119: 21.56 | D119: 36.48 | E119: 3.414 | F119: 76.7 | G119: 3.094 | I119: 0.358 | J119: 3.467 | K119: 4.948 | L119: -0.038 | M119: 0.108 | N119: 0.462 | O119: 0 | P119: 2.7613333 | R119: 7.72 | S119: 1414 | T119: 109.4 | U119: 346 | V119: 10.03 | X119: 0.56 | Y119: 9.06 | Z119: 12.86 | AA119: 0.146 | AB119: 0.299 | AC119: 0.669 | AD119: 7.7013333 | AE119: 1340 | AF119: -2.462 | AG119: 2309 | AH119: 29.86 | AI119: 1427 | AJ119: -3.461 | AL119: 0.187 | AM119: -0.786 | AN119: -0.805 | AO119: -0.172 | AP119: -0.046 | AQ119: 0.32 | AR119: 0.03 | AS119: 0.063 | AT119: 0.069 | AU119: 0.039 | AV119: 0.195 | AW119: 0.456 | AX119: 0.126 | AY119: 0.024 | AZ119: 2.544 | BA119: 2606 | BB119: 13.35 | BC119: 2786 | BF119: =$BF$1-BA119 -> 887 | BM119: 26.5 | BN119: =BM119*$BN$1 -> 53.53 | BO119: =ROUND(C119*BO$2,2) -> 21.13 | BP119: =ROUND(D119*BP$2,2) -> 40.13 | BR119: =ROUND(IF(T119>BR$2,100,IF(T119>BR$3,BS$1*T119+BS$2, T119*BS$3+BS$4)),1) -> 98.2 | BS119: =ROUND(IF(F119>BR$2,100, IF(F119>BR$3,BS$1*F119+BS$2, F119*BS$3+BS$4)),1) -> 61.5 | BT119: =ROUND(IF(AH119>BR$2,100,IF(AH119>BR$3,BS$1*AH119+BS$2, AH119*BS$3+BS$4)),1) -> 20.3 | BU119: =ROUND(0.6105*(EXP((17.273*R119)/(R119+237.3)))*BT119/100, 3) -> 0.214 | BV119: =ROUND((100-BT119)*BU119/BT119,3) -> 0.84 | BX119: =BZ119*BZ$2 -> 0.98 | BY119: 2.8 | BZ119: 0.7 | CB119: =BO119 -> 21.13 | CC119: =BP119 -> 40.13 | CD119: =ROUND(E119,1) -> 3.4 | CE119: =ROUND(G119,1) -> 3.1 | CF119: NA | CG119: =ROUND(I119,1) -> 0.4 | CH119: =ROUND(L119,1) -> 0 | CI119: =ROUND(M119,1) -> 0.1 | CJ119: =ROUND(N119,1) -> 0.5 | CK119: =ROUND(BS119,1) -> 61.5 | CL119: =ROUND(R119,1) -> 7.7 | CM119: =ROUND(V119,1) -> 10 | CN119: NA | CO119: =ROUND(X119,1) -> 0.6 | CP119: =ROUND(AA119,1) -> 0.1 | CQ119: =ROUND(AB119,1) -> 0.3 | CR119: =ROUND(AC119,1) -> 0.7 | CS119: =ROUND(BR119,1) -> 98.2 | CT119: =ROUND(AF119,1) -> -2.5 | CU119: =ROUND(AJ119,1) -> -3.5 | CV119: NA | CW119: =ROUND(AL119,1) -> 0.2 | CX119: =ROUND(AO119,1) -> -0.2 | CY119: =ROUND(AP119,1) -> 0 | CZ119: =ROUND(AQ119,1) -> 0.3 | DA119: =ROUND(BT119,1) -> 20.3 | DB119: =BF119 -> 887 | DC119: =ROUND(PPTest!K119,1) -> 0 | DD119: =ROUND(P119,2) -> 2.76 | DE119: =ROUND(AD119,2) -> 7.7 | DF119: =BU119 -> 0.214 | DG119: =BV119 -> 0.84 | DH119: =BB119 -> 13.35 | DQ119: 12.7 | DR119: 19.7 | DS119: 5.6
A120: =A119+1 -> 36639 | B120: 114 | C120: 15.74 | D120: 26.42 | E120: -0.16 | F120: 75.8 | G120: -0.478 | I120: 0.258 | J120: 0.215 | K120: 1.412 | L120: -0.095 | M120: 0.022 | N120: 0.389 | O120: 0 | P120: 1.807 | R120: 5.733 | S120: 1544 | T120: 108.4 | U120: 2251 | V120: 7.15 | X120: 0.416 | Y120: 3.992 | Z120: 9.06 | AA120: 0.046 | AB120: 0.166 | AC120: 0.538 | AD120: 7.008 | AE120: 2257 | AF120: -5.627 | AG120: 330 | AH120: 37.94 | AI120: 1506 | AJ120: -6.534 | AL120: 0.135 | AM120: -0.827 | AN120: -1.399 | AO120: -0.238 | AP120: -0.15 | AQ120: 0.2 | AR120: 0.053 | AS120: 0.152 | AT120: 0.158 | AU120: 0.081 | AV120: 0.135 | AW120: 0.278 | AX120: 0.107 | AY120: 0.035 | AZ120: -0.695 | BA120: 2570 | BB120: 13.38 | BC120: 2786 | BF120: =$BF$1-BA120 -> 923 | BM120: 26.73 | BN120: =BM120*$BN$1 -> 53.9946 | BO120: =ROUND(C120*BO$2,2) -> 15.43 | BP120: =ROUND(D120*BP$2,2) -> 29.06 | BR120: =ROUND(IF(T120>BR$2,100,IF(T120>BR$3,BS$1*T120+BS$2, T120*BS$3+BS$4)),1) -> 96.7 | BS120: =ROUND(IF(F120>BR$2,100, IF(F120>BR$3,BS$1*F120+BS$2, F120*BS$3+BS$4)),1) -> 60.7 | BT120: =ROUND(IF(AH120>BR$2,100,IF(AH120>BR$3,BS$1*AH120+BS$2, AH120*BS$3+BS$4)),1) -> 27.4 | BU120: =ROUND(0.6105*(EXP((17.273*R120)/(R120+237.3)))*BT120/100, 3) -> 0.251 | BV120: =ROUND((100-BT120)*BU120/BT120,3) -> 0.665 | BX120: =BZ120*BZ$2 -> 0 | BY120: 7.93 | BZ120: 0 | CB120: =BO120 -> 15.43 | CC120: =BP120 -> 29.06 | CD120: =ROUND(E120,1) -> -0.2 | CE120: =ROUND(G120,1) -> -0.5 | CF120: NA | CG120: =ROUND(I120,1) -> 0.3 | CH120: =ROUND(L120,1) -> -0.1 | CI120: =ROUND(M120,1) -> 0 | CJ120: =ROUND(N120,1) -> 0.4 | CK120: =ROUND(BS120,1) -> 60.7 | CL120: =ROUND(R120,1) -> 5.7 | CM120: =ROUND(V120,1) -> 7.2 | CN120: NA | CO120: =ROUND(X120,1) -> 0.4 | CP120: =ROUND(AA120,1) -> 0 | CQ120: =ROUND(AB120,1) -> 0.2 | CR120: =ROUND(AC120,1) -> 0.5 | CS120: =ROUND(BR120,1) -> 96.7 | CT120: =ROUND(AF120,1) -> -5.6 | CU120: =ROUND(AJ120,1) -> -6.5 | CV120: NA | CW120: =ROUND(AL120,1) -> 0.1 | CX120: =ROUND(AO120,1) -> -0.2 | CY120: =ROUND(AP120,1) -> -0.2 | CZ120: =ROUND(AQ120,1) -> 0.2 | DA120: =ROUND(BT120,1) -> 27.4 | DB120: =BF120 -> 923 | DC120: =ROUND(PPTest!K120,1) -> 4.7 | DD120: =ROUND(P120,2) -> 1.81 | DE120: =ROUND(AD120,2) -> 7.01 | DF120: =BU120 -> 0.251 | DG120: =BV120 -> 0.665 | DH120: =BB120 -> 13.38 | DQ120: 9.3 | DR120: 17.8 | DS120: 0.8
A121: =A120+1 -> 36640 | B121: 115 | C121: 17.73 | D121: 29.89 | E121: -3.162 | F121: 95.2 | G121: -3.293 | I121: 0.154 | J121: -1.444 | K121: -0.248 | L121: -0.118 | M121: -0.006 | N121: 0.35 | O121: 0 | P121: 2.0676667 | R121: 3.143 | S121: 1637 | T121: 108.1 | U121: 654 | V121: 5.166 | X121: 0.357 | Y121: -0.064 | Z121: 4.943 | AA121: 0.068 | AB121: 0.193 | AC121: 0.561 | AD121: 4.768 | AE121: 1505 | AF121: -7.44 | AG121: 2310 | AH121: 46.94 | AI121: 1510 | AJ121: -8.99 | AL121: 0.051 | AM121: -6.289 | AN121: -1.983 | AO121: -0.207 | AP121: -0.103 | AQ121: 0.245 | AR121: 0.044 | AS121: 0.139 | AT121: 0.117 | AU121: 0.019 | AV121: 0.161 | AW121: 0.38 | AX121: 0.11 | AY121: 0.031 | AZ121: -2.535 | BA121: 2604 | BB121: 13.39 | BC121: 2786 | BF121: =$BF$1-BA121 -> 889 | BM121: 26.95 | BN121: =BM121*$BN$1 -> 54.439 | BO121: =ROUND(C121*BO$2,2) -> 17.38 | BP121: =ROUND(D121*BP$2,2) -> 32.88 | BR121: =ROUND(IF(T121>BR$2,100,IF(T121>BR$3,BS$1*T121+BS$2, T121*BS$3+BS$4)),1) -> 96.2 | BS121: =ROUND(IF(F121>BR$2,100, IF(F121>BR$3,BS$1*F121+BS$2, F121*BS$3+BS$4)),1) -> 77.8 | BT121: =ROUND(IF(AH121>BR$2,100,IF(AH121>BR$3,BS$1*AH121+BS$2, AH121*BS$3+BS$4)),1) -> 35.3 | BU121: =ROUND(0.6105*(EXP((17.273*R121)/(R121+237.3)))*BT121/100, 3) -> 0.27 | BV121: =ROUND((100-BT121)*BU121/BT121,3) -> 0.495 | BX121: =BZ121*BZ$2 -> 0 | BY121: 7.15 | BZ121: 0 | CB121: =BO121 -> 17.38 | CC121: =BP121 -> 32.88 | CD121: =ROUND(E121,1) -> -3.2 | CE121: =ROUND(G121,1) -> -3.3 | CF121: NA | CG121: =ROUND(I121,1) -> 0.2 | CH121: =ROUND(L121,1) -> -0.1 | CI121: =ROUND(M121,1) -> 0 | CJ121: =ROUND(N121,1) -> 0.4 | CK121: =ROUND(BS121,1) -> 77.8 | CL121: =ROUND(R121,1) -> 3.1 | CM121: =ROUND(V121,1) -> 5.2 | CN121: NA | CO121: =ROUND(X121,1) -> 0.4 | CP121: =ROUND(AA121,1) -> 0.1 | CQ121: =ROUND(AB121,1) -> 0.2 | CR121: =ROUND(AC121,1) -> 0.6 | CS121: =ROUND(BR121,1) -> 96.2 | CT121: =ROUND(AF121,1) -> -7.4 | CU121: =ROUND(AJ121,1) -> -9 | CV121: NA | CW121: =ROUND(AL121,1) -> 0.1 | CX121: =ROUND(AO121,1) -> -0.2 | CY121: =ROUND(AP121,1) -> -0.1 | CZ121: =ROUND(AQ121,1) -> 0.2 | DA121: =ROUND(BT121,1) -> 35.3 | DB121: =BF121 -> 889 | DC121: =ROUND(PPTest!K121,1) -> 0 | DD121: =ROUND(P121,2) -> 2.07 | DE121: =ROUND(AD121,2) -> 4.77 | DF121: =BU121 -> 0.27 | DG121: =BV121 -> 0.495 | DH121: =BB121 -> 13.39 | DQ121: 7.8 | DR121: 16.1 | DS121: -0.5
A122: =A121+1 -> 36641 | B122: 116 | C122: 12.71 | D122: 22.27 | E122: -1.198 | F122: 88.9 | G122: -1.69 | I122: 0.082 | J122: -2.475 | K122: -1.633 | L122: -0.113 | M122: 0 | N122: 0.336 | O122: 0 | P122: 1.5716667 | R122: 3.054 | S122: 1638 | T122: 105.8 | U122: 2031 | V122: 4.085 | X122: 0.209 | Y122: -0.09 | Z122: 2.265 | AA122: 0.013 | AB122: 0.123 | AC122: 0.47 | AD122: 5.808 | AE122: 814 | AF122: -7.81 | AG122: 150 | AH122: 62.27 | AI122: 654 | AJ122: -9.47 | AL122: -0.011 | AM122: -9.21 | AN122: -8.27 | AO122: -0.207 | AP122: -0.124 | AQ122: 0.22 | AR122: 0.072 | AS122: 0.233 | AT122: 0.163 | AU122: 0.07 | AV122: 0.118 | AW122: 0.217 | AX122: 0.082 | AY122: 0.044 | AZ122: -2.25 | BA122: 2612 | BB122: 13.39 | BC122: 2786 | BF122: =$BF$1-BA122 -> 881 | BM122: 27.17 | BN122: =BM122*$BN$1 -> 54.8834 | BO122: =ROUND(C122*BO$2,2) -> 12.46 | BP122: =ROUND(D122*BP$2,2) -> 24.5 | BR122: =ROUND(IF(T122>BR$2,100,IF(T122>BR$3,BS$1*T122+BS$2, T122*BS$3+BS$4)),1) -> 92.5 | BS122: =ROUND(IF(F122>BR$2,100, IF(F122>BR$3,BS$1*F122+BS$2, F122*BS$3+BS$4)),1) -> 72.2 | BT122: =ROUND(IF(AH122>BR$2,100,IF(AH122>BR$3,BS$1*AH122+BS$2, AH122*BS$3+BS$4)),1) -> 48.8 | BU122: =ROUND(0.6105*(EXP((17.273*R122)/(R122+237.3)))*BT122/100, 3) -> 0.371 | BV122: =ROUND((100-BT122)*BU122/BT122,3) -> 0.389 | BX122: =BZ122*BZ$2 -> 0 | BY122: 0 | BZ122: 0 | CB122: =BO122 -> 12.46 | CC122: =BP122 -> 24.5 | CD122: =ROUND(E122,1) -> -1.2 | CE122: =ROUND(G122,1) -> -1.7 | CF122: NA | CG122: =ROUND(I122,1) -> 0.1 | CH122: =ROUND(L122,1) -> -0.1 | CI122: =ROUND(M122,1) -> 0 | CJ122: =ROUND(N122,1) -> 0.3 | CK122: =ROUND(BS122,1) -> 72.2 | CL122: =ROUND(R122,1) -> 3.1 | CM122: =ROUND(V122,1) -> 4.1 | CN122: NA | CO122: =ROUND(X122,1) -> 0.2 | CP122: =ROUND(AA122,1) -> 0 | CQ122: =ROUND(AB122,1) -> 0.1 | CR122: =ROUND(AC122,1) -> 0.5 | CS122: =ROUND(BR122,1) -> 92.5 | CT122: =ROUND(AF122,1) -> -7.8 | CU122: =ROUND(AJ122,1) -> -9.5 | CV122: NA | CW122: =ROUND(AL122,1) -> 0 | CX122: =ROUND(AO122,1) -> -0.2 | CY122: =ROUND(AP122,1) -> -0.1 | CZ122: =ROUND(AQ122,1) -> 0.2 | DA122: =ROUND(BT122,1) -> 48.8 | DB122: =BF122 -> 881 | DC122: =ROUND(PPTest!K122,1) -> 0 | DD122: =ROUND(P122,2) -> 1.57 | DE122: =ROUND(AD122,2) -> 5.81 | DF122: =BU122 -> 0.371 | DG122: =BV122 -> 0.389 | DH122: =BB122 -> 13.39 | DQ122: 4.9 | DR122: 12.5 | DS122: -2.7
A123: =A122+1 -> 36642 | B123: 117 | C123: 27.5 | D123: 46.6 | E123: 2.237 | F123: 67.93 | G123: 1.96 | I123: 0.117 | J123: 2.383 | K123: 4.438 | L123: -0.055 | M123: 0.078 | N123: 0.39 | O123: 0 | P123: 1.803 | R123: 7.57 | S123: 1523 | T123: 105.6 | U123: 435 | V123: 8.56 | X123: 0.365 | Y123: 10.3 | Z123: 13.76 | AA123: 0.147 | AB123: 0.297 | AC123: 0.62 | AD123: 6.2346667 | AE123: 1249 | AF123: -6.153 | AG123: 520 | AH123: 42.51 | AI123: 1549 | AJ123: -7.25 | AL123: -0.101 | AM123: -2.835 | AN123: -0.697 | AO123: -0.251 | AP123: -0.158 | AQ123: 0.141 | AR123: 0.067 | AS123: 0.211 | AT123: 0.298 | AU123: 0.13 | AV123: 0.1 | AW123: 0.105 | AX123: 0.035 | AY123: 0.054 | AZ123: 1.229 | BA123: 2650 | BB123: 13.39 | BC123: 2786 | BF123: =$BF$1-BA123 -> 843 | BM123: 27.38 | BN123: =BM123*$BN$1 -> 55.3076 | BO123: =ROUND(C123*BO$2,2) -> 26.95 | BP123: =ROUND(D123*BP$2,2) -> 51.26 | BR123: =ROUND(IF(T123>BR$2,100,IF(T123>BR$3,BS$1*T123+BS$2, T123*BS$3+BS$4)),1) -> 92.2 | BS123: =ROUND(IF(F123>BR$2,100, IF(F123>BR$3,BS$1*F123+BS$2, F123*BS$3+BS$4)),1) -> 53.8 | BT123: =ROUND(IF(AH123>BR$2,100,IF(AH123>BR$3,BS$1*AH123+BS$2, AH123*BS$3+BS$4)),1) -> 31.4 | BU123: =ROUND(0.6105*(EXP((17.273*R123)/(R123+237.3)))*BT123/100, 3) -> 0.327 | BV123: =ROUND((100-BT123)*BU123/BT123,3) -> 0.714 | BX123: =BZ123*BZ$2 -> 0 | BY123: 0 | BZ123: 0 | CB123: =BO123 -> 26.95 | CC123: =BP123 -> 51.26 | CD123: =ROUND(E123,1) -> 2.2 | CE123: =ROUND(G123,1) -> 2 | CF123: NA | CG123: =ROUND(I123,1) -> 0.1 | CH123: =ROUND(L123,1) -> -0.1 | CI123: =ROUND(M123,1) -> 0.1 | CJ123: =ROUND(N123,1) -> 0.4 | CK123: =ROUND(BS123,1) -> 53.8 | CL123: =ROUND(R123,1) -> 7.6 | CM123: =ROUND(V123,1) -> 8.6 | CN123: NA | CO123: =ROUND(X123,1) -> 0.4 | CP123: =ROUND(AA123,1) -> 0.1 | CQ123: =ROUND(AB123,1) -> 0.3 | CR123: =ROUND(AC123,1) -> 0.6 | CS123: =ROUND(BR123,1) -> 92.2 | CT123: =ROUND(AF123,1) -> -6.2 | CU123: =ROUND(AJ123,1) -> -7.3 | CV123: NA | CW123: =ROUND(AL123,1) -> -0.1 | CX123: =ROUND(AO123,1) -> -0.3 | CY123: =ROUND(AP123,1) -> -0.2 | CZ123: =ROUND(AQ123,1) -> 0.1 | DA123: =ROUND(BT123,1) -> 31.4 | DB123: =BF123 -> 843 | DC123: =ROUND(PPTest!K123,1) -> 0 | DD123: =ROUND(P123,2) -> 1.8 | DE123: =ROUND(AD123,2) -> 6.23 | DF123: =BU123 -> 0.327 | DG123: =BV123 -> 0.714 | DH123: =BB123 -> 13.39 | DQ123: 11.4 | DR123: 19.4 | DS123: 3.4
... A150: =A149+1 -> 36669 | B150: 144 | C150: 30.09 | D150: 50.36 | E150: 2.948 | F150: 65.35 | G150: 2.809 | I150: 0.162 | J150: 4.211 | K150: 5.439 | L150: 0.496 | M150: 0.393 | N150: 0.347 | O150: 0 | P150: 2.5653333 | R150: 8.51 | S150: 1737 | T150: 93 | U150: 2240 | V150: 9.19 | X150: 0.447 | Y150: 10.15 | Z150: 13.88 | AA150: 1.397 | AB150: 0.786 | AC150: 0.574 | AD150: 7.4613333 | AE150: 1205 | AF150: -2.49 | AG150: 2241 | AH150: 33.37 | AI150: 1506 | AJ150: -3.457 | AL150: -0.006 | AM150: -1 | AN150: -1.159 | AO150: -0.073 | AP150: 0.108 | AQ150: 0.166 | AR150: 0.017 | AS150: 0.15 | AT150: 0.06 | AU150: 0.007 | AV150: 0.14 | AW150: 0.438 | AX150: 0.149 | AY150: 0.039 | AZ150: 3.588 | BA150: 3264 | BB150: 13.28 | BC150: 2786 | BF150: =$BF$1-BA150 -> 229 | BM150: 31.82 | BN150: =BM150*$BN$1 -> 64.2764 | BO150: =ROUND(C150*BO$2,2) -> 29.49 | BP150: =ROUND(D150*BP$2,2) -> 55.4 | BR150: =ROUND(IF(T150>BR$2,100,IF(T150>BR$3,BS$1*T150+BS$2, T150*BS$3+BS$4)),1) -> 75.8 | BS150: =ROUND(IF(F150>BR$2,100, IF(F150>BR$3,BS$1*F150+BS$2, F150*BS$3+BS$4)),1) -> 51.5 | BT150: =ROUND(IF(AH150>BR$2,100,IF(AH150>BR$3,BS$1*AH150+BS$2, AH150*BS$3+BS$4)),1) -> 23.4 | BU150: =ROUND(0.6105*(EXP((17.273*R150)/(R150+237.3)))*BT150/100, 3) -> 0.26 | BV150: =ROUND((100-BT150)*BU150/BT150,3) -> 0.851 | BX150: =BZ150*BZ$2 -> 0 | BY150: 0 | BZ150: 0 | CB150: =BO150 -> 29.49 | CC150: =BP150 -> 55.4 | CD150: =ROUND(E150,1) -> 2.9 | CE150: =ROUND(G150,1) -> 2.8 | CF150: NA | CG150: =ROUND(I150,1) -> 0.2 | CH150: =ROUND(L150,1) -> 0.5 | CI150: =ROUND(M150,1) -> 0.4 | CJ150: =ROUND(N150,1) -> 0.3 | CK150: =ROUND(BS150,1) -> 51.5 | CL150: =ROUND(R150,1) -> 8.5 | CM150: =ROUND(V150,1) -> 9.2 | CN150: NA | CO150: =ROUND(X150,1) -> 0.4 | CP150: =ROUND(AA150,1) -> 1.4 | CQ150: =ROUND(AB150,1) -> 0.8 | CR150: =ROUND(AC150,1) -> 0.6 | CS150: =ROUND(BR150,1) -> 75.8 | CT150: =ROUND(AF150,1) -> -2.5 | CU150: =ROUND(AJ150,1) -> -3.5 | CV150: NA | CW150: =ROUND(AL150,1) -> 0 | CX150: =ROUND(AO150,1) -> -0.1 | CY150: =ROUND(AP150,1) -> 0.1 | CZ150: =ROUND(AQ150,1) -> 0.2 | DA150: =ROUND(BT150,1) -> 23.4 | DB150: =BF150 -> 229 | DC150: =ROUND(PPTest!K150,1) -> 0 | DD150: =ROUND(P150,2) -> 2.57 | DE150: =ROUND(AD150,2) -> 7.46 | DF150: =BU150 -> 0.26 | DG150: =BV150 -> 0.851 | DH150: =BB150 -> 13.28 | DQ150: 12.4 | DR150: 21.7 | DS150: 3
A151: =A150+1 -> 36670 | B151: 145 | C151: 27.54 | D151: 46.1 | E151: 2.845 | F151: 69.63 | G151: 2.621 | I151: 0.159 | J151: 3.757 | K151: 4.922 | L151: 0.955 | M151: 0.76 | N151: 0.391 | O151: 0 | P151: 2.1153333 | R151: 9.5 | S151: 1608 | T151: 98.8 | U151: 353 | V151: 11.46 | X151: 0.472 | Y151: 12.12 | Z151: 14.2 | AA151: 2.818 | AB151: 1.009 | AC151: 0.654 | AD151: 6.128 | AE151: 849 | AF151: -4.072 | AG151: 403 | AH151: 34.65 | AI151: 1425 | AJ151: -5.26 | AL151: -0.142 | AM151: -1.123 | AN151: -0.805 | AO151: -0.069 | AP151: 0.398 | AQ151: 0.012 | AR151: 0.044 | AS151: 0.323 | AT151: 0.161 | AU151: 0.013 | AV151: 0.075 | AW151: 0.202 | AX151: 0.127 | AY151: 0.056 | AZ151: 3.052 | BA151: 3316 | BB151: 13.27 | BC151: 2786 | BF151: =$BF$1-BA151 -> 177 | BM151: 31.94 | BN151: =BM151*$BN$1 -> 64.5188 | BO151: =ROUND(C151*BO$2,2) -> 26.99 | BP151: =ROUND(D151*BP$2,2) -> 50.71 | BR151: =ROUND(IF(T151>BR$2,100,IF(T151>BR$3,BS$1*T151+BS$2, T151*BS$3+BS$4)),1) -> 80.9 | BS151: =ROUND(IF(F151>BR$2,100, IF(F151>BR$3,BS$1*F151+BS$2, F151*BS$3+BS$4)),1) -> 55.3 | BT151: =ROUND(IF(AH151>BR$2,100,IF(AH151>BR$3,BS$1*AH151+BS$2, AH151*BS$3+BS$4)),1) -> 24.5 | BU151: =ROUND(0.6105*(EXP((17.273*R151)/(R151+237.3)))*BT151/100, 3) -> 0.291 | BV151: =ROUND((100-BT151)*BU151/BT151,3) -> 0.897 | BX151: 0 | BY151: 0 | BZ151: 0 | CB151: =BO151 -> 26.99 | CC151: =BP151 -> 50.71 | CD151: =ROUND(E151,1) -> 2.8 | CE151: =ROUND(G151,1) -> 2.6 | CF151: NA | CG151: =ROUND(I151,1) -> 0.2 | CH151: =ROUND(L151,1) -> 1 | CI151: =ROUND(M151,1) -> 0.8 | CJ151: =ROUND(N151,1) -> 0.4 | CK151: =ROUND(BS151,1) -> 55.3 | CL151: =ROUND(R151,1) -> 9.5 | CM151: =ROUND(V151,1) -> 11.5 | CN151: NA | CO151: =ROUND(X151,1) -> 0.5 | CP151: =ROUND(AA151,1) -> 2.8 | CQ151: =ROUND(AB151,1) -> 1 | CR151: =ROUND(AC151,1) -> 0.7 | CS151: =ROUND(BR151,1) -> 80.9 | CT151: =ROUND(AF151,1) -> -4.1 | CU151: =ROUND(AJ151,1) -> -5.3 | CV151: NA | CW151: =ROUND(AL151,1) -> -0.1 | CX151: =ROUND(AO151,1) -> -0.1 | CY151: =ROUND(AP151,1) -> 0.4 | CZ151: =ROUND(AQ151,1) -> 0 | DA151: =ROUND(BT151,1) -> 24.5 | DB151: =BF151 -> 177 | DC151: =ROUND(PPTest!K151,1) -> 0 | DD151: =ROUND(P151,2) -> 2.12 | DE151: =ROUND(AD151,2) -> 6.13 | DF151: =BU151 -> 0.291 | DG151: =BV151 -> 0.897 | DH151: =BB151 -> 13.27 | DQ151: 10.7 | DR151: 22 | DS151: -0.7
A152: =A151+1 -> 36671 | B152: 146 | C152: 27.14 | D152: 45.91 | E152: 3.881 | F152: 64.8 | G152: 3.668 | I152: 0.174 | J152: 4.797 | K152: 6.011 | L152: 1.636 | M152: 1.106 | N152: 0.465 | O152: 0 | P152: 2.0523333 | R152: 11.27 | S152: 1527 | T152: 100.5 | U152: 359 | V152: 13.08 | X152: 0.527 | Y152: 12.69 | Z152: 14.71 | AA152: 4.164 | AB152: 1.612 | AC152: 0.746 | AD152: 5.8346667 | AE152: 1735 | AF152: -3 | AG152: 400 | AH152: 26.18 | AI152: 1659 | AJ152: -3.821 | AL152: -0.173 | AM152: -0.829 | AN152: -1.15 | AO152: 0.128 | AP152: 0.651 | AQ152: 0.108 | AR152: 0.024 | AS152: 0.238 | AT152: 0.164 | AU152: 0.027 | AV152: 0.111 | AW152: 0.273 | AX152: 0.13 | AY152: 0.033 | AZ152: 4.038 | BA152: 3327 | BB152: 13.25 | BC152: 2786 | BF152: =$BF$1-BA152 -> 166 | BM152: 32.04 | BN152: =BM152*$BN$1 -> 64.7208 | BO152: =ROUND(C152*BO$2,2) -> 26.6 | BP152: =ROUND(D152*BP$2,2) -> 50.5 | BR152: =ROUND(IF(T152>BR$2,100,IF(T152>BR$3,BS$1*T152+BS$2, T152*BS$3+BS$4)),1) -> 84.1 | BS152: =ROUND(IF(F152>BR$2,100, IF(F152>BR$3,BS$1*F152+BS$2, F152*BS$3+BS$4)),1) -> 51 | BT152: =ROUND(IF(AH152>BR$2,100,IF(AH152>BR$3,BS$1*AH152+BS$2, AH152*BS$3+BS$4)),1) -> 17 | BU152: =ROUND(0.6105*(EXP((17.273*R152)/(R152+237.3)))*BT152/100, 3) -> 0.227 | BV152: =ROUND((100-BT152)*BU152/BT152,3) -> 1.108 | BX152: 0 | BY152: 0 | BZ152: 0 | CB152: =BO152 -> 26.6 | CC152: =BP152 -> 50.5 | CD152: =ROUND(E152,1) -> 3.9 | CE152: =ROUND(G152,1) -> 3.7 | CF152: NA | CG152: =ROUND(I152,1) -> 0.2 | CH152: =ROUND(L152,1) -> 1.6 | CI152: =ROUND(M152,1) -> 1.1 | CJ152: =ROUND(N152,1) -> 0.5 | CK152: =ROUND(BS152,1) -> 51 | CL152: =ROUND(R152,1) -> 11.3 | CM152: =ROUND(V152,1) -> 13.1 | CN152: NA | CO152: =ROUND(X152,1) -> 0.5 | CP152: =ROUND(AA152,1) -> 4.2 | CQ152: =ROUND(AB152,1) -> 1.6 | CR152: =ROUND(AC152,1) -> 0.7 | CS152: =ROUND(BR152,1) -> 84.1 | CT152: =ROUND(AF152,1) -> -3 | CU152: =ROUND(AJ152,1) -> -3.8 | CV152: NA | CW152: =ROUND(AL152,1) -> -0.2 | CX152: =ROUND(AO152,1) -> 0.1 | CY152: =ROUND(AP152,1) -> 0.7 | CZ152: =ROUND(AQ152,1) -> 0.1 | DA152: =ROUND(BT152,1) -> 17 | DB152: =BF152 -> 166 | DC152: =ROUND(PPTest!K152,1) -> 0 | DD152: =ROUND(P152,2) -> 2.05 | DE152: =ROUND(AD152,2) -> 5.83 | DF152: =BU152 -> 0.227 | DG152: =BV152 -> 1.108 | DH152: =BB152 -> 13.25 | DQ152: 14.2 | DR152: 24 | DS152: 4.4
A153: =A152+1 -> 36672 | B153: 147 | C153: 11.08 | D153: 19.8 | E153: 3.04 | F153: 84.6 | G153: 2.627 | I153: 0.076 | J153: 2.616 | K153: 3.157 | L153: 1.303 | M153: 1.312 | N153: 0.498 | O153: 0 | P153: 1.6423333 | R153: 8.21 | S153: 1446 | T153: 108.2 | U153: 2323 | V153: 9.16 | X153: 0.25 | Y153: 8.36 | Z153: 9.69 | AA153: 2.425 | AB153: 1.615 | AC153: 0.699 | AD153: 6.1013333 | AE153: 1518 | AF153: -2.707 | AG153: 227 | AH153: 47.05 | AI153: 637 | AJ153: -3.724 | AL153: -0.083 | AM153: -0.564 | AN153: -0.58 | AO153: 0.442 | AP153: 1.155 | AQ153: 0.293 | AR153: 0.059 | AS153: 0.221 | AT153: 0.16 | AU153: 0.089 | AV153: 0.134 | AW153: 0.188 | AX153: 0.097 | AY153: 0.052 | AZ153: 2.408 | BA153: 3347 | BB153: 13.24 | BC153: 2786 | BF153: =$BF$1-BA153 -> 146 | BM153: 32.14 | BN153: =BM153*$BN$1 -> 64.9228 | BO153: =ROUND(C153*BO$2,2) -> 10.86 | BP153: =ROUND(D153*BP$2,2) -> 21.78 | BR153: =ROUND(IF(T153>BR$2,100,IF(T153>BR$3,BS$1*T153+BS$2, T153*BS$3+BS$4)),1) -> 96.3 | BS153: =ROUND(IF(F153>BR$2,100, IF(F153>BR$3,BS$1*F153+BS$2, F153*BS$3+BS$4)),1) -> 68.4 | BT153: =ROUND(IF(AH153>BR$2,100,IF(AH153>BR$3,BS$1*AH153+BS$2, AH153*BS$3+BS$4)),1) -> 35.4 | BU153: =ROUND(0.6105*(EXP((17.273*R153)/(R153+237.3)))*BT153/100, 3) -> 0.385 | BV153: =ROUND((100-BT153)*BU153/BT153,3) -> 0.703 | BX153: 0 | BY153: 0 | BZ153: 0 | CB153: =BO153 -> 10.86 | CC153: =BP153 -> 21.78 | CD153: =ROUND(E153,1) -> 3 | CE153: =ROUND(G153,1) -> 2.6 | CF153: NA | CG153: =ROUND(I153,1) -> 0.1 | CH153: =ROUND(L153,1) -> 1.3 | CI153: =ROUND(M153,1) -> 1.3 | CJ153: =ROUND(N153,1) -> 0.5 | CK153: =ROUND(BS153,1) -> 68.4 | CL153: =ROUND(R153,1) -> 8.2 | CM153: =ROUND(V153,1) -> 9.2 | CN153: NA | CO153: =ROUND(X153,1) -> 0.3 | CP153: =ROUND(AA153,1) -> 2.4 | CQ153: =ROUND(AB153,1) -> 1.6 | CR153: =ROUND(AC153,1) -> 0.7 | CS153: =ROUND(BR153,1) -> 96.3 | CT153: =ROUND(AF153,1) -> -2.7 | CU153: =ROUND(AJ153,1) -> -3.7 | CV153: NA | CW153: =ROUND(AL153,1) -> -0.1 | CX153: =ROUND(AO153,1) -> 0.4 | CY153: =ROUND(AP153,1) -> 1.2 | CZ153: =ROUND(AQ153,1) -> 0.3 | DA153: =ROUND(BT153,1) -> 35.4 | DB153: =BF153 -> 146 | DC153: =ROUND(PPTest!K153,1) -> 0 | DD153: =ROUND(P153,2) -> 1.64 | DE153: =ROUND(AD153,2) -> 6.1 | DF153: =BU153 -> 0.385 | DG153: =BV153 -> 0.703 | DH153: =BB153 -> 13.24 | DQ153: 10 | DR153: 17.8 | DS153: 2.1
A154: =A153+1 -> 36673 | B154: 148 | D154: 19.02 | E154: 3.896 | F154: 98.5 | G154: 3.336 | I154: 0.112 | J154: 3.076 | K154: 3.493 | L154: 1.982 | M154: 1.292 | N154: 0.573 | O154: 0 | P154: 1.7723333 | R154: 8.59 | S154: 1214 | T154: 108.3 | U154: 1620 | V154: 11.27 | X154: 0.355 | Y154: 8.04 | Z154: 9.84 | AA154: 4.062 | AB154: 1.577 | AC154: 0.756 | AD154: 8.128 | AE154: 1333 | AF154: 0.018 | AG154: 356 | AH154: 78 | AI154: 1215 | AJ154: -1.089 | AL154: -0.1 | AM154: -0.576 | AN154: -0.676 | AO154: 0.678 | AP154: 1.05 | AQ154: 0.384 | AR154: 0.072 | AS154: 0.13 | AT154: 0.088 | AU154: 0.08 | AV154: 0.186 | AW154: 0.261 | AX154: 0.122 | AY154: 0.061 | AZ154: 3.154 | BA154: 3376 | BB154: 13.29 | BC154: 2786 | BF154: =$BF$1-BA154 -> 117 | BM154: 32.24 | BN154: =BM154*$BN$1 -> 65.1248 | BO154: =ROUND(BP154/2.02,2) -> 10.36 | BP154: =ROUND(D154*BP$2,2) -> 20.92 | BR154: =ROUND(IF(T154>BR$2,100,IF(T154>BR$3,BS$1*T154+BS$2, T154*BS$3+BS$4)),1) -> 96.5 | BS154: =ROUND(IF(F154>BR$2,100, IF(F154>BR$3,BS$1*F154+BS$2, F154*BS$3+BS$4)),1) -> 80.7 | BT154: =ROUND(IF(AH154>BR$2,100,IF(AH154>BR$3,BS$1*AH154+BS$2, AH154*BS$3+BS$4)),1) -> 62.6 | BU154: =ROUND(0.6105*(EXP((17.273*R154)/(R154+237.3)))*BT154/100, 3) -> 0.699 | BV154: =ROUND((100-BT154)*BU154/BT154,3) -> 0.418 | BX154: 6.8 | BY154: 6.8 | BZ154: 13.3 | CB154: =BO154 -> 10.36 | CC154: =BP154 -> 20.92 | CD154: =ROUND(E154,1) -> 3.9 | CE154: =ROUND(G154,1) -> 3.3 | CF154: NA | CG154: =ROUND(I154,1) -> 0.1 | CH154: =ROUND(L154,1) -> 2 | CI154: =ROUND(M154,1) -> 1.3 | CJ154: =ROUND(N154,1) -> 0.6 | CK154: =ROUND(BS154,1) -> 80.7 | CL154: =ROUND(R154,1) -> 8.6 | CM154: =ROUND(V154,1) -> 11.3 | CN154: NA | CO154: =ROUND(X154,1) -> 0.4 | CP154: =ROUND(AA154,1) -> 4.1 | CQ154: =ROUND(AB154,1) -> 1.6 | CR154: =ROUND(AC154,1) -> 0.8 | CS154: =ROUND(BR154,1) -> 96.5 | CT154: =ROUND(AF154,1) -> 0 | CU154: =ROUND(AJ154,1) -> -1.1 | CV154: NA | CW154: =ROUND(AL154,1) -> -0.1 | CX154: =ROUND(AO154,1) -> 0.7 | CY154: =ROUND(AP154,1) -> 1.1 | CZ154: =ROUND(AQ154,1) -> 0.4 | DA154: =ROUND(BT154,1) -> 62.6 | DB154: =BF154 -> 117 | DC154: =ROUND(PPTest!K154,1) -> 7.1 | DD154: =ROUND(P154,2) -> 1.77 | DE154: =ROUND(AD154,2) -> 8.13 | DF154: =BU154 -> 0.699 | DG154: =BV154 -> 0.418 | DH154: =BB154 -> 13.29 | DQ154: 10.7 | DR154: 15.1 | DS154: 6.3
A155: =A154+1 -> 36674 | B155: 149 | C155: 19.46 | D155: 33.64 | E155: 3.648 | F155: 90.4 | G155: 3.421 | H155: 3.422 | I155: 0.12 | J155: 4.249 | K155: 5.523 | L155: 3.1 | M155: 1.511 | N155: 0.665 | O155: 0 | P155: 1.7123333 | R155: 8.1 | S155: 1323 | T155: 108.6 | U155: 2214 | V155: 10.88 | W155: 13.17 | X155: 0.319 | Y155: 9.64 | Z155: 11.7 | AA155: 6.557 | AB155: 2.02 | AC155: 0.886 | AD155: 6.1813333 | AE155: 1421 | AF155: -0.185 | AG155: 448 | AH155: 59.51 | AI155: 1649 | AJ155: -1.352 | AK155: -1.729 | AL155: -0.072 | AM155: -0.429 | AN155: -0.178 | AO155: 0.642 | AP155: 1.191 | AQ155: 0.4 | AR155: 0.031 | AS155: 0.1 | AT155: 0.05 | AU155: 0.051 | AV155: 0.159 | AW155: 0.408 | AX155: 0.162 | AY155: 0.038 | AZ155: 4.127 | BA155: 3410 | BB155: 13.33 | BC155: 2786 | BF155: =$BF$1-BA155 -> 83 | BM155: 32.34 | BN155: =BM155*$BN$1 -> 65.3268 | BO155: =ROUND(C155*BO$2,2) -> 19.07 | BP155: =ROUND(D155*BP$2,2) -> 37 | BR155: =ROUND(IF(T155>BR$2,100,IF(T155>BR$3,BS$1*T155+BS$2, T155*BS$3+BS$4)),1) -> 97 | BS155: =ROUND(IF(F155>BR$2,100, IF(F155>BR$3,BS$1*F155+BS$2, F155*BS$3+BS$4)),1) -> 73.6 | BT155: =ROUND(IF(AH155>BR$2,100,IF(AH155>BR$3,BS$1*AH155+BS$2, AH155*BS$3+BS$4)),1) -> 46.4 | BU155: =ROUND(0.6105*(EXP((17.273*R155)/(R155+237.3)))*BT155/100, 3) -> 0.501 | BV155: =ROUND((100-BT155)*BU155/BT155,3) -> 0.579 | BX155: 8.5 | BY155: 8.5 | BZ155: 0 | CB155: =BO155 -> 19.07 | CC155: =BP155 -> 37 | CD155: =ROUND(E155,1) -> 3.6 | CE155: =ROUND(G155,1) -> 3.4 | CF155: =ROUND(H155,1) -> 3.4 | CG155: =ROUND(I155,1) -> 0.1 | CH155: =ROUND(L155,1) -> 3.1 | CI155: =ROUND(M155,1) -> 1.5 | CJ155: =ROUND(N155,1) -> 0.7 | CK155: =ROUND(BS155,1) -> 73.6 | CL155: =ROUND(R155,1) -> 8.1 | CM155: =ROUND(V155,1) -> 10.9 | CN155: =ROUND(W155,1) -> 13.2 | CO155: =ROUND(X155,1) -> 0.3 | CP155: =ROUND(AA155,1) -> 6.6 | CQ155: =ROUND(AB155,1) -> 2 | CR155: =ROUND(AC155,1) -> 0.9 | CS155: =ROUND(BR155,1) -> 97 | CT155: =ROUND(AF155,1) -> -0.2 | CU155: =ROUND(AJ155,1) -> -1.4 | CV155: =ROUND(AK155,1) -> -1.7 | CW155: =ROUND(AL155,1) -> -0.1 | CX155: =ROUND(AO155,1) -> 0.6 | CY155: =ROUND(AP155,1) -> 1.2 | CZ155: =ROUND(AQ155,1) -> 0.4 | DA155: =ROUND(BT155,1) -> 46.4 | DB155: =BF155 -> 83 | DC155: =ROUND(PPTest!K155,1) -> 8.9 | DD155: =ROUND(P155,2) -> 1.71 | DE155: =ROUND(AD155,2) -> 6.18 | DF155: =BU155 -> 0.501 | DG155: =BV155 -> 0.579 | DH155: =BB155 -> 13.33 | DQ155: 14.7 | DR155: 22.1 | DS155: 7.3
A156: =A155+1 -> 36675 | B156: 150 | C156: 13.9 | D156: 24.09 | E156: 2.756 | F156: 101.7 | G156: 2.355 | H156: 2.517 | I156: 0.121 | J156: 3.121 | K156: 4.258 | L156: 3.966 | M156: 2.086 | N156: 0.736 | O156: 0 | P156: 1.2546667 | R156: 8.35 | S156: 1644 | T156: 109.5 | U156: 321 | V156: 9.26 | W156: 11.85 | X156: 0.289 | Y156: 7.17 | Z156: 12.75 | AA156: 6.231 | AB156: 2.393 | AC156: 0.93 | AD156: 3.7546667 | AE156: 1104 | AF156: -1.952 | AG156: 2338 | AH156: 73.6 | AI156: 1644 | AJ156: -2.569 | AK156: -2.8 | AL156: -0.058 | AM156: -0.943 | AN156: -0.661 | AO156: 1.961 | AP156: 1.9 | AQ156: 0.601 | AR156: 0.033 | AS156: 0.181 | AT156: 0.151 | AU156: 0.074 | AV156: 0.136 | AW156: 0.306 | AX156: 0.083 | AY156: 0.037 | AZ156: 3.397 | BA156: 3447 | BB156: 13.28 | BC156: 2786 | BF156: =$BF$1-BA156 -> 46 | BM156: 32.42 | BN156: =BM156*$BN$1 -> 65.4884 | BO156: =ROUND(C156*BO$2,2) -> 13.62 | BP156: =ROUND(D156*BP$2,2) -> 26.5 | BR156: =ROUND(IF(T156>BR$2,100,IF(T156>BR$3,BS$1*T156+BS$2, T156*BS$3+BS$4)),1) -> 98.4 | BS156: =ROUND(IF(F156>BR$2,100, IF(F156>BR$3,BS$1*F156+BS$2, F156*BS$3+BS$4)),1) -> 86 | BT156: =ROUND(IF(AH156>BR$2,100,IF(AH156>BR$3,BS$1*AH156+BS$2, AH156*BS$3+BS$4)),1) -> 58.8 | BU156: =ROUND(0.6105*(EXP((17.273*R156)/(R156+237.3)))*BT156/100, 3) -> 0.646 | BV156: =ROUND((100-BT156)*BU156/BT156,3) -> 0.453 | BX156: 2.1 | BY156: 2.1 | BZ156: 0.6 | CB156: =BO156 -> 13.62 | CC156: =BP156 -> 26.5 | CD156: =ROUND(E156,1) -> 2.8 | CE156: =ROUND(G156,1) -> 2.4 | CF156: =ROUND(H156,1) -> 2.5 | CG156: =ROUND(I156,1) -> 0.1 | CH156: =ROUND(L156,1) -> 4 | CI156: =ROUND(M156,1) -> 2.1 | CJ156: =ROUND(N156,1) -> 0.7 | CK156: =ROUND(BS156,1) -> 86 | CL156: =ROUND(R156,1) -> 8.4 | CM156: =ROUND(V156,1) -> 9.3 | CN156: =ROUND(W156,1) -> 11.9 | CO156: =ROUND(X156,1) -> 0.3 | CP156: =ROUND(AA156,1) -> 6.2 | CQ156: =ROUND(AB156,1) -> 2.4 | CR156: =ROUND(AC156,1) -> 0.9 | CS156: =ROUND(BR156,1) -> 98.4 | CT156: =ROUND(AF156,1) -> -2 | CU156: =ROUND(AJ156,1) -> -2.6 | CV156: =ROUND(AK156,1) -> -2.8 | CW156: =ROUND(AL156,1) -> -0.1 | CX156: =ROUND(AO156,1) -> 2 | CY156: =ROUND(AP156,1) -> 1.9 | CZ156: =ROUND(AQ156,1) -> 0.6 | DA156: =ROUND(BT156,1) -> 58.8 | DB156: =BF156 -> 46 | DC156: =ROUND(PPTest!K156,1) -> 2.2 | DD156: =ROUND(P156,2) -> 1.25 | DE156: =ROUND(AD156,2) -> 3.75 | DF156: =BU156 -> 0.646 | DG156: =BV156 -> 0.453 | DH156: =BB156 -> 13.28 | DQ156: 13.8 | DR156: 21.8 | DS156: 5.7
A157: =A156+1 -> 36676 | B157: 151 | C157: 17.98 | D157: 31.19 | E157: 4.524 | F157: 80.6 | G157: 4.2 | H157: 4.282 | I157: 0.399 | J157: 4.629 | K157: 5.441 | L157: 3.812 | M157: 2.198 | N157: 0.888 | O157: 0 | P157: 2.1716667 | R157: 12.17 | S157: 1553 | T157: 109.1 | U157: 401 | V157: 15.99 | W157: 18.19 | X157: 1.467 | Y157: 12.46 | Z157: 13.77 | AA157: 8.21 | AB157: 2.556 | AC157: 1.147 | AD157: 5.6213333 | AE157: 1818 | AF157: -3.223 | AG157: 347 | AH157: 41.75 | AI157: 1551 | AJ157: -3.756 | AK157: -3.998 | AL157: -0.119 | AM157: -0.748 | AN157: -1.066 | AO157: 1.058 | AP157: 1.87 | AQ157: 0.521 | AR157: 0.165 | AS157: 0.573 | AT157: 0.232 | AU157: 0.002 | AV157: 0 | AW157: 0 | AX157: 0 | AY157: 0.028 | AZ157: 4.21 | BA157: 3486 | BB157: 13.32 | BC157: 2786 | BF157: =$BF$1-BA157 -> 7 | BM157: 32.51 | BN157: =BM157*$BN$1 -> 65.6702 | BO157: =ROUND(C157*BO$2,2) -> 17.62 | BP157: =ROUND(D157*BP$2,2) -> 34.31 | BR157: =ROUND(IF(T157>BR$2,100,IF(T157>BR$3,BS$1*T157+BS$2, T157*BS$3+BS$4)),1) -> 97.8 | BS157: =ROUND(IF(F157>BR$2,100, IF(F157>BR$3,BS$1*F157+BS$2, F157*BS$3+BS$4)),1) -> 64.9 | BT157: =ROUND(IF(AH157>BR$2,100,IF(AH157>BR$3,BS$1*AH157+BS$2, AH157*BS$3+BS$4)),1) -> 30.7 | BU157: =ROUND(0.6105*(EXP((17.273*R157)/(R157+237.3)))*BT157/100, 3) -> 0.435 | BV157: =ROUND((100-BT157)*BU157/BT157,3) -> 0.982 | BX157: 2.7 | BY157: 2.7 | BZ157: 0 | CB157: =BO157 -> 17.62 | CC157: =BP157 -> 34.31 | CD157: =ROUND(E157,1) -> 4.5 | CE157: =ROUND(G157,1) -> 4.2 | CF157: =ROUND(H157,1) -> 4.3 | CG157: =ROUND(I157,1) -> 0.4 | CH157: =ROUND(L157,1) -> 3.8 | CI157: =ROUND(M157,1) -> 2.2 | CJ157: =ROUND(N157,1) -> 0.9 | CK157: =ROUND(BS157,1) -> 64.9 | CL157: =ROUND(R157,1) -> 12.2 | CM157: =ROUND(V157,1) -> 16 | CN157: =ROUND(W157,1) -> 18.2 | CO157: =ROUND(X157,1) -> 1.5 | CP157: =ROUND(AA157,1) -> 8.2 | CQ157: =ROUND(AB157,1) -> 2.6 | CR157: =ROUND(AC157,1) -> 1.1 | CS157: =ROUND(BR157,1) -> 97.8 | CT157: =ROUND(AF157,1) -> -3.2 | CU157: =ROUND(AJ157,1) -> -3.8 | CV157: =ROUND(AK157,1) -> -4 | CW157: =ROUND(AL157,1) -> -0.1 | CX157: =ROUND(AO157,1) -> 1.1 | CY157: =ROUND(AP157,1) -> 1.9 | CZ157: =ROUND(AQ157,1) -> 0.5 | DA157: =ROUND(BT157,1) -> 30.7 | DB157: =BF157 -> 7 | DC157: =ROUND(PPTest!K157,1) -> 2.8 | DD157: =ROUND(P157,2) -> 2.17 | DE157: =ROUND(AD157,2) -> 5.62 | DF157: =BU157 -> 0.435 | DG157: =BV157 -> 0.982 | DH157: =BB157 -> 13.32 | DQ157: 12.9 | DR157: 23.9 | DS157: 1.9
A158: =A157+1 -> 36677 | B158: 152 | C158: 14.62 | D158: 25.39 | E158: 4.383 | F158: 76.6 | G158: 4.017 | H158: 4.028 | I158: 0.694 | J158: 4.733 | K158: 5.474 | L158: 3.487 | M158: 2.348 | N158: 1.016 | O158: 0 | P158: 1.8 | R158: 10.7 | S158: 1309 | T158: 104.7 | U158: 257 | V158: 12.52 | W158: 14.05 | X158: 2.637 | Y158: 11.75 | Z158: 13.02 | AA158: 6.413 | AB158: 2.537 | AC158: 1.254 | AD158: 5.008 | AE158: 800 | AF158: -2.259 | AG158: 350 | AH158: 40.67 | AI158: 1423 | AJ158: -3.005 | AK158: -3.244 | AL158: -0.533 | AM158: -0.84 | AN158: -0.77 | AO158: 1.302 | AP158: 2.098 | AQ158: 0.644 | AR158: 0.093 | AS158: 0.419 | AT158: 0.219 | AU158: 0.018 | AV158: 0.057 | AW158: 0.125 | AX158: 0.04 | AY158: 0.03 | AZ158: 4.037 | BA158: 3493 | BB158: 13.26 | BC158: 2786 | BF158: =$BF$1-BA158 -> 0 | BM158: 32.59 | BN158: =BM158*$BN$1 -> 65.8318 | BO158: =ROUND(C158*BO$2,2) -> 14.33 | BP158: =ROUND(D158*BP$2,2) -> 27.93 | BR158: =ROUND(IF(T158>BR$2,100,IF(T158>BR$3,BS$1*T158+BS$2, T158*BS$3+BS$4)),1) -> 90.8 | BS158: =ROUND(IF(F158>BR$2,100, IF(F158>BR$3,BS$1*F158+BS$2, F158*BS$3+BS$4)),1) -> 61.4 | BT158: =ROUND(IF(AH158>BR$2,100,IF(AH158>BR$3,BS$1*AH158+BS$2, AH158*BS$3+BS$4)),1) -> 29.8 | BU158: =ROUND(0.6105*(EXP((17.273*R158)/(R158+237.3)))*BT158/100, 3) -> 0.383 | BV158: =ROUND((100-BT158)*BU158/BT158,3) -> 0.902 | BX158: 0 | BY158: 0 | BZ158: 0 | CB158: =BO158 -> 14.33 | CC158: =BP158 -> 27.93 | CD158: =ROUND(E158,1) -> 4.4 | CE158: =ROUND(G158,1) -> 4 | CF158: =ROUND(H158,1) -> 4 | CG158: =ROUND(I158,1) -> 0.7 | CH158: =ROUND(L158,1) -> 3.5 | CI158: =ROUND(M158,1) -> 2.3 | CJ158: =ROUND(N158,1) -> 1 | CK158: =ROUND(BS158,1) -> 61.4 | CL158: =ROUND(R158,1) -> 10.7 | CM158: =ROUND(V158,1) -> 12.5 | CN158: =ROUND(W158,1) -> 14.1 | CO158: =ROUND(X158,1) -> 2.6 | CP158: =ROUND(AA158,1) -> 6.4 | CQ158: =ROUND(AB158,1) -> 2.5 | CR158: =ROUND(AC158,1) -> 1.3 | CS158: =ROUND(BR158,1) -> 90.8 | CT158: =ROUND(AF158,1) -> -2.3 | CU158: =ROUND(AJ158,1) -> -3 | CV158: =ROUND(AK158,1) -> -3.2 | CW158: =ROUND(AL158,1) -> -0.5 | CX158: =ROUND(AO158,1) -> 1.3 | CY158: =ROUND(AP158,1) -> 2.1 | CZ158: =ROUND(AQ158,1) -> 0.6 | DA158: =ROUND(BT158,1) -> 29.8 | DB158: =BF158 -> 0 | DC158: =ROUND(PPTest!K158,1) -> 0 | DD158: =ROUND(P158,2) -> 1.8 | DE158: =ROUND(AD158,2) -> 5.01 | DF158: =BU158 -> 0.383 | DG158: =BV158 -> 0.902 | DH158: =BB158 -> 13.26 | DQ158: 13.5 | DR158: 24.8 | DS158: 2.1
A159: =A158+1 -> 36678 | B159: 153 | E159: =ROUND(0.77*DQ159-6.2,1) -> 3.5 | R159: =ROUND(DR159*0.69-5.3,1) -> 10.6 | AF159: =ROUND(2*E159-R159,1) -> -3.6 | BB159: 13.26 | BC159: 2786 | BM159: 32.66 | BN159: =BM159*$BN$1 -> 65.9732 | BU159: =ROUND((0.6105*(EXP((17.273*AF159)/(AF159+237.3)))),3) -> 0.468 | BV159: =ROUND((0.6105*(EXP((17.273*R159)/(R159+237.3))))-BU159,3) -> 0.81 | BX159: 0 | BZ159: 0 | CB159: NA | CC159: NA | CD159: =ROUND(E159,1) -> 3.5 | CE159: NA | CF159: NA | CG159: NA | CH159: NA | CI159: NA | CJ159: NA | CK159: NA | CL159: =ROUND(R159,1) -> 10.6 | CM159: NA | CN159: NA | CO159: NA | CP159: NA | CQ159: NA | CR159: NA | CS159: NA | CT159: =ROUND(AF159,1) -> -3.6 | CU159: NA | CV159: NA | CW159: NA | CX159: NA | CY159: NA | CZ159: NA | DA159: NA | DB159: =BF159 -> 0 | DC159: =ROUND(PPTest!K159,1) -> 0 | DD159: NA | DE159: NA | DF159: =BU159 -> 0.468 | DG159: =BV159 -> 0.81 | DH159: =BB159 -> 13.26 | DQ159: 12.6 | DR159: 23.1 | DS159: 2
A160: =A159+1 -> 36679 | B160: 154 | E160: =ROUND(0.77*DQ160-6.2,1) -> 4 | R160: =ROUND(DR160*0.69-5.3,1) -> 10.4 | AF160: =ROUND(2*E160-R160,1) -> -2.4 | BM160: 32.74 | BN160: =BM160*$BN$1 -> 66.1348 | BU160: =ROUND((0.6105*(EXP((17.273*AF160)/(AF160+237.3)))),3) -> 0.512 | BV160: =ROUND((0.6105*(EXP((17.273*R160)/(R160+237.3))))-BU160,3) -> 0.749 | BX160: 1.5 | BZ160: 0 | CB160: NA | CC160: NA | CD160: =ROUND(E160,1) -> 4 | CE160: NA | CF160: NA | CG160: NA | CH160: NA | CI160: NA | CJ160: NA | CK160: NA | CL160: =ROUND(R160,1) -> 10.4 | CM160: NA | CN160: NA | CO160: NA | CP160: NA | CQ160: NA | CR160: NA | CS160: NA | CT160: =ROUND(AF160,1) -> -2.4 | CU160: NA | CV160: NA | CW160: NA | CX160: NA | CY160: NA | CZ160: NA | DA160: NA | DB160: =BF160 -> 0 | DC160: =ROUND(PPTest!K160,1) -> 1.6 | DD160: NA | DE160: NA | DF160: =BU160 -> 0.512 | DG160: =BV160 -> 0.749 | DH160: NA | DQ160: 13.2 | DR160: 22.8 | DS160: 3.6
A161: =A160+1 -> 36680 | B161: 155 | E161: =ROUND(0.77*DQ161-6.2,1) -> 6.5 | R161: =ROUND(DR161*0.69-5.3,1) -> 15.1 | AF161: =ROUND(2*E161-R161,1) -> -2.1 | BM161: 32.8 | BN161: =BM161*$BN$1 -> 66.256 | BU161: =ROUND((0.6105*(EXP((17.273*AF161)/(AF161+237.3)))),3) -> 0.523 | BV161: =ROUND((0.6105*(EXP((17.273*R161)/(R161+237.3))))-BU161,3) -> 1.193 | BX161: 0 | BZ161: 0 | CB161: NA | CC161: NA | CD161: =ROUND(E161,1) -> 6.5 | CE161: NA | CF161: NA | CG161: NA | CH161: NA | CI161: NA | CJ161: NA | CK161: NA | CL161: =ROUND(R161,1) -> 15.1 | CM161: NA | CN161: NA | CO161: NA | CP161: NA | CQ161: NA | CR161: NA | CS161: NA | CT161: =ROUND(AF161,1) -> -2.1 | CU161: NA | CV161: NA | CW161: NA | CX161: NA | CY161: NA | CZ161: NA | DA161: NA | DB161: =BF161 -> 0 | DC161: =ROUND(PPTest!K161,1) -> 0 | DD161: NA | DE161: NA | DF161: =BU161 -> 0.523 | DG161: =BV161 -> 1.193 | DH161: NA | DQ161: 16.5 | DR161: 29.6 | DS161: 3.3
A162: =A161+1 -> 36681 | B162: 156 | E162: =ROUND(0.77*DQ162-6.2,1) -> 7.5 | R162: =ROUND(DR162*0.69-5.3,1) -> 16.8 | AF162: =ROUND(2*E162-R162,1) -> -1.8 | BM162: 32.86 | BN162: =BM162*$BN$1 -> 66.3772 | BU162: =ROUND((0.6105*(EXP((17.273*AF162)/(AF162+237.3)))),3) -> 0.535 | BV162: =ROUND((0.6105*(EXP((17.273*R162)/(R162+237.3))))-BU162,3) -> 1.378 | BX162: 0 | BZ162: 0 | CB162: NA | CC162: NA | CD162: =ROUND(E162,1) -> 7.5 | CE162: NA | CF162: NA | CG162: NA | CH162: NA | CI162: NA | CJ162: NA | CK162: NA | CL162: =ROUND(R162,1) -> 16.8 | CM162: NA | CN162: NA | CO162: NA | CP162: NA | CQ162: NA | CR162: NA | CS162: NA | CT162: =ROUND(AF162,1) -> -1.8 | CU162: NA | CV162: NA | CW162: NA | CX162: NA | CY162: NA | CZ162: NA | DA162: NA | DB162: =BF162 -> 0 | DC162: =ROUND(PPTest!K162,1) -> 0 | DD162: NA | DE162: NA | DF162: =BU162 -> 0.535 | DG162: =BV162 -> 1.378 | DH162: NA | DQ162: 17.8 | DR162: 32 | DS162: 3.5
A163: =A162+1 -> 36682 | B163: 157 | E163: =ROUND(0.77*DQ163-6.2,1) -> 8 | R163: =ROUND(DR163*0.69-5.3,1) -> 14.2 | AF163: =ROUND(2*E163-R163,1) -> 1.8 | BM163: 32.92 | BN163: =BM163*$BN$1 -> 66.4984 | BU163: =ROUND((0.6105*(EXP((17.273*AF163)/(AF163+237.3)))),3) -> 0.695 | BV163: =ROUND((0.6105*(EXP((17.273*R163)/(R163+237.3))))-BU163,3) -> 0.924 | BX163: 11.7 | BZ163: 5.2 | CB163: NA | CC163: NA | CD163: =ROUND(E163,1) -> 8 | CE163: NA | CF163: NA | CG163: NA | CH163: NA | CI163: NA | CJ163: NA | CK163: NA | CL163: =ROUND(R163,1) -> 14.2 | CM163: NA | CN163: NA | CO163: NA | CP163: NA | CQ163: NA | CR163: NA | CS163: NA | CT163: =ROUND(AF163,1) -> 1.8 | CU163: NA | CV163: NA | CW163: NA | CX163: NA | CY163: NA | CZ163: NA | DA163: NA | DB163: =BF163 -> 0 | DC163: =ROUND(PPTest!K163,1) -> 12.3 | DD163: NA | DE163: NA | DF163: =BU163 -> 0.695 | DG163: =BV163 -> 0.924 | DH163: NA | DQ163: 18.4 | DR163: 28.2 | DS163: 8.5
A164: =A163+1 -> 36683 | B164: 158 | E164: =ROUND(0.77*DQ164-6.2,1) -> 7.1 | R164: =ROUND(DR164*0.69-5.3,1) -> 12 | AF164: =ROUND(2*E164-R164,1) -> 2.2 | BM164: 32.97 | BN164: =BM164*$BN$1 -> 66.5994 | BU164: =ROUND((0.6105*(EXP((17.273*AF164)/(AF164+237.3)))),3) -> 0.715 | BV164: =ROUND((0.6105*(EXP((17.273*R164)/(R164+237.3))))-BU164,3) -> 0.687 | BX164: 0 | BZ164: 0 | CB164: NA | CC164: NA | CD164: =ROUND(E164,1) -> 7.1 | CE164: NA | CF164: NA | CG164: NA | CH164: NA | CI164: NA | CJ164: NA | CK164: NA | CL164: =ROUND(R164,1) -> 12 | CM164: NA | CN164: NA | CO164: NA | CP164: NA | CQ164: NA | CR164: NA | CS164: NA | CT164: =ROUND(AF164,1) -> 2.2 | CU164: NA | CV164: NA | CW164: NA | CX164: NA | CY164: NA | CZ164: NA | DA164: NA | DB164: =BF164 -> 0 | DC164: =ROUND(PPTest!K164,1) -> 0 | DD164: NA | DE164: NA | DF164: =BU164 -> 0.715 | DG164: =BV164 -> 0.687 | DH164: NA | DQ164: 17.3 | DR164: 25.1 | DS164: 9.4
A165: =A164+1 -> 36684 | B165: 159 | E165: =ROUND(DK165*0.82-1.1,1) -> 8.1 | R165: =ROUND(DL165*0.92-0.52,1) -> 12.9 | AF165: =ROUND(DM165*0.61-1.82,1) -> 3 | BM165: 33.01 | BN165: =BM165*$BN$1 -> 66.6802 | BT165: =ROUND(DO165*0.85-2.6,0) -> 47 | BU165: =ROUND(0.6105*(EXP((17.273*R165)/(R165+237.3)))*BT165/100, 3) -> 0.699 | BV165: =ROUND((100-BT165)*BU165/BT165,3) -> 0.788 | BX165: 0 | BZ165: 0 | CB165: NA | CC165: NA | CD165: =ROUND(E165,1) -> 8.1 | CE165: NA | CF165: NA | CG165: NA | CH165: NA | CI165: NA | CJ165: NA | CK165: NA | CL165: =ROUND(R165,1) -> 12.9 | CM165: NA | CN165: NA | CO165: NA | CP165: NA | CQ165: NA | CR165: NA | CS165: NA | CT165: =ROUND(AF165,1) -> 3 | CU165: NA | CV165: NA | CW165: NA | CX165: NA | CY165: NA | CZ165: NA | DA165: =ROUND(BT165,1) -> 47 | DB165: =BF165 -> 0 | DC165: =ROUND(PPTest!K165,1) -> 0 | DD165: NA | DE165: NA | DF165: =BU165 -> 0.699 | DG165: =BV165 -> 0.788 | DH165: NA | DK165: 11.2 | DL165: 14.6 | DM165: 7.9000001 | DN165: 75.666667 | DO165: 58 | DQ165: 16.2 | DR165: 23.6 | DS165: 8.7
A166: =A165+1 -> 36685 | B166: 160 | E166: =ROUND(DK166*0.82-1.1,1) -> 6.3 | R166: =ROUND(DL166*0.92-0.52,1) -> 9.9 | AF166: =ROUND(DM166*0.61-1.82,1) -> 2.5 | BM166: 33.06 | BN166: =BM166*$BN$1 -> 66.7812 | BT166: =ROUND(DO166*0.85-2.6,0) -> 76 | BU166: =ROUND(0.6105*(EXP((17.273*R166)/(R166+237.3)))*BT166/100, 3) -> 0.927 | BV166: =ROUND((100-BT166)*BU166/BT166,3) -> 0.293 | BX166: 7.4 | BZ166: 0 | CB166: NA | CC166: NA | CD166: =ROUND(E166,1) -> 6.3 | CE166: NA | CF166: NA | CG166: NA | CH166: NA | CI166: NA | CJ166: NA | CK166: NA | CL166: =ROUND(R166,1) -> 9.9 | CM166: NA | CN166: NA | CO166: NA | CP166: NA | CQ166: NA | CR166: NA | CS166: NA | CT166: =ROUND(AF166,1) -> 2.5 | CU166: NA | CV166: NA | CW166: NA | CX166: NA | CY166: NA | CZ166: NA | DA166: =ROUND(BT166,1) -> 76 | DB166: =BF166 -> 0 | DC166: =ROUND(PPTest!K166,1) -> 7.8 | DD166: NA | DE166: NA | DF166: =BU166 -> 0.927 | DG166: =BV166 -> 0.293 | DH166: NA | DK166: 9 | DL166: 11.3 | DM166: 7 | DN166: 97.625 | DO166: 92 | DQ166: 16.2 | DR166: 21.1 | DS166: 11.3
