Workbook

Sheet Meta
A1: Meta data for Sicamous base station
A2: Last edit 30/04/25
B3: CR1000 data logger
A5: Solar MJ/m2/d
B6: Kipp and Zonen silicon Pyranometer at 6 m
B7: Adjusted to zero at night in hourly file.
B8: Adjusting for snow on sensor using reflected and max albedo of 0.92
B9: Summed to daily
B10: Kmax from 10 min simulation
B11: Jan 26-29 have solar radiation substantailly above the clear sky value. May be due to snow focus radiation onto sensor.
C12: Adjusted by assuming a fixed albedo and the measured reflected radiation
A14: Reflected MJ/m2/d
B15: LiCor silicon pyranometer at 6 m above surface.
B16: Adjusting for spectral response of pyranometer =0.93*Measured
A17: Tair C
B18: HMP45C in RMYoung pie plate sheild at 6 m
B20: Chromel constantan thermocouples referenced to thermistor on panel at 3 m, 1.5 m and 0.25 m
B21: Referenced to logger panel
A23: RH %
B24: HMP45C in RMYoung pie plate sheild at 6 m
B25: Corrected RH based on Rhmax=100. Calculated vpres (kPa)
A27: Soil temperature C
B28: Chromel constantan thermocouples referenced tologger panel at Duff, 0.15 m and 0.5 m
A30: Precip mm
B31: TexasElectronic tipping bucketmm/tip
A33: Snow depth m, mm
B34: CSI SR50A
A36: Wind m/s
B37: MetOne anemometer at 6 m
A39: Wind direction degrees - number of occurances in 8 bins
B40: MetOne Wind vane at 6 m
A42: PPT= snow+rain
B43: Snow = Daily increase in pack depth and assumed compacted density of 0.13 Mg/m3
B44: Rain = Rain gauge.
C45: If there is a snow pack then review tiping bucket data to determine if likely snow melt rather than rain, i.e., tipping when above zero and low humidity and sunny.
C46: Also sum tipping bucket over days to see if simialr total to water equivalent of snow fal from depth change.
C47: Sicamous Fire Weather Station rainfall not included
A48: Vapour pressure kPa
B49: Calculated from the daily maximum temperature and mininimum relative humdity: esat(Tmax)*RHmin/100
A50: Maximum vapour presure deficit
B51: Calculated from the daily maximum temperature and mininimum relative humdity: esat(Tmax)*(1-RHmin/100)

Sheet PPTest
A1: Precipitation | I1: 0.13 | K1: Rain | P1: Max density | Q1: 0.4
A2: =Data!A2 -> Last edit 19/04/25 | C2: Total | K2: SnowDepthChange | P2: Start Density | Q2: 0.23
C3: Solar | D3: Tmax | E3: Tmin | F3: Rhmin | G3: Rain | H3: SnowD | I3: Precip.from | J3: FWS | K3: FWS* | L3: 1.05 | M3: FWS | N3: Sicamous | P3: Scrtchdensity | Q3: density | R3: SWE | S3: dSWE | T3: Melt
A4: Date | B4: DoY | C4: MJ/m2/d | I4: snow depth | K4: Precipitation | P4: g/cm3 | Q4: g/cm3 | R4: mm | S4: mm | T4: mm
H5: 801 | Q5: =Q2 -> 0.23 | R5: =H5*Q5 -> 184.23 | S5: 0 | T5: 0
A6: =Data!A6 -> 45658 | B6: 1 | C6: =ROUND(Data!BB6,2) -> 1.35 | D6: =ROUND(Data!P6,1) -> -6 | E6: =ROUND(Data!Y6,1) -> -9.3 | F6: =Data!BH6 -> 85.3 | G6: =Data!N6 -> 0 | H6: =Data!AY6 -> 772 | I6: =IF(H6>H5,ROUND((H6-H5)*I$1,1),0) -> 0 | K6: =I6 -> 0 | M6: =J6 -> 0 | N6: =K6 -> 0 | P6: =(R5+K6)/H6 -> 0.2386399 | Q6: =IF(P6>Q$1,Q$1,P6) -> 0.2386399 | R6: =Q6*H6 -> 184.23 | S6: =R6-R5 -> 0 | T6: =ROUND(K6-S6,1) -> 0
A7: =Data!A7 -> 45659 | B7: 2 | C7: =ROUND(Data!BB7,2) -> 1.17 | D7: =ROUND(Data!P7,1) -> -5.6 | E7: =ROUND(Data!Y7,1) -> -10 | F7: =Data!BH7 -> 84.6 | G7: =Data!N7 -> 0 | H7: =Data!AY7 -> 792 | I7: =IF(H7>H6,ROUND((H7-H6)*I$1,1),0) -> 2.6 | K7: =I7 -> 2.6 | M7: =J7+M6 -> 0 | N7: =K7+N6 -> 2.6 | P7: =ROUND((R6+K7)/H7,3) -> 0.236 | Q7: =IF(P7>Q$1,Q$1,P7) -> 0.236 | R7: =Q7*H7 -> 186.912 | S7: =R7-R6 -> 2.682 | T7: =ROUND(K7-S7,1) -> -0.1
A8: =Data!A8 -> 45660 | B8: 3 | C8: =ROUND(Data!BB8,2) -> 1.77 | D8: =ROUND(Data!P8,1) -> -3.2 | E8: =ROUND(Data!Y8,1) -> -10.7 | F8: =Data!BH8 -> 79.6 | G8: =Data!N8 -> 0 | H8: =Data!AY8 -> 792 | I8: =IF(H8>H7,ROUND((H8-H7)*I$1,1),0) -> 0 | K8: =I8 -> 0 | M8: =J8+M7 -> 0 | N8: =K8+N7 -> 2.6 | P8: =(R7+K8)/H8 -> 0.236 | Q8: =IF(P8>Q$1,Q$1,P8) -> 0.236 | R8: =Q8*H8 -> 186.912 | S8: =R8-R7 -> 0 | T8: =ROUND(K8-S8,1) -> 0
A9: =Data!A9 -> 45661 | B9: 4 | C9: =ROUND(Data!BB9,2) -> 1.68 | D9: =ROUND(Data!P9,1) -> -0.5 | E9: =ROUND(Data!Y9,1) -> -6.5 | F9: =Data!BH9 -> 80.6 | G9: =Data!N9 -> 0 | H9: =Data!AY9 -> 770 | I9: =IF(H9>H8,ROUND((H9-H8)*I$1,1),0) -> 0 | K9: =I9 -> 0 | M9: =J9+M8 -> 0 | N9: =K9+N8 -> 2.6 | P9: =(R8+K9)/H9 -> 0.24274286 | Q9: =IF(P9>Q$1,Q$1,P9) -> 0.24274286 | R9: =Q9*H9 -> 186.912 | S9: =R9-R8 -> 0 | T9: =ROUND(K9-S9,1) -> 0
A10: =Data!A10 -> 45662 | B10: 5 | C10: =ROUND(Data!BB10,2) -> 1.81 | D10: =ROUND(Data!P10,1) -> -1.1 | E10: =ROUND(Data!Y10,1) -> -5.5 | F10: =Data!BH10 -> 84.8 | G10: =Data!N10 -> 0 | H10: =Data!AY10 -> 739 | I10: =IF(H10>H9,ROUND((H10-H9)*I$1,1),0) -> 0 | K10: =I10 -> 0 | M10: =J10+M9 -> 0 | N10: =K10+N9 -> 2.6 | P10: =(R9+K10)/H10 -> 0.25292558 | Q10: =IF(P10>Q$1,Q$1,P10) -> 0.25292558 | R10: =Q10*H10 -> 186.912 | S10: =R10-R9 -> 0 | T10: =ROUND(K10-S10,1) -> 0
A11: =Data!A11 -> 45663 | B11: 6 | C11: =ROUND(Data!BB11,2) -> 1.4 | D11: =ROUND(Data!P11,1) -> -3.7 | E11: =ROUND(Data!Y11,1) -> -7.9 | F11: =Data!BH11 -> 88.5 | G11: =Data!N11 -> 0 | H11: =Data!AY11 -> 719 | I11: =IF(H11>H10,ROUND((H11-H10)*I$1,1),0) -> 0 | K11: =I11 -> 0 | M11: =J11+M10 -> 0 | N11: =K11+N10 -> 2.6 | P11: =(R10+K11)/H11 -> 0.25996106 | Q11: =IF(P11>Q$1,Q$1,P11) -> 0.25996106 | R11: =Q11*H11 -> 186.912 | S11: =R11-R10 -> 0 | T11: =ROUND(K11-S11,1) -> 0
A12: =Data!A12 -> 45664 | B12: 7 | C12: =ROUND(Data!BB12,2) -> 1.77 | D12: =ROUND(Data!P12,1) -> -4.6 | E12: =ROUND(Data!Y12,1) -> -10.6 | F12: =Data!BH12 -> 90 | G12: =Data!N12 -> 0 | H12: =Data!AY12 -> 729 | I12: =IF(H12>H11,ROUND((H12-H11)*I$1,1),0) -> 1.3 | K12: =I12 -> 1.3 | M12: =J12+M11 -> 0 | N12: =K12+N11 -> 3.9 | P12: =(R11+K12)/H12 -> 0.25817833 | Q12: =IF(P12>Q$1,Q$1,P12) -> 0.25817833 | R12: =Q12*H12 -> 188.212 | S12: =R12-R11 -> 1.3 | T12: =ROUND(K12-S12,1) -> 0
A13: =Data!A13 -> 45665 | B13: 8 | C13: =ROUND(Data!BB13,2) -> 1.21 | D13: =ROUND(Data!P13,1) -> -2.4 | E13: =ROUND(Data!Y13,1) -> -7.7 | F13: =Data!BH13 -> 92.1 | G13: =Data!N13 -> 0 | H13: =Data!AY13 -> 731 | I13: =IF(H13>H12,ROUND((H13-H12)*I$1,1),0) -> 0.3 | K13: =I13 -> 0.3 | M13: =J13+M12 -> 0 | N13: =K13+N12 -> 4.2 | P13: =(R12+K13)/H13 -> 0.25788235 | Q13: =IF(P13>Q$1,Q$1,P13) -> 0.25788235 | R13: =Q13*H13 -> 188.512 | S13: =R13-R12 -> 0.3 | T13: =ROUND(K13-S13,1) -> 0
A14: =Data!A14 -> 45666 | B14: 9 | C14: =ROUND(Data!BB14,2) -> 2.16 | D14: =ROUND(Data!P14,1) -> -0.7 | E14: =ROUND(Data!Y14,1) -> -11.7 | F14: =Data!BH14 -> 83.6 | G14: =Data!N14 -> 0 | H14: =Data!AY14 -> 710 | I14: =IF(H14>H13,ROUND((H14-H13)*I$1,1),0) -> 0 | K14: =I14 -> 0 | M14: =J14+M13 -> 0 | N14: =K14+N13 -> 4.2 | P14: =(R13+K14)/H14 -> 0.26550986 | Q14: =IF(P14>Q$1,Q$1,P14) -> 0.26550986 | R14: =Q14*H14 -> 188.512 | S14: =R14-R13 -> 0 | T14: =ROUND(K14-S14,1) -> 0
A15: =Data!A15 -> 45667 | B15: 10 | C15: =ROUND(Data!BB15,2) -> 1.03 | D15: =ROUND(Data!P15,1) -> -3.7 | E15: =ROUND(Data!Y15,1) -> -6.7 | F15: =Data!BH15 -> 92 | G15: =Data!N15 -> 0 | H15: =Data!AY15 -> 816 | I15: =IF(H15>H14,ROUND((H15-H14)*I$1,1),0) -> 13.8 | K15: =I15 -> 13.8 | M15: =J15+M14 -> 0 | N15: =K15+N14 -> 18 | P15: =(R14+K15)/H15 -> 0.24793137 | Q15: =IF(P15>Q$1,Q$1,P15) -> 0.24793137 | R15: =Q15*H15 -> 202.312 | S15: =R15-R14 -> 13.8 | T15: =ROUND(K15-S15,1) -> 0
A16: =Data!A16 -> 45668 | B16: 11 | C16: =ROUND(Data!BB16,2) -> 0.86 | D16: =ROUND(Data!P16,1) -> -3.9 | E16: =ROUND(Data!Y16,1) -> -5.5 | F16: =Data!BH16 -> 92.3 | G16: =Data!N16 -> 0 | H16: =Data!AY16 -> 803 | I16: =IF(H16>H15,ROUND((H16-H15)*I$1,1),0) -> 0 | K16: =I16 -> 0 | M16: =J16+M15 -> 0 | N16: =K16+N15 -> 18 | P16: =(R15+K16)/H16 -> 0.25194521 | Q16: =IF(P16>Q$1,Q$1,P16) -> 0.25194521 | R16: =Q16*H16 -> 202.312 | S16: =R16-R15 -> 0 | T16: =ROUND(K16-S16,1) -> 0
A17: =Data!A17 -> 45669 | B17: 12 | C17: =ROUND(Data!BB17,2) -> 1.07 | D17: =ROUND(Data!P17,1) -> -4.2 | E17: =ROUND(Data!Y17,1) -> -8.9 | F17: =Data!BH17 -> 88.5 | G17: =Data!N17 -> 0 | H17: =Data!AY17 -> 778 | I17: =IF(H17>H16,ROUND((H17-H16)*I$1,1),0) -> 0 | K17: =I17 -> 0 | M17: =J17+M16 -> 0 | N17: =K17+N16 -> 18 | P17: =(R16+K17)/H17 -> 0.26004113 | Q17: =IF(P17>Q$1,Q$1,P17) -> 0.26004113 | R17: =Q17*H17 -> 202.312 | S17: =R17-R16 -> 0 | T17: =ROUND(K17-S17,1) -> 0
A18: =Data!A18 -> 45670 | B18: 13 | C18: =ROUND(Data!BB18,2) -> 3.15 | D18: =ROUND(Data!P18,1) -> -1.4 | E18: =ROUND(Data!Y18,1) -> -14 | F18: =Data!BH18 -> 73.2 | G18: =Data!N18 -> 0 | H18: =Data!AY18 -> 767 | I18: =IF(H18>H17,ROUND((H18-H17)*I$1,1),0) -> 0 | K18: =I18 -> 0 | M18: =J18+M17 -> 0 | N18: =K18+N17 -> 18 | P18: =(R17+K18)/H18 -> 0.26377053 | Q18: =IF(P18>Q$1,Q$1,P18) -> 0.26377053 | R18: =Q18*H18 -> 202.312 | S18: =R18-R17 -> 0 | T18: =ROUND(K18-S18,1) -> 0
A19: =Data!A19 -> 45671 | B19: 14 | C19: =ROUND(Data!BB19,2) -> 2.45 | D19: =ROUND(Data!P19,1) -> 1.2 | E19: =ROUND(Data!Y19,1) -> -11.7 | F19: =Data!BH19 -> 74.3 | G19: =Data!N19 -> 0 | H19: =Data!AY19 -> 754 | I19: =IF(H19>H18,ROUND((H19-H18)*I$1,1),0) -> 0 | K19: =I19 -> 0 | M19: =J19+M18 -> 0 | N19: =K19+N18 -> 18 | P19: =(R18+K19)/H19 -> 0.2683183 | Q19: =IF(P19>Q$1,Q$1,P19) -> 0.2683183 | R19: =Q19*H19 -> 202.312 | S19: =R19-R18 -> 0 | T19: =ROUND(K19-S19,1) -> 0
... A131: =Data!A131 -> 45783 | B131: 126 | C131: =ROUND(Data!BB131,2) -> 0 | D131: =ROUND(Data!P131,1) -> 0 | E131: =ROUND(Data!Y131,1) -> 0 | F131: =Data!BH131 -> 0 | G131: =Data!N131 -> 0 | H131: =Data!AY131 -> 0 | I131: =IF(H131>H130,ROUND((H131-H130)*I$1,1),0) -> 0 | K131: =I131 -> 0 | M131: =J131+M130 -> 0 | N131: =K131+N130 -> 103.2 | P131: =(R130+K131)/H131 -> #DIV/0! | Q131: =IF(P131>Q$1,Q$1,P131) -> #DIV/0! | R131: =Q131*H131 -> #DIV/0! | S131: =R131-R130 -> #DIV/0! | T131: =ROUND(K131-S131,1) -> #DIV/0!
A132: =Data!A132 -> 45784 | B132: 127 | C132: =ROUND(Data!BB132,2) -> 0 | D132: =ROUND(Data!P132,1) -> 0 | E132: =ROUND(Data!Y132,1) -> 0 | F132: =Data!BH132 -> 0 | G132: =Data!N132 -> 0 | H132: =Data!AY132 -> 0 | I132: =IF(H132>H131,ROUND((H132-H131)*I$1,1),0) -> 0 | K132: =G132 -> 0 | M132: =J132+M131 -> 0 | N132: =K132+N131 -> 103.2 | P132: =(R131+K132)/H132 -> #DIV/0! | Q132: =IF(P132>Q$1,Q$1,P132) -> #DIV/0! | R132: =Q132*H132 -> #DIV/0! | S132: =R132-R131 -> #DIV/0! | T132: =ROUND(K132-S132,1) -> #DIV/0!
A133: =Data!A133 -> 45785 | B133: 128 | C133: =ROUND(Data!BB133,2) -> 0 | D133: =ROUND(Data!P133,1) -> 0 | E133: =ROUND(Data!Y133,1) -> 0 | F133: =Data!BH133 -> 0 | G133: =Data!N133 -> 0 | H133: =Data!AY133 -> 0 | I133: =IF(H133>H132,ROUND((H133-H132)*I$1,1),0) -> 0 | K133: =G133 -> 0 | M133: =J133+M132 -> 0 | N133: =K133+N132 -> 103.2 | P133: =(R132+K133)/H133 -> #DIV/0! | Q133: =IF(P133>Q$1,Q$1,P133) -> #DIV/0! | R133: =Q133*H133 -> #DIV/0! | S133: =R133-R132 -> #DIV/0! | T133: =ROUND(K133-S133,1) -> #DIV/0!
A134: =Data!A134 -> 45786 | B134: 129 | C134: =ROUND(Data!BB134,2) -> 0 | D134: =ROUND(Data!P134,1) -> 0 | E134: =ROUND(Data!Y134,1) -> 0 | F134: =Data!BH134 -> 0 | G134: =Data!N134 -> 0 | H134: =Data!AY134 -> 0 | I134: =IF(H134>H133,ROUND((H134-H133)*I$1,1),0) -> 0 | K134: =G134 -> 0 | M134: =J134+M133 -> 0 | N134: =K134+N133 -> 103.2 | P134: =(R133+K134)/H134 -> #DIV/0! | Q134: =IF(P134>Q$1,Q$1,P134) -> #DIV/0! | R134: =Q134*H134 -> #DIV/0! | S134: =R134-R133 -> #DIV/0! | T134: =ROUND(K134-S134,1) -> #DIV/0!
A135: =Data!A135 -> 45787 | B135: 130 | C135: =ROUND(Data!BB135,2) -> 0 | D135: =ROUND(Data!P135,1) -> 0 | E135: =ROUND(Data!Y135,1) -> 0 | F135: =Data!BH135 -> 0 | G135: =Data!N135 -> 0 | H135: =Data!AY135 -> 0 | I135: =IF(H135>H134,ROUND((H135-H134)*I$1,1),0) -> 0 | K135: =G135 -> 0 | M135: =J135+M134 -> 0 | N135: =K135+N134 -> 103.2 | P135: =(R134+K135)/H135 -> #DIV/0! | Q135: =IF(P135>Q$1,Q$1,P135) -> #DIV/0! | R135: =Q135*H135 -> #DIV/0! | S135: =R135-R134 -> #DIV/0! | T135: =ROUND(K135-S135,1) -> #DIV/0!
A136: =Data!A136 -> 45788 | B136: 131 | C136: =ROUND(Data!BB136,2) -> 0 | D136: =ROUND(Data!P136,1) -> 0 | E136: =ROUND(Data!Y136,1) -> 0 | F136: =Data!BH136 -> 0 | G136: =Data!N136 -> 0 | H136: =Data!AY136 -> 0 | I136: =IF(H136>H135,ROUND((H136-H135)*I$1,1),0) -> 0 | K136: =G136 -> 0 | M136: =J136+M135 -> 0 | N136: =K136+N135 -> 103.2 | P136: =(R135+K136)/H136 -> #DIV/0! | Q136: =IF(P136>Q$1,Q$1,P136) -> #DIV/0! | R136: =Q136*H136 -> #DIV/0! | S136: =R136-R135 -> #DIV/0! | T136: =ROUND(K136-S136,1) -> #DIV/0!
A137: =Data!A137 -> 45789 | B137: 132 | C137: =ROUND(Data!BB137,2) -> 0 | D137: =ROUND(Data!P137,1) -> 0 | E137: =ROUND(Data!Y137,1) -> 0 | F137: =Data!BH137 -> 0 | G137: =Data!N137 -> 0 | H137: =Data!AY137 -> 0 | I137: =IF(H137>H136,ROUND((H137-H136)*I$1,1),0) -> 0 | K137: =G137 -> 0 | M137: =J137+M136 -> 0 | N137: =K137+N136 -> 103.2 | P137: =(R136+K137)/H137 -> #DIV/0! | Q137: =IF(P137>Q$1,Q$1,P137) -> #DIV/0! | R137: =Q137*H137 -> #DIV/0! | S137: =R137-R136 -> #DIV/0! | T137: =ROUND(K137-S137,1) -> #DIV/0!
A138: =Data!A138 -> 45790 | B138: 133 | C138: =ROUND(Data!BB138,2) -> 0 | D138: =ROUND(Data!P138,1) -> 0 | E138: =ROUND(Data!Y138,1) -> 0 | F138: =Data!BH138 -> 0 | G138: =Data!N138 -> 0 | H138: =Data!AY138 -> 0 | I138: =IF(H138>H137,ROUND((H138-H137)*I$1,1),0) -> 0 | K138: =G138 -> 0 | M138: =J138+M137 -> 0 | N138: =K138+N137 -> 103.2 | P138: =(R137+K138)/H138 -> #DIV/0! | Q138: =IF(P138>Q$1,Q$1,P138) -> #DIV/0! | R138: =Q138*H138 -> #DIV/0! | S138: =R138-R137 -> #DIV/0! | T138: =ROUND(K138-S138,1) -> #DIV/0!
A139: =Data!A139 -> 45791 | B139: 134 | C139: =ROUND(Data!BB139,2) -> 0 | D139: =ROUND(Data!P139,1) -> 0 | E139: =ROUND(Data!Y139,1) -> 0 | F139: =Data!BH139 -> 0 | G139: =Data!N139 -> 0 | H139: =Data!AY139 -> 0 | I139: =IF(H139>H138,ROUND((H139-H138)*I$1,1),0) -> 0 | K139: =G139 -> 0 | M139: =J139+M138 -> 0 | N139: =K139+N138 -> 103.2 | P139: =(R138+K139)/H139 -> #DIV/0! | Q139: =IF(P139>Q$1,Q$1,P139) -> #DIV/0! | R139: =Q139*H139 -> #DIV/0! | S139: =R139-R138 -> #DIV/0! | T139: =ROUND(K139-S139,1) -> #DIV/0!
A140: =Data!A140 -> 45792 | B140: 135 | C140: =ROUND(Data!BB140,2) -> 0 | D140: =ROUND(Data!P140,1) -> 0 | E140: =ROUND(Data!Y140,1) -> 0 | F140: =Data!BH140 -> 0 | G140: =Data!N140 -> 0 | H140: =Data!AY140 -> 0 | I140: =IF(H140>H139,ROUND((H140-H139)*I$1,1),0) -> 0 | K140: =G140 -> 0 | M140: =J140+M139 -> 0 | N140: =K140+N139 -> 103.2 | P140: =(R139+K140)/H140 -> #DIV/0! | Q140: =IF(P140>Q$1,Q$1,P140) -> #DIV/0! | R140: =Q140*H140 -> #DIV/0! | S140: =R140-R139 -> #DIV/0! | T140: =ROUND(K140-S140,1) -> #DIV/0!
A141: =Data!A141 -> 45793 | B141: 136 | C141: =ROUND(Data!BB141,2) -> 0 | D141: =ROUND(Data!P141,1) -> 0 | E141: =ROUND(Data!Y141,1) -> 0 | F141: =Data!BH141 -> 0 | G141: =Data!N141 -> 0 | H141: =Data!AY141 -> 0 | I141: =IF(H141>H140,ROUND((H141-H140)*I$1,1),0) -> 0 | K141: =G141 -> 0 | M141: =J141+M140 -> 0 | N141: =K141+N140 -> 103.2 | P141: 1 | Q141: =IF(P141>Q$1,Q$1,P141) -> 0.4 | R141: =Q141*H141 -> 0 | S141: =R141-R140 -> #DIV/0! | T141: =ROUND(K141-S141,1) -> #DIV/0!
A142: =Data!A142 -> 45794 | B142: 137 | C142: =ROUND(Data!BB142,2) -> 0 | D142: =ROUND(Data!P142,1) -> 0 | E142: =ROUND(Data!Y142,1) -> 0 | F142: =Data!BH142 -> 0 | G142: =Data!N142 -> 0 | H142: =Data!AY142 -> 0 | I142: =IF(H142>H141,ROUND((H142-H141)*I$1,1),0) -> 0 | K142: =G142 -> 0 | M142: =J142+M141 -> 0 | N142: =K142+N141 -> 103.2
A143: =Data!A143 -> 45795 | B143: 138 | C143: =ROUND(Data!BB143,2) -> 0 | D143: =ROUND(Data!P143,1) -> 0 | E143: =ROUND(Data!Y143,1) -> 0 | F143: =Data!BH143 -> 0 | G143: =Data!N143 -> 0 | H143: =Data!AY143 -> 0 | I143: =IF(H143>H142,ROUND((H143-H142)*I$1,1),0) -> 0 | K143: =G143 -> 0 | M143: =J143+M142 -> 0 | N143: =K143+N142 -> 103.2
A144: =Data!A144 -> 45796 | B144: 139 | C144: =ROUND(Data!BB144,2) -> 0 | D144: =ROUND(Data!P144,1) -> 0 | E144: =ROUND(Data!Y144,1) -> 0 | F144: =Data!BH144 -> 0 | G144: =Data!N144 -> 0 | H144: =Data!AY144 -> 0 | I144: =IF(H144>H143,ROUND((H144-H143)*I$1,1),0) -> 0 | K144: =G144 -> 0 | M144: =J144+M143 -> 0 | N144: =K144+N143 -> 103.2
A145: =Data!A145 -> 45797 | B145: 140 | C145: =ROUND(Data!BB145,2) -> 0 | D145: =ROUND(Data!P145,1) -> 0 | E145: =ROUND(Data!Y145,1) -> 0 | F145: =Data!BH145 -> 0 | G145: =Data!N145 -> 0 | H145: =Data!AY145 -> 0 | I145: =IF(H145>H144,ROUND((H145-H144)*I$1,1),0) -> 0 | K145: =G145 -> 0 | M145: =J145+M144 -> 0 | N145: =K145+N144 -> 103.2
A146: =Data!A146 -> 45798 | B146: 141 | C146: =ROUND(Data!BB146,2) -> 0 | D146: =ROUND(Data!P146,1) -> 0 | E146: =ROUND(Data!Y146,1) -> 0 | F146: =Data!BH146 -> 0 | G146: =Data!N146 -> 0 | H146: =Data!AY146 -> 0 | I146: =IF(H146>H145,ROUND((H146-H145)*I$1,1),0) -> 0 | K146: =G146 -> 0 | M146: =J146+M145 -> 0 | N146: =K146+N145 -> 103.2
A147: =Data!A147 -> 45799 | B147: 142 | C147: =ROUND(Data!BB147,2) -> 0 | D147: =ROUND(Data!P147,1) -> 0 | E147: =ROUND(Data!Y147,1) -> 0 | F147: =Data!BH147 -> 0 | G147: =Data!N147 -> 0 | H147: =Data!AY147 -> 0 | I147: =IF(H147>H146,ROUND((H147-H146)*I$1,1),0) -> 0 | K147: =G147 -> 0 | M147: =J147+M146 -> 0 | N147: =K147+N146 -> 103.2
A148: =Data!A148 -> 45800 | B148: 143 | C148: =ROUND(Data!BB148,2) -> 0 | D148: =ROUND(Data!P148,1) -> 0 | E148: =ROUND(Data!Y148,1) -> 0 | F148: =Data!BH148 -> 0 | G148: =Data!N148 -> 0 | H148: =Data!AY148 -> 0 | I148: =IF(H148>H147,ROUND((H148-H147)*I$1,1),0) -> 0 | K148: =G148 -> 0 | M148: =J148+M147 -> 0 | N148: =K148+N147 -> 103.2
A149: =Data!A149 -> 45801 | B149: 144 | C149: =ROUND(Data!BB149,2) -> 0 | D149: =ROUND(Data!P149,1) -> 0 | E149: =ROUND(Data!Y149,1) -> 0 | F149: =Data!BH149 -> 0 | G149: =Data!N149 -> 0 | H149: =Data!AY149 -> 0 | I149: =IF(H149>H148,ROUND((H149-H148)*I$1,1),0) -> 0 | K149: =G149 -> 0 | M149: =J149+M148 -> 0 | N149: =K149+N148 -> 103.2
A150: =Data!A150 -> 45802 | B150: 145 | C150: =ROUND(Data!BB150,2) -> 0 | D150: =ROUND(Data!P150,1) -> 0 | E150: =ROUND(Data!Y150,1) -> 0 | F150: =Data!BH150 -> 0 | G150: =Data!N150 -> 0 | H150: =Data!AY150 -> 0 | I150: =IF(H150>H149,ROUND((H150-H149)*I$1,1),0) -> 0 | K150: =G150 -> 0 | M150: =J150+M149 -> 0 | N150: =K150+N149 -> 103.2
A151: =Data!A151 -> 45803 | B151: 146 | C151: =ROUND(Data!BB151,2) -> 0 | D151: =ROUND(Data!P151,1) -> 0 | E151: =ROUND(Data!Y151,1) -> 0 | F151: =Data!BH151 -> 0 | G151: =Data!N151 -> 0 | H151: =Data!AY151 -> 0 | I151: =IF(H151>H150,ROUND((H151-H150)*I$1,1),0) -> 0 | K151: =G151 -> 0 | M151: =J151+M150 -> 0 | N151: =K151+N150 -> 103.2
A152: =Data!A152 -> 45804 | B152: 147 | C152: =ROUND(Data!BB152,2) -> 0 | D152: =ROUND(Data!P152,1) -> 0 | E152: =ROUND(Data!Y152,1) -> 0 | F152: =Data!BH152 -> 0 | G152: =Data!N152 -> 0 | H152: =Data!AY152 -> 0 | I152: =IF(H152>H151,ROUND((H152-H151)*I$1,1),0) -> 0 | K152: =G152 -> 0 | M152: =J152+M151 -> 0 | N152: =K152+N151 -> 103.2
A153: =Data!A153 -> 45805 | B153: 148 | C153: =ROUND(Data!BB153,2) -> 0 | D153: =ROUND(Data!P153,1) -> 0 | E153: =ROUND(Data!Y153,1) -> 0 | F153: =Data!BH153 -> 0 | G153: =Data!N153 -> 0 | H153: =Data!AY153 -> 0 | I153: =IF(H153>H152,ROUND((H153-H152)*I$1,1),0) -> 0 | K153: =G153 -> 0 | M153: =J153+M152 -> 0 | N153: =K153+N152 -> 103.2
... A304: =Data!A304 -> 45956 | B304: 299 | C304: =ROUND(Data!BB304,2) -> 0 | D304: =ROUND(Data!P304,1) -> 0 | E304: =ROUND(Data!Y304,1) -> 0 | F304: =Data!BH304 -> 0 | G304: =Data!N304 -> 0 | H304: =Data!AY304 -> 0 | I304: =IF(H304>H303,ROUND((H304-H303)*I$1,1),0) -> 0 | K304: =G304 -> 0 | M304: =J304+M303 -> 0 | N304: =K304+N303 -> 103.2
A305: =Data!A305 -> 45957 | B305: 300 | C305: =ROUND(Data!BB305,2) -> 0 | D305: =ROUND(Data!P305,1) -> 0 | E305: =ROUND(Data!Y305,1) -> 0 | F305: =Data!BH305 -> 0 | G305: =Data!N305 -> 0 | H305: =Data!AY305 -> 0 | I305: =IF(H305>H304,ROUND((H305-H304)*I$1,1),0) -> 0 | K305: =G305 -> 0 | M305: =J305+M304 -> 0 | N305: =K305+N304 -> 103.2 | P305: 0 | Q305: =IF(P305>Q$1,Q$1,P305) -> 0 | R305: =Q305*H305 -> 0 | S305: =R305-R304 -> 0 | T305: =ROUND(K305-S305,1) -> 0
A306: =Data!A306 -> 45958 | B306: 301 | C306: =ROUND(Data!BB306,2) -> 0 | D306: =ROUND(Data!P306,1) -> 0 | E306: =ROUND(Data!Y306,1) -> 0 | F306: =Data!BH306 -> 0 | G306: =Data!N306 -> 0 | H306: =Data!AY306 -> 0 | I306: =IF(H306>H305,ROUND((H306-H305)*I$1,1),0) -> 0 | K306: =I306 -> 0 | M306: =J306+M305 -> 0 | N306: =K306+N305 -> 103.2 | P306: =(R305+K306)/H306 -> #DIV/0! | Q306: =IF(P306>Q$1,Q$1,P306) -> #DIV/0! | R306: =Q306*H306 -> #DIV/0! | S306: =R306-R305 -> #DIV/0! | T306: =ROUND(K306-S306,1) -> #DIV/0!
A307: =Data!A307 -> 45959 | B307: 302 | C307: =ROUND(Data!BB307,2) -> 0 | D307: =ROUND(Data!P307,1) -> 0 | E307: =ROUND(Data!Y307,1) -> 0 | F307: =Data!BH307 -> 0 | G307: =Data!N307 -> 0 | H307: =Data!AY307 -> 0 | I307: =IF(H307>H306,ROUND((H307-H306)*I$1,1),0) -> 0 | K307: =I307 -> 0 | M307: =J307+M306 -> 0 | N307: =K307+N306 -> 103.2 | P307: =(R306+K307)/H307 -> #DIV/0! | Q307: =IF(P307>Q$1,Q$1,P307) -> #DIV/0! | R307: =Q307*H307 -> #DIV/0! | S307: =R307-R306 -> #DIV/0! | T307: =ROUND(K307-S307,1) -> #DIV/0!
A308: =Data!A308 -> 45960 | B308: 303 | C308: =ROUND(Data!BB308,2) -> 0 | D308: =ROUND(Data!P308,1) -> 0 | E308: =ROUND(Data!Y308,1) -> 0 | F308: =Data!BH308 -> 0 | G308: =Data!N308 -> 0 | H308: =Data!AY308 -> 0 | I308: =IF(H308>H307,ROUND((H308-H307)*I$1,1),0) -> 0 | K308: =I308 -> 0 | M308: =J308+M307 -> 0 | N308: =K308+N307 -> 103.2 | P308: =(R307+K308)/H308 -> #DIV/0! | Q308: =IF(P308>Q$1,Q$1,P308) -> #DIV/0! | R308: =Q308*H308 -> #DIV/0! | S308: =R308-R307 -> #DIV/0! | T308: =ROUND(K308-S308,1) -> #DIV/0!
A309: =Data!A309 -> 45961 | B309: 304 | C309: =ROUND(Data!BB309,2) -> 0 | D309: =ROUND(Data!P309,1) -> 0 | E309: =ROUND(Data!Y309,1) -> 0 | F309: =Data!BH309 -> 0 | G309: =Data!N309 -> 0 | H309: =Data!AY309 -> 0 | I309: =IF(H309>H308,ROUND((H309-H308)*I$1,1),0) -> 0 | K309: =I309 -> 0 | M309: =J309+M308 -> 0 | N309: =K309+N308 -> 103.2 | P309: =(R308+K309)/H309 -> #DIV/0! | Q309: =IF(P309>Q$1,Q$1,P309) -> #DIV/0! | R309: =Q309*H309 -> #DIV/0! | S309: =R309-R308 -> #DIV/0! | T309: =ROUND(K309-S309,1) -> #DIV/0!
A310: =Data!A310 -> 45962 | B310: 305 | C310: =ROUND(Data!BB310,2) -> 0 | D310: =ROUND(Data!P310,1) -> 0 | E310: =ROUND(Data!Y310,1) -> 0 | F310: =Data!BH310 -> 0 | G310: =Data!N310 -> 0 | H310: =Data!AY310 -> 0 | I310: =IF(H310>H309,ROUND((H310-H309)*I$1,1),0) -> 0 | K310: =I310 -> 0 | M310: =J310+M309 -> 0 | N310: =K310+N309 -> 103.2 | P310: =(R309+K310)/H310 -> #DIV/0! | Q310: =IF(P310>Q$1,Q$1,P310) -> #DIV/0! | R310: =Q310*H310 -> #DIV/0! | S310: =R310-R309 -> #DIV/0! | T310: =ROUND(K310-S310,1) -> #DIV/0!
A311: =Data!A311 -> 45963 | B311: 306 | C311: =ROUND(Data!BB311,2) -> 0 | D311: =ROUND(Data!P311,1) -> 0 | E311: =ROUND(Data!Y311,1) -> 0 | F311: =Data!BH311 -> 0 | G311: =Data!N311 -> 0 | H311: =Data!AY311 -> 0 | I311: =IF(H311>H310,ROUND((H311-H310)*I$1,1),0) -> 0 | K311: =I311 -> 0 | M311: =J311+M310 -> 0 | N311: =K311+N310 -> 103.2 | P311: =(R310+K311)/H311 -> #DIV/0! | Q311: =IF(P311>Q$1,Q$1,P311) -> #DIV/0! | R311: =Q311*H311 -> #DIV/0! | S311: =R311-R310 -> #DIV/0! | T311: =ROUND(K311-S311,1) -> #DIV/0!
A312: =Data!A312 -> 45964 | B312: 307 | C312: =ROUND(Data!BB312,2) -> 0 | D312: =ROUND(Data!P312,1) -> 0 | E312: =ROUND(Data!Y312,1) -> 0 | F312: =Data!BH312 -> 0 | G312: =Data!N312 -> 0 | H312: =Data!AY312 -> 0 | I312: =IF(H312>H311,ROUND((H312-H311)*I$1,1),0) -> 0 | K312: =I312 -> 0 | M312: =J312+M311 -> 0 | N312: =K312+N311 -> 103.2 | P312: =(R311+K312)/H312 -> #DIV/0! | Q312: =IF(P312>Q$1,Q$1,P312) -> #DIV/0! | R312: =Q312*H312 -> #DIV/0! | S312: =R312-R311 -> #DIV/0! | T312: =ROUND(K312-S312,1) -> #DIV/0!
A313: =Data!A313 -> 45965 | B313: 308 | C313: =ROUND(Data!BB313,2) -> 0 | D313: =ROUND(Data!P313,1) -> 0 | E313: =ROUND(Data!Y313,1) -> 0 | F313: =Data!BH313 -> 0 | G313: =Data!N313 -> 0 | H313: =Data!AY313 -> 0 | I313: =IF(H313>H312,ROUND((H313-H312)*I$1,1),0) -> 0 | K313: =I313 -> 0 | M313: =J313+M312 -> 0 | N313: =K313+N312 -> 103.2 | P313: =(R312+K313)/H313 -> #DIV/0! | Q313: =IF(P313>Q$1,Q$1,P313) -> #DIV/0! | R313: =Q313*H313 -> #DIV/0! | S313: =R313-R312 -> #DIV/0! | T313: =ROUND(K313-S313,1) -> #DIV/0!
A314: =Data!A314 -> 45966 | B314: 309 | C314: =ROUND(Data!BB314,2) -> 0 | D314: =ROUND(Data!P314,1) -> 0 | E314: =ROUND(Data!Y314,1) -> 0 | F314: =Data!BH314 -> 0 | G314: =Data!N314 -> 0 | H314: =Data!AY314 -> 0 | I314: =IF(H314>H313,ROUND((H314-H313)*I$1,1),0) -> 0 | K314: =I314 -> 0 | M314: =J314+M313 -> 0 | N314: =K314+N313 -> 103.2 | P314: =(R313+K314)/H314 -> #DIV/0! | Q314: =IF(P314>Q$1,Q$1,P314) -> #DIV/0! | R314: =Q314*H314 -> #DIV/0! | S314: =R314-R313 -> #DIV/0! | T314: =ROUND(K314-S314,1) -> #DIV/0!
A315: =Data!A315 -> 45967 | B315: 310 | C315: =ROUND(Data!BB315,2) -> 0 | D315: =ROUND(Data!P315,1) -> 0 | E315: =ROUND(Data!Y315,1) -> 0 | F315: =Data!BH315 -> 0 | G315: =Data!N315 -> 0 | H315: =Data!AY315 -> 0 | I315: =IF(H315>H314,ROUND((H315-H314)*I$1,1),0) -> 0 | K315: =I315 -> 0 | M315: =J315+M314 -> 0 | N315: =K315+N314 -> 103.2 | P315: =(R314+K315)/H315 -> #DIV/0! | Q315: =IF(P315>Q$1,Q$1,P315) -> #DIV/0! | R315: =Q315*H315 -> #DIV/0! | S315: =R315-R314 -> #DIV/0! | T315: =ROUND(K315-S315,1) -> #DIV/0!
A316: =Data!A316 -> 45968 | B316: 311 | C316: =ROUND(Data!BB316,2) -> 0 | D316: =ROUND(Data!P316,1) -> 0 | E316: =ROUND(Data!Y316,1) -> 0 | F316: =Data!BH316 -> 0 | G316: =Data!N316 -> 0 | H316: =Data!AY316 -> 0 | I316: =IF(H316>H315,ROUND((H316-H315)*I$1,1),0) -> 0 | K316: =I316 -> 0 | M316: =J316+M315 -> 0 | N316: =K316+N315 -> 103.2 | P316: =(R315+K316)/H316 -> #DIV/0! | Q316: =IF(P316>Q$1,Q$1,P316) -> #DIV/0! | R316: =Q316*H316 -> #DIV/0! | S316: =R316-R315 -> #DIV/0! | T316: =ROUND(K316-S316,1) -> #DIV/0!
A317: =Data!A317 -> 45969 | B317: 312 | C317: =ROUND(Data!BB317,2) -> 0 | D317: =ROUND(Data!P317,1) -> 0 | E317: =ROUND(Data!Y317,1) -> 0 | F317: =Data!BH317 -> 0 | G317: =Data!N317 -> 0 | H317: =Data!AY317 -> 0 | I317: =IF(H317>H316,ROUND((H317-H316)*I$1,1),0) -> 0 | K317: =I317 -> 0 | M317: =J317+M316 -> 0 | N317: =K317+N316 -> 103.2 | P317: =(R316+K317)/H317 -> #DIV/0! | Q317: =IF(P317>Q$1,Q$1,P317) -> #DIV/0! | R317: =Q317*H317 -> #DIV/0! | S317: =R317-R316 -> #DIV/0! | T317: =ROUND(K317-S317,1) -> #DIV/0!
... A370: =Data!A370 -> 46022 | B370: 365 | C370: =ROUND(Data!BB370,2) -> 0 | D370: =ROUND(Data!P370,1) -> 0 | E370: =ROUND(Data!Y370,1) -> 0 | F370: =Data!BH370 -> 0 | G370: =Data!N370 -> 0 | H370: =Data!AY370 -> 0 | I370: =IF(H370>H369,ROUND((H370-H369)*I$1,1),0) -> 0 | K370: =I370 -> 0 | M370: =J370+M369 -> 0 | N370: =K370+N369 -> 103.2 | P370: =(R369+K370)/H370 -> #DIV/0! | Q370: =IF(P370>Q$1,Q$1,P370) -> #DIV/0! | R370: =Q370*H370 -> #DIV/0! | S370: =R370-R369 -> #DIV/0! | T370: =ROUND(K370-S370,1) -> #DIV/0!
A373: Monthly Totals
A374: January | K374: =ROUND(SUM(K6:K36),1) -> 66.3
A375: February | K375: =ROUND(SUM(K37:K64),1) -> 36.9
A376: March | K376: =ROUND(SUM(K65:K95),1) -> 0
A377: April | K377: =ROUND(SUM(K96:K125),1) -> 0
A378: May | K378: =ROUND(SUM(K126:K156),1) -> 0
A379: June | K379: =ROUND(SUM(K157:K186),1) -> 0
A380: July | K380: =ROUND(SUM(K187:K217),1) -> 0
A381: August | K381: =ROUND(SUM(K218:K248),1) -> 0
A382: September | K382: =ROUND(SUM(K249:K278),1) -> 0
A383: October | K383: =ROUND(SUM(K279:K309),1) -> 0
A384: November | K384: =ROUND(SUM(K310:K339),1) -> 0
A385: December | K385: =ROUND(SUM(K340:K370),1) -> 0
K387: =SUM(K374:K385) -> 103.2

Sheet Data
A1: Sicamous base station 2025 | G1: Empty cell indicates no data | O1: From hourly | AY1: 3.24
A2: Last edit 19/04/25 | C2: Total | D2: Total | E2: Avg. | F2: Avg. | G2: Avg. | H2: Avg. | I2: Avg. | J2: Avg. | K2: Avg. | L2: Avg. | M2: Avg. | N2: Total | O2: Dist | P2: Max. | Q2: Max. | R2: Max. | S2: Max. | T2: Max. | U2: Max. | V2: Max. | W2: Max. | X2: Max. | Y2: Min. | Z2: Min. | AA2: Min. | AB2: Min. | AC2: Min. | AD2: Min. | AE2: Min. | AF2: Min. | AG2: Wind Rose: # Scans | BB2: Corrected from hourly | BF2: 0 | BG2: 0 | BH2: 0 | BI2: vpres | BM2: Wind Rose: | BV2: Summary | CV2: Midnight
C3: Solar | D3: Reflect | E3: Ta 6m | F3: RH | G3: Ta 3m | H3: Ta 1.5m | I3: Ta 0.25m | J3: Tsoil_Duff | K3: Tsoil_0.15 | L3: Tsoil_0.5 | M3: Wind | N3: Rain | P3: Ta 6m | Q3: RH | R3: Ta 3m | S3: Ta 1.5m | T3: Ta 0.25m | U3: Tsoil_Duff | V3: Tsoil_0.15 | W3: Tsoil_0.5 | X3: Wind | Y3: Ta 6m | Z3: RH | AA3: Ta 3m | AB3: Ta 1.5m | AC3: Ta 0.25m | AD3: Tsoil_Duff | AE3: Tsoil_0.15 | AF3: Tsoil_0.5 | AO3: Distance | AP3: SR50A | AQ3: Tlogger | AR3: Tlogger | AS3: Tpanel | AT3: Tlogger | AU3: Tpanel | AV3: BATT. | AW3: ID | AX3: Comments | AY3: Snow Depth | BA3: Solarmax | BB3: Solar | BC3: Reflect | BD3: Albedo | BG3: Adjusted | BI3: TXRHn | BJ3: vpdX | BV3: Solar | BW3: Relected | BX3: Ta6Ave | BY3: Ta3Ave | BZ3: Ta15Ave | CA3: Ta025Ave | CB3: TdufAve | CC3: Ts015Ave | CD3: Ts05Ave | CE3: RH6Ave | CF3: Ta6Max | CG3: Ta3Max | CH3: Ta15Max | CI3: Ta025Max | CJ3: TdufMax | CK3: Ts015Max | CL3: Ts05Max | CM3: RH6Max | CN3: Ta6Min | CO3: Ta3Min | CP3: Ta15Min | CQ3: Ta025Min | CR3: TdufMin | CS3: Ts015Min | CT3: Ts05Min | CU3: RH6Min | CV3: SnowD | CW3: Precipitation | CX3: Wind | CY3: WindX | CZ3: Vapres | DA3: vpdX | DB3: BatV
A4: Date | B4: DoY | C4: MJ/m2/d | D4: MJ/m2/d | E4: C | F4: % | G4: C | H4: C | I4: C | J4: C | K4: C | L4: C | M4: m/s | N4: mm | O4: m | P4: C | Q4: % | R4: C | S4: C | T4: C | U4: C | V4: C | W4: C | X4: m/s | Y4: C | Z4: % | AA4: C | AB4: C | AC4: C | AD4: C | AE4: C | AF4: C | AG4: N--NE | AH4: NE--E | AI4: E--SE | AJ4: SE--S | AK4: S--SW | AL4: SW--W | AM4: W--NW | AN4: NW--N | AO4: Cts | AP4: Quality | AQ4: Avg | AR4: Max | AS4: Max | AT4: Min | AU4: Min | AV4: (V) | AY4: mm | BA4: MJ/m2/d | BB4: MJ/m2/d | BC4: MJ/m2/d | BF4: RHMax | BG4: RHAvg | BH4: RHMin | BI4: kPa | BJ4: kPa | BL4: Scans | BM4: N--NE | BN4: NE--E | BO4: E--SE | BP4: SE--S | BQ4: S--SW | BR4: SW--W | BS4: W--NW | BT4: NW--N | BV4: MJ/m2/d | BW4: MJ/m2/d | BX4: C | BY4: C | BZ4: C | CA4: C | CB4: C | CC4: C | CD4: C | CE4: % | CF4: C | CG4: C | CH4: C | CI4: C | CJ4: C | CK4: C | CL4: C | CM4: % | CN4: C | CO4: C | CP4: C | CQ4: C | CR4: C | CS4: C | CT4: C | CU4: % | CV4: mm | CW4: mm/d | CX4: m/s | CY4: m/s | CZ4: kPa | DA4: kPa | DB4: V
A6: 45658 | B6: 1 | C6: 0.365 | D6: 1.351 | E6: -8.03 | F6: 90.9 | G6: -7.74 | I6: 0.859 | J6: 0.639 | K6: 1.248 | L6: 1.816 | M6: 0 | N6: 0 | O6: 2.468 | P6: -6.033 | Q6: 94.2 | R6: -5.344 | T6: 0.94 | U6: 0.717 | V6: 1.332 | W6: 1.906 | X6: 0 | Y6: -9.29 | Z6: 85.3 | AA6: -9.1 | AC6: 0.763 | AD6: 0.563 | AE6: 1.161 | AF6: 1.736 | AG6: 324 | AH6: 660 | AI6: 437 | AJ6: 54 | AK6: 281 | AL6: 527 | AM6: 386 | AN6: 128 | AO6: 2.511 | AP6: 205 | AQ6: -3.712 | AR6: -3.385 | AS6: -3.945 | AT6: 0.005 | AU6: -0.003 | AV6: 12.86 | AW6: 2876 | AY6: =(AY$1-O6)*1000 -> 772 | BA6: 4.59 | BB6: 1.35 | BC6: 1.24 | BD6: =BC6/BB6 -> 0.91851852 | BF6: =ROUND(Q6-BF$2,1) -> 94.2 | BG6: =ROUND(F6-BG$2,1) -> 90.9 | BH6: =ROUND(Z6-BH$2,1) -> 85.3 | BI6: =ROUND((0.6105*(EXP((17.273*P6)/(P6+237.3))))*BH6/100,3) -> 0.332 | BJ6: =ROUND(BI6/BH6*(100-BH6),3) -> 0.057 | BL6: =SUM(AG6:AN6) -> 2797 | BM6: =ROUND(AG6/$BL6,3) -> 0.116 | BN6: =ROUND(AH6/$BL6,3) -> 0.236 | BO6: =ROUND(AI6/$BL6,3) -> 0.156 | BP6: =ROUND(AJ6/$BL6,3) -> 0.019 | BQ6: =ROUND(AK6/$BL6,3) -> 0.1 | BR6: =ROUND(AL6/$BL6,3) -> 0.188 | BS6: =ROUND(AM6/$BL6,3) -> 0.138 | BT6: =ROUND(AN6/$BL6,3) -> 0.046 | BV6: =BB6 -> 1.35 | BW6: =BC6 -> 1.24 | BX6: =ROUND(E6,1) -> -8 | BY6: =ROUND(G6,1) -> -7.7 | BZ6: NA | CA6: =ROUND(I6,1) -> 0.9 | CB6: =ROUND(J6,1) -> 0.6 | CC6: =ROUND(K6,1) -> 1.2 | CD6: =ROUND(L6,1) -> 1.8 | CE6: =ROUND(BG6,1) -> 90.9 | CF6: =ROUND(P6,1) -> -6 | CG6: =ROUND(R6,1) -> -5.3 | CH6: NA | CI6: =ROUND(T6,1) -> 0.9 | CJ6: =ROUND(U6,1) -> 0.7 | CK6: =ROUND(V6,1) -> 1.3 | CL6: =ROUND(W6,1) -> 1.9 | CM6: =ROUND(BF6,1) -> 94.2 | CN6: =ROUND(Y6,1) -> -9.3 | CO6: =ROUND(AA6,1) -> -9.1 | CP6: NA | CQ6: =ROUND(AC6,1) -> 0.8 | CR6: =ROUND(AD6,1) -> 0.6 | CS6: =ROUND(AE6,1) -> 1.2 | CT6: =ROUND(AF6,1) -> 1.7 | CU6: =ROUND(BH6,1) -> 85.3 | CV6: =AY6 -> 772 | CW6: =ROUND(PPTest!K6,1) -> 0 | CX6: =ROUND(M6,2) -> 0 | CY6: =ROUND(X6,2) -> 0 | CZ6: =BI6 -> 0.332 | DA6: =BJ6 -> 0.057 | DB6: =AV6 -> 12.86
A7: =A6+1 -> 45659 | B7: 2 | C7: 0.311 | D7: 1.168 | E7: -7.914 | F7: 90.6 | G7: -7.682 | I7: 0.85 | J7: 0.629 | K7: 1.234 | L7: 1.802 | M7: 0 | N7: 0 | O7: 2.448 | P7: -5.625 | Q7: 93.5 | R7: -5.119 | T7: 0.932 | U7: 0.714 | V7: 1.308 | W7: 1.894 | X7: 0 | Y7: -9.97 | Z7: 84.6 | AA7: -9.83 | AC7: 0.773 | AD7: 0.556 | AE7: 1.154 | AF7: 1.73 | AG7: 763 | AH7: 834 | AI7: 609 | AJ7: 132 | AK7: 175 | AL7: 144 | AM7: 68 | AN7: 99 | AO7: 2.48 | AP7: 272 | AQ7: -3.921 | AR7: -3.665 | AS7: -4.225 | AT7: 0.004 | AU7: -0.003 | AV7: 12.85 | AW7: 2876 | AY7: =(AY$1-O7)*1000 -> 792 | BA7: 4.63 | BB7: 1.17 | BC7: 1.07 | BD7: =BC7/BB7 -> 0.91452991 | BF7: =ROUND(Q7-BF$2,1) -> 93.5 | BG7: =ROUND(F7-BG$2,1) -> 90.6 | BH7: =ROUND(Z7-BH$2,1) -> 84.6 | BI7: =ROUND((0.6105*(EXP((17.273*P7)/(P7+237.3))))*BH7/100,3) -> 0.34 | BJ7: =ROUND(BI7/BH7*(100-BH7),3) -> 0.062 | BL7: =SUM(AG7:AN7) -> 2824 | BM7: =ROUND(AG7/$BL7,3) -> 0.27 | BN7: =ROUND(AH7/$BL7,3) -> 0.295 | BO7: =ROUND(AI7/$BL7,3) -> 0.216 | BP7: =ROUND(AJ7/$BL7,3) -> 0.047 | BQ7: =ROUND(AK7/$BL7,3) -> 0.062 | BR7: =ROUND(AL7/$BL7,3) -> 0.051 | BS7: =ROUND(AM7/$BL7,3) -> 0.024 | BT7: =ROUND(AN7/$BL7,3) -> 0.035 | BV7: =BB7 -> 1.17 | BW7: =BC7 -> 1.07 | BX7: =ROUND(E7,1) -> -7.9 | BY7: =ROUND(G7,1) -> -7.7 | BZ7: NA | CA7: =ROUND(I7,1) -> 0.9 | CB7: =ROUND(J7,1) -> 0.6 | CC7: =ROUND(K7,1) -> 1.2 | CD7: =ROUND(L7,1) -> 1.8 | CE7: =ROUND(BG7,1) -> 90.6 | CF7: =ROUND(P7,1) -> -5.6 | CG7: =ROUND(R7,1) -> -5.1 | CH7: NA | CI7: =ROUND(T7,1) -> 0.9 | CJ7: =ROUND(U7,1) -> 0.7 | CK7: =ROUND(V7,1) -> 1.3 | CL7: =ROUND(W7,1) -> 1.9 | CM7: =ROUND(BF7,1) -> 93.5 | CN7: =ROUND(Y7,1) -> -10 | CO7: =ROUND(AA7,1) -> -9.8 | CP7: NA | CQ7: =ROUND(AC7,1) -> 0.8 | CR7: =ROUND(AD7,1) -> 0.6 | CS7: =ROUND(AE7,1) -> 1.2 | CT7: =ROUND(AF7,1) -> 1.7 | CU7: =ROUND(BH7,1) -> 84.6 | CV7: =AY7 -> 792 | CW7: =ROUND(PPTest!K7,1) -> 2.6 | CX7: =ROUND(M7,2) -> 0 | CY7: =ROUND(X7,2) -> 0 | CZ7: =BI7 -> 0.34 | DA7: =BJ7 -> 0.062 | DB7: =AV7 -> 12.85
A8: =A7+1 -> 45660 | B8: 3 | C8: 0.522 | D8: 1.768 | E8: -6.298 | F8: 90.4 | G8: -6.215 | I8: 0.847 | J8: 0.624 | K8: 1.227 | L8: 1.796 | M8: 0 | N8: 0 | O8: 2.448 | P8: -3.247 | Q8: 94.4 | R8: -2.753 | T8: 0.932 | U8: 0.714 | V8: 1.312 | W8: 1.886 | X8: 0 | Y8: -10.72 | Z8: 79.62 | AA8: -11.64 | AC8: 0.775 | AD8: 0.545 | AE8: 1.154 | AF8: 1.721 | AG8: 1547 | AH8: 594 | AI8: 356 | AJ8: 175 | AK8: 29 | AL8: 21 | AM8: 29 | AN8: 106 | AO8: 2.473 | AP8: 325 | AQ8: -3.758 | AR8: -3.45 | AS8: -4.202 | AT8: 0.005 | AU8: -0.004 | AV8: 12.84 | AW8: 2876 | AY8: =(AY$1-O8)*1000 -> 792 | BA8: 4.67 | BB8: 1.77 | BC8: 1.62 | BD8: =BC8/BB8 -> 0.91525424 | BF8: =ROUND(Q8-BF$2,1) -> 94.4 | BG8: =ROUND(F8-BG$2,1) -> 90.4 | BH8: =ROUND(Z8-BH$2,1) -> 79.6 | BI8: =ROUND((0.6105*(EXP((17.273*P8)/(P8+237.3))))*BH8/100,3) -> 0.382 | BJ8: =ROUND(BI8/BH8*(100-BH8),3) -> 0.098 | BL8: =SUM(AG8:AN8) -> 2857 | BM8: =ROUND(AG8/$BL8,3) -> 0.541 | BN8: =ROUND(AH8/$BL8,3) -> 0.208 | BO8: =ROUND(AI8/$BL8,3) -> 0.125 | BP8: =ROUND(AJ8/$BL8,3) -> 0.061 | BQ8: =ROUND(AK8/$BL8,3) -> 0.01 | BR8: =ROUND(AL8/$BL8,3) -> 0.007 | BS8: =ROUND(AM8/$BL8,3) -> 0.01 | BT8: =ROUND(AN8/$BL8,3) -> 0.037 | BV8: =BB8 -> 1.77 | BW8: =BC8 -> 1.62 | BX8: =ROUND(E8,1) -> -6.3 | BY8: =ROUND(G8,1) -> -6.2 | BZ8: NA | CA8: =ROUND(I8,1) -> 0.8 | CB8: =ROUND(J8,1) -> 0.6 | CC8: =ROUND(K8,1) -> 1.2 | CD8: =ROUND(L8,1) -> 1.8 | CE8: =ROUND(BG8,1) -> 90.4 | CF8: =ROUND(P8,1) -> -3.2 | CG8: =ROUND(R8,1) -> -2.8 | CH8: NA | CI8: =ROUND(T8,1) -> 0.9 | CJ8: =ROUND(U8,1) -> 0.7 | CK8: =ROUND(V8,1) -> 1.3 | CL8: =ROUND(W8,1) -> 1.9 | CM8: =ROUND(BF8,1) -> 94.4 | CN8: =ROUND(Y8,1) -> -10.7 | CO8: =ROUND(AA8,1) -> -11.6 | CP8: NA | CQ8: =ROUND(AC8,1) -> 0.8 | CR8: =ROUND(AD8,1) -> 0.5 | CS8: =ROUND(AE8,1) -> 1.2 | CT8: =ROUND(AF8,1) -> 1.7 | CU8: =ROUND(BH8,1) -> 79.6 | CV8: =AY8 -> 792 | CW8: =ROUND(PPTest!K8,1) -> 0 | CX8: =ROUND(M8,2) -> 0 | CY8: =ROUND(X8,2) -> 0 | CZ8: =BI8 -> 0.382 | DA8: =BJ8 -> 0.098 | DB8: =AV8 -> 12.84
A9: =A8+1 -> 45661 | B9: 4 | C9: 0.514 | D9: 1.688 | E9: -4.187 | F9: 91.1 | G9: -4.063 | I9: 0.847 | J9: 0.621 | K9: 1.225 | L9: 1.792 | M9: 0 | N9: 0 | O9: 2.47 | P9: -0.462 | Q9: 95.8 | R9: 0.596 | T9: 0.92 | U9: 0.69 | V9: 1.314 | W9: 1.875 | X9: 0 | Y9: -6.508 | Z9: 80.6 | AA9: -6.504 | AC9: 0.766 | AD9: 0.541 | AE9: 1.145 | AF9: 1.717 | AG9: 1536 | AH9: 268 | AI9: 266 | AJ9: 160 | AK9: 186 | AL9: 200 | AM9: 102 | AN9: 134 | AO9: 2.491 | AP9: 216 | AQ9: -3.131 | AR9: -2.42 | AS9: -3.536 | AT9: 0.004 | AU9: -0.003 | AV9: 12.84 | AW9: 2876 | AY9: =(AY$1-O9)*1000 -> 770 | BA9: 4.72 | BB9: 1.68 | BC9: 1.55 | BD9: =BC9/BB9 -> 0.92261905 | BF9: =ROUND(Q9-BF$2,1) -> 95.8 | BG9: =ROUND(F9-BG$2,1) -> 91.1 | BH9: =ROUND(Z9-BH$2,1) -> 80.6 | BI9: =ROUND((0.6105*(EXP((17.273*P9)/(P9+237.3))))*BH9/100,3) -> 0.476 | BJ9: =ROUND(BI9/BH9*(100-BH9),3) -> 0.115 | BL9: =SUM(AG9:AN9) -> 2852 | BM9: =ROUND(AG9/$BL9,3) -> 0.539 | BN9: =ROUND(AH9/$BL9,3) -> 0.094 | BO9: =ROUND(AI9/$BL9,3) -> 0.093 | BP9: =ROUND(AJ9/$BL9,3) -> 0.056 | BQ9: =ROUND(AK9/$BL9,3) -> 0.065 | BR9: =ROUND(AL9/$BL9,3) -> 0.07 | BS9: =ROUND(AM9/$BL9,3) -> 0.036 | BT9: =ROUND(AN9/$BL9,3) -> 0.047 | BV9: =BB9 -> 1.68 | BW9: =BC9 -> 1.55 | BX9: =ROUND(E9,1) -> -4.2 | BY9: =ROUND(G9,1) -> -4.1 | BZ9: NA | CA9: =ROUND(I9,1) -> 0.8 | CB9: =ROUND(J9,1) -> 0.6 | CC9: =ROUND(K9,1) -> 1.2 | CD9: =ROUND(L9,1) -> 1.8 | CE9: =ROUND(BG9,1) -> 91.1 | CF9: =ROUND(P9,1) -> -0.5 | CG9: =ROUND(R9,1) -> 0.6 | CH9: NA | CI9: =ROUND(T9,1) -> 0.9 | CJ9: =ROUND(U9,1) -> 0.7 | CK9: =ROUND(V9,1) -> 1.3 | CL9: =ROUND(W9,1) -> 1.9 | CM9: =ROUND(BF9,1) -> 95.8 | CN9: =ROUND(Y9,1) -> -6.5 | CO9: =ROUND(AA9,1) -> -6.5 | CP9: NA | CQ9: =ROUND(AC9,1) -> 0.8 | CR9: =ROUND(AD9,1) -> 0.5 | CS9: =ROUND(AE9,1) -> 1.1 | CT9: =ROUND(AF9,1) -> 1.7 | CU9: =ROUND(BH9,1) -> 80.6 | CV9: =AY9 -> 770 | CW9: =ROUND(PPTest!K9,1) -> 0 | CX9: =ROUND(M9,2) -> 0 | CY9: =ROUND(X9,2) -> 0 | CZ9: =BI9 -> 0.476 | DA9: =BJ9 -> 0.115 | DB9: =AV9 -> 12.84
A10: =A9+1 -> 45662 | B10: 5 | C10: 0.634 | D10: 1.813 | E10: -3.955 | F10: 93.3 | G10: -3.695 | I10: 0.842 | J10: 0.617 | K10: 1.221 | L10: 1.788 | M10: 0 | N10: 0 | O10: 2.501 | P10: -1.141 | Q10: 96.1 | R10: 1.036 | T10: 0.911 | U10: 0.708 | V10: 1.303 | W10: 1.859 | X10: 0 | Y10: -5.489 | Z10: 84.8 | AA10: -5.336 | AC10: 0.769 | AD10: 0.552 | AE10: 1.132 | AF10: 1.708 | AG10: 369 | AH10: 509 | AI10: 368 | AJ10: 146 | AK10: 543 | AL10: 482 | AM10: 176 | AN10: 171 | AO10: 2.526 | AP10: 209 | AQ10: -2.692 | AR10: -2.056 | AS10: -3.15 | AT10: 0.004 | AU10: -0.003 | AV10: 12.96 | AW10: 2876 | AY10: =(AY$1-O10)*1000 -> 739 | BA10: 4.76 | BB10: 1.81 | BC10: 1.66 | BD10: =BC10/BB10 -> 0.91712707 | BF10: =ROUND(Q10-BF$2,1) -> 96.1 | BG10: =ROUND(F10-BG$2,1) -> 93.3 | BH10: =ROUND(Z10-BH$2,1) -> 84.8 | BI10: =ROUND((0.6105*(EXP((17.273*P10)/(P10+237.3))))*BH10/100,3) -> 0.476 | BJ10: =ROUND(BI10/BH10*(100-BH10),3) -> 0.085 | BL10: =SUM(AG10:AN10) -> 2764 | BM10: =ROUND(AG10/$BL10,3) -> 0.134 | BN10: =ROUND(AH10/$BL10,3) -> 0.184 | BO10: =ROUND(AI10/$BL10,3) -> 0.133 | BP10: =ROUND(AJ10/$BL10,3) -> 0.053 | BQ10: =ROUND(AK10/$BL10,3) -> 0.196 | BR10: =ROUND(AL10/$BL10,3) -> 0.174 | BS10: =ROUND(AM10/$BL10,3) -> 0.064 | BT10: =ROUND(AN10/$BL10,3) -> 0.062 | BV10: =BB10 -> 1.81 | BW10: =BC10 -> 1.66 | BX10: =ROUND(E10,1) -> -4 | BY10: =ROUND(G10,1) -> -3.7 | BZ10: NA | CA10: =ROUND(I10,1) -> 0.8 | CB10: =ROUND(J10,1) -> 0.6 | CC10: =ROUND(K10,1) -> 1.2 | CD10: =ROUND(L10,1) -> 1.8 | CE10: =ROUND(BG10,1) -> 93.3 | CF10: =ROUND(P10,1) -> -1.1 | CG10: =ROUND(R10,1) -> 1 | CH10: NA | CI10: =ROUND(T10,1) -> 0.9 | CJ10: =ROUND(U10,1) -> 0.7 | CK10: =ROUND(V10,1) -> 1.3 | CL10: =ROUND(W10,1) -> 1.9 | CM10: =ROUND(BF10,1) -> 96.1 | CN10: =ROUND(Y10,1) -> -5.5 | CO10: =ROUND(AA10,1) -> -5.3 | CP10: NA | CQ10: =ROUND(AC10,1) -> 0.8 | CR10: =ROUND(AD10,1) -> 0.6 | CS10: =ROUND(AE10,1) -> 1.1 | CT10: =ROUND(AF10,1) -> 1.7 | CU10: =ROUND(BH10,1) -> 84.8 | CV10: =AY10 -> 739 | CW10: =ROUND(PPTest!K10,1) -> 0 | CX10: =ROUND(M10,2) -> 0 | CY10: =ROUND(X10,2) -> 0 | CZ10: =BI10 -> 0.476 | DA10: =BJ10 -> 0.085 | DB10: =AV10 -> 12.96
A11: =A10+1 -> 45663 | B11: 6 | C11: 0.371 | D11: 1.403 | E11: -5.161 | F11: 93.8 | G11: -4.862 | I11: 0.833 | J11: 0.612 | K11: 1.208 | L11: 1.777 | M11: 0 | N11: 0 | O11: 2.521 | P11: -3.655 | Q11: 96.3 | R11: -3.136 | T11: 0.928 | U11: 0.687 | V11: 1.279 | W11: 1.856 | X11: 0.527 | Y11: -7.867 | Z11: 88.5 | AA11: -7.419 | AC11: 0.757 | AD11: 0.537 | AE11: 1.127 | AF11: 1.696 | AG11: 266 | AH11: 310 | AI11: 595 | AJ11: 247 | AK11: 399 | AL11: 400 | AM11: 244 | AN11: 337 | AO11: 2.558 | AP11: 221 | AQ11: -2.885 | AR11: -2.463 | AS11: -3.407 | AT11: 0.004 | AU11: -0.003 | AV11: 12.84 | AW11: 2876 | AY11: =(AY$1-O11)*1000 -> 719 | BA11: 4.82 | BB11: 1.4 | BC11: 1.29 | BD11: =BC11/BB11 -> 0.92142857 | BF11: =ROUND(Q11-BF$2,1) -> 96.3 | BG11: =ROUND(F11-BG$2,1) -> 93.8 | BH11: =ROUND(Z11-BH$2,1) -> 88.5 | BI11: =ROUND((0.6105*(EXP((17.273*P11)/(P11+237.3))))*BH11/100,3) -> 0.412 | BJ11: =ROUND(BI11/BH11*(100-BH11),3) -> 0.054 | BL11: =SUM(AG11:AN11) -> 2798 | BM11: =ROUND(AG11/$BL11,3) -> 0.095 | BN11: =ROUND(AH11/$BL11,3) -> 0.111 | BO11: =ROUND(AI11/$BL11,3) -> 0.213 | BP11: =ROUND(AJ11/$BL11,3) -> 0.088 | BQ11: =ROUND(AK11/$BL11,3) -> 0.143 | BR11: =ROUND(AL11/$BL11,3) -> 0.143 | BS11: =ROUND(AM11/$BL11,3) -> 0.087 | BT11: =ROUND(AN11/$BL11,3) -> 0.12 | BV11: =BB11 -> 1.4 | BW11: =BC11 -> 1.29 | BX11: =ROUND(E11,1) -> -5.2 | BY11: =ROUND(G11,1) -> -4.9 | BZ11: NA | CA11: =ROUND(I11,1) -> 0.8 | CB11: =ROUND(J11,1) -> 0.6 | CC11: =ROUND(K11,1) -> 1.2 | CD11: =ROUND(L11,1) -> 1.8 | CE11: =ROUND(BG11,1) -> 93.8 | CF11: =ROUND(P11,1) -> -3.7 | CG11: =ROUND(R11,1) -> -3.1 | CH11: NA | CI11: =ROUND(T11,1) -> 0.9 | CJ11: =ROUND(U11,1) -> 0.7 | CK11: =ROUND(V11,1) -> 1.3 | CL11: =ROUND(W11,1) -> 1.9 | CM11: =ROUND(BF11,1) -> 96.3 | CN11: =ROUND(Y11,1) -> -7.9 | CO11: =ROUND(AA11,1) -> -7.4 | CP11: NA | CQ11: =ROUND(AC11,1) -> 0.8 | CR11: =ROUND(AD11,1) -> 0.5 | CS11: =ROUND(AE11,1) -> 1.1 | CT11: =ROUND(AF11,1) -> 1.7 | CU11: =ROUND(BH11,1) -> 88.5 | CV11: =AY11 -> 719 | CW11: =ROUND(PPTest!K11,1) -> 0 | CX11: =ROUND(M11,2) -> 0 | CY11: =ROUND(X11,2) -> 0.53 | CZ11: =BI11 -> 0.412 | DA11: =BJ11 -> 0.054 | DB11: =AV11 -> 12.84
A12: =A11+1 -> 45664 | B12: 7 | C12: 0.678 | D12: 1.774 | E12: -7.464 | F12: 93 | G12: -7.126 | I12: 0.829 | J12: 0.611 | K12: 1.198 | L12: 1.767 | M12: 0 | N12: 0 | O12: 2.511 | P12: -4.606 | Q12: 94.8 | R12: -4.45 | T12: 0.915 | U12: 0.696 | V12: 1.277 | W12: 1.84 | X12: 0 | Y12: -10.58 | Z12: 90 | AA12: -10.37 | AC12: 0.752 | AD12: 0.537 | AE12: 1.122 | AF12: 1.675 | AG12: 361 | AH12: 663 | AI12: 669 | AJ12: 206 | AK12: 303 | AL12: 314 | AM12: 162 | AN12: 188 | AO12: 2.542 | AP12: 234 | AQ12: -4.007 | AR12: -3.407 | AS12: -4.699 | AT12: 0.005 | AU12: -0.003 | AV12: 12.83 | AW12: 2876 | AY12: =(AY$1-O12)*1000 -> 729 | BA12: 4.87 | BB12: 1.77 | BC12: 1.63 | BD12: =BC12/BB12 -> 0.92090395 | BF12: =ROUND(Q12-BF$2,1) -> 94.8 | BG12: =ROUND(F12-BG$2,1) -> 93 | BH12: =ROUND(Z12-BH$2,1) -> 90 | BI12: =ROUND((0.6105*(EXP((17.273*P12)/(P12+237.3))))*BH12/100,3) -> 0.39 | BJ12: =ROUND(BI12/BH12*(100-BH12),3) -> 0.043 | BL12: =SUM(AG12:AN12) -> 2866 | BM12: =ROUND(AG12/$BL12,3) -> 0.126 | BN12: =ROUND(AH12/$BL12,3) -> 0.231 | BO12: =ROUND(AI12/$BL12,3) -> 0.233 | BP12: =ROUND(AJ12/$BL12,3) -> 0.072 | BQ12: =ROUND(AK12/$BL12,3) -> 0.106 | BR12: =ROUND(AL12/$BL12,3) -> 0.11 | BS12: =ROUND(AM12/$BL12,3) -> 0.057 | BT12: =ROUND(AN12/$BL12,3) -> 0.066 | BV12: =BB12 -> 1.77 | BW12: =BC12 -> 1.63 | BX12: =ROUND(E12,1) -> -7.5 | BY12: =ROUND(G12,1) -> -7.1 | BZ12: NA | CA12: =ROUND(I12,1) -> 0.8 | CB12: =ROUND(J12,1) -> 0.6 | CC12: =ROUND(K12,1) -> 1.2 | CD12: =ROUND(L12,1) -> 1.8 | CE12: =ROUND(BG12,1) -> 93 | CF12: =ROUND(P12,1) -> -4.6 | CG12: =ROUND(R12,1) -> -4.5 | CH12: NA | CI12: =ROUND(T12,1) -> 0.9 | CJ12: =ROUND(U12,1) -> 0.7 | CK12: =ROUND(V12,1) -> 1.3 | CL12: =ROUND(W12,1) -> 1.8 | CM12: =ROUND(BF12,1) -> 94.8 | CN12: =ROUND(Y12,1) -> -10.6 | CO12: =ROUND(AA12,1) -> -10.4 | CP12: NA | CQ12: =ROUND(AC12,1) -> 0.8 | CR12: =ROUND(AD12,1) -> 0.5 | CS12: =ROUND(AE12,1) -> 1.1 | CT12: =ROUND(AF12,1) -> 1.7 | CU12: =ROUND(BH12,1) -> 90 | CV12: =AY12 -> 729 | CW12: =ROUND(PPTest!K12,1) -> 1.3 | CX12: =ROUND(M12,2) -> 0 | CY12: =ROUND(X12,2) -> 0 | CZ12: =BI12 -> 0.39 | DA12: =BJ12 -> 0.043 | DB12: =AV12 -> 12.83
A13: =A12+1 -> 45665 | B13: 8 | C13: 0.308 | D13: 1.213 | E13: -4.818 | F13: 94.4 | G13: -4.649 | I13: 0.825 | J13: 0.606 | K13: 1.194 | L13: 1.764 | M13: 0 | N13: 0 | O13: 2.509 | P13: -2.364 | Q13: 95.9 | R13: -2.18 | T13: 0.9 | U13: 0.69 | V13: 1.273 | W13: 1.85 | X13: 0 | Y13: -7.731 | Z13: 92.1 | AA13: -8.37 | AC13: 0.751 | AD13: 0.534 | AE13: 1.118 | AF13: 1.693 | AG13: 187 | AH13: 406 | AI13: 417 | AJ13: 293 | AK13: 427 | AL13: 472 | AM13: 330 | AN13: 314 | AO13: 2.545 | AP13: 222 | AQ13: -3.388 | AR13: -2.506 | AS13: -4.051 | AT13: 0.004 | AU13: -0.003 | AV13: 12.83 | AW13: 2876 | AY13: =(AY$1-O13)*1000 -> 731 | BA13: 4.93 | BB13: 1.21 | BC13: 1.11 | BD13: =BC13/BB13 -> 0.91735537 | BF13: =ROUND(Q13-BF$2,1) -> 95.9 | BG13: =ROUND(F13-BG$2,1) -> 94.4 | BH13: =ROUND(Z13-BH$2,1) -> 92.1 | BI13: =ROUND((0.6105*(EXP((17.273*P13)/(P13+237.3))))*BH13/100,3) -> 0.473 | BJ13: =ROUND(BI13/BH13*(100-BH13),3) -> 0.041 | BL13: =SUM(AG13:AN13) -> 2846 | BM13: =ROUND(AG13/$BL13,3) -> 0.066 | BN13: =ROUND(AH13/$BL13,3) -> 0.143 | BO13: =ROUND(AI13/$BL13,3) -> 0.147 | BP13: =ROUND(AJ13/$BL13,3) -> 0.103 | BQ13: =ROUND(AK13/$BL13,3) -> 0.15 | BR13: =ROUND(AL13/$BL13,3) -> 0.166 | BS13: =ROUND(AM13/$BL13,3) -> 0.116 | BT13: =ROUND(AN13/$BL13,3) -> 0.11 | BV13: =BB13 -> 1.21 | BW13: =BC13 -> 1.11 | BX13: =ROUND(E13,1) -> -4.8 | BY13: =ROUND(G13,1) -> -4.6 | BZ13: NA | CA13: =ROUND(I13,1) -> 0.8 | CB13: =ROUND(J13,1) -> 0.6 | CC13: =ROUND(K13,1) -> 1.2 | CD13: =ROUND(L13,1) -> 1.8 | CE13: =ROUND(BG13,1) -> 94.4 | CF13: =ROUND(P13,1) -> -2.4 | CG13: =ROUND(R13,1) -> -2.2 | CH13: NA | CI13: =ROUND(T13,1) -> 0.9 | CJ13: =ROUND(U13,1) -> 0.7 | CK13: =ROUND(V13,1) -> 1.3 | CL13: =ROUND(W13,1) -> 1.9 | CM13: =ROUND(BF13,1) -> 95.9 | CN13: =ROUND(Y13,1) -> -7.7 | CO13: =ROUND(AA13,1) -> -8.4 | CP13: NA | CQ13: =ROUND(AC13,1) -> 0.8 | CR13: =ROUND(AD13,1) -> 0.5 | CS13: =ROUND(AE13,1) -> 1.1 | CT13: =ROUND(AF13,1) -> 1.7 | CU13: =ROUND(BH13,1) -> 92.1 | CV13: =AY13 -> 731 | CW13: =ROUND(PPTest!K13,1) -> 0.3 | CX13: =ROUND(M13,2) -> 0 | CY13: =ROUND(X13,2) -> 0 | CZ13: =BI13 -> 0.473 | DA13: =BJ13 -> 0.041 | DB13: =AV13 -> 12.83
A14: =A13+1 -> 45666 | B14: 9 | C14: 0.891 | D14: 2.162 | E14: -6.361 | F14: 91.5 | G14: -6.347 | I14: 0.824 | J14: 0.608 | K14: 1.19 | L14: 1.761 | M14: 0 | N14: 0 | O14: 2.53 | P14: -0.734 | Q14: 95.4 | R14: -1.021 | T14: 0.906 | U14: 0.696 | V14: 1.273 | W14: 1.848 | X14: 0.5 | Y14: -11.67 | Z14: 83.6 | AA14: -12.43 | AC14: 0.744 | AD14: 0.528 | AE14: 1.109 | AF14: 1.683 | AG14: 258 | AH14: 905 | AI14: 877 | AJ14: 105 | AK14: 233 | AL14: 275 | AM14: 141 | AN14: 76 | AO14: 0 | AP14: 0 | AQ14: -4 | AR14: -3.021 | AS14: -5.07 | AT14: 0.005 | AU14: -0.003 | AV14: 13.06 | AW14: 2876 | AY14: =(AY$1-O14)*1000 -> 710 | BA14: 4.99 | BB14: 2.16 | BC14: 1.99 | BD14: =BC14/BB14 -> 0.9212963 | BF14: =ROUND(Q14-BF$2,1) -> 95.4 | BG14: =ROUND(F14-BG$2,1) -> 91.5 | BH14: =ROUND(Z14-BH$2,1) -> 83.6 | BI14: =ROUND((0.6105*(EXP((17.273*P14)/(P14+237.3))))*BH14/100,3) -> 0.484 | BJ14: =ROUND(BI14/BH14*(100-BH14),3) -> 0.095 | BL14: =SUM(AG14:AN14) -> 2870 | BM14: =ROUND(AG14/$BL14,3) -> 0.09 | BN14: =ROUND(AH14/$BL14,3) -> 0.315 | BO14: =ROUND(AI14/$BL14,3) -> 0.306 | BP14: =ROUND(AJ14/$BL14,3) -> 0.037 | BQ14: =ROUND(AK14/$BL14,3) -> 0.081 | BR14: =ROUND(AL14/$BL14,3) -> 0.096 | BS14: =ROUND(AM14/$BL14,3) -> 0.049 | BT14: =ROUND(AN14/$BL14,3) -> 0.026 | BV14: =BB14 -> 2.16 | BW14: =BC14 -> 1.99 | BX14: =ROUND(E14,1) -> -6.4 | BY14: =ROUND(G14,1) -> -6.3 | BZ14: NA | CA14: =ROUND(I14,1) -> 0.8 | CB14: =ROUND(J14,1) -> 0.6 | CC14: =ROUND(K14,1) -> 1.2 | CD14: =ROUND(L14,1) -> 1.8 | CE14: =ROUND(BG14,1) -> 91.5 | CF14: =ROUND(P14,1) -> -0.7 | CG14: =ROUND(R14,1) -> -1 | CH14: NA | CI14: =ROUND(T14,1) -> 0.9 | CJ14: =ROUND(U14,1) -> 0.7 | CK14: =ROUND(V14,1) -> 1.3 | CL14: =ROUND(W14,1) -> 1.8 | CM14: =ROUND(BF14,1) -> 95.4 | CN14: =ROUND(Y14,1) -> -11.7 | CO14: =ROUND(AA14,1) -> -12.4 | CP14: NA | CQ14: =ROUND(AC14,1) -> 0.7 | CR14: =ROUND(AD14,1) -> 0.5 | CS14: =ROUND(AE14,1) -> 1.1 | CT14: =ROUND(AF14,1) -> 1.7 | CU14: =ROUND(BH14,1) -> 83.6 | CV14: =AY14 -> 710 | CW14: =ROUND(PPTest!K14,1) -> 0 | CX14: =ROUND(M14,2) -> 0 | CY14: =ROUND(X14,2) -> 0.5 | CZ14: =BI14 -> 0.484 | DA14: =BJ14 -> 0.095 | DB14: =AV14 -> 13.06
A15: =A14+1 -> 45667 | B15: 10 | C15: 0.262 | D15: 1.027 | E15: -4.967 | F15: 94.3 | G15: -4.587 | I15: 0.813 | J15: 0.596 | K15: 1.177 | L15: 1.749 | M15: 0.003 | N15: 0 | O15: 2.424 | P15: -3.723 | Q15: 96.1 | R15: -3.184 | T15: 0.882 | U15: 0.677 | V15: 1.259 | W15: 1.815 | X15: 0.58 | Y15: -6.712 | Z15: 92 | AA15: -6.274 | AC15: 0.721 | AD15: 0.521 | AE15: 1.095 | AF15: 1.666 | AG15: 53 | AH15: 53 | AI15: 43 | AJ15: 28 | AK15: 172 | AL15: 2048 | AM15: 381 | AN15: 53 | AO15: 2.442 | AP15: 276 | AQ15: -3.465 | AR15: -3.021 | AS15: -3.988 | AT15: 0.005 | AU15: -0.004 | AV15: 12.83 | AW15: 2876 | AY15: =(AY$1-O15)*1000 -> 816 | BA15: 5.06 | BB15: 1.03 | BC15: 0.94 | BD15: =BC15/BB15 -> 0.91262136 | BF15: =ROUND(Q15-BF$2,1) -> 96.1 | BG15: =ROUND(F15-BG$2,1) -> 94.3 | BH15: =ROUND(Z15-BH$2,1) -> 92 | BI15: =ROUND((0.6105*(EXP((17.273*P15)/(P15+237.3))))*BH15/100,3) -> 0.426 | BJ15: =ROUND(BI15/BH15*(100-BH15),3) -> 0.037 | BL15: =SUM(AG15:AN15) -> 2831 | BM15: =ROUND(AG15/$BL15,3) -> 0.019 | BN15: =ROUND(AH15/$BL15,3) -> 0.019 | BO15: =ROUND(AI15/$BL15,3) -> 0.015 | BP15: =ROUND(AJ15/$BL15,3) -> 0.01 | BQ15: =ROUND(AK15/$BL15,3) -> 0.061 | BR15: =ROUND(AL15/$BL15,3) -> 0.723 | BS15: =ROUND(AM15/$BL15,3) -> 0.135 | BT15: =ROUND(AN15/$BL15,3) -> 0.019 | BV15: =BB15 -> 1.03 | BW15: =BC15 -> 0.94 | BX15: =ROUND(E15,1) -> -5 | BY15: =ROUND(G15,1) -> -4.6 | BZ15: NA | CA15: =ROUND(I15,1) -> 0.8 | CB15: =ROUND(J15,1) -> 0.6 | CC15: =ROUND(K15,1) -> 1.2 | CD15: =ROUND(L15,1) -> 1.7 | CE15: =ROUND(BG15,1) -> 94.3 | CF15: =ROUND(P15,1) -> -3.7 | CG15: =ROUND(R15,1) -> -3.2 | CH15: NA | CI15: =ROUND(T15,1) -> 0.9 | CJ15: =ROUND(U15,1) -> 0.7 | CK15: =ROUND(V15,1) -> 1.3 | CL15: =ROUND(W15,1) -> 1.8 | CM15: =ROUND(BF15,1) -> 96.1 | CN15: =ROUND(Y15,1) -> -6.7 | CO15: =ROUND(AA15,1) -> -6.3 | CP15: NA | CQ15: =ROUND(AC15,1) -> 0.7 | CR15: =ROUND(AD15,1) -> 0.5 | CS15: =ROUND(AE15,1) -> 1.1 | CT15: =ROUND(AF15,1) -> 1.7 | CU15: =ROUND(BH15,1) -> 92 | CV15: =AY15 -> 816 | CW15: =ROUND(PPTest!K15,1) -> 13.8 | CX15: =ROUND(M15,2) -> 0 | CY15: =ROUND(X15,2) -> 0.58 | CZ15: =BI15 -> 0.426 | DA15: =BJ15 -> 0.037 | DB15: =AV15 -> 12.83
A16: =A15+1 -> 45668 | B16: 11 | C16: 0.225 | D16: 0.861 | E16: -4.432 | F16: 94.3 | G16: -4.09 | I16: 0.808 | J16: 0.591 | K16: 1.174 | L16: 1.746 | M16: 0.004 | N16: 0 | O16: 2.437 | P16: -3.859 | Q16: 95.2 | R16: -3.181 | T16: 0.887 | U16: 0.671 | V16: 1.246 | W16: 1.818 | X16: 0.58 | Y16: -5.489 | Z16: 92.3 | AA16: -5.226 | AC16: 0.726 | AD16: 0.51 | AE16: 1.089 | AF16: 1.668 | AG16: 14 | AH16: 13 | AI16: 14 | AJ16: 50 | AK16: 241 | AL16: 1768 | AM16: 276 | AN16: 59 | AO16: 2.462 | AP16: 195 | AQ16: -2.904 | AR16: -2.677 | AS16: -3.107 | AT16: 0.005 | AU16: -0.003 | AV16: 12.82 | AW16: 2876 | AY16: =(AY$1-O16)*1000 -> 803 | BA16: 5.13 | BB16: 0.86 | BC16: 0.79 | BD16: =BC16/BB16 -> 0.91860465 | BF16: =ROUND(Q16-BF$2,1) -> 95.2 | BG16: =ROUND(F16-BG$2,1) -> 94.3 | BH16: =ROUND(Z16-BH$2,1) -> 92.3 | BI16: =ROUND((0.6105*(EXP((17.273*P16)/(P16+237.3))))*BH16/100,3) -> 0.424 | BJ16: =ROUND(BI16/BH16*(100-BH16),3) -> 0.035 | BL16: =SUM(AG16:AN16) -> 2435 | BM16: =ROUND(AG16/$BL16,3) -> 0.006 | BN16: =ROUND(AH16/$BL16,3) -> 0.005 | BO16: =ROUND(AI16/$BL16,3) -> 0.006 | BP16: =ROUND(AJ16/$BL16,3) -> 0.021 | BQ16: =ROUND(AK16/$BL16,3) -> 0.099 | BR16: =ROUND(AL16/$BL16,3) -> 0.726 | BS16: =ROUND(AM16/$BL16,3) -> 0.113 | BT16: =ROUND(AN16/$BL16,3) -> 0.024 | BV16: =BB16 -> 0.86 | BW16: =BC16 -> 0.79 | BX16: =ROUND(E16,1) -> -4.4 | BY16: =ROUND(G16,1) -> -4.1 | BZ16: NA | CA16: =ROUND(I16,1) -> 0.8 | CB16: =ROUND(J16,1) -> 0.6 | CC16: =ROUND(K16,1) -> 1.2 | CD16: =ROUND(L16,1) -> 1.7 | CE16: =ROUND(BG16,1) -> 94.3 | CF16: =ROUND(P16,1) -> -3.9 | CG16: =ROUND(R16,1) -> -3.2 | CH16: NA | CI16: =ROUND(T16,1) -> 0.9 | CJ16: =ROUND(U16,1) -> 0.7 | CK16: =ROUND(V16,1) -> 1.2 | CL16: =ROUND(W16,1) -> 1.8 | CM16: =ROUND(BF16,1) -> 95.2 | CN16: =ROUND(Y16,1) -> -5.5 | CO16: =ROUND(AA16,1) -> -5.2 | CP16: NA | CQ16: =ROUND(AC16,1) -> 0.7 | CR16: =ROUND(AD16,1) -> 0.5 | CS16: =ROUND(AE16,1) -> 1.1 | CT16: =ROUND(AF16,1) -> 1.7 | CU16: =ROUND(BH16,1) -> 92.3 | CV16: =AY16 -> 803 | CW16: =ROUND(PPTest!K16,1) -> 0 | CX16: =ROUND(M16,2) -> 0 | CY16: =ROUND(X16,2) -> 0.58 | CZ16: =BI16 -> 0.424 | DA16: =BJ16 -> 0.035 | DB16: =AV16 -> 12.82
A17: =A16+1 -> 45669 | B17: 12 | C17: 0.283 | D17: 1.071 | E17: -5.536 | F17: 93.3 | G17: -5.294 | I17: 0.805 | J17: 0.589 | K17: 1.168 | L17: 1.739 | M17: 0 | N17: 0 | O17: 2.462 | P17: -4.198 | Q17: 95 | R17: -3.973 | T17: 0.886 | U17: 0.67 | V17: 1.237 | W17: 1.814 | X17: 0 | Y17: -8.89 | Z17: 88.5 | AA17: -9.61 | AC17: 0.718 | AD17: 0.517 | AE17: 1.097 | AF17: 1.667 | AG17: 13 | AH17: 9 | AI17: 6 | AJ17: 21 | AK17: 133 | AL17: 2338 | AM17: 73 | AN17: 23 | AO17: 2.503 | AP17: 195 | AQ17: -2.844 | AR17: -2.677 | AS17: -2.978 | AT17: 0.004 | AU17: -0.004 | AV17: 12.82 | AW17: 2876 | AY17: =(AY$1-O17)*1000 -> 778 | BA17: 5.2 | BB17: 1.07 | BC17: 0.98 | BD17: =BC17/BB17 -> 0.91588785 | BF17: =ROUND(Q17-BF$2,1) -> 95 | BG17: =ROUND(F17-BG$2,1) -> 93.3 | BH17: =ROUND(Z17-BH$2,1) -> 88.5 | BI17: =ROUND((0.6105*(EXP((17.273*P17)/(P17+237.3))))*BH17/100,3) -> 0.396 | BJ17: =ROUND(BI17/BH17*(100-BH17),3) -> 0.051 | BL17: =SUM(AG17:AN17) -> 2616 | BM17: =ROUND(AG17/$BL17,3) -> 0.005 | BN17: =ROUND(AH17/$BL17,3) -> 0.003 | BO17: =ROUND(AI17/$BL17,3) -> 0.002 | BP17: =ROUND(AJ17/$BL17,3) -> 0.008 | BQ17: =ROUND(AK17/$BL17,3) -> 0.051 | BR17: =ROUND(AL17/$BL17,3) -> 0.894 | BS17: =ROUND(AM17/$BL17,3) -> 0.028 | BT17: =ROUND(AN17/$BL17,3) -> 0.009 | BV17: =BB17 -> 1.07 | BW17: =BC17 -> 0.98 | BX17: =ROUND(E17,1) -> -5.5 | BY17: =ROUND(G17,1) -> -5.3 | BZ17: NA | CA17: =ROUND(I17,1) -> 0.8 | CB17: =ROUND(J17,1) -> 0.6 | CC17: =ROUND(K17,1) -> 1.2 | CD17: =ROUND(L17,1) -> 1.7 | CE17: =ROUND(BG17,1) -> 93.3 | CF17: =ROUND(P17,1) -> -4.2 | CG17: =ROUND(R17,1) -> -4 | CH17: NA | CI17: =ROUND(T17,1) -> 0.9 | CJ17: =ROUND(U17,1) -> 0.7 | CK17: =ROUND(V17,1) -> 1.2 | CL17: =ROUND(W17,1) -> 1.8 | CM17: =ROUND(BF17,1) -> 95 | CN17: =ROUND(Y17,1) -> -8.9 | CO17: =ROUND(AA17,1) -> -9.6 | CP17: NA | CQ17: =ROUND(AC17,1) -> 0.7 | CR17: =ROUND(AD17,1) -> 0.5 | CS17: =ROUND(AE17,1) -> 1.1 | CT17: =ROUND(AF17,1) -> 1.7 | CU17: =ROUND(BH17,1) -> 88.5 | CV17: =AY17 -> 778 | CW17: =ROUND(PPTest!K17,1) -> 0 | CX17: =ROUND(M17,2) -> 0 | CY17: =ROUND(X17,2) -> 0 | CZ17: =BI17 -> 0.396 | DA17: =BJ17 -> 0.051 | DB17: =AV17 -> 12.82
A18: =A17+1 -> 45670 | B18: 13 | C18: 2.553 | D18: 2.195 | E18: -10.07 | F18: 88.1 | G18: -10.15 | I18: 0.809 | J18: 0.597 | K18: 1.169 | L18: 1.74 | M18: 0 | N18: 0 | O18: 2.473 | P18: -1.413 | Q18: 92.7 | R18: 1.581 | T18: 0.884 | U18: 0.67 | V18: 1.259 | W18: 1.819 | X18: 0 | Y18: -13.98 | Z18: 73.23 | AA18: -14.27 | AC18: 0.729 | AD18: 0.521 | AE18: 1.085 | AF18: 1.667 | AG18: 51 | AH18: 228 | AI18: 176 | AJ18: 81 | AK18: 123 | AL18: 1420 | AM18: 58 | AN18: 28 | AO18: 2.525 | AP18: 183 | AQ18: -3.278 | AR18: -2.549 | AS18: -3.816 | AT18: 0.005 | AU18: -0.003 | AV18: 13.16 | AW18: 2876 | AY18: =(AY$1-O18)*1000 -> 767 | BA18: 5.27 | BB18: 3.15 | BC18: 2.02 | BD18: =BC18/BB18 -> 0.64126984 | BF18: =ROUND(Q18-BF$2,1) -> 92.7 | BG18: =ROUND(F18-BG$2,1) -> 88.1 | BH18: =ROUND(Z18-BH$2,1) -> 73.2 | BI18: =ROUND((0.6105*(EXP((17.273*P18)/(P18+237.3))))*BH18/100,3) -> 0.403 | BJ18: =ROUND(BI18/BH18*(100-BH18),3) -> 0.148 | BL18: =SUM(AG18:AN18) -> 2165 | BM18: =ROUND(AG18/$BL18,3) -> 0.024 | BN18: =ROUND(AH18/$BL18,3) -> 0.105 | BO18: =ROUND(AI18/$BL18,3) -> 0.081 | BP18: =ROUND(AJ18/$BL18,3) -> 0.037 | BQ18: =ROUND(AK18/$BL18,3) -> 0.057 | BR18: =ROUND(AL18/$BL18,3) -> 0.656 | BS18: =ROUND(AM18/$BL18,3) -> 0.027 | BT18: =ROUND(AN18/$BL18,3) -> 0.013 | BV18: =BB18 -> 3.15 | BW18: =BC18 -> 2.02 | BX18: =ROUND(E18,1) -> -10.1 | BY18: =ROUND(G18,1) -> -10.2 | BZ18: NA | CA18: =ROUND(I18,1) -> 0.8 | CB18: =ROUND(J18,1) -> 0.6 | CC18: =ROUND(K18,1) -> 1.2 | CD18: =ROUND(L18,1) -> 1.7 | CE18: =ROUND(BG18,1) -> 88.1 | CF18: =ROUND(P18,1) -> -1.4 | CG18: =ROUND(R18,1) -> 1.6 | CH18: NA | CI18: =ROUND(T18,1) -> 0.9 | CJ18: =ROUND(U18,1) -> 0.7 | CK18: =ROUND(V18,1) -> 1.3 | CL18: =ROUND(W18,1) -> 1.8 | CM18: =ROUND(BF18,1) -> 92.7 | CN18: =ROUND(Y18,1) -> -14 | CO18: =ROUND(AA18,1) -> -14.3 | CP18: NA | CQ18: =ROUND(AC18,1) -> 0.7 | CR18: =ROUND(AD18,1) -> 0.5 | CS18: =ROUND(AE18,1) -> 1.1 | CT18: =ROUND(AF18,1) -> 1.7 | CU18: =ROUND(BH18,1) -> 73.2 | CV18: =AY18 -> 767 | CW18: =ROUND(PPTest!K18,1) -> 0 | CX18: =ROUND(M18,2) -> 0 | CY18: =ROUND(X18,2) -> 0 | CZ18: =BI18 -> 0.403 | DA18: =BJ18 -> 0.148 | DB18: =AV18 -> 13.16
... A62: =A61+1 -> 45714 | B62: 57 | C62: 8.3 | D62: 5.687 | E62: -1.65 | F62: 81.2 | G62: -1.422 | I62: 0.675 | J62: 0.197 | K62: 0.804 | L62: 1.457 | M62: 0.013 | N62: 0.254 | O62: 2.247 | P62: 4.414 | Q62: 96.3 | R62: 7.266 | T62: 0.755 | U62: 0.28 | V62: 0.889 | W62: 1.536 | X62: 3.834 | Y62: -8.08 | Z62: 51.21 | AA62: -8.42 | AC62: 0.59 | AD62: 0.116 | AE62: 0.712 | AF62: 1.381 | AG62: 371 | AH62: 779 | AI62: 656 | AJ62: 263 | AK62: 209 | AL62: 225 | AM62: 157 | AN62: 201 | AO62: 2.247 | AP62: 214 | AQ62: -0.393 | AR62: -0.287 | AS62: -0.5 | AT62: 0.005 | AU62: -0.003 | AV62: 13.15 | AW62: 2876 | AY62: =(AY$1-O62)*1000 -> 993 | BA62: 12.27 | BB62: 8.3 | BC62: 5.22 | BD62: =BC62/BB62 -> 0.62891566 | BF62: =ROUND(Q62-BF$2,1) -> 96.3 | BG62: =ROUND(F62-BG$2,1) -> 81.2 | BH62: =ROUND(Z62-BH$2,1) -> 51.2 | BI62: =ROUND((0.6105*(EXP((17.273*P62)/(P62+237.3))))*BH62/100,3) -> 0.428 | BJ62: =ROUND(BI62/BH62*(100-BH62),3) -> 0.408 | BL62: =SUM(AG62:AN62) -> 2861 | BM62: =ROUND(AG62/$BL62,3) -> 0.13 | BN62: =ROUND(AH62/$BL62,3) -> 0.272 | BO62: =ROUND(AI62/$BL62,3) -> 0.229 | BP62: =ROUND(AJ62/$BL62,3) -> 0.092 | BQ62: =ROUND(AK62/$BL62,3) -> 0.073 | BR62: =ROUND(AL62/$BL62,3) -> 0.079 | BS62: =ROUND(AM62/$BL62,3) -> 0.055 | BT62: =ROUND(AN62/$BL62,3) -> 0.07 | BV62: =BB62 -> 8.3 | BW62: =BC62 -> 5.22 | BX62: =ROUND(E62,1) -> -1.7 | BY62: =ROUND(G62,1) -> -1.4 | BZ62: NA | CA62: =ROUND(I62,1) -> 0.7 | CB62: =ROUND(J62,1) -> 0.2 | CC62: =ROUND(K62,1) -> 0.8 | CD62: =ROUND(L62,1) -> 1.5 | CE62: =ROUND(BG62,1) -> 81.2 | CF62: =ROUND(P62,1) -> 4.4 | CG62: =ROUND(R62,1) -> 7.3 | CH62: NA | CI62: =ROUND(T62,1) -> 0.8 | CJ62: =ROUND(U62,1) -> 0.3 | CK62: =ROUND(V62,1) -> 0.9 | CL62: =ROUND(W62,1) -> 1.5 | CM62: =ROUND(BF62,1) -> 96.3 | CN62: =ROUND(Y62,1) -> -8.1 | CO62: =ROUND(AA62,1) -> -8.4 | CP62: NA | CQ62: =ROUND(AC62,1) -> 0.6 | CR62: =ROUND(AD62,1) -> 0.1 | CS62: =ROUND(AE62,1) -> 0.7 | CT62: =ROUND(AF62,1) -> 1.4 | CU62: =ROUND(BH62,1) -> 51.2 | CV62: =AY62 -> 993 | CW62: =ROUND(PPTest!K62,1) -> 0 | CX62: =ROUND(M62,2) -> 0.01 | CY62: =ROUND(X62,2) -> 3.83 | CZ62: =BI62 -> 0.428 | DA62: =BJ62 -> 0.408 | DB62: =AV62 -> 13.15
A63: =A62+1 -> 45715 | B63: 58 | BA63: 12.51 | BD63: =BC63/BB63 -> #DIV/0! | BF63: =ROUND(Q63-BF$2,1) -> 0 | BG63: =ROUND(F63-BG$2,1) -> 0 | BH63: =ROUND(Z63-BH$2,1) -> 0 | BI63: =ROUND((0.6105*(EXP((17.273*P63)/(P63+237.3))))*BH63/100,3) -> 0 | BJ63: =ROUND(BI63/BH63*(100-BH63),3) -> #DIV/0! | BL63: =SUM(AG63:AN63) -> 0 | BM63: =ROUND(AG63/$BL63,3) -> #DIV/0! | BN63: =ROUND(AH63/$BL63,3) -> #DIV/0! | BO63: =ROUND(AI63/$BL63,3) -> #DIV/0! | BP63: =ROUND(AJ63/$BL63,3) -> #DIV/0! | BQ63: =ROUND(AK63/$BL63,3) -> #DIV/0! | BR63: =ROUND(AL63/$BL63,3) -> #DIV/0! | BS63: =ROUND(AM63/$BL63,3) -> #DIV/0! | BT63: =ROUND(AN63/$BL63,3) -> #DIV/0! | BV63: =BB63 -> 0 | BW63: =BC63 -> 0 | BX63: =ROUND(E63,1) -> 0 | BY63: =ROUND(G63,1) -> 0 | BZ63: NA | CA63: =ROUND(I63,1) -> 0 | CB63: =ROUND(J63,1) -> 0 | CC63: =ROUND(K63,1) -> 0 | CD63: =ROUND(L63,1) -> 0 | CE63: =ROUND(BG63,1) -> 0 | CF63: =ROUND(P63,1) -> 0 | CG63: =ROUND(R63,1) -> 0 | CH63: NA | CI63: =ROUND(T63,1) -> 0 | CJ63: =ROUND(U63,1) -> 0 | CK63: =ROUND(V63,1) -> 0 | CL63: =ROUND(W63,1) -> 0 | CM63: =ROUND(BF63,1) -> 0 | CN63: =ROUND(Y63,1) -> 0 | CO63: =ROUND(AA63,1) -> 0 | CP63: NA | CQ63: =ROUND(AC63,1) -> 0 | CR63: =ROUND(AD63,1) -> 0 | CS63: =ROUND(AE63,1) -> 0 | CT63: =ROUND(AF63,1) -> 0 | CU63: =ROUND(BH63,1) -> 0 | CV63: =AY63 -> 0 | CW63: =ROUND(PPTest!K63,1) -> 0 | CX63: =ROUND(M63,2) -> 0 | CY63: =ROUND(X63,2) -> 0 | CZ63: =BI63 -> 0 | DA63: =BJ63 -> #DIV/0! | DB63: =AV63 -> 0
A64: =A63+1 -> 45716 | B64: 59 | BA64: 12.75 | BD64: =BC64/BB64 -> #DIV/0! | BF64: =ROUND(Q64-BF$2,1) -> 0 | BG64: =ROUND(F64-BG$2,1) -> 0 | BH64: =ROUND(Z64-BH$2,1) -> 0 | BI64: =ROUND((0.6105*(EXP((17.273*P64)/(P64+237.3))))*BH64/100,3) -> 0 | BJ64: =ROUND(BI64/BH64*(100-BH64),3) -> #DIV/0! | BL64: =SUM(AG64:AN64) -> 0 | BM64: =ROUND(AG64/$BL64,3) -> #DIV/0! | BN64: =ROUND(AH64/$BL64,3) -> #DIV/0! | BO64: =ROUND(AI64/$BL64,3) -> #DIV/0! | BP64: =ROUND(AJ64/$BL64,3) -> #DIV/0! | BQ64: =ROUND(AK64/$BL64,3) -> #DIV/0! | BR64: =ROUND(AL64/$BL64,3) -> #DIV/0! | BS64: =ROUND(AM64/$BL64,3) -> #DIV/0! | BT64: =ROUND(AN64/$BL64,3) -> #DIV/0! | BV64: =BB64 -> 0 | BW64: =BC64 -> 0 | BX64: =ROUND(E64,1) -> 0 | BY64: =ROUND(G64,1) -> 0 | BZ64: NA | CA64: =ROUND(I64,1) -> 0 | CB64: =ROUND(J64,1) -> 0 | CC64: =ROUND(K64,1) -> 0 | CD64: =ROUND(L64,1) -> 0 | CE64: =ROUND(BG64,1) -> 0 | CF64: =ROUND(P64,1) -> 0 | CG64: =ROUND(R64,1) -> 0 | CH64: NA | CI64: =ROUND(T64,1) -> 0 | CJ64: =ROUND(U64,1) -> 0 | CK64: =ROUND(V64,1) -> 0 | CL64: =ROUND(W64,1) -> 0 | CM64: =ROUND(BF64,1) -> 0 | CN64: =ROUND(Y64,1) -> 0 | CO64: =ROUND(AA64,1) -> 0 | CP64: NA | CQ64: =ROUND(AC64,1) -> 0 | CR64: =ROUND(AD64,1) -> 0 | CS64: =ROUND(AE64,1) -> 0 | CT64: =ROUND(AF64,1) -> 0 | CU64: =ROUND(BH64,1) -> 0 | CV64: =AY64 -> 0 | CW64: =ROUND(PPTest!K64,1) -> 0 | CX64: =ROUND(M64,2) -> 0 | CY64: =ROUND(X64,2) -> 0 | CZ64: =BI64 -> 0 | DA64: =BJ64 -> #DIV/0! | DB64: =AV64 -> 0
A65: =A64+1 -> 45717 | B65: 60 | BA65: 12.98 | BD65: =BC65/BB65 -> #DIV/0! | BF65: =ROUND(Q65-BF$2,1) -> 0 | BG65: =ROUND(F65-BG$2,1) -> 0 | BH65: =ROUND(Z65-BH$2,1) -> 0 | BI65: =ROUND((0.6105*(EXP((17.273*P65)/(P65+237.3))))*BH65/100,3) -> 0 | BJ65: =ROUND(BI65/BH65*(100-BH65),3) -> #DIV/0! | BL65: =SUM(AG65:AN65) -> 0 | BM65: =ROUND(AG65/$BL65,3) -> #DIV/0! | BN65: =ROUND(AH65/$BL65,3) -> #DIV/0! | BO65: =ROUND(AI65/$BL65,3) -> #DIV/0! | BP65: =ROUND(AJ65/$BL65,3) -> #DIV/0! | BQ65: =ROUND(AK65/$BL65,3) -> #DIV/0! | BR65: =ROUND(AL65/$BL65,3) -> #DIV/0! | BS65: =ROUND(AM65/$BL65,3) -> #DIV/0! | BT65: =ROUND(AN65/$BL65,3) -> #DIV/0! | BV65: =BB65 -> 0 | BW65: =BC65 -> 0 | BX65: =ROUND(E65,1) -> 0 | BY65: =ROUND(G65,1) -> 0 | BZ65: NA | CA65: =ROUND(I65,1) -> 0 | CB65: =ROUND(J65,1) -> 0 | CC65: =ROUND(K65,1) -> 0 | CD65: =ROUND(L65,1) -> 0 | CE65: =ROUND(BG65,1) -> 0 | CF65: =ROUND(P65,1) -> 0 | CG65: =ROUND(R65,1) -> 0 | CH65: NA | CI65: =ROUND(T65,1) -> 0 | CJ65: =ROUND(U65,1) -> 0 | CK65: =ROUND(V65,1) -> 0 | CL65: =ROUND(W65,1) -> 0 | CM65: =ROUND(BF65,1) -> 0 | CN65: =ROUND(Y65,1) -> 0 | CO65: =ROUND(AA65,1) -> 0 | CP65: NA | CQ65: =ROUND(AC65,1) -> 0 | CR65: =ROUND(AD65,1) -> 0 | CS65: =ROUND(AE65,1) -> 0 | CT65: =ROUND(AF65,1) -> 0 | CU65: =ROUND(BH65,1) -> 0 | CV65: =AY65 -> 0 | CW65: =ROUND(PPTest!K65,1) -> 0 | CX65: =ROUND(M65,2) -> 0 | CY65: =ROUND(X65,2) -> 0 | CZ65: =BI65 -> 0 | DA65: =BJ65 -> #DIV/0! | DB65: =AV65 -> 0
A66: =A65+1 -> 45718 | B66: 61 | BA66: 13.23 | BD66: =BC66/BB66 -> #DIV/0! | BF66: =ROUND(Q66-BF$2,1) -> 0 | BG66: =ROUND(F66-BG$2,1) -> 0 | BH66: =ROUND(Z66-BH$2,1) -> 0 | BI66: =ROUND((0.6105*(EXP((17.273*P66)/(P66+237.3))))*BH66/100,3) -> 0 | BJ66: =ROUND(BI66/BH66*(100-BH66),3) -> #DIV/0! | BL66: =SUM(AG66:AN66) -> 0 | BM66: =ROUND(AG66/$BL66,3) -> #DIV/0! | BN66: =ROUND(AH66/$BL66,3) -> #DIV/0! | BO66: =ROUND(AI66/$BL66,3) -> #DIV/0! | BP66: =ROUND(AJ66/$BL66,3) -> #DIV/0! | BQ66: =ROUND(AK66/$BL66,3) -> #DIV/0! | BR66: =ROUND(AL66/$BL66,3) -> #DIV/0! | BS66: =ROUND(AM66/$BL66,3) -> #DIV/0! | BT66: =ROUND(AN66/$BL66,3) -> #DIV/0! | BV66: =BB66 -> 0 | BW66: =BC66 -> 0 | BX66: =ROUND(E66,1) -> 0 | BY66: =ROUND(G66,1) -> 0 | BZ66: NA | CA66: =ROUND(I66,1) -> 0 | CB66: =ROUND(J66,1) -> 0 | CC66: =ROUND(K66,1) -> 0 | CD66: =ROUND(L66,1) -> 0 | CE66: =ROUND(BG66,1) -> 0 | CF66: =ROUND(P66,1) -> 0 | CG66: =ROUND(R66,1) -> 0 | CH66: NA | CI66: =ROUND(T66,1) -> 0 | CJ66: =ROUND(U66,1) -> 0 | CK66: =ROUND(V66,1) -> 0 | CL66: =ROUND(W66,1) -> 0 | CM66: =ROUND(BF66,1) -> 0 | CN66: =ROUND(Y66,1) -> 0 | CO66: =ROUND(AA66,1) -> 0 | CP66: NA | CQ66: =ROUND(AC66,1) -> 0 | CR66: =ROUND(AD66,1) -> 0 | CS66: =ROUND(AE66,1) -> 0 | CT66: =ROUND(AF66,1) -> 0 | CU66: =ROUND(BH66,1) -> 0 | CV66: =AY66 -> 0 | CW66: =ROUND(PPTest!K66,1) -> 0 | CX66: =ROUND(M66,2) -> 0 | CY66: =ROUND(X66,2) -> 0 | CZ66: =BI66 -> 0 | DA66: =BJ66 -> #DIV/0! | DB66: =AV66 -> 0
A67: =A66+1 -> 45719 | B67: 62 | BA67: 13.47 | BD67: =BC67/BB67 -> #DIV/0! | BF67: =ROUND(Q67-BF$2,1) -> 0 | BG67: =ROUND(F67-BG$2,1) -> 0 | BH67: =ROUND(Z67-BH$2,1) -> 0 | BI67: =ROUND((0.6105*(EXP((17.273*P67)/(P67+237.3))))*BH67/100,3) -> 0 | BJ67: =ROUND(BI67/BH67*(100-BH67),3) -> #DIV/0! | BL67: =SUM(AG67:AN67) -> 0 | BM67: =ROUND(AG67/$BL67,3) -> #DIV/0! | BN67: =ROUND(AH67/$BL67,3) -> #DIV/0! | BO67: =ROUND(AI67/$BL67,3) -> #DIV/0! | BP67: =ROUND(AJ67/$BL67,3) -> #DIV/0! | BQ67: =ROUND(AK67/$BL67,3) -> #DIV/0! | BR67: =ROUND(AL67/$BL67,3) -> #DIV/0! | BS67: =ROUND(AM67/$BL67,3) -> #DIV/0! | BT67: =ROUND(AN67/$BL67,3) -> #DIV/0! | BV67: =BB67 -> 0 | BW67: =BC67 -> 0 | BX67: =ROUND(E67,1) -> 0 | BY67: =ROUND(G67,1) -> 0 | BZ67: NA | CA67: =ROUND(I67,1) -> 0 | CB67: =ROUND(J67,1) -> 0 | CC67: =ROUND(K67,1) -> 0 | CD67: =ROUND(L67,1) -> 0 | CE67: =ROUND(BG67,1) -> 0 | CF67: =ROUND(P67,1) -> 0 | CG67: =ROUND(R67,1) -> 0 | CH67: NA | CI67: =ROUND(T67,1) -> 0 | CJ67: =ROUND(U67,1) -> 0 | CK67: =ROUND(V67,1) -> 0 | CL67: =ROUND(W67,1) -> 0 | CM67: =ROUND(BF67,1) -> 0 | CN67: =ROUND(Y67,1) -> 0 | CO67: =ROUND(AA67,1) -> 0 | CP67: NA | CQ67: =ROUND(AC67,1) -> 0 | CR67: =ROUND(AD67,1) -> 0 | CS67: =ROUND(AE67,1) -> 0 | CT67: =ROUND(AF67,1) -> 0 | CU67: =ROUND(BH67,1) -> 0 | CV67: =AY67 -> 0 | CW67: =ROUND(PPTest!K67,1) -> 0 | CX67: =ROUND(M67,2) -> 0 | CY67: =ROUND(X67,2) -> 0 | CZ67: =BI67 -> 0 | DA67: =BJ67 -> #DIV/0! | DB67: =AV67 -> 0
A68: =A67+1 -> 45720 | B68: 63 | BA68: 13.71 | BD68: =BC68/BB68 -> #DIV/0! | BF68: =ROUND(Q68-BF$2,1) -> 0 | BG68: =ROUND(F68-BG$2,1) -> 0 | BH68: =ROUND(Z68-BH$2,1) -> 0 | BI68: =ROUND((0.6105*(EXP((17.273*P68)/(P68+237.3))))*BH68/100,3) -> 0 | BJ68: =ROUND(BI68/BH68*(100-BH68),3) -> #DIV/0! | BL68: =SUM(AG68:AN68) -> 0 | BM68: =ROUND(AG68/$BL68,3) -> #DIV/0! | BN68: =ROUND(AH68/$BL68,3) -> #DIV/0! | BO68: =ROUND(AI68/$BL68,3) -> #DIV/0! | BP68: =ROUND(AJ68/$BL68,3) -> #DIV/0! | BQ68: =ROUND(AK68/$BL68,3) -> #DIV/0! | BR68: =ROUND(AL68/$BL68,3) -> #DIV/0! | BS68: =ROUND(AM68/$BL68,3) -> #DIV/0! | BT68: =ROUND(AN68/$BL68,3) -> #DIV/0! | BV68: =BB68 -> 0 | BW68: =BC68 -> 0 | BX68: =ROUND(E68,1) -> 0 | BY68: =ROUND(G68,1) -> 0 | BZ68: NA | CA68: =ROUND(I68,1) -> 0 | CB68: =ROUND(J68,1) -> 0 | CC68: =ROUND(K68,1) -> 0 | CD68: =ROUND(L68,1) -> 0 | CE68: =ROUND(BG68,1) -> 0 | CF68: =ROUND(P68,1) -> 0 | CG68: =ROUND(R68,1) -> 0 | CH68: NA | CI68: =ROUND(T68,1) -> 0 | CJ68: =ROUND(U68,1) -> 0 | CK68: =ROUND(V68,1) -> 0 | CL68: =ROUND(W68,1) -> 0 | CM68: =ROUND(BF68,1) -> 0 | CN68: =ROUND(Y68,1) -> 0 | CO68: =ROUND(AA68,1) -> 0 | CP68: NA | CQ68: =ROUND(AC68,1) -> 0 | CR68: =ROUND(AD68,1) -> 0 | CS68: =ROUND(AE68,1) -> 0 | CT68: =ROUND(AF68,1) -> 0 | CU68: =ROUND(BH68,1) -> 0 | CV68: =AY68 -> 0 | CW68: =ROUND(PPTest!K68,1) -> 0 | CX68: =ROUND(M68,2) -> 0 | CY68: =ROUND(X68,2) -> 0 | CZ68: =BI68 -> 0 | DA68: =BJ68 -> #DIV/0! | DB68: =AV68 -> 0
A69: =A68+1 -> 45721 | B69: 64 | BA69: 13.95 | BD69: =BC69/BB69 -> #DIV/0! | BF69: =ROUND(Q69-BF$2,1) -> 0 | BG69: =ROUND(F69-BG$2,1) -> 0 | BH69: =ROUND(Z69-BH$2,1) -> 0 | BI69: =ROUND((0.6105*(EXP((17.273*P69)/(P69+237.3))))*BH69/100,3) -> 0 | BJ69: =ROUND(BI69/BH69*(100-BH69),3) -> #DIV/0! | BL69: =SUM(AG69:AN69) -> 0 | BM69: =ROUND(AG69/$BL69,3) -> #DIV/0! | BN69: =ROUND(AH69/$BL69,3) -> #DIV/0! | BO69: =ROUND(AI69/$BL69,3) -> #DIV/0! | BP69: =ROUND(AJ69/$BL69,3) -> #DIV/0! | BQ69: =ROUND(AK69/$BL69,3) -> #DIV/0! | BR69: =ROUND(AL69/$BL69,3) -> #DIV/0! | BS69: =ROUND(AM69/$BL69,3) -> #DIV/0! | BT69: =ROUND(AN69/$BL69,3) -> #DIV/0! | BV69: =BB69 -> 0 | BW69: =BC69 -> 0 | BX69: =ROUND(E69,1) -> 0 | BY69: =ROUND(G69,1) -> 0 | BZ69: NA | CA69: =ROUND(I69,1) -> 0 | CB69: =ROUND(J69,1) -> 0 | CC69: =ROUND(K69,1) -> 0 | CD69: =ROUND(L69,1) -> 0 | CE69: =ROUND(BG69,1) -> 0 | CF69: =ROUND(P69,1) -> 0 | CG69: =ROUND(R69,1) -> 0 | CH69: NA | CI69: =ROUND(T69,1) -> 0 | CJ69: =ROUND(U69,1) -> 0 | CK69: =ROUND(V69,1) -> 0 | CL69: =ROUND(W69,1) -> 0 | CM69: =ROUND(BF69,1) -> 0 | CN69: =ROUND(Y69,1) -> 0 | CO69: =ROUND(AA69,1) -> 0 | CP69: NA | CQ69: =ROUND(AC69,1) -> 0 | CR69: =ROUND(AD69,1) -> 0 | CS69: =ROUND(AE69,1) -> 0 | CT69: =ROUND(AF69,1) -> 0 | CU69: =ROUND(BH69,1) -> 0 | CV69: =AY69 -> 0 | CW69: =ROUND(PPTest!K69,1) -> 0 | CX69: =ROUND(M69,2) -> 0 | CY69: =ROUND(X69,2) -> 0 | CZ69: =BI69 -> 0 | DA69: =BJ69 -> #DIV/0! | DB69: =AV69 -> 0
A70: =A69+1 -> 45722 | B70: 65 | BA70: 14.21 | BD70: =BC70/BB70 -> #DIV/0! | BF70: =ROUND(Q70-BF$2,1) -> 0 | BG70: =ROUND(F70-BG$2,1) -> 0 | BH70: =ROUND(Z70-BH$2,1) -> 0 | BI70: =ROUND((0.6105*(EXP((17.273*P70)/(P70+237.3))))*BH70/100,3) -> 0 | BJ70: =ROUND(BI70/BH70*(100-BH70),3) -> #DIV/0! | BL70: =SUM(AG70:AN70) -> 0 | BM70: =ROUND(AG70/$BL70,3) -> #DIV/0! | BN70: =ROUND(AH70/$BL70,3) -> #DIV/0! | BO70: =ROUND(AI70/$BL70,3) -> #DIV/0! | BP70: =ROUND(AJ70/$BL70,3) -> #DIV/0! | BQ70: =ROUND(AK70/$BL70,3) -> #DIV/0! | BR70: =ROUND(AL70/$BL70,3) -> #DIV/0! | BS70: =ROUND(AM70/$BL70,3) -> #DIV/0! | BT70: =ROUND(AN70/$BL70,3) -> #DIV/0! | BV70: =BB70 -> 0 | BW70: =BC70 -> 0 | BX70: =ROUND(E70,1) -> 0 | BY70: =ROUND(G70,1) -> 0 | BZ70: NA | CA70: =ROUND(I70,1) -> 0 | CB70: =ROUND(J70,1) -> 0 | CC70: =ROUND(K70,1) -> 0 | CD70: =ROUND(L70,1) -> 0 | CE70: =ROUND(BG70,1) -> 0 | CF70: =ROUND(P70,1) -> 0 | CG70: =ROUND(R70,1) -> 0 | CH70: NA | CI70: =ROUND(T70,1) -> 0 | CJ70: =ROUND(U70,1) -> 0 | CK70: =ROUND(V70,1) -> 0 | CL70: =ROUND(W70,1) -> 0 | CM70: =ROUND(BF70,1) -> 0 | CN70: =ROUND(Y70,1) -> 0 | CO70: =ROUND(AA70,1) -> 0 | CP70: NA | CQ70: =ROUND(AC70,1) -> 0 | CR70: =ROUND(AD70,1) -> 0 | CS70: =ROUND(AE70,1) -> 0 | CT70: =ROUND(AF70,1) -> 0 | CU70: =ROUND(BH70,1) -> 0 | CV70: =AY70 -> 0 | CW70: =ROUND(PPTest!K70,1) -> 0 | CX70: =ROUND(M70,2) -> 0 | CY70: =ROUND(X70,2) -> 0 | CZ70: =BI70 -> 0 | DA70: =BJ70 -> #DIV/0! | DB70: =AV70 -> 0
A71: =A70+1 -> 45723 | B71: 66 | BA71: 14.45 | BD71: =BC71/BB71 -> #DIV/0! | BF71: =ROUND(Q71-BF$2,1) -> 0 | BG71: =ROUND(F71-BG$2,1) -> 0 | BH71: =ROUND(Z71-BH$2,1) -> 0 | BI71: =ROUND((0.6105*(EXP((17.273*P71)/(P71+237.3))))*BH71/100,3) -> 0 | BJ71: =ROUND(BI71/BH71*(100-BH71),3) -> #DIV/0! | BL71: =SUM(AG71:AN71) -> 0 | BM71: =ROUND(AG71/$BL71,3) -> #DIV/0! | BN71: =ROUND(AH71/$BL71,3) -> #DIV/0! | BO71: =ROUND(AI71/$BL71,3) -> #DIV/0! | BP71: =ROUND(AJ71/$BL71,3) -> #DIV/0! | BQ71: =ROUND(AK71/$BL71,3) -> #DIV/0! | BR71: =ROUND(AL71/$BL71,3) -> #DIV/0! | BS71: =ROUND(AM71/$BL71,3) -> #DIV/0! | BT71: =ROUND(AN71/$BL71,3) -> #DIV/0! | BV71: =BB71 -> 0 | BW71: =BC71 -> 0 | BX71: =ROUND(E71,1) -> 0 | BY71: =ROUND(G71,1) -> 0 | BZ71: NA | CA71: =ROUND(I71,1) -> 0 | CB71: =ROUND(J71,1) -> 0 | CC71: =ROUND(K71,1) -> 0 | CD71: =ROUND(L71,1) -> 0 | CE71: =ROUND(BG71,1) -> 0 | CF71: =ROUND(P71,1) -> 0 | CG71: =ROUND(R71,1) -> 0 | CH71: NA | CI71: =ROUND(T71,1) -> 0 | CJ71: =ROUND(U71,1) -> 0 | CK71: =ROUND(V71,1) -> 0 | CL71: =ROUND(W71,1) -> 0 | CM71: =ROUND(BF71,1) -> 0 | CN71: =ROUND(Y71,1) -> 0 | CO71: =ROUND(AA71,1) -> 0 | CP71: NA | CQ71: =ROUND(AC71,1) -> 0 | CR71: =ROUND(AD71,1) -> 0 | CS71: =ROUND(AE71,1) -> 0 | CT71: =ROUND(AF71,1) -> 0 | CU71: =ROUND(BH71,1) -> 0 | CV71: =AY71 -> 0 | CW71: =ROUND(PPTest!K71,1) -> 0 | CX71: =ROUND(M71,2) -> 0 | CY71: =ROUND(X71,2) -> 0 | CZ71: =BI71 -> 0 | DA71: =BJ71 -> #DIV/0! | DB71: =AV71 -> 0
A72: =A71+1 -> 45724 | B72: 67 | BA72: 14.7 | BD72: =BC72/BB72 -> #DIV/0! | BF72: =ROUND(Q72-BF$2,1) -> 0 | BG72: =ROUND(F72-BG$2,1) -> 0 | BH72: =ROUND(Z72-BH$2,1) -> 0 | BI72: =ROUND((0.6105*(EXP((17.273*P72)/(P72+237.3))))*BH72/100,3) -> 0 | BJ72: =ROUND(BI72/BH72*(100-BH72),3) -> #DIV/0! | BL72: =SUM(AG72:AN72) -> 0 | BM72: =ROUND(AG72/$BL72,3) -> #DIV/0! | BN72: =ROUND(AH72/$BL72,3) -> #DIV/0! | BO72: =ROUND(AI72/$BL72,3) -> #DIV/0! | BP72: =ROUND(AJ72/$BL72,3) -> #DIV/0! | BQ72: =ROUND(AK72/$BL72,3) -> #DIV/0! | BR72: =ROUND(AL72/$BL72,3) -> #DIV/0! | BS72: =ROUND(AM72/$BL72,3) -> #DIV/0! | BT72: =ROUND(AN72/$BL72,3) -> #DIV/0! | BV72: =BB72 -> 0 | BW72: =BC72 -> 0 | BX72: =ROUND(E72,1) -> 0 | BY72: =ROUND(G72,1) -> 0 | BZ72: NA | CA72: =ROUND(I72,1) -> 0 | CB72: =ROUND(J72,1) -> 0 | CC72: =ROUND(K72,1) -> 0 | CD72: =ROUND(L72,1) -> 0 | CE72: =ROUND(BG72,1) -> 0 | CF72: =ROUND(P72,1) -> 0 | CG72: =ROUND(R72,1) -> 0 | CH72: NA | CI72: =ROUND(T72,1) -> 0 | CJ72: =ROUND(U72,1) -> 0 | CK72: =ROUND(V72,1) -> 0 | CL72: =ROUND(W72,1) -> 0 | CM72: =ROUND(BF72,1) -> 0 | CN72: =ROUND(Y72,1) -> 0 | CO72: =ROUND(AA72,1) -> 0 | CP72: NA | CQ72: =ROUND(AC72,1) -> 0 | CR72: =ROUND(AD72,1) -> 0 | CS72: =ROUND(AE72,1) -> 0 | CT72: =ROUND(AF72,1) -> 0 | CU72: =ROUND(BH72,1) -> 0 | CV72: =AY72 -> 0 | CW72: =ROUND(PPTest!K72,1) -> 0 | CX72: =ROUND(M72,2) -> 0 | CY72: =ROUND(X72,2) -> 0 | CZ72: =BI72 -> 0 | DA72: =BJ72 -> #DIV/0! | DB72: =AV72 -> 0
A73: =A72+1 -> 45725 | B73: 68 | BA73: 14.96 | BD73: =BC73/BB73 -> #DIV/0! | BF73: =ROUND(Q73-BF$2,1) -> 0 | BG73: =ROUND(F73-BG$2,1) -> 0 | BH73: =ROUND(Z73-BH$2,1) -> 0 | BI73: =ROUND((0.6105*(EXP((17.273*P73)/(P73+237.3))))*BH73/100,3) -> 0 | BJ73: =ROUND(BI73/BH73*(100-BH73),3) -> #DIV/0! | BL73: =SUM(AG73:AN73) -> 0 | BM73: =ROUND(AG73/$BL73,3) -> #DIV/0! | BN73: =ROUND(AH73/$BL73,3) -> #DIV/0! | BO73: =ROUND(AI73/$BL73,3) -> #DIV/0! | BP73: =ROUND(AJ73/$BL73,3) -> #DIV/0! | BQ73: =ROUND(AK73/$BL73,3) -> #DIV/0! | BR73: =ROUND(AL73/$BL73,3) -> #DIV/0! | BS73: =ROUND(AM73/$BL73,3) -> #DIV/0! | BT73: =ROUND(AN73/$BL73,3) -> #DIV/0! | BV73: =BB73 -> 0 | BW73: =BC73 -> 0 | BX73: =ROUND(E73,1) -> 0 | BY73: =ROUND(G73,1) -> 0 | BZ73: NA | CA73: =ROUND(I73,1) -> 0 | CB73: =ROUND(J73,1) -> 0 | CC73: =ROUND(K73,1) -> 0 | CD73: =ROUND(L73,1) -> 0 | CE73: =ROUND(BG73,1) -> 0 | CF73: =ROUND(P73,1) -> 0 | CG73: =ROUND(R73,1) -> 0 | CH73: NA | CI73: =ROUND(T73,1) -> 0 | CJ73: =ROUND(U73,1) -> 0 | CK73: =ROUND(V73,1) -> 0 | CL73: =ROUND(W73,1) -> 0 | CM73: =ROUND(BF73,1) -> 0 | CN73: =ROUND(Y73,1) -> 0 | CO73: =ROUND(AA73,1) -> 0 | CP73: NA | CQ73: =ROUND(AC73,1) -> 0 | CR73: =ROUND(AD73,1) -> 0 | CS73: =ROUND(AE73,1) -> 0 | CT73: =ROUND(AF73,1) -> 0 | CU73: =ROUND(BH73,1) -> 0 | CV73: =AY73 -> 0 | CW73: =ROUND(PPTest!K73,1) -> 0 | CX73: =ROUND(M73,2) -> 0 | CY73: =ROUND(X73,2) -> 0 | CZ73: =BI73 -> 0 | DA73: =BJ73 -> #DIV/0! | DB73: =AV73 -> 0
A74: =A73+1 -> 45726 | B74: 69 | BA74: 15.22 | BD74: =BC74/BB74 -> #DIV/0! | BF74: =ROUND(Q74-BF$2,1) -> 0 | BG74: =ROUND(F74-BG$2,1) -> 0 | BH74: =ROUND(Z74-BH$2,1) -> 0 | BI74: =ROUND((0.6105*(EXP((17.273*P74)/(P74+237.3))))*BH74/100,3) -> 0 | BJ74: =ROUND(BI74/BH74*(100-BH74),3) -> #DIV/0! | BL74: =SUM(AG74:AN74) -> 0 | BM74: =ROUND(AG74/$BL74,3) -> #DIV/0! | BN74: =ROUND(AH74/$BL74,3) -> #DIV/0! | BO74: =ROUND(AI74/$BL74,3) -> #DIV/0! | BP74: =ROUND(AJ74/$BL74,3) -> #DIV/0! | BQ74: =ROUND(AK74/$BL74,3) -> #DIV/0! | BR74: =ROUND(AL74/$BL74,3) -> #DIV/0! | BS74: =ROUND(AM74/$BL74,3) -> #DIV/0! | BT74: =ROUND(AN74/$BL74,3) -> #DIV/0! | BV74: =BB74 -> 0 | BW74: =BC74 -> 0 | BX74: =ROUND(E74,1) -> 0 | BY74: =ROUND(G74,1) -> 0 | BZ74: NA | CA74: =ROUND(I74,1) -> 0 | CB74: =ROUND(J74,1) -> 0 | CC74: =ROUND(K74,1) -> 0 | CD74: =ROUND(L74,1) -> 0 | CE74: =ROUND(BG74,1) -> 0 | CF74: =ROUND(P74,1) -> 0 | CG74: =ROUND(R74,1) -> 0 | CH74: NA | CI74: =ROUND(T74,1) -> 0 | CJ74: =ROUND(U74,1) -> 0 | CK74: =ROUND(V74,1) -> 0 | CL74: =ROUND(W74,1) -> 0 | CM74: =ROUND(BF74,1) -> 0 | CN74: =ROUND(Y74,1) -> 0 | CO74: =ROUND(AA74,1) -> 0 | CP74: NA | CQ74: =ROUND(AC74,1) -> 0 | CR74: =ROUND(AD74,1) -> 0 | CS74: =ROUND(AE74,1) -> 0 | CT74: =ROUND(AF74,1) -> 0 | CU74: =ROUND(BH74,1) -> 0 | CV74: =AY74 -> 0 | CW74: =ROUND(PPTest!K74,1) -> 0 | CX74: =ROUND(M74,2) -> 0 | CY74: =ROUND(X74,2) -> 0 | CZ74: =BI74 -> 0 | DA74: =BJ74 -> #DIV/0! | DB74: =AV74 -> 0
... A370: =A369+1 -> 46022 | B370: 365 | BA370: 4.56 | BD370: =BC370/BB370 -> #DIV/0! | BF370: =ROUND(Q370-BF$2,1) -> 0 | BG370: =ROUND(F370-BG$2,1) -> 0 | BH370: =ROUND(Z370-BH$2,1) -> 0 | BI370: =ROUND((0.6105*(EXP((17.273*P370)/(P370+237.3))))*BH370/100,3) -> 0 | BJ370: =ROUND(BI370/BH370*(100-BH370),3) -> #DIV/0! | BL370: =SUM(AG370:AN370) -> 0 | BM370: =ROUND(AG370/$BL370,3) -> #DIV/0! | BN370: =ROUND(AH370/$BL370,3) -> #DIV/0! | BO370: =ROUND(AI370/$BL370,3) -> #DIV/0! | BP370: =ROUND(AJ370/$BL370,3) -> #DIV/0! | BQ370: =ROUND(AK370/$BL370,3) -> #DIV/0! | BR370: =ROUND(AL370/$BL370,3) -> #DIV/0! | BS370: =ROUND(AM370/$BL370,3) -> #DIV/0! | BT370: =ROUND(AN370/$BL370,3) -> #DIV/0! | BV370: =BB370 -> 0 | BW370: =BC370 -> 0 | BX370: =ROUND(E370,1) -> 0 | BY370: =ROUND(G370,1) -> 0 | BZ370: NA | CA370: =ROUND(I370,1) -> 0 | CB370: =ROUND(J370,1) -> 0 | CC370: =ROUND(K370,1) -> 0 | CD370: =ROUND(L370,1) -> 0 | CE370: =ROUND(BG370,1) -> 0 | CF370: =ROUND(P370,1) -> 0 | CG370: =ROUND(R370,1) -> 0 | CH370: NA | CI370: =ROUND(T370,1) -> 0 | CJ370: =ROUND(U370,1) -> 0 | CK370: =ROUND(V370,1) -> 0 | CL370: =ROUND(W370,1) -> 0 | CM370: =ROUND(BF370,1) -> 0 | CN370: =ROUND(Y370,1) -> 0 | CO370: =ROUND(AA370,1) -> 0 | CP370: NA | CQ370: =ROUND(AC370,1) -> 0 | CR370: =ROUND(AD370,1) -> 0 | CS370: =ROUND(AE370,1) -> 0 | CT370: =ROUND(AF370,1) -> 0 | CU370: =ROUND(BH370,1) -> 0 | CV370: =AY370 -> 0 | CW370: =ROUND(PPTest!K370,1) -> 0 | CX370: =ROUND(M370,2) -> 0 | CY370: =ROUND(X370,2) -> 0 | CZ370: =BI370 -> 0 | DA370: =BJ370 -> #DIV/0! | DB370: =AV370 -> 0
A373: Monthly Averages | C373: Solar | D373: Refl | E373: Ta 6m | F373: RH | G373: Ta 3m | H373: Ta 1.5m | I373: Ta 0.25m | J373: Tsoil_Duff | K373: Tsoil_0.15 | L373: Tsoil_0.5 | M373: Wind | N373: Rain | P373: Ta 6X | R373: Ta 3x | S373: Ta 3xx | T373: Ta 0.25X | U373: Tduffx | X373: WindX | Y373: Ta 6m | Z373: RHm | AA373: Ta 3m | AB373: Ta 3mm | AC373: Ta 0.25m | AD373: Tduffm | AY373: Depth at end of month | BB373: Solar | BC373: Reflect | BD373: Albedo | BH373: RHm | BI373: RHmm | BJ373: TXRHn | BL373: vpd | BM373: vpdxx
A374: January | C374: =ROUND(AVERAGE(C6:C36),2) -> 2.24 | D374: =ROUND(AVERAGE(D6:D36),2) -> 2.09 | E374: =ROUND(AVERAGE(E6:E36),1) -> -8.1 | F374: =ROUND(AVERAGE(F6:F36),1) -> 89.2 | G374: =ROUND(AVERAGE(G6:G36),1) -> -8 | H374: =ROUND(AVERAGE(H6:H36),1) -> #DIV/0! | I374: =ROUND(AVERAGE(I6:I36),1) -> 0.8 | J374: =ROUND(AVERAGE(J6:J36),1) -> 0.5 | K374: =ROUND(AVERAGE(K6:K36),1) -> 1.1 | L374: =ROUND(AVERAGE(L6:L36),1) -> 1.7 | M374: =ROUND(AVERAGE(M6:M36),1) -> 0 | N374: =SUM(N6:N36) -> 0 | P374: =ROUND(AVERAGE(P6:P36),1) -> -3.3 | R374: =ROUND(AVERAGE(R6:R36),1) -> -1.9 | S374: =ROUND(MAX(R6:R36),1) -> 7.3 | T374: =ROUND(AVERAGE(T6:T36),1) -> 0.9 | U374: =ROUND(AVERAGE(U6:U36),1) -> 0.6 | X374: =ROUND(AVERAGE(X6:X36),1) -> 0.9 | Y374: =ROUND(AVERAGE(Y6:Y36),1) -> -12.2 | Z374: =ROUND(AVERAGE(Z6:Z36),1) -> 77.8 | AA374: =ROUND(AVERAGE(AA6:AA36),1) -> -12.5 | AB374: =ROUND(MIN(AA6:AA36),1) -> -21.9 | AC374: =ROUND(AVERAGE(AC6:AC36),1) -> 0.7 | AD374: =ROUND(AVERAGE(AD6:AD36),1) -> 0.5 | AY374: =AY36 -> 1032 | BB374: =ROUND(AVERAGE(BB6:BB36),2) -> 2.62 | BC374: =ROUND(AVERAGE(BC6:BC36),2) -> 1.98 | BD374: =BC374/BB374 -> 0.75572519 | BH374: =ROUND(AVERAGE(BH6:BH36),1) -> 77.8 | BI374: =ROUND(MIN(BH6:BH36),1) -> 47.3 | BJ374: =ROUND(AVERAGE(BI6:BI36),3) -> 0.376 | BL374: =ROUND(AVERAGE(BJ6:BJ36),2) -> 0.12 | BM374: =ROUND(MAX(BJ6:BJ36),2) -> 0.38
A375: February | C375: =ROUND(AVERAGE(C37:C64),2) -> 3.93 | D375: =ROUND(AVERAGE(D37:D64),2) -> 4.43 | E375: =ROUND(AVERAGE(E37:E64),1) -> -11.2 | F375: =ROUND(AVERAGE(F37:F64),1) -> 82.3 | G375: =ROUND(AVERAGE(G37:G64),1) -> -11 | H375: =ROUND(AVERAGE(H37:H64),1) -> #DIV/0! | I375: =ROUND(AVERAGE(I37:I64),1) -> 0.7 | J375: =ROUND(AVERAGE(J37:J64),1) -> 0.2 | K375: =ROUND(AVERAGE(K37:K64),1) -> 0.9 | L375: =ROUND(AVERAGE(L37:L64),1) -> 1.5 | M375: =ROUND(AVERAGE(M37:M64),1) -> 0.1 | N375: =SUM(N37:N64) -> 33.27 | P375: =ROUND(AVERAGE(P37:P64),1) -> -5.5 | R375: =ROUND(AVERAGE(R37:R64),1) -> -2.9 | S375: =ROUND(MAX(R37:R64),1) -> 7.9 | T375: =ROUND(AVERAGE(T37:T64),1) -> 0.8 | U375: =ROUND(AVERAGE(U37:U64),1) -> 0.3 | X375: =ROUND(AVERAGE(X37:X64),1) -> 2 | Y375: =ROUND(AVERAGE(Y37:Y64),1) -> -16.8 | Z375: =ROUND(AVERAGE(Z37:Z64),1) -> 64.7 | AA375: =ROUND(AVERAGE(AA37:AA64),1) -> -17.1 | AB375: =ROUND(MIN(AA37:AA64),1) -> -31.1 | AC375: =ROUND(AVERAGE(AC37:AC64),1) -> 0.6 | AD375: =ROUND(AVERAGE(AD37:AD64),1) -> 0.2 | AY375: =AY64 -> 0 | BB375: =ROUND(AVERAGE(BB37:BB64),2) -> 5.08 | BC375: =ROUND(AVERAGE(BC37:BC64),2) -> 4.08 | BD375: =BC375/BB375 -> 0.80314961 | BH375: =ROUND(AVERAGE(BH37:BH64),1) -> 60.1 | BI375: =ROUND(MIN(BH37:BH64),1) -> 0 | BJ375: =ROUND(AVERAGE(BI37:BI64),3) -> 0.268 | BL375: =ROUND(AVERAGE(BJ37:BJ64),2) -> #DIV/0! | BM375: =ROUND(MAX(BJ37:BJ64),2) -> #DIV/0!
A376: March | C376: =ROUND(AVERAGE(C65:C95),2) -> #DIV/0! | D376: =ROUND(AVERAGE(D65:D95),2) -> #DIV/0! | E376: =ROUND(AVERAGE(E65:E95),1) -> #DIV/0! | F376: =ROUND(AVERAGE(F65:F95),1) -> #DIV/0! | G376: =ROUND(AVERAGE(G65:G95),1) -> #DIV/0! | H376: =ROUND(AVERAGE(H65:H95),1) -> #DIV/0! | I376: =ROUND(AVERAGE(I65:I95),1) -> #DIV/0! | J376: =ROUND(AVERAGE(J65:J95),1) -> #DIV/0! | K376: =ROUND(AVERAGE(K65:K95),1) -> #DIV/0! | L376: =ROUND(AVERAGE(L65:L95),1) -> #DIV/0! | M376: =ROUND(AVERAGE(M65:M95),1) -> #DIV/0! | N376: =SUM(N65:N95) -> 0 | P376: =ROUND(AVERAGE(P65:P95),1) -> #DIV/0! | R376: =ROUND(AVERAGE(R65:R95),1) -> #DIV/0! | S376: =ROUND(MAX(R65:R95),1) -> 0 | T376: =ROUND(AVERAGE(T65:T95),1) -> #DIV/0! | U376: =ROUND(AVERAGE(U65:U95),1) -> #DIV/0! | X376: =ROUND(AVERAGE(X65:X95),1) -> #DIV/0! | Y376: =ROUND(AVERAGE(Y65:Y95),1) -> #DIV/0! | Z376: =ROUND(AVERAGE(Z65:Z95),1) -> #DIV/0! | AA376: =ROUND(AVERAGE(AA65:AA95),1) -> #DIV/0! | AB376: =ROUND(MIN(AA65:AA95),1) -> 0 | AC376: =ROUND(AVERAGE(AC65:AC95),1) -> #DIV/0! | AD376: =ROUND(AVERAGE(AD65:AD95),1) -> #DIV/0! | AY376: =AY95 -> 0 | BB376: =ROUND(AVERAGE(BB65:BB95),2) -> #DIV/0! | BC376: =ROUND(AVERAGE(BC65:BC95),2) -> #DIV/0! | BD376: =BC376/BB376 -> #DIV/0! | BH376: =ROUND(AVERAGE(BH65:BH95),1) -> 0 | BI376: =ROUND(MIN(BH65:BH95),1) -> 0 | BJ376: =ROUND(AVERAGE(BI65:BI95),3) -> 0 | BL376: =ROUND(AVERAGE(BJ65:BJ95),2) -> #DIV/0! | BM376: =ROUND(MAX(BJ65:BJ95),2) -> #DIV/0!
A377: April | C377: =ROUND(AVERAGE(C96:C125),2) -> #DIV/0! | D377: =ROUND(AVERAGE(D96:D125),2) -> #DIV/0! | E377: =ROUND(AVERAGE(E96:E125),1) -> #DIV/0! | F377: =ROUND(AVERAGE(F96:F125),1) -> #DIV/0! | G377: =ROUND(AVERAGE(G96:G125),1) -> #DIV/0! | H377: =ROUND(AVERAGE(H96:H125),1) -> #DIV/0! | I377: =ROUND(AVERAGE(I96:I125),1) -> #DIV/0! | J377: =ROUND(AVERAGE(J96:J125),1) -> #DIV/0! | K377: =ROUND(AVERAGE(K96:K125),1) -> #DIV/0! | L377: =ROUND(AVERAGE(L96:L125),1) -> #DIV/0! | M377: =ROUND(AVERAGE(M96:M125),1) -> #DIV/0! | N377: =SUM(N96:N125) -> 0 | P377: =ROUND(AVERAGE(P96:P125),1) -> #DIV/0! | R377: =ROUND(AVERAGE(R96:R125),1) -> #DIV/0! | S377: =ROUND(MAX(R96:R125),1) -> 0 | T377: =ROUND(AVERAGE(T96:T125),1) -> #DIV/0! | U377: =ROUND(AVERAGE(U96:U125),1) -> #DIV/0! | X377: =ROUND(AVERAGE(X96:X125),1) -> #DIV/0! | Y377: =ROUND(AVERAGE(Y96:Y125),1) -> #DIV/0! | Z377: =ROUND(AVERAGE(Z96:Z125),1) -> #DIV/0! | AA377: =ROUND(AVERAGE(AA96:AA125),1) -> #DIV/0! | AB377: =ROUND(MIN(AA96:AA125),1) -> 0 | AC377: =ROUND(AVERAGE(AC96:AC125),1) -> #DIV/0! | AD377: =ROUND(AVERAGE(AD96:AD125),1) -> #DIV/0! | AY377: =AY125 -> 0 | BB377: =ROUND(AVERAGE(BB96:BB125),2) -> #DIV/0! | BC377: =ROUND(AVERAGE(BC96:BC125),2) -> #DIV/0! | BD377: =BC377/BB377 -> #DIV/0! | BH377: =ROUND(AVERAGE(BH96:BH125),1) -> 0 | BI377: =ROUND(MIN(BH96:BH125),1) -> 0 | BJ377: =ROUND(AVERAGE(BI96:BI125),3) -> 0 | BL377: =ROUND(AVERAGE(BJ96:BJ125),2) -> #DIV/0! | BM377: =ROUND(MAX(BJ96:BJ125),2) -> #DIV/0!
A378: May | C378: =ROUND(AVERAGE(C126:C156),2) -> #DIV/0! | D378: =ROUND(AVERAGE(D126:D156),2) -> #DIV/0! | E378: =ROUND(AVERAGE(E126:E156),1) -> #DIV/0! | F378: =ROUND(AVERAGE(F126:F156),1) -> #DIV/0! | G378: =ROUND(AVERAGE(G126:G156),1) -> #DIV/0! | H378: =ROUND(AVERAGE(H126:H156),1) -> #DIV/0! | I378: =ROUND(AVERAGE(I126:I156),1) -> #DIV/0! | J378: =ROUND(AVERAGE(J126:J156),1) -> #DIV/0! | K378: =ROUND(AVERAGE(K126:K156),1) -> #DIV/0! | L378: =ROUND(AVERAGE(L126:L156),1) -> #DIV/0! | M378: =ROUND(AVERAGE(M126:M156),1) -> #DIV/0! | N378: =SUM(N126:N156) -> 0 | P378: =ROUND(AVERAGE(P126:P156),1) -> #DIV/0! | R378: =ROUND(AVERAGE(R126:R156),1) -> #DIV/0! | S378: =ROUND(MAX(R126:R156),1) -> 0 | T378: =ROUND(AVERAGE(T126:T156),1) -> #DIV/0! | U378: =ROUND(AVERAGE(U126:U156),1) -> #DIV/0! | X378: =ROUND(AVERAGE(X126:X156),1) -> #DIV/0! | Y378: =ROUND(AVERAGE(Y126:Y156),1) -> #DIV/0! | Z378: =ROUND(AVERAGE(Z126:Z156),1) -> #DIV/0! | AA378: =ROUND(AVERAGE(AA126:AA156),1) -> #DIV/0! | AB378: =ROUND(MIN(AA126:AA156),1) -> 0 | AC378: =ROUND(AVERAGE(AC126:AC156),1) -> #DIV/0! | AD378: =ROUND(AVERAGE(AD126:AD156),1) -> #DIV/0! | AY378: =AY156 -> 0 | BB378: =ROUND(AVERAGE(BB126:BB156),2) -> #DIV/0! | BC378: =ROUND(AVERAGE(BC126:BC156),2) -> #DIV/0! | BD378: =BC378/BB378 -> #DIV/0! | BH378: =ROUND(AVERAGE(BH126:BH156),1) -> 0 | BI378: =ROUND(MIN(BH126:BH156),1) -> 0 | BJ378: =ROUND(AVERAGE(BI126:BI156),3) -> 0 | BL378: =ROUND(AVERAGE(BJ126:BJ156),2) -> #DIV/0! | BM378: =ROUND(MAX(BJ126:BJ156),2) -> #DIV/0!
A379: June | C379: =ROUND(AVERAGE(C157:C186),2) -> #DIV/0! | D379: =ROUND(AVERAGE(D157:D186),2) -> #DIV/0! | E379: =ROUND(AVERAGE(E157:E186),1) -> #DIV/0! | F379: =ROUND(AVERAGE(F157:F186),1) -> #DIV/0! | G379: =ROUND(AVERAGE(G157:G186),1) -> #DIV/0! | H379: =ROUND(AVERAGE(H157:H186),1) -> #DIV/0! | I379: =ROUND(AVERAGE(I157:I186),1) -> #DIV/0! | J379: =ROUND(AVERAGE(J157:J186),1) -> #DIV/0! | K379: =ROUND(AVERAGE(K157:K186),1) -> #DIV/0! | L379: =ROUND(AVERAGE(L157:L186),1) -> #DIV/0! | M379: =ROUND(AVERAGE(M157:M186),1) -> #DIV/0! | N379: =SUM(N157:N186) -> 0 | P379: =ROUND(AVERAGE(P157:P186),1) -> #DIV/0! | R379: =ROUND(AVERAGE(R157:R186),1) -> #DIV/0! | S379: =ROUND(MAX(R157:R186),1) -> 0 | T379: =ROUND(AVERAGE(T157:T186),1) -> #DIV/0! | U379: =ROUND(AVERAGE(U157:U186),1) -> #DIV/0! | X379: =ROUND(AVERAGE(X157:X186),1) -> #DIV/0! | Y379: =ROUND(AVERAGE(Y157:Y186),1) -> #DIV/0! | Z379: =ROUND(AVERAGE(Z157:Z186),1) -> #DIV/0! | AA379: =ROUND(AVERAGE(AA157:AA186),1) -> #DIV/0! | AB379: =ROUND(MIN(AA157:AA186),1) -> 0 | AC379: =ROUND(AVERAGE(AC157:AC186),1) -> #DIV/0! | AD379: =ROUND(AVERAGE(AD157:AD186),1) -> #DIV/0! | BB379: =ROUND(AVERAGE(BB157:BB186),2) -> #DIV/0! | BC379: =ROUND(AVERAGE(BC157:BC186),2) -> #DIV/0! | BD379: =BC379/BB379 -> #DIV/0! | BH379: =ROUND(AVERAGE(BH157:BH186),1) -> 0 | BI379: =ROUND(MIN(BH157:BH186),1) -> 0 | BJ379: =ROUND(AVERAGE(BI157:BI186),3) -> 0 | BL379: =ROUND(AVERAGE(BJ157:BJ186),2) -> #DIV/0! | BM379: =ROUND(MAX(BJ157:BJ186),2) -> #DIV/0!
A380: July | C380: =ROUND(AVERAGE(C187:C217),2) -> #DIV/0! | D380: =ROUND(AVERAGE(D187:D217),2) -> #DIV/0! | E380: =ROUND(AVERAGE(E187:E217),1) -> #DIV/0! | F380: =ROUND(AVERAGE(F187:F217),1) -> #DIV/0! | G380: =ROUND(AVERAGE(G187:G217),1) -> #DIV/0! | H380: =ROUND(AVERAGE(H187:H217),1) -> #DIV/0! | I380: =ROUND(AVERAGE(I187:I217),1) -> #DIV/0! | J380: =ROUND(AVERAGE(J187:J217),1) -> #DIV/0! | K380: =ROUND(AVERAGE(K187:K217),1) -> #DIV/0! | L380: =ROUND(AVERAGE(L187:L217),1) -> #DIV/0! | M380: =ROUND(AVERAGE(M187:M217),1) -> #DIV/0! | N380: =SUM(N187:N217) -> 0 | P380: =ROUND(AVERAGE(P187:P217),1) -> #DIV/0! | R380: =ROUND(AVERAGE(R187:R217),1) -> #DIV/0! | S380: =ROUND(MAX(R187:R217),1) -> 0 | T380: =ROUND(AVERAGE(T187:T217),1) -> #DIV/0! | U380: =ROUND(AVERAGE(U187:U217),1) -> #DIV/0! | X380: =ROUND(AVERAGE(X187:X217),1) -> #DIV/0! | Y380: =ROUND(AVERAGE(Y187:Y217),1) -> #DIV/0! | Z380: =ROUND(AVERAGE(Z187:Z217),1) -> #DIV/0! | AA380: =ROUND(AVERAGE(AA187:AA217),1) -> #DIV/0! | AB380: =ROUND(MIN(AA187:AA217),1) -> 0 | AC380: =ROUND(AVERAGE(AC187:AC217),1) -> #DIV/0! | AD380: =ROUND(AVERAGE(AD187:AD217),1) -> #DIV/0! | BB380: =ROUND(AVERAGE(BB187:BB217),2) -> #DIV/0! | BC380: =ROUND(AVERAGE(BC187:BC217),2) -> #DIV/0! | BD380: =BC380/BB380 -> #DIV/0! | BH380: =ROUND(AVERAGE(BH187:BH217),1) -> 0 | BI380: =ROUND(MIN(BH187:BH217),1) -> 0 | BJ380: =ROUND(AVERAGE(BI187:BI217),3) -> 0 | BL380: =ROUND(AVERAGE(BJ187:BJ217),2) -> #DIV/0! | BM380: =ROUND(MAX(BJ187:BJ217),2) -> #DIV/0!
A381: August | C381: =ROUND(AVERAGE(C218:C248),2) -> #DIV/0! | D381: =ROUND(AVERAGE(D218:D248),2) -> #DIV/0! | E381: =ROUND(AVERAGE(E218:E248),1) -> #DIV/0! | F381: =ROUND(AVERAGE(F218:F248),1) -> #DIV/0! | G381: =ROUND(AVERAGE(G218:G248),1) -> #DIV/0! | H381: =ROUND(AVERAGE(H218:H248),1) -> #DIV/0! | I381: =ROUND(AVERAGE(I218:I248),1) -> #DIV/0! | J381: =ROUND(AVERAGE(J218:J248),1) -> #DIV/0! | K381: =ROUND(AVERAGE(K218:K248),1) -> #DIV/0! | L381: =ROUND(AVERAGE(L218:L248),1) -> #DIV/0! | M381: =ROUND(AVERAGE(M218:M248),1) -> #DIV/0! | N381: =SUM(N218:N248) -> 0 | P381: =ROUND(AVERAGE(P218:P248),1) -> #DIV/0! | R381: =ROUND(AVERAGE(R218:R248),1) -> #DIV/0! | S381: =ROUND(MAX(R218:R248),1) -> 0 | T381: =ROUND(AVERAGE(T218:T248),1) -> #DIV/0! | U381: =ROUND(AVERAGE(U218:U248),1) -> #DIV/0! | X381: =ROUND(AVERAGE(X218:X248),1) -> #DIV/0! | Y381: =ROUND(AVERAGE(Y218:Y248),1) -> #DIV/0! | Z381: =ROUND(AVERAGE(Z218:Z248),1) -> #DIV/0! | AA381: =ROUND(AVERAGE(AA218:AA248),1) -> #DIV/0! | AB381: =ROUND(MIN(AA218:AA248),1) -> 0 | AC381: =ROUND(AVERAGE(AC218:AC248),1) -> #DIV/0! | AD381: =ROUND(AVERAGE(AD218:AD248),1) -> #DIV/0! | BB381: =ROUND(AVERAGE(BB218:BB248),2) -> #DIV/0! | BC381: =ROUND(AVERAGE(BC218:BC248),2) -> #DIV/0! | BD381: =BC381/BB381 -> #DIV/0! | BH381: =ROUND(AVERAGE(BH218:BH248),1) -> 0 | BI381: =ROUND(MIN(BH218:BH248),1) -> 0 | BJ381: =ROUND(AVERAGE(BI218:BI248),3) -> 0 | BL381: =ROUND(AVERAGE(BJ218:BJ248),2) -> #DIV/0! | BM381: =ROUND(MAX(BJ218:BJ248),2) -> #DIV/0!
A382: September | C382: =ROUND(AVERAGE(C249:C278),2) -> #DIV/0! | D382: =ROUND(AVERAGE(D249:D278),2) -> #DIV/0! | E382: =ROUND(AVERAGE(E249:E278),1) -> #DIV/0! | F382: =ROUND(AVERAGE(F249:F278),1) -> #DIV/0! | G382: =ROUND(AVERAGE(G249:G278),1) -> #DIV/0! | H382: =ROUND(AVERAGE(H249:H278),1) -> #DIV/0! | I382: =ROUND(AVERAGE(I249:I278),1) -> #DIV/0! | J382: =ROUND(AVERAGE(J249:J278),1) -> #DIV/0! | K382: =ROUND(AVERAGE(K249:K278),1) -> #DIV/0! | L382: =ROUND(AVERAGE(L249:L278),1) -> #DIV/0! | M382: =ROUND(AVERAGE(M249:M278),1) -> #DIV/0! | N382: =SUM(N249:N278) -> 0 | P382: =ROUND(AVERAGE(P249:P278),1) -> #DIV/0! | R382: =ROUND(AVERAGE(R249:R278),1) -> #DIV/0! | S382: =ROUND(MAX(R249:R278),1) -> 0 | T382: =ROUND(AVERAGE(T249:T278),1) -> #DIV/0! | U382: =ROUND(AVERAGE(U249:U278),1) -> #DIV/0! | X382: =ROUND(AVERAGE(X249:X278),1) -> #DIV/0! | Y382: =ROUND(AVERAGE(Y249:Y278),1) -> #DIV/0! | Z382: =ROUND(AVERAGE(Z249:Z278),1) -> #DIV/0! | AA382: =ROUND(AVERAGE(AA249:AA278),1) -> #DIV/0! | AB382: =ROUND(MIN(AA249:AA278),1) -> 0 | AC382: =ROUND(AVERAGE(AC249:AC278),1) -> #DIV/0! | AD382: =ROUND(AVERAGE(AD249:AD278),1) -> #DIV/0! | AY382: =AY278 -> 0 | BB382: =ROUND(AVERAGE(BB249:BB278),2) -> #DIV/0! | BC382: =ROUND(AVERAGE(BC249:BC278),2) -> #DIV/0! | BD382: =BC382/BB382 -> #DIV/0! | BH382: =ROUND(AVERAGE(BH249:BH278),1) -> 0 | BI382: =ROUND(MIN(BH249:BH278),1) -> 0 | BJ382: =ROUND(AVERAGE(BI249:BI278),3) -> 0 | BL382: =ROUND(AVERAGE(BJ249:BJ278),2) -> #DIV/0! | BM382: =ROUND(MAX(BJ249:BJ278),2) -> #DIV/0!
A383: October | C383: =ROUND(AVERAGE(C279:C309),2) -> #DIV/0! | D383: =ROUND(AVERAGE(D279:D309),2) -> #DIV/0! | E383: =ROUND(AVERAGE(E279:E309),1) -> #DIV/0! | F383: =ROUND(AVERAGE(F279:F309),1) -> #DIV/0! | G383: =ROUND(AVERAGE(G279:G309),1) -> #DIV/0! | H383: =ROUND(AVERAGE(H279:H309),1) -> #DIV/0! | I383: =ROUND(AVERAGE(I279:I309),1) -> #DIV/0! | J383: =ROUND(AVERAGE(J279:J309),1) -> #DIV/0! | K383: =ROUND(AVERAGE(K279:K309),1) -> #DIV/0! | L383: =ROUND(AVERAGE(L279:L309),1) -> #DIV/0! | M383: =ROUND(AVERAGE(M279:M309),1) -> #DIV/0! | N383: =SUM(N279:N309) -> 0 | P383: =ROUND(AVERAGE(P279:P309),1) -> #DIV/0! | R383: =ROUND(AVERAGE(R279:R309),1) -> #DIV/0! | S383: =ROUND(MAX(R279:R309),1) -> 0 | T383: =ROUND(AVERAGE(T279:T309),1) -> #DIV/0! | U383: =ROUND(AVERAGE(U279:U309),1) -> #DIV/0! | X383: =ROUND(AVERAGE(X279:X309),1) -> #DIV/0! | Y383: =ROUND(AVERAGE(Y279:Y309),1) -> #DIV/0! | Z383: =ROUND(AVERAGE(Z279:Z309),1) -> #DIV/0! | AA383: =ROUND(AVERAGE(AA279:AA309),1) -> #DIV/0! | AB383: =ROUND(MIN(AA279:AA309),1) -> 0 | AC383: =ROUND(AVERAGE(AC279:AC309),1) -> #DIV/0! | AD383: =ROUND(AVERAGE(AD279:AD309),1) -> #DIV/0! | AY383: =AY309 -> 0 | BB383: =ROUND(AVERAGE(BB279:BB309),2) -> #DIV/0! | BC383: =ROUND(AVERAGE(BC279:BC309),2) -> #DIV/0! | BD383: =BC383/BB383 -> #DIV/0! | BH383: =ROUND(AVERAGE(BH279:BH309),1) -> 0 | BI383: =ROUND(MIN(BH279:BH309),1) -> 0 | BJ383: =ROUND(AVERAGE(BI279:BI309),3) -> 0 | BL383: =ROUND(AVERAGE(BJ279:BJ309),2) -> #DIV/0! | BM383: =ROUND(MAX(BJ279:BJ309),2) -> #DIV/0!
A384: November | C384: =ROUND(AVERAGE(C310:C339),2) -> #DIV/0! | D384: =ROUND(AVERAGE(D310:D339),2) -> #DIV/0! | E384: =ROUND(AVERAGE(E310:E339),1) -> #DIV/0! | F384: =ROUND(AVERAGE(F310:F339),1) -> #DIV/0! | G384: =ROUND(AVERAGE(G310:G339),1) -> #DIV/0! | H384: =ROUND(AVERAGE(H310:H339),1) -> #DIV/0! | I384: =ROUND(AVERAGE(I310:I339),1) -> #DIV/0! | J384: =ROUND(AVERAGE(J310:J339),1) -> #DIV/0! | K384: =ROUND(AVERAGE(K310:K339),1) -> #DIV/0! | L384: =ROUND(AVERAGE(L310:L339),1) -> #DIV/0! | M384: =ROUND(AVERAGE(M310:M339),1) -> #DIV/0! | N384: =SUM(N310:N339) -> 0 | P384: =ROUND(AVERAGE(P310:P339),1) -> #DIV/0! | R384: =ROUND(AVERAGE(R310:R339),1) -> #DIV/0! | S384: =ROUND(MAX(R310:R339),1) -> 0 | T384: =ROUND(AVERAGE(T310:T339),1) -> #DIV/0! | U384: =ROUND(AVERAGE(U310:U339),1) -> #DIV/0! | X384: =ROUND(AVERAGE(X310:X339),1) -> #DIV/0! | Y384: =ROUND(AVERAGE(Y310:Y339),1) -> #DIV/0! | Z384: =ROUND(AVERAGE(Z310:Z339),1) -> #DIV/0! | AA384: =ROUND(AVERAGE(AA310:AA339),1) -> #DIV/0! | AB384: =ROUND(MIN(AA310:AA339),1) -> 0 | AC384: =ROUND(AVERAGE(AC310:AC339),1) -> #DIV/0! | AD384: =ROUND(AVERAGE(AD310:AD339),1) -> #DIV/0! | AY384: =AY339 -> 0 | BB384: =ROUND(AVERAGE(BB310:BB339),2) -> #DIV/0! | BC384: =ROUND(AVERAGE(BC310:BC339),2) -> #DIV/0! | BD384: =BC384/BB384 -> #DIV/0! | BH384: =ROUND(AVERAGE(BH310:BH339),1) -> 0 | BI384: =ROUND(MIN(BH310:BH339),1) -> 0 | BJ384: =ROUND(AVERAGE(BI310:BI339),3) -> 0 | BL384: =ROUND(AVERAGE(BJ310:BJ339),2) -> #DIV/0! | BM384: =ROUND(MAX(BJ310:BJ339),2) -> #DIV/0!
A385: December | C385: =ROUND(AVERAGE(C340:C370),2) -> #DIV/0! | D385: =ROUND(AVERAGE(D340:D370),2) -> #DIV/0! | E385: =ROUND(AVERAGE(E340:E370),1) -> #DIV/0! | F385: =ROUND(AVERAGE(F340:F370),1) -> #DIV/0! | G385: =ROUND(AVERAGE(G340:G370),1) -> #DIV/0! | H385: =ROUND(AVERAGE(H340:H370),1) -> #DIV/0! | I385: =ROUND(AVERAGE(I340:I370),1) -> #DIV/0! | J385: =ROUND(AVERAGE(J340:J370),1) -> #DIV/0! | K385: =ROUND(AVERAGE(K340:K370),1) -> #DIV/0! | L385: =ROUND(AVERAGE(L340:L370),1) -> #DIV/0! | M385: =ROUND(AVERAGE(M340:M370),1) -> #DIV/0! | N385: =SUM(N340:N370) -> 0 | P385: =ROUND(AVERAGE(P340:P370),1) -> #DIV/0! | R385: =ROUND(AVERAGE(R340:R370),1) -> #DIV/0! | S385: =ROUND(MAX(R340:R370),1) -> 0 | T385: =ROUND(AVERAGE(T340:T370),1) -> #DIV/0! | U385: =ROUND(AVERAGE(U340:U370),1) -> #DIV/0! | X385: =ROUND(AVERAGE(X340:X370),1) -> #DIV/0! | Y385: =ROUND(AVERAGE(Y340:Y370),1) -> #DIV/0! | Z385: =ROUND(AVERAGE(Z340:Z370),1) -> #DIV/0! | AA385: =ROUND(AVERAGE(AA340:AA370),1) -> #DIV/0! | AB385: =ROUND(MIN(AA340:AA370),1) -> 0 | AC385: =ROUND(AVERAGE(AC340:AC370),1) -> #DIV/0! | AD385: =ROUND(AVERAGE(AD340:AD370),1) -> #DIV/0! | AY385: =AY370 -> 0 | BB385: =ROUND(AVERAGE(BB340:BB370),2) -> #DIV/0! | BC385: =ROUND(AVERAGE(BC340:BC370),2) -> #DIV/0! | BD385: =BC385/BB385 -> #DIV/0! | BH385: =ROUND(AVERAGE(BH340:BH370),1) -> 0 | BI385: =ROUND(MIN(BH340:BH370),1) -> 0 | BJ385: =ROUND(AVERAGE(BI340:BI370),3) -> 0 | BL385: =ROUND(AVERAGE(BJ340:BJ370),2) -> #DIV/0! | BM385: =ROUND(MAX(BJ340:BJ370),2) -> #DIV/0!
A387: Jan | C387: =COUNT(C6:C36) -> 31 | D387: =COUNT(D6:D36) -> 31 | E387: =COUNT(E6:E36) -> 31 | F387: =COUNT(F6:F36) -> 31 | G387: =COUNT(G6:G36) -> 31 | H387: =COUNT(H6:H36) -> 0 | I387: =COUNT(I6:I36) -> 31 | J387: =COUNT(J6:J36) -> 31 | ... N387: =COUNT(N6:N36) -> 31 | P387: =COUNT(P6:P36) -> 31 | Q387: =COUNT(Q6:Q36) -> 31 | R387: =COUNT(R6:R36) -> 31 | S387: =COUNT(S6:S36) -> 0 | T387: =COUNT(T6:T36) -> 31 | U387: =COUNT(U6:U36) -> 31 | V387: =COUNT(V6:V36) -> 31 | W387: =COUNT(W6:W36) -> 31 | ... AF387: =COUNT(AF6:AF36) -> 31 | AO387: =COUNT(AO6:AO36) -> 31 | AP387: =COUNT(AP6:AP36) -> 31 | AQ387: =COUNT(AQ6:AQ36) -> 31 | AR387: =COUNT(AR6:AR36) -> 31 | AS387: =COUNT(AS6:AS36) -> 31 | AT387: =COUNT(AT6:AT36) -> 31 | AU387: =COUNT(AU6:AU36) -> 31 | AV387: =COUNT(AV6:AV36) -> 31 | AW387: =COUNT(AW6:AW36) -> 31 | AY387: =COUNT(AY6:AY36) -> 31 | BB387: =COUNT(BB6:BB36) -> 31 | BC387: =COUNT(BC6:BC36) -> 31 | BH387: =COUNT(BH6:BH36) -> 31 | BJ387: =COUNT(BJ6:BJ36) -> 31 | BM387: =COUNT(BM6:BM36) -> 31 | BN387: =COUNT(BN6:BN36) -> 31 | BO387: =COUNT(BO6:BO36) -> 31 | BP387: =COUNT(BP6:BP36) -> 31 | BQ387: =COUNT(BQ6:BQ36) -> 31 | BR387: =COUNT(BR6:BR36) -> 31 | BS387: =COUNT(BS6:BS36) -> 31 | BT387: =COUNT(BT6:BT36) -> 31
A388: Feb | C388: =COUNT(C37:C64) -> 26 | D388: =COUNT(D37:D64) -> 26 | E388: =COUNT(E37:E64) -> 26 | F388: =COUNT(F37:F64) -> 26 | G388: =COUNT(G37:G64) -> 26 | H388: =COUNT(H37:H64) -> 0 | I388: =COUNT(I37:I64) -> 26 | J388: =COUNT(J37:J64) -> 26 | ... N388: =COUNT(N37:N64) -> 26 | P388: =COUNT(P37:P64) -> 26 | Q388: =COUNT(Q37:Q64) -> 26 | R388: =COUNT(R37:R64) -> 26 | S388: =COUNT(S37:S64) -> 0 | T388: =COUNT(T37:T64) -> 26 | U388: =COUNT(U37:U64) -> 26 | V388: =COUNT(V37:V64) -> 26 | W388: =COUNT(W37:W64) -> 26 | ... AF388: =COUNT(AF37:AF64) -> 26 | AO388: =COUNT(AO37:AO64) -> 26 | AP388: =COUNT(AP37:AP64) -> 26 | AQ388: =COUNT(AQ37:AQ64) -> 26 | AR388: =COUNT(AR37:AR64) -> 26 | AS388: =COUNT(AS37:AS64) -> 26 | AT388: =COUNT(AT37:AT64) -> 26 | AU388: =COUNT(AU37:AU64) -> 26 | AV388: =COUNT(AV37:AV64) -> 26 | AW388: =COUNT(AW37:AW64) -> 26 | AY388: =COUNT(AY37:AY64) -> 26 | BB388: =COUNT(BB37:BB64) -> 26 | BC388: =COUNT(BC37:BC64) -> 26 | BH388: =COUNT(BH37:BH64) -> 28 | BJ388: =COUNT(BJ37:BJ64) -> 26 | BM388: =COUNT(BM37:BM64) -> 26 | BN388: =COUNT(BN37:BN64) -> 26 | BO388: =COUNT(BO37:BO64) -> 26 | BP388: =COUNT(BP37:BP64) -> 26 | BQ388: =COUNT(BQ37:BQ64) -> 26 | BR388: =COUNT(BR37:BR64) -> 26 | BS388: =COUNT(BS37:BS64) -> 26 | BT388: =COUNT(BT37:BT64) -> 26
A389: Mar | C389: =COUNT(C65:C95) -> 0 | D389: =COUNT(D65:D95) -> 0 | E389: =COUNT(E65:E95) -> 0 | F389: =COUNT(F65:F95) -> 0 | G389: =COUNT(G65:G95) -> 0 | H389: =COUNT(H65:H95) -> 0 | I389: =COUNT(I65:I95) -> 0 | J389: =COUNT(J65:J95) -> 0 | ... N389: =COUNT(N65:N95) -> 0 | P389: =COUNT(P65:P95) -> 0 | Q389: =COUNT(Q65:Q95) -> 0 | R389: =COUNT(R65:R95) -> 0 | S389: =COUNT(S65:S95) -> 0 | T389: =COUNT(T65:T95) -> 0 | U389: =COUNT(U65:U95) -> 0 | V389: =COUNT(V65:V95) -> 0 | W389: =COUNT(W65:W95) -> 0 | ... AF389: =COUNT(AF65:AF95) -> 0 | AO389: =COUNT(AO65:AO95) -> 0 | AP389: =COUNT(AP65:AP95) -> 0 | AQ389: =COUNT(AQ65:AQ95) -> 0 | AR389: =COUNT(AR65:AR95) -> 0 | AS389: =COUNT(AS65:AS95) -> 0 | AT389: =COUNT(AT65:AT95) -> 0 | AU389: =COUNT(AU65:AU95) -> 0 | AV389: =COUNT(AV65:AV95) -> 0 | AW389: =COUNT(AW65:AW95) -> 0 | AY389: =COUNT(AY65:AY95) -> 0 | BB389: =COUNT(BB65:BB95) -> 0 | BC389: =COUNT(BC65:BC95) -> 0 | BH389: =COUNT(BH65:BH95) -> 31 | BJ389: =COUNT(BJ65:BJ95) -> 0 | BM389: =COUNT(BM65:BM95) -> 0 | BN389: =COUNT(BN65:BN95) -> 0 | BO389: =COUNT(BO65:BO95) -> 0 | BP389: =COUNT(BP65:BP95) -> 0 | BQ389: =COUNT(BQ65:BQ95) -> 0 | BR389: =COUNT(BR65:BR95) -> 0 | BS389: =COUNT(BS65:BS95) -> 0 | BT389: =COUNT(BT65:BT95) -> 0
A390: April | C390: =COUNT(C96:C125) -> 0 | D390: =COUNT(D96:D125) -> 0 | E390: =COUNT(E96:E125) -> 0 | F390: =COUNT(F96:F125) -> 0 | G390: =COUNT(G96:G125) -> 0 | H390: =COUNT(H96:H125) -> 0 | I390: =COUNT(I96:I125) -> 0 | J390: =COUNT(J96:J125) -> 0 | ... N390: =COUNT(N96:N125) -> 0 | P390: =COUNT(P96:P125) -> 0 | Q390: =COUNT(Q96:Q125) -> 0 | R390: =COUNT(R96:R125) -> 0 | S390: =COUNT(S96:S125) -> 0 | T390: =COUNT(T96:T125) -> 0 | U390: =COUNT(U96:U125) -> 0 | V390: =COUNT(V96:V125) -> 0 | W390: =COUNT(W96:W125) -> 0 | ... AF390: =COUNT(AF96:AF125) -> 0 | AO390: =COUNT(AO96:AO125) -> 0 | AP390: =COUNT(AP96:AP125) -> 0 | AQ390: =COUNT(AQ96:AQ125) -> 0 | AR390: =COUNT(AR96:AR125) -> 0 | AS390: =COUNT(AS96:AS125) -> 0 | AT390: =COUNT(AT96:AT125) -> 0 | AU390: =COUNT(AU96:AU125) -> 0 | AV390: =COUNT(AV96:AV125) -> 0 | AW390: =COUNT(AW96:AW125) -> 0 | AY390: =COUNT(AY96:AY125) -> 0 | BB390: =COUNT(BB96:BB125) -> 0 | BC390: =COUNT(BC96:BC125) -> 0 | BH390: =COUNT(BH96:BH125) -> 30 | BJ390: =COUNT(BJ96:BJ125) -> 0 | BM390: =COUNT(BM96:BM125) -> 0 | BN390: =COUNT(BN96:BN125) -> 0 | BO390: =COUNT(BO96:BO125) -> 0 | BP390: =COUNT(BP96:BP125) -> 0 | BQ390: =COUNT(BQ96:BQ125) -> 0 | BR390: =COUNT(BR96:BR125) -> 0 | BS390: =COUNT(BS96:BS125) -> 0 | BT390: =COUNT(BT96:BT125) -> 0
A391: May | C391: =COUNT(C126:C156) -> 0 | D391: =COUNT(D126:D156) -> 0 | E391: =COUNT(E126:E156) -> 0 | F391: =COUNT(F126:F156) -> 0 | G391: =COUNT(G126:G156) -> 0 | H391: =COUNT(H126:H156) -> 0 | I391: =COUNT(I126:I156) -> 0 | J391: =COUNT(J126:J156) -> 0 | ... N391: =COUNT(N126:N156) -> 0 | P391: =COUNT(P126:P156) -> 0 | Q391: =COUNT(Q126:Q156) -> 0 | R391: =COUNT(R126:R156) -> 0 | S391: =COUNT(S126:S156) -> 0 | T391: =COUNT(T126:T156) -> 0 | U391: =COUNT(U126:U156) -> 0 | V391: =COUNT(V126:V156) -> 0 | W391: =COUNT(W126:W156) -> 0 | ... AF391: =COUNT(AF126:AF156) -> 0 | AO391: =COUNT(AO126:AO156) -> 0 | AP391: =COUNT(AP126:AP156) -> 0 | AQ391: =COUNT(AQ126:AQ156) -> 0 | AR391: =COUNT(AR126:AR156) -> 0 | AS391: =COUNT(AS126:AS156) -> 0 | AT391: =COUNT(AT126:AT156) -> 0 | AU391: =COUNT(AU126:AU156) -> 0 | AV391: =COUNT(AV126:AV156) -> 0 | AW391: =COUNT(AW126:AW156) -> 0 | AY391: =COUNT(AY126:AY156) -> 0 | BB391: =COUNT(BB126:BB156) -> 0 | BC391: =COUNT(BC126:BC156) -> 0 | BH391: =COUNT(BH126:BH156) -> 31 | BJ391: =COUNT(BJ126:BJ156) -> 0 | BM391: =COUNT(BM126:BM156) -> 0 | BN391: =COUNT(BN126:BN156) -> 0 | BO391: =COUNT(BO126:BO156) -> 0 | BP391: =COUNT(BP126:BP156) -> 0 | BQ391: =COUNT(BQ126:BQ156) -> 0 | BR391: =COUNT(BR126:BR156) -> 0 | BS391: =COUNT(BS126:BS156) -> 0 | BT391: =COUNT(BT126:BT156) -> 0
A392: June | C392: =COUNT(C157:C186) -> 0 | D392: =COUNT(D157:D186) -> 0 | E392: =COUNT(E157:E186) -> 0 | F392: =COUNT(F157:F186) -> 0 | G392: =COUNT(G157:G186) -> 0 | H392: =COUNT(H157:H186) -> 0 | I392: =COUNT(I157:I186) -> 0 | J392: =COUNT(J157:J186) -> 0 | ... N392: =COUNT(N157:N186) -> 0 | P392: =COUNT(P157:P186) -> 0 | Q392: =COUNT(Q157:Q186) -> 0 | R392: =COUNT(R157:R186) -> 0 | S392: =COUNT(S157:S186) -> 0 | T392: =COUNT(T157:T186) -> 0 | U392: =COUNT(U157:U186) -> 0 | V392: =COUNT(V157:V186) -> 0 | W392: =COUNT(W157:W186) -> 0 | ... AF392: =COUNT(AF157:AF186) -> 0 | AO392: =COUNT(AO157:AO186) -> 0 | AP392: =COUNT(AP157:AP186) -> 0 | AQ392: =COUNT(AQ157:AQ186) -> 0 | AR392: =COUNT(AR157:AR186) -> 0 | AS392: =COUNT(AS157:AS186) -> 0 | AT392: =COUNT(AT157:AT186) -> 0 | AU392: =COUNT(AU157:AU186) -> 0 | AV392: =COUNT(AV157:AV186) -> 0 | AW392: =COUNT(AW157:AW186) -> 0 | AY392: =COUNT(AY157:AY186) -> 0 | BB392: =COUNT(BB157:BB186) -> 0 | BC392: =COUNT(BC157:BC186) -> 0 | BH392: =COUNT(BH157:BH186) -> 30 | BJ392: =COUNT(BJ157:BJ186) -> 0 | BM392: =COUNT(BM157:BM186) -> 0 | BN392: =COUNT(BN157:BN186) -> 0 | BO392: =COUNT(BO157:BO186) -> 0 | BP392: =COUNT(BP157:BP186) -> 0 | BQ392: =COUNT(BQ157:BQ186) -> 0 | BR392: =COUNT(BR157:BR186) -> 0 | BS392: =COUNT(BS157:BS186) -> 0 | BT392: =COUNT(BT157:BT186) -> 0
A393: July | C393: =COUNT(C187:C217) -> 0 | D393: =COUNT(D187:D217) -> 0 | E393: =COUNT(E187:E217) -> 0 | F393: =COUNT(F187:F217) -> 0 | G393: =COUNT(G187:G217) -> 0 | H393: =COUNT(H187:H217) -> 0 | I393: =COUNT(I187:I217) -> 0 | J393: =COUNT(J187:J217) -> 0 | ... N393: =COUNT(N187:N217) -> 0 | P393: =COUNT(P187:P217) -> 0 | Q393: =COUNT(Q187:Q217) -> 0 | R393: =COUNT(R187:R217) -> 0 | S393: =COUNT(S187:S217) -> 0 | T393: =COUNT(T187:T217) -> 0 | U393: =COUNT(U187:U217) -> 0 | V393: =COUNT(V187:V217) -> 0 | W393: =COUNT(W187:W217) -> 0 | ... AF393: =COUNT(AF187:AF217) -> 0 | AO393: =COUNT(AO187:AO217) -> 0 | AP393: =COUNT(AP187:AP217) -> 0 | AQ393: =COUNT(AQ187:AQ217) -> 0 | AR393: =COUNT(AR187:AR217) -> 0 | AS393: =COUNT(AS187:AS217) -> 0 | AT393: =COUNT(AT187:AT217) -> 0 | AU393: =COUNT(AU187:AU217) -> 0 | AV393: =COUNT(AV187:AV217) -> 0 | AW393: =COUNT(AW187:AW217) -> 0 | AY393: =COUNT(AY187:AY217) -> 0 | BB393: =COUNT(BB187:BB217) -> 0 | BC393: =COUNT(BC187:BC217) -> 0 | BH393: =COUNT(BH187:BH217) -> 31 | BJ393: =COUNT(BJ187:BJ217) -> 0 | BM393: =COUNT(BM187:BM217) -> 0 | BN393: =COUNT(BN187:BN217) -> 0 | BO393: =COUNT(BO187:BO217) -> 0 | BP393: =COUNT(BP187:BP217) -> 0 | BQ393: =COUNT(BQ187:BQ217) -> 0 | BR393: =COUNT(BR187:BR217) -> 0 | BS393: =COUNT(BS187:BS217) -> 0 | BT393: =COUNT(BT187:BT217) -> 0
A394: August | C394: =COUNT(C218:C248) -> 0 | D394: =COUNT(D218:D248) -> 0 | E394: =COUNT(E218:E248) -> 0 | F394: =COUNT(F218:F248) -> 0 | G394: =COUNT(G218:G248) -> 0 | H394: =COUNT(H218:H248) -> 0 | I394: =COUNT(I218:I248) -> 0 | J394: =COUNT(J218:J248) -> 0 | ... N394: =COUNT(N218:N248) -> 0 | P394: =COUNT(P218:P248) -> 0 | Q394: =COUNT(Q218:Q248) -> 0 | R394: =COUNT(R218:R248) -> 0 | S394: =COUNT(S218:S248) -> 0 | T394: =COUNT(T218:T248) -> 0 | U394: =COUNT(U218:U248) -> 0 | V394: =COUNT(V218:V248) -> 0 | W394: =COUNT(W218:W248) -> 0 | ... AF394: =COUNT(AF218:AF248) -> 0 | AO394: =COUNT(AO218:AO248) -> 0 | AP394: =COUNT(AP218:AP248) -> 0 | AQ394: =COUNT(AQ218:AQ248) -> 0 | AR394: =COUNT(AR218:AR248) -> 0 | AS394: =COUNT(AS218:AS248) -> 0 | AT394: =COUNT(AT218:AT248) -> 0 | AU394: =COUNT(AU218:AU248) -> 0 | AV394: =COUNT(AV218:AV248) -> 0 | AW394: =COUNT(AW218:AW248) -> 0 | AY394: =COUNT(AY218:AY248) -> 0 | BB394: =COUNT(BB218:BB248) -> 0 | BC394: =COUNT(BC218:BC248) -> 0 | BH394: =COUNT(BH218:BH248) -> 31 | BJ394: =COUNT(BJ218:BJ248) -> 0 | BM394: =COUNT(BM218:BM248) -> 0 | BN394: =COUNT(BN218:BN248) -> 0 | BO394: =COUNT(BO218:BO248) -> 0 | BP394: =COUNT(BP218:BP248) -> 0 | BQ394: =COUNT(BQ218:BQ248) -> 0 | BR394: =COUNT(BR218:BR248) -> 0 | BS394: =COUNT(BS218:BS248) -> 0 | BT394: =COUNT(BT218:BT248) -> 0
A395: September | C395: =COUNT(C249:C278) -> 0 | D395: =COUNT(D249:D278) -> 0 | E395: =COUNT(E249:E278) -> 0 | F395: =COUNT(F249:F278) -> 0 | G395: =COUNT(G249:G278) -> 0 | H395: =COUNT(H249:H278) -> 0 | I395: =COUNT(I249:I278) -> 0 | J395: =COUNT(J249:J278) -> 0 | ... N395: =COUNT(N249:N278) -> 0 | P395: =COUNT(P249:P278) -> 0 | Q395: =COUNT(Q249:Q278) -> 0 | R395: =COUNT(R249:R278) -> 0 | S395: =COUNT(S249:S278) -> 0 | T395: =COUNT(T249:T278) -> 0 | U395: =COUNT(U249:U278) -> 0 | V395: =COUNT(V249:V278) -> 0 | W395: =COUNT(W249:W278) -> 0 | ... AF395: =COUNT(AF249:AF278) -> 0 | AO395: =COUNT(AO249:AO278) -> 0 | AP395: =COUNT(AP249:AP278) -> 0 | AQ395: =COUNT(AQ249:AQ278) -> 0 | AR395: =COUNT(AR249:AR278) -> 0 | AS395: =COUNT(AS249:AS278) -> 0 | AT395: =COUNT(AT249:AT278) -> 0 | AU395: =COUNT(AU249:AU278) -> 0 | AV395: =COUNT(AV249:AV278) -> 0 | AW395: =COUNT(AW249:AW278) -> 0 | AY395: =COUNT(AY249:AY278) -> 0 | BB395: =COUNT(BB249:BB278) -> 0 | BC395: =COUNT(BC249:BC278) -> 0 | BH395: =COUNT(BH249:BH278) -> 30 | BJ395: =COUNT(BJ249:BJ278) -> 0 | BM395: =COUNT(BM249:BM278) -> 0 | BN395: =COUNT(BN249:BN278) -> 0 | BO395: =COUNT(BO249:BO278) -> 0 | BP395: =COUNT(BP249:BP278) -> 0 | BQ395: =COUNT(BQ249:BQ278) -> 0 | BR395: =COUNT(BR249:BR278) -> 0 | BS395: =COUNT(BS249:BS278) -> 0 | BT395: =COUNT(BT249:BT278) -> 0
A396: October | C396: =COUNT(C279:C309) -> 0 | D396: =COUNT(D279:D309) -> 0 | E396: =COUNT(E279:E309) -> 0 | F396: =COUNT(F279:F309) -> 0 | G396: =COUNT(G279:G309) -> 0 | H396: =COUNT(H279:H309) -> 0 | I396: =COUNT(I279:I309) -> 0 | J396: =COUNT(J279:J309) -> 0 | ... N396: =COUNT(N279:N309) -> 0 | P396: =COUNT(P279:P309) -> 0 | Q396: =COUNT(Q279:Q309) -> 0 | R396: =COUNT(R279:R309) -> 0 | S396: =COUNT(S279:S309) -> 0 | T396: =COUNT(T279:T309) -> 0 | U396: =COUNT(U279:U309) -> 0 | V396: =COUNT(V279:V309) -> 0 | W396: =COUNT(W279:W309) -> 0 | ... AF396: =COUNT(AF279:AF309) -> 0 | AO396: =COUNT(AO279:AO309) -> 0 | AP396: =COUNT(AP279:AP309) -> 0 | AQ396: =COUNT(AQ279:AQ309) -> 0 | AR396: =COUNT(AR279:AR309) -> 0 | AS396: =COUNT(AS279:AS309) -> 0 | AT396: =COUNT(AT279:AT309) -> 0 | AU396: =COUNT(AU279:AU309) -> 0 | AV396: =COUNT(AV279:AV309) -> 0 | AW396: =COUNT(AW279:AW309) -> 0 | AY396: =COUNT(AY279:AY309) -> 0 | BB396: =COUNT(BB279:BB309) -> 0 | BC396: =COUNT(BC279:BC309) -> 0 | BH396: =COUNT(BH279:BH309) -> 31 | BJ396: =COUNT(BJ279:BJ309) -> 0 | BM396: =COUNT(BM279:BM309) -> 0 | BN396: =COUNT(BN279:BN309) -> 0 | BO396: =COUNT(BO279:BO309) -> 0 | BP396: =COUNT(BP279:BP309) -> 0 | BQ396: =COUNT(BQ279:BQ309) -> 0 | BR396: =COUNT(BR279:BR309) -> 0 | BS396: =COUNT(BS279:BS309) -> 0 | BT396: =COUNT(BT279:BT309) -> 0
A397: November | C397: =COUNT(C310:C339) -> 0 | D397: =COUNT(D310:D339) -> 0 | E397: =COUNT(E310:E339) -> 0 | F397: =COUNT(F310:F339) -> 0 | G397: =COUNT(G310:G339) -> 0 | H397: =COUNT(H310:H339) -> 0 | I397: =COUNT(I310:I339) -> 0 | J397: =COUNT(J310:J339) -> 0 | ... N397: =COUNT(N310:N339) -> 0 | P397: =COUNT(P310:P339) -> 0 | Q397: =COUNT(Q310:Q339) -> 0 | R397: =COUNT(R310:R339) -> 0 | S397: =COUNT(S310:S339) -> 0 | T397: =COUNT(T310:T339) -> 0 | U397: =COUNT(U310:U339) -> 0 | V397: =COUNT(V310:V339) -> 0 | W397: =COUNT(W310:W339) -> 0 | ... AF397: =COUNT(AF310:AF339) -> 0 | AO397: =COUNT(AO310:AO339) -> 0 | AP397: =COUNT(AP310:AP339) -> 0 | AQ397: =COUNT(AQ310:AQ339) -> 0 | AR397: =COUNT(AR310:AR339) -> 0 | AS397: =COUNT(AS310:AS339) -> 0 | AT397: =COUNT(AT310:AT339) -> 0 | AU397: =COUNT(AU310:AU339) -> 0 | AV397: =COUNT(AV310:AV339) -> 0 | AW397: =COUNT(AW310:AW339) -> 0 | AY397: =COUNT(AY310:AY339) -> 0 | BB397: =COUNT(BB310:BB339) -> 0 | BC397: =COUNT(BC310:BC339) -> 0 | BH397: =COUNT(BH310:BH339) -> 30 | BJ397: =COUNT(BJ310:BJ339) -> 0 | BM397: =COUNT(BM310:BM339) -> 0 | BN397: =COUNT(BN310:BN339) -> 0 | BO397: =COUNT(BO310:BO339) -> 0 | BP397: =COUNT(BP310:BP339) -> 0 | BQ397: =COUNT(BQ310:BQ339) -> 0 | BR397: =COUNT(BR310:BR339) -> 0 | BS397: =COUNT(BS310:BS339) -> 0 | BT397: =COUNT(BT310:BT339) -> 0
A398: December | C398: =COUNT(C340:C370) -> 0 | D398: =COUNT(D340:D370) -> 0 | E398: =COUNT(E340:E370) -> 0 | F398: =COUNT(F340:F370) -> 0 | G398: =COUNT(G340:G370) -> 0 | H398: =COUNT(H340:H370) -> 0 | I398: =COUNT(I340:I370) -> 0 | J398: =COUNT(J340:J370) -> 0 | ... N398: =COUNT(N340:N370) -> 0 | P398: =COUNT(P340:P370) -> 0 | Q398: =COUNT(Q340:Q370) -> 0 | R398: =COUNT(R340:R370) -> 0 | S398: =COUNT(S340:S370) -> 0 | T398: =COUNT(T340:T370) -> 0 | U398: =COUNT(U340:U370) -> 0 | V398: =COUNT(V340:V370) -> 0 | W398: =COUNT(W340:W370) -> 0 | ... AF398: =COUNT(AF340:AF370) -> 0 | AO398: =COUNT(AO340:AO370) -> 0 | AP398: =COUNT(AP340:AP370) -> 0 | AQ398: =COUNT(AQ340:AQ370) -> 0 | AR398: =COUNT(AR340:AR370) -> 0 | AS398: =COUNT(AS340:AS370) -> 0 | AT398: =COUNT(AT340:AT370) -> 0 | AU398: =COUNT(AU340:AU370) -> 0 | AV398: =COUNT(AV340:AV370) -> 0 | AW398: =COUNT(AW340:AW370) -> 0 | AY398: =COUNT(AY340:AY370) -> 0 | BB398: =COUNT(BB340:BB370) -> 0 | BC398: =COUNT(BC340:BC370) -> 0 | BH398: =COUNT(BH340:BH370) -> 31 | BJ398: =COUNT(BJ340:BJ370) -> 0 | BM398: =COUNT(BM340:BM370) -> 0 | BN398: =COUNT(BN340:BN370) -> 0 | BO398: =COUNT(BO340:BO370) -> 0 | BP398: =COUNT(BP340:BP370) -> 0 | BQ398: =COUNT(BQ340:BQ370) -> 0 | BR398: =COUNT(BR340:BR370) -> 0 | BS398: =COUNT(BS340:BS370) -> 0 | BT398: =COUNT(BT340:BT370) -> 0

Sheet DerVar
A1: Derived variables
A2: =Data!A2 -> Last edit 19/04/25
P5: Sum
A6: Date | B6: Month | C6: DoY | D6: YrMn | E6: DD<0 | F6: DD>5 | I6: Row Labels | J6: Sum of DD<0 | K6: Sum of DD>5 | M6: YrMn | N6: DD<0 | O6: DD>5 | P6: DD<0 | Q6: DD>5
A7: 45658 | B7: 1 | C7: 1 | D7: =202500+B7 -> 202501 | E7: =ROUND(IF(Data!E7<0,0-Data!E7,0),1) -> 7.9 | F7: =ROUND(IF(Data!E7>5,Data!E7-5,0),1) -> 0 | I7: 202501 | J7: 249.4 | K7: 0 | M7: =I7 -> 202501 | N7: =J7 -> 249.4 | O7: =K7 -> 0 | P7: =N7 -> 249.4 | Q7: =O7 -> 0
A8: =A7+1 -> 45659 | B8: 1 | C8: 2 | D8: =202500+B8 -> 202501 | E8: =ROUND(IF(Data!E8<0,0-Data!E8,0),1) -> 6.3 | F8: =ROUND(IF(Data!E8>5,Data!E8-5,0),1) -> 0 | I8: 202502 | J8: 284.7 | K8: 0 | M8: =I8 -> 202502 | N8: =J8 -> 284.7 | O8: =K8 -> 0 | P8: =N8+P7 -> 534.1 | Q8: =O8+Q7 -> 0
A9: =A8+1 -> 45660 | B9: 1 | C9: 3 | D9: =202500+B9 -> 202501 | E9: =ROUND(IF(Data!E9<0,0-Data!E9,0),1) -> 4.2 | F9: =ROUND(IF(Data!E9>5,Data!E9-5,0),1) -> 0 | I9: 202503 | J9: 0 | K9: 0 | M9: =I9 -> 202503 | N9: =J9 -> 0 | O9: =K9 -> 0 | P9: =N9+P8 -> 534.1 | Q9: =O9+Q8 -> 0
A10: =A9+1 -> 45661 | B10: 1 | C10: 4 | D10: =202500+B10 -> 202501 | E10: =ROUND(IF(Data!E10<0,0-Data!E10,0),1) -> 4 | F10: =ROUND(IF(Data!E10>5,Data!E10-5,0),1) -> 0 | I10: 202504 | J10: 0 | K10: 0 | M10: =I10 -> 202504 | N10: =J10 -> 0 | O10: =K10 -> 0 | P10: =N10+P9 -> 534.1 | Q10: =O10+Q9 -> 0
A11: =A10+1 -> 45662 | B11: 1 | C11: 5 | D11: =202500+B11 -> 202501 | E11: =ROUND(IF(Data!E11<0,0-Data!E11,0),1) -> 5.2 | F11: =ROUND(IF(Data!E11>5,Data!E11-5,0),1) -> 0 | I11: 202505 | J11: 0 | K11: 0 | M11: =I11 -> 202505 | N11: =J11 -> 0 | O11: =K11 -> 0 | P11: =N11+P10 -> 534.1 | Q11: =O11+Q10 -> 0
A12: =A11+1 -> 45663 | B12: 1 | C12: 6 | D12: =202500+B12 -> 202501 | E12: =ROUND(IF(Data!E12<0,0-Data!E12,0),1) -> 7.5 | F12: =ROUND(IF(Data!E12>5,Data!E12-5,0),1) -> 0 | I12: 202506 | J12: 0 | K12: 0 | M12: =I12 -> 202506 | N12: =J12 -> 0 | O12: =K12 -> 0 | P12: =N12+P11 -> 534.1 | Q12: =O12+Q11 -> 0
A13: =A12+1 -> 45664 | B13: 1 | C13: 7 | D13: =202500+B13 -> 202501 | E13: =ROUND(IF(Data!E13<0,0-Data!E13,0),1) -> 4.8 | F13: =ROUND(IF(Data!E13>5,Data!E13-5,0),1) -> 0 | I13: 202507 | J13: 0 | K13: 0 | M13: =I13 -> 202507 | N13: =J13 -> 0 | O13: =K13 -> 0 | P13: =N13+P12 -> 534.1 | Q13: =O13+Q12 -> 0
A14: =A13+1 -> 45665 | B14: 1 | C14: 8 | D14: =202500+B14 -> 202501 | E14: =ROUND(IF(Data!E14<0,0-Data!E14,0),1) -> 6.4 | F14: =ROUND(IF(Data!E14>5,Data!E14-5,0),1) -> 0 | I14: 202508 | J14: 0 | K14: 0 | M14: =I14 -> 202508 | N14: =J14 -> 0 | O14: =K14 -> 0 | P14: =N14+P13 -> 534.1 | Q14: =O14+Q13 -> 0
A15: =A14+1 -> 45666 | B15: 1 | C15: 9 | D15: =202500+B15 -> 202501 | E15: =ROUND(IF(Data!E15<0,0-Data!E15,0),1) -> 5 | F15: =ROUND(IF(Data!E15>5,Data!E15-5,0),1) -> 0 | I15: 202509 | J15: 0 | K15: 0 | M15: =I15 -> 202509 | N15: =J15 -> 0 | O15: =K15 -> 0 | P15: =N15+P14 -> 534.1 | Q15: =O15+Q14 -> 0
A16: =A15+1 -> 45667 | B16: 1 | C16: 10 | D16: =202500+B16 -> 202501 | E16: =ROUND(IF(Data!E16<0,0-Data!E16,0),1) -> 4.4 | F16: =ROUND(IF(Data!E16>5,Data!E16-5,0),1) -> 0 | I16: 202510 | J16: 0 | K16: 0 | M16: =I16 -> 202510 | N16: =J16 -> 0 | O16: =K16 -> 0 | P16: =N16+P15 -> 534.1 | Q16: =O16+Q15 -> 0
A17: =A16+1 -> 45668 | B17: 1 | C17: 11 | D17: =202500+B17 -> 202501 | E17: =ROUND(IF(Data!E17<0,0-Data!E17,0),1) -> 5.5 | F17: =ROUND(IF(Data!E17>5,Data!E17-5,0),1) -> 0 | I17: 202511 | J17: 0 | K17: 0 | M17: =I17 -> 202511 | N17: =J17 -> 0 | O17: =K17 -> 0 | P17: =N17+P16 -> 534.1 | Q17: =O17+Q16 -> 0
A18: =A17+1 -> 45669 | B18: 1 | C18: 12 | D18: =202500+B18 -> 202501 | E18: =ROUND(IF(Data!E18<0,0-Data!E18,0),1) -> 10.1 | F18: =ROUND(IF(Data!E18>5,Data!E18-5,0),1) -> 0 | I18: 202512 | J18: 0 | K18: 0 | M18: =I18 -> 202512 | N18: =J18 -> 0 | O18: =K18 -> 0 | P18: =N18+P17 -> 534.1 | Q18: =O18+Q17 -> 0
A19: =A18+1 -> 45670 | B19: 1 | C19: 13 | D19: =202500+B19 -> 202501 | E19: =ROUND(IF(Data!E19<0,0-Data!E19,0),1) -> 5.7 | F19: =ROUND(IF(Data!E19>5,Data!E19-5,0),1) -> 0 | I19: Grand Total | J19: 534.1 | K19: 0
A20: =A19+1 -> 45671 | B20: 1 | C20: 14 | D20: =202500+B20 -> 202501 | E20: =ROUND(IF(Data!E20<0,0-Data!E20,0),1) -> 3.9 | F20: =ROUND(IF(Data!E20>5,Data!E20-5,0),1) -> 0
A21: =A20+1 -> 45672 | B21: 1 | C21: 15 | D21: =202500+B21 -> 202501 | E21: =ROUND(IF(Data!E21<0,0-Data!E21,0),1) -> 5.3 | F21: =ROUND(IF(Data!E21>5,Data!E21-5,0),1) -> 0
A22: =A21+1 -> 45673 | B22: 1 | C22: 16 | D22: =202500+B22 -> 202501 | E22: =ROUND(IF(Data!E22<0,0-Data!E22,0),1) -> 8.8 | F22: =ROUND(IF(Data!E22>5,Data!E22-5,0),1) -> 0
A23: =A22+1 -> 45674 | B23: 1 | C23: 17 | D23: =202500+B23 -> 202501 | E23: =ROUND(IF(Data!E23<0,0-Data!E23,0),1) -> 11.8 | F23: =ROUND(IF(Data!E23>5,Data!E23-5,0),1) -> 0
A24: =A23+1 -> 45675 | B24: 1 | C24: 18 | D24: =202500+B24 -> 202501 | E24: =ROUND(IF(Data!E24<0,0-Data!E24,0),1) -> 13.4 | F24: =ROUND(IF(Data!E24>5,Data!E24-5,0),1) -> 0
A25: =A24+1 -> 45676 | B25: 1 | C25: 19 | D25: =202500+B25 -> 202501 | E25: =ROUND(IF(Data!E25<0,0-Data!E25,0),1) -> 12.7 | F25: =ROUND(IF(Data!E25>5,Data!E25-5,0),1) -> 0
A26: =A25+1 -> 45677 | B26: 1 | C26: 20 | D26: =202500+B26 -> 202501 | E26: =ROUND(IF(Data!E26<0,0-Data!E26,0),1) -> 11.3 | F26: =ROUND(IF(Data!E26>5,Data!E26-5,0),1) -> 0
A27: =A26+1 -> 45678 | B27: 1 | C27: 21 | D27: =202500+B27 -> 202501 | E27: =ROUND(IF(Data!E27<0,0-Data!E27,0),1) -> 13.6 | F27: =ROUND(IF(Data!E27>5,Data!E27-5,0),1) -> 0
A28: =A27+1 -> 45679 | B28: 1 | C28: 22 | D28: =202500+B28 -> 202501 | E28: =ROUND(IF(Data!E28<0,0-Data!E28,0),1) -> 8.7 | F28: =ROUND(IF(Data!E28>5,Data!E28-5,0),1) -> 0
A29: =A28+1 -> 45680 | B29: 1 | C29: 23 | D29: =202500+B29 -> 202501 | E29: =ROUND(IF(Data!E29<0,0-Data!E29,0),1) -> 10.3 | F29: =ROUND(IF(Data!E29>5,Data!E29-5,0),1) -> 0
A30: =A29+1 -> 45681 | B30: 1 | C30: 24 | D30: =202500+B30 -> 202501 | E30: =ROUND(IF(Data!E30<0,0-Data!E30,0),1) -> 14.5 | F30: =ROUND(IF(Data!E30>5,Data!E30-5,0),1) -> 0
A31: =A30+1 -> 45682 | B31: 1 | C31: 25 | D31: =202500+B31 -> 202501 | E31: =ROUND(IF(Data!E31<0,0-Data!E31,0),1) -> 12.5 | F31: =ROUND(IF(Data!E31>5,Data!E31-5,0),1) -> 0
... A371: =A370+1 -> 46022 | B371: 12 | C371: 365 | D371: =202500+B371 -> 202512 | E371: =ROUND(IF(Data!E371<0,0-Data!E371,0),1) -> 0 | F371: =ROUND(IF(Data!E371>5,Data!E371-5,0),1) -> 0
