Workbook

Sheet Meta
A1: Meta data for Sicamous base station
A2: Last edit 11/04/25
B3: CR10 data logger and storage module
A5: Solar W/m2
B6: LiCor silicon Pyranometer at 6 m
B7: Kmax from 10 min simulation
A8: PAR mol/m2/d
B9: LiCor PAR sensor 6 m above surface. Calibration drift problem
A10: Tair C
B11: HMP35C in RMYoung pie plate sheild at 6 m
B12: Thermocouples referenced to thermistor on panel at 3 m, 1.5 m and 0.25 m
A13: RH %
B14: HMP35C in RMYoung pie plate sheild at 6 m
B15: Corrected RH based on Rhmax=100. Calculated vpres (kPa)
A16: Soil temperature C
B17: Thermocouples referenced to thermistor on panel at 0.15 m and 0.5 m depths
A18: Precipitation mm
B19: Sierra Misco tipping bucket 1 mm/tip
A20: Snow depth m, mm
B21: CSI UDG01
A22: Wind m/s
B23: MetOne anemometer at 6 m
A24: Wind direction degrees
B25: MetOne Wind vane at 6 m
A27: PPT= snow+rain
B28: Snow = Daily increase in pack depth and assumed compacted density of 0.13 Mg/m3
B29: Rain = Rain gauge.
C30: If there is a snow pack then review tiping bucket data to determine if likely snow melt rather than rain, i.e., tipping when above zero and low humidity and sunny.
C31: Also sum tipping bucket over days to see if simialr total to water equivalent of snow fal from depth change.
C32: April-May, Dec used Sicamous Fire Weather Station rainfall adjusted by *1.05
A33: Vapour pressure kPa
B34: Calculated from the daily maximum temperature and mininimum relative humdity: esat(Tmax)*RHmin/100
A35: Maximum vapour presure deficit
B36: Calculated from the daily maximum temperature and mininimum relative humdity: esat(Tmax)*(1-RHmin/100)

Sheet PPTest
A1: Precipitation | I1: 0.13 | K1: Rain | P1: Max density | Q1: 0.4
A2: =Data!A2 -> Last edit 18/04/25 | K2: SnowDepthChange | P2: Start Density | Q2: 0.334
C3: Total | K3: FWS* | L3: 1.05
C4: Solar | D4: Tmax | E4: Tmin | F4: Rhmin | G4: Rain | H4: SnowD | I4: Precip.from | J4: FWS | M4: FWS | N4: Sicamous | P4: density | R4: SWE | S4: dSWE | T4: Melt
A5: Date | B5: DoY | C5: MJ/m2/d | I5: snow depth | K5: Precipitation | P5: g/cm3 | R5: mm | S5: mm | T5: mm
H6: =Data!BE6 -> 583 | Q6: =Q2 -> 0.334 | R6: =H6*Q$2 -> 194.722 | S6: 0 | T6: 0
A7: 38718 | B7: 1 | C7: =ROUND(Data!BI7,2) -> 1.46 | D7: =ROUND(Data!O7,1) -> -0.2 | E7: =ROUND(Data!AA7,1) -> -8.5 | F7: =Data!BN7 -> 71.8 | G7: =Data!N7 -> 0 | H7: =Data!BE7 -> 605 | I7: =IF(H7>H6,ROUND((H7-H6)*I$1,1),0) -> 2.9 | J7: =Data!BR7 -> 0 | K7: =I7 -> 2.9 | M7: =J7 -> 0 | N7: =K7 -> 2.9 | P7: =(R6+K7)/H7 -> 0.32664793 | Q7: =IF(P7>Q$1,Q$1,P7) -> 0.32664793 | R7: =Q7*H7 -> 197.622 | S7: =R7-R6 -> 2.9 | T7: =K7-S7 -> -5.7731597e-15
A8: =A7+1 -> 38719 | B8: 2 | C8: =ROUND(Data!BI8,2) -> 3.17 | D8: =ROUND(Data!O8,1) -> 1.1 | E8: =ROUND(Data!AA8,1) -> -3.9 | F8: =Data!BN8 -> 61.1 | G8: =Data!N8 -> 0 | H8: =Data!BE8 -> 586 | I8: =IF(H8>H7,ROUND((H8-H7)*I$1,1),0) -> 0 | J8: =Data!BR8 -> 0 | K8: =I8 -> 0 | M8: =J8+M7 -> 0 | N8: =K8+N7 -> 2.9 | P8: =(R7+K8)/H8 -> 0.33723891 | Q8: =IF(P8>Q$1,Q$1,P8) -> 0.33723891 | R8: =Q8*H8 -> 197.622 | S8: =R8-R7 -> 0 | T8: =K8-S8 -> 0
A9: =A8+1 -> 38720 | B9: 3 | C9: =ROUND(Data!BI9,2) -> 1.82 | D9: =ROUND(Data!O9,1) -> -1.1 | E9: =ROUND(Data!AA9,1) -> -5.4 | F9: =Data!BN9 -> 62.8 | G9: =Data!N9 -> 0 | H9: =Data!BE9 -> 675 | I9: =IF(H9>H8,ROUND((H9-H8)*I$1,1),0) -> 11.6 | J9: =Data!BR9 -> 0 | K9: =I9 -> 11.6 | M9: =J9+M8 -> 0 | N9: =K9+N8 -> 14.5 | P9: =(R8+K9)/H9 -> 0.30995852 | Q9: =IF(P9>Q$1,Q$1,P9) -> 0.30995852 | R9: =Q9*H9 -> 209.222 | S9: =R9-R8 -> 11.6 | T9: =K9-S9 -> 3.375078e-14
A10: =A9+1 -> 38721 | B10: 4 | C10: =ROUND(Data!BI10,2) -> 2.73 | D10: =ROUND(Data!O10,1) -> 0.3 | E10: =ROUND(Data!AA10,1) -> -5.9 | F10: =Data!BN10 -> 65.6 | G10: =Data!N10 -> 0 | H10: =Data!BE10 -> 661 | I10: =IF(H10>H9,ROUND((H10-H9)*I$1,1),0) -> 0 | J10: =Data!BR10 -> 0 | K10: =I10 -> 0 | M10: =J10+M9 -> 0 | N10: =K10+N9 -> 14.5 | P10: =(R9+K10)/H10 -> 0.31652345 | Q10: =IF(P10>Q$1,Q$1,P10) -> 0.31652345 | R10: =Q10*H10 -> 209.222 | S10: =R10-R9 -> 0 | T10: =K10-S10 -> 0
A11: =A10+1 -> 38722 | B11: 5 | C11: =ROUND(Data!BI11,2) -> 0.64 | D11: =ROUND(Data!O11,1) -> 1.3 | E11: =ROUND(Data!AA11,1) -> -2.9 | F11: =Data!BN11 -> 67 | G11: =Data!N11 -> 0 | H11: =Data!BE11 -> 644 | I11: =IF(H11>H10,ROUND((H11-H10)*I$1,1),0) -> 0 | J11: =Data!BR11 -> 0 | K11: =I11 -> 0 | M11: =J11+M10 -> 0 | N11: =K11+N10 -> 14.5 | P11: =(R10+K11)/H11 -> 0.32487888 | Q11: =IF(P11>Q$1,Q$1,P11) -> 0.32487888 | R11: =Q11*H11 -> 209.222 | S11: =R11-R10 -> 0 | T11: =K11-S11 -> 0
A12: =A11+1 -> 38723 | B12: 6 | C12: =ROUND(Data!BI12,2) -> 1.52 | D12: =ROUND(Data!O12,1) -> 1.9 | E12: =ROUND(Data!AA12,1) -> -1.8 | F12: =Data!BN12 -> 89.1 | G12: =Data!N12 -> 0 | H12: =Data!BE12 -> 645 | I12: =IF(H12>H11,ROUND((H12-H11)*I$1,1),0) -> 0.1 | J12: =Data!BR12 -> 0 | K12: =I12 -> 0.1 | M12: =J12+M11 -> 0 | N12: =K12+N11 -> 14.6 | P12: =(R11+K12)/H12 -> 0.32453023 | Q12: =IF(P12>Q$1,Q$1,P12) -> 0.32453023 | R12: =Q12*H12 -> 209.322 | S12: =R12-R11 -> 0.1 | T12: =K12-S12 -> 5.689893e-15
A13: =A12+1 -> 38724 | B13: 7 | C13: =ROUND(Data!BI13,2) -> 2.25 | D13: =ROUND(Data!O13,1) -> -0.1 | E13: =ROUND(Data!AA13,1) -> -6.5 | F13: =Data!BN13 -> 91 | G13: =Data!N13 -> 0 | H13: =Data!BE13 -> 667 | I13: =IF(H13>H12,ROUND((H13-H12)*I$1,1),0) -> 2.9 | J13: =Data!BR13 -> 0 | K13: =I13 -> 2.9 | M13: =J13+M12 -> 0 | N13: =K13+N12 -> 17.5 | P13: =(R12+K13)/H13 -> 0.31817391 | Q13: =IF(P13>Q$1,Q$1,P13) -> 0.31817391 | R13: =Q13*H13 -> 212.222 | S13: =R13-R12 -> 2.9 | T13: =K13-S13 -> -5.7731597e-15
A14: =A13+1 -> 38725 | B14: 8 | C14: =ROUND(Data!BI14,2) -> 0.55 | D14: =ROUND(Data!O14,1) -> -1 | E14: =ROUND(Data!AA14,1) -> -4.3 | F14: =Data!BN14 -> 76.4 | G14: =Data!N14 -> 0 | H14: =Data!BE14 -> 680 | I14: =IF(H14>H13,ROUND((H14-H13)*I$1,1),0) -> 1.7 | J14: =Data!BR14 -> 0 | K14: =I14 -> 1.7 | M14: =J14+M13 -> 0 | N14: =K14+N13 -> 19.2 | P14: =(R13+K14)/H14 -> 0.31459118 | Q14: =IF(P14>Q$1,Q$1,P14) -> 0.31459118 | R14: =Q14*H14 -> 213.922 | S14: =R14-R13 -> 1.7 | T14: =K14-S14 -> 1.1324275e-14
A15: =A14+1 -> 38726 | B15: 9 | C15: =ROUND(Data!BI15,2) -> 0.15 | D15: =ROUND(Data!O15,1) -> -1.5 | E15: =ROUND(Data!AA15,1) -> -3.8 | F15: =Data!BN15 -> 81.5 | G15: =Data!N15 -> 0 | H15: =Data!BE15 -> 793 | I15: =IF(H15>H14,ROUND((H15-H14)*I$1,1),0) -> 14.7 | J15: =Data!BR15 -> 0 | K15: =I15 -> 14.7 | M15: =J15+M14 -> 0 | N15: =K15+N14 -> 33.9 | P15: =(R14+K15)/H15 -> 0.28830013 | Q15: =IF(P15>Q$1,Q$1,P15) -> 0.28830013 | R15: =Q15*H15 -> 228.622 | S15: =R15-R14 -> 14.7 | T15: =K15-S15 -> 0
A16: =A15+1 -> 38727 | B16: 10 | C16: =ROUND(Data!BI16,2) -> 0.2 | D16: =ROUND(Data!O16,1) -> -0.1 | E16: =ROUND(Data!AA16,1) -> -4.2 | F16: =Data!BN16 -> 82.1 | G16: =Data!N16 -> 0 | H16: =Data!BE16 -> 879 | I16: =IF(H16>H15,ROUND((H16-H15)*I$1,1),0) -> 11.2 | J16: =Data!BR16 -> 0 | K16: =I16 -> 11.2 | M16: =J16+M15 -> 0 | N16: =K16+N15 -> 45.1 | P16: =(R15+K16)/H16 -> 0.27283504 | Q16: =IF(P16>Q$1,Q$1,P16) -> 0.27283504 | R16: =Q16*H16 -> 239.822 | S16: =R16-R15 -> 11.2 | T16: =K16-S16 -> 3.907985e-14
A17: =A16+1 -> 38728 | B17: 11 | C17: =ROUND(Data!BI17,2) -> 0.56 | D17: =ROUND(Data!O17,1) -> -1.7 | E17: =ROUND(Data!AA17,1) -> -4 | F17: =Data!BN17 -> 80.9 | G17: =Data!N17 -> 0 | H17: =Data!BE17 -> 920 | I17: =IF(H17>H16,ROUND((H17-H16)*I$1,1),0) -> 5.3 | J17: =Data!BR17 -> 0 | K17: =I17 -> 5.3 | M17: =J17+M16 -> 0 | N17: =K17+N16 -> 50.4 | P17: =(R16+K17)/H17 -> 0.26643696 | Q17: =IF(P17>Q$1,Q$1,P17) -> 0.26643696 | R17: =Q17*H17 -> 245.122 | S17: =R17-R16 -> 5.3 | T17: =K17-S17 -> -3.9968029e-14
A18: =A17+1 -> 38729 | B18: 12 | C18: =ROUND(Data!BI18,2) -> 0.52 | D18: =ROUND(Data!O18,1) -> -2.8 | E18: =ROUND(Data!AA18,1) -> -4.2 | F18: =Data!BN18 -> 84.8 | G18: =Data!N18 -> 0 | H18: =Data!BE18 -> 991 | I18: =IF(H18>H17,ROUND((H18-H17)*I$1,1),0) -> 9.2 | J18: =Data!BR18 -> 0 | K18: =I18 -> 9.2 | M18: =J18+M17 -> 0 | N18: =K18+N17 -> 59.6 | P18: =(R17+K18)/H18 -> 0.25663169 | Q18: =IF(P18>Q$1,Q$1,P18) -> 0.25663169 | R18: =Q18*H18 -> 254.322 | S18: =R18-R17 -> 9.2 | T18: =K18-S18 -> -1.7763568e-14
A19: =A18+1 -> 38730 | B19: 13 | C19: =ROUND(Data!BI19,2) -> 0.63 | D19: =ROUND(Data!O19,1) -> 0.4 | E19: =ROUND(Data!AA19,1) -> -3.6 | F19: =Data!BN19 -> 87.5 | G19: =Data!N19 -> 0 | H19: =Data!BE19 -> 929 | I19: =IF(H19>H18,ROUND((H19-H18)*I$1,1),0) -> 0 | J19: =Data!BR19 -> 0 | K19: =I19 -> 0 | M19: =J19+M18 -> 0 | N19: =K19+N18 -> 59.6 | P19: =(R18+K19)/H19 -> 0.27375888 | Q19: =IF(P19>Q$1,Q$1,P19) -> 0.27375888 | R19: =Q19*H19 -> 254.322 | S19: =R19-R18 -> 0 | T19: =K19-S19 -> 0
... A99: =A98+1 -> 38810 | B99: 93 | C99: =ROUND(Data!BI99,2) -> 11.01 | D99: =ROUND(Data!O99,1) -> 6.1 | E99: =ROUND(Data!AA99,1) -> -8.6 | F99: =Data!BN99 -> 30.8 | G99: =Data!N99 -> 0 | H99: =Data!BE99 -> 1181 | I99: =IF(H99>H98,ROUND((H99-H98)*I$1,1),0) -> 0 | J99: =Data!BR99 -> 0 | K99: =I99 -> 0 | M99: =J99+M98 -> 36.4 | N99: =K99+N98 -> 258.4 | P99: =(R98+K99)/H99 -> 0.38367655 | Q99: =IF(P99>Q$1,Q$1,P99) -> 0.38367655 | R99: =Q99*H99 -> 453.122 | S99: =R99-R98 -> 0 | T99: =K99-S99 -> 0
A100: =A99+1 -> 38811 | B100: 94 | C100: =ROUND(Data!BI100,2) -> 5.59 | D100: =ROUND(Data!O100,1) -> 2.8 | E100: =ROUND(Data!AA100,1) -> -1.1 | F100: =Data!BN100 -> 86.1 | G100: =Data!N100 -> 1 | H100: =Data!BE100 -> 1162 | I100: =IF(H100>H99,ROUND((H100-H99)*I$1,1),0) -> 0 | J100: =Data!BR100 -> 4.4 | K100: =ROUND(J100*L$3,1) -> 4.6 | M100: =J100+M99 -> 40.8 | N100: =K100+N99 -> 263 | P100: =(R99+K100)/H100 -> 0.39390878 | Q100: =IF(P100>Q$1,Q$1,P100) -> 0.39390878 | R100: =Q100*H100 -> 457.722 | S100: =R100-R99 -> 4.6 | T100: =K100-S100 -> -2.3092639e-14
A101: =A100+1 -> 38812 | B101: 95 | C101: =ROUND(Data!BI101,2) -> 19.05 | D101: =ROUND(Data!O101,1) -> 10.1 | E101: =ROUND(Data!AA101,1) -> -4 | F101: =Data!BN101 -> 44.8 | G101: =Data!N101 -> 0 | H101: =Data!BE101 -> 1100 | I101: =IF(H101>H100,ROUND((H101-H100)*I$1,1),0) -> 0 | J101: =Data!BR101 -> 0.2 | K101: =ROUND(J101*L$3,1) -> 0.2 | M101: =J101+M100 -> 41 | N101: =K101+N100 -> 263.2 | P101: =(R100+K101)/H101 -> 0.41629273 | Q101: =IF(P101>Q$1,Q$1,P101) -> 0.4 | R101: =Q101*H101 -> 440 | S101: =R101-R100 -> -17.722 | T101: =K101-S101 -> 17.922
A102: =A101+1 -> 38813 | B102: 96 | C102: =ROUND(Data!BI102,2) -> 12.29 | D102: =ROUND(Data!O102,1) -> 9.2 | E102: =ROUND(Data!AA102,1) -> -3 | F102: =Data!BN102 -> 49.3 | G102: =Data!N102 -> 1 | H102: =Data!BE102 -> 1079 | I102: =IF(H102>H101,ROUND((H102-H101)*I$1,1),0) -> 0 | J102: =Data!BR102 -> 3.4 | K102: =ROUND(J102*L$3,1) -> 3.6 | M102: =J102+M101 -> 44.4 | N102: =K102+N101 -> 266.8 | P102: =(R101+K102)/H102 -> 0.41112141 | Q102: =IF(P102>Q$1,Q$1,P102) -> 0.4 | R102: =Q102*H102 -> 431.6 | S102: =R102-R101 -> -8.4 | T102: =K102-S102 -> 12
A103: =A102+1 -> 38814 | B103: 97 | C103: =ROUND(Data!BI103,2) -> 16.41 | D103: =ROUND(Data!O103,1) -> 8.9 | E103: =ROUND(Data!AA103,1) -> -4.7 | F103: =Data!BN103 -> 41.3 | G103: =Data!N103 -> 0 | H103: =Data!BE103 -> 1052 | I103: =IF(H103>H102,ROUND((H103-H102)*I$1,1),0) -> 0 | J103: =Data!BR103 -> 0 | K103: =ROUND(J103*L$3,1) -> 0 | M103: =J103+M102 -> 44.4 | N103: =K103+N102 -> 266.8 | P103: =(R102+K103)/H103 -> 0.41026616 | Q103: =IF(P103>Q$1,Q$1,P103) -> 0.4 | R103: =Q103*H103 -> 420.8 | S103: =R103-R102 -> -10.8 | T103: =K103-S103 -> 10.8
A104: =A103+1 -> 38815 | B104: 98 | C104: =ROUND(Data!BI104,2) -> 8.39 | D104: =ROUND(Data!O104,1) -> 7.3 | E104: =ROUND(Data!AA104,1) -> 0 | F104: =Data!BN104 -> 51.8 | G104: =Data!N104 -> 0 | H104: =Data!BE104 -> 1020 | I104: =IF(H104>H103,ROUND((H104-H103)*I$1,1),0) -> 0 | J104: =Data!BR104 -> 1 | K104: =ROUND(J104*L$3,1) -> 1.1 | M104: =J104+M103 -> 45.4 | N104: =K104+N103 -> 267.9 | P104: =(R103+K104)/H104 -> 0.41362745 | Q104: =IF(P104>Q$1,Q$1,P104) -> 0.4 | R104: =Q104*H104 -> 408 | S104: =R104-R103 -> -12.8 | T104: =K104-S104 -> 13.9
A105: =A104+1 -> 38816 | B105: 99 | C105: =ROUND(Data!BI105,2) -> 15 | D105: =ROUND(Data!O105,1) -> 7.7 | E105: =ROUND(Data!AA105,1) -> -0.4 | F105: =Data!BN105 -> 52.6 | G105: =Data!N105 -> 0 | H105: =Data!BE105 -> 990 | I105: =IF(H105>H104,ROUND((H105-H104)*I$1,1),0) -> 0 | J105: =Data!BR105 -> 1.2 | K105: =ROUND(J105*L$3,1) -> 1.3 | M105: =J105+M104 -> 46.6 | N105: =K105+N104 -> 269.2 | P105: =(R104+K105)/H105 -> 0.41343434 | Q105: =IF(P105>Q$1,Q$1,P105) -> 0.4 | R105: =Q105*H105 -> 396 | S105: =R105-R104 -> -12 | T105: =K105-S105 -> 13.3
A106: =A105+1 -> 38817 | B106: 100 | C106: =ROUND(Data!BI106,2) -> 11.4 | D106: =ROUND(Data!O106,1) -> 5.2 | E106: =ROUND(Data!AA106,1) -> -2.9 | F106: =Data!BN106 -> 59.3 | G106: =Data!N106 -> 1 | H106: =Data!BE106 -> 976 | I106: =IF(H106>H105,ROUND((H106-H105)*I$1,1),0) -> 0 | J106: =Data!BR106 -> 3 | K106: =ROUND(J106*L$3,1) -> 3.2 | M106: =J106+M105 -> 49.6 | N106: =K106+N105 -> 272.4 | P106: =(R105+K106)/H106 -> 0.40901639 | Q106: =IF(P106>Q$1,Q$1,P106) -> 0.4 | R106: =Q106*H106 -> 390.4 | S106: =R106-R105 -> -5.6 | T106: =K106-S106 -> 8.8
A107: =A106+1 -> 38818 | B107: 101 | C107: =ROUND(Data!BI107,2) -> 8.06 | D107: =ROUND(Data!O107,1) -> 4.9 | E107: =ROUND(Data!AA107,1) -> -2.8 | F107: =Data!BN107 -> 73.3 | G107: =Data!N107 -> 1 | H107: =Data!BE107 -> 977 | I107: =IF(H107>H106,ROUND((H107-H106)*I$1,1),0) -> 0.1 | J107: =Data!BR107 -> 1.2 | K107: =ROUND(J107*L$3,1) -> 1.3 | M107: =J107+M106 -> 50.8 | N107: =K107+N106 -> 273.7 | P107: =(R106+K107)/H107 -> 0.40092119 | Q107: =IF(P107>Q$1,Q$1,P107) -> 0.4 | R107: =Q107*H107 -> 390.8 | S107: =R107-R106 -> 0.4 | T107: =K107-S107 -> 0.9
A108: =A107+1 -> 38819 | B108: 102 | C108: =ROUND(Data!BI108,2) -> 10.28 | D108: =ROUND(Data!O108,1) -> 4.5 | E108: =ROUND(Data!AA108,1) -> -3.1 | F108: =Data!BN108 -> 66.5 | G108: =Data!N108 -> 0 | H108: =Data!BE108 -> 974 | I108: =IF(H108>H107,ROUND((H108-H107)*I$1,1),0) -> 0 | J108: =Data!BR108 -> 1.2 | K108: =ROUND(J108*L$3,1) -> 1.3 | M108: =J108+M107 -> 52 | N108: =K108+N107 -> 275 | P108: =(R107+K108)/H108 -> 0.40256674 | Q108: =IF(P108>Q$1,Q$1,P108) -> 0.4 | R108: =Q108*H108 -> 389.6 | S108: =R108-R107 -> -1.2 | T108: =K108-S108 -> 2.5
A109: =A108+1 -> 38820 | B109: 103 | C109: =ROUND(Data!BI109,2) -> 7.91 | D109: =ROUND(Data!O109,1) -> 1.5 | E109: =ROUND(Data!AA109,1) -> -3.6 | F109: =Data!BN109 -> 61.1 | G109: =Data!N109 -> 0 | H109: =Data!BE109 -> 1090 | I109: =IF(H109>H108,ROUND((H109-H108)*I$1,1),0) -> 15.1 | J109: =Data!BR109 -> 7.4 | K109: =I109 -> 15.1 | M109: =J109+M108 -> 59.4 | N109: =K109+N108 -> 290.1 | P109: =(R108+K109)/H109 -> 0.3712844 | Q109: =IF(P109>Q$1,Q$1,P109) -> 0.3712844 | R109: =Q109*H109 -> 404.7 | S109: =R109-R108 -> 15.1 | T109: =K109-S109 -> -2.3092639e-14
A110: =A109+1 -> 38821 | B110: 104 | C110: =ROUND(Data!BI110,2) -> 7.35 | D110: =ROUND(Data!O110,1) -> 4.3 | E110: =ROUND(Data!AA110,1) -> -4.8 | F110: =Data!BN110 -> 71.1 | G110: =Data!N110 -> 3 | H110: =Data!BE110 -> 1046 | I110: =IF(H110>H109,ROUND((H110-H109)*I$1,1),0) -> 0 | J110: =Data!BR110 -> 0.6 | K110: =I110 -> 0 | M110: =J110+M109 -> 60 | N110: =K110+N109 -> 290.1 | P110: =(R109+K110)/H110 -> 0.38690249 | Q110: =IF(P110>Q$1,Q$1,P110) -> 0.38690249 | R110: =Q110*H110 -> 404.7 | S110: =R110-R109 -> 0 | T110: =K110-S110 -> 0
A111: =A110+1 -> 38822 | B111: 105 | C111: =ROUND(Data!BI111,2) -> 15.28 | D111: =ROUND(Data!O111,1) -> 1.4 | E111: =ROUND(Data!AA111,1) -> -8.7 | F111: =Data!BN111 -> 46.8 | G111: =Data!N111 -> 0 | H111: =Data!BE111 -> 1167 | I111: =IF(H111>H110,ROUND((H111-H110)*I$1,1),0) -> 15.7 | J111: =Data!BR111 -> 0 | K111: =I111 -> 15.7 | M111: =J111+M110 -> 60 | N111: =K111+N110 -> 305.8 | P111: =(R110+K111)/H111 -> 0.36023993 | Q111: =IF(P111>Q$1,Q$1,P111) -> 0.36023993 | R111: =Q111*H111 -> 420.4 | S111: =R111-R110 -> 15.7 | T111: =K111-S111 -> 0
A112: =A111+1 -> 38823 | B112: 106 | C112: =ROUND(Data!BI112,2) -> 10.79 | D112: =ROUND(Data!O112,1) -> 0.6 | E112: =ROUND(Data!AA112,1) -> -12.5 | F112: =Data!BN112 -> 52.3 | G112: =Data!N112 -> 0 | H112: =Data!BE112 -> 1102 | I112: =IF(H112>H111,ROUND((H112-H111)*I$1,1),0) -> 0 | J112: =Data!BR112 -> 7.6 | K112: =I112 -> 0 | M112: =J112+M111 -> 67.6 | N112: =K112+N111 -> 305.8 | P112: =(R111+K112)/H112 -> 0.3814882 | Q112: =IF(P112>Q$1,Q$1,P112) -> 0.3814882 | R112: =Q112*H112 -> 420.4 | S112: =R112-R111 -> 0 | T112: =K112-S112 -> 0
A113: =A112+1 -> 38824 | B113: 107 | C113: =ROUND(Data!BI113,2) -> 20.56 | D113: =ROUND(Data!O113,1) -> 3 | E113: =ROUND(Data!AA113,1) -> -14.6 | F113: =Data!BN113 -> 42.2 | G113: =Data!N113 -> 0 | H113: =Data!BE113 -> 1042 | I113: =IF(H113>H112,ROUND((H113-H112)*I$1,1),0) -> 0 | J113: =Data!BR113 -> 0 | K113: =I113 -> 0 | M113: =J113+M112 -> 67.6 | N113: =K113+N112 -> 305.8 | P113: =(R112+K113)/H113 -> 0.40345489 | Q113: =IF(P113>Q$1,Q$1,P113) -> 0.4 | R113: =Q113*H113 -> 416.8 | S113: =R113-R112 -> -3.6 | T113: =K113-S113 -> 3.6
A114: =A113+1 -> 38825 | B114: 108 | C114: =ROUND(Data!BI114,2) -> 23.01 | D114: =ROUND(Data!O114,1) -> 6.7 | E114: =ROUND(Data!AA114,1) -> -13 | F114: =Data!BN114 -> 32.1 | G114: =Data!N114 -> 0 | H114: =Data!BE114 -> 1015 | I114: =IF(H114>H113,ROUND((H114-H113)*I$1,1),0) -> 0 | J114: =Data!BR114 -> 0 | K114: =I114 -> 0 | M114: =J114+M113 -> 67.6 | N114: =K114+N113 -> 305.8 | P114: =(R113+K114)/H114 -> 0.41064039 | Q114: =IF(P114>Q$1,Q$1,P114) -> 0.4 | R114: =Q114*H114 -> 406 | S114: =R114-R113 -> -10.8 | T114: =K114-S114 -> 10.8
A115: =A114+1 -> 38826 | B115: 109 | C115: =ROUND(Data!BI115,2) -> 22.24 | D115: =ROUND(Data!O115,1) -> 10.2 | E115: =ROUND(Data!AA115,1) -> -3.3 | F115: =Data!BN115 -> 29.2 | G115: =Data!N115 -> 0 | H115: =Data!BE115 -> 992 | I115: =IF(H115>H114,ROUND((H115-H114)*I$1,1),0) -> 0 | J115: =Data!BR115 -> 0 | K115: =I115 -> 0 | M115: =J115+M114 -> 67.6 | N115: =K115+N114 -> 305.8 | P115: =(R114+K115)/H115 -> 0.40927419 | Q115: =IF(P115>Q$1,Q$1,P115) -> 0.4 | R115: =Q115*H115 -> 396.8 | S115: =R115-R114 -> -9.2 | T115: =K115-S115 -> 9.2
A116: =A115+1 -> 38827 | B116: 110 | C116: =ROUND(Data!BI116,2) -> 20.17 | D116: =ROUND(Data!O116,1) -> 11.9 | E116: =ROUND(Data!AA116,1) -> 0.3 | F116: =Data!BN116 -> 35.2 | G116: =Data!N116 -> 0 | H116: =Data!BE116 -> 955 | I116: =IF(H116>H115,ROUND((H116-H115)*I$1,1),0) -> 0 | J116: =Data!BR116 -> 0 | K116: =I116 -> 0 | M116: =J116+M115 -> 67.6 | N116: =K116+N115 -> 305.8 | P116: =(R115+K116)/H116 -> 0.41549738 | Q116: =IF(P116>Q$1,Q$1,P116) -> 0.4 | R116: =Q116*H116 -> 382 | S116: =R116-R115 -> -14.8 | T116: =K116-S116 -> 14.8
A117: =A116+1 -> 38828 | B117: 111 | C117: =ROUND(Data!BI117,2) -> 3.42 | D117: =ROUND(Data!O117,1) -> 8.7 | E117: =ROUND(Data!AA117,1) -> -3.8 | F117: =Data!BN117 -> 45.6 | G117: =Data!N117 -> 11 | H117: =Data!BE117 -> 1010 | I117: =IF(H117>H116,ROUND((H117-H116)*I$1,1),0) -> 7.2 | J117: =Data!BR117 -> 18.8 | K117: =I117 -> 7.2 | M117: =J117+M116 -> 86.4 | N117: =K117+N116 -> 313 | P117: =(R116+K117)/H117 -> 0.38534653 | Q117: =IF(P117>Q$1,Q$1,P117) -> 0.38534653 | R117: =Q117*H117 -> 389.2 | S117: =R117-R116 -> 7.2 | T117: =K117-S117 -> 1.1546319e-14
A118: =A117+1 -> 38829 | B118: 112 | C118: =ROUND(Data!BI118,2) -> 15.87 | D118: =ROUND(Data!O118,1) -> 3.3 | E118: =ROUND(Data!AA118,1) -> -7.5 | F118: =Data!BN118 -> 50.3 | G118: =Data!N118 -> 3 | H118: =Data!BE118 -> 1000 | I118: =IF(H118>H117,ROUND((H118-H117)*I$1,1),0) -> 0 | J118: =Data!BR118 -> 1.6 | K118: =I118 -> 0 | M118: =J118+M117 -> 88 | N118: =K118+N117 -> 313 | P118: =(R117+K118)/H118 -> 0.3892 | Q118: =IF(P118>Q$1,Q$1,P118) -> 0.3892 | R118: =Q118*H118 -> 389.2 | S118: =R118-R117 -> 0 | T118: =K118-S118 -> 0
A119: =A118+1 -> 38830 | B119: 113 | C119: =ROUND(Data!BI119,2) -> 26.61 | D119: =ROUND(Data!O119,1) -> 10 | E119: =ROUND(Data!AA119,1) -> -9.8 | F119: =Data!BN119 -> 23.7 | G119: =Data!N119 -> 0 | H119: =Data!BE119 -> 919 | I119: =IF(H119>H118,ROUND((H119-H118)*I$1,1),0) -> 0 | J119: =Data!BR119 -> 0 | K119: =I119 -> 0 | M119: =J119+M118 -> 88 | N119: =K119+N118 -> 313 | P119: =(R118+K119)/H119 -> 0.42350381 | Q119: =IF(P119>Q$1,Q$1,P119) -> 0.4 | R119: =Q119*H119 -> 367.6 | S119: =R119-R118 -> -21.6 | T119: =K119-S119 -> 21.6
A120: =A119+1 -> 38831 | B120: 114 | C120: =ROUND(Data!BI120,2) -> 27.31 | D120: =ROUND(Data!O120,1) -> 14.5 | E120: =ROUND(Data!AA120,1) -> -7.5 | F120: =Data!BN120 -> 7.7 | G120: =Data!N120 -> 0 | H120: =Data!BE120 -> 858 | I120: =IF(H120>H119,ROUND((H120-H119)*I$1,1),0) -> 0 | J120: =Data!BR120 -> 0 | K120: =I120 -> 0 | M120: =J120+M119 -> 88 | N120: =K120+N119 -> 313 | P120: =(R119+K120)/H120 -> 0.42843823 | Q120: =IF(P120>Q$1,Q$1,P120) -> 0.4 | R120: =Q120*H120 -> 343.2 | S120: =R120-R119 -> -24.4 | T120: =K120-S120 -> 24.4
... A124: =A123+1 -> 38835 | B124: 118 | C124: =ROUND(Data!BI124,2) -> 20.85 | D124: =ROUND(Data!O124,1) -> 15.2 | E124: =ROUND(Data!AA124,1) -> -2.7 | F124: =Data!BN124 -> 37 | G124: =Data!N124 -> 0 | H124: =Data!BE124 -> 715 | I124: =IF(H124>H123,ROUND((H124-H123)*I$1,1),0) -> 0 | J124: =Data!BR124 -> 1 | K124: =I124 -> 0 | M124: =J124+M123 -> 89.2 | N124: =K124+N123 -> 313 | P124: =(R123+K124)/H124 -> 0.42517483 | Q124: =IF(P124>Q$1,Q$1,P124) -> 0.4 | R124: =Q124*H124 -> 286 | S124: =R124-R123 -> -18 | T124: =K124-S124 -> 18
A125: =A124+1 -> 38836 | B125: 119 | C125: =ROUND(Data!BI125,2) -> 15.22 | D125: =ROUND(Data!O125,1) -> 13.5 | E125: =ROUND(Data!AA125,1) -> -0.1 | F125: =Data!BN125 -> 48.5 | G125: =Data!N125 -> 19 | H125: =Data!BE125 -> 660 | I125: =IF(H125>H124,ROUND((H125-H124)*I$1,1),0) -> 0 | J125: =Data!BR125 -> 4.2 | K125: =ROUND(J125*L$3,1) -> 4.4 | M125: =J125+M124 -> 93.4 | N125: =K125+N124 -> 317.4 | P125: =(R124+K125)/H125 -> 0.44 | Q125: =IF(P125>Q$1,Q$1,P125) -> 0.4 | R125: =Q125*H125 -> 264 | S125: =R125-R124 -> -22 | T125: =K125-S125 -> 26.4
A126: =A125+1 -> 38837 | B126: 120 | C126: =ROUND(Data!BI126,2) -> 26.1 | D126: =ROUND(Data!O126,1) -> 7.7 | E126: =ROUND(Data!AA126,1) -> -4.2 | F126: =Data!BN126 -> 25.6 | G126: =Data!N126 -> 0 | H126: =Data!BE126 -> 620 | I126: =IF(H126>H125,ROUND((H126-H125)*I$1,1),0) -> 0 | J126: =Data!BR126 -> 0.2 | K126: =ROUND(J126*L$3,1) -> 0.2 | M126: =J126+M125 -> 93.6 | N126: =K126+N125 -> 317.6 | P126: =(R125+K126)/H126 -> 0.42612903 | Q126: =IF(P126>Q$1,Q$1,P126) -> 0.4 | R126: =Q126*H126 -> 248 | S126: =R126-R125 -> -16 | T126: =K126-S126 -> 16.2
A127: =A126+1 -> 38838 | B127: 121 | C127: =ROUND(Data!BI127,2) -> 8.24 | D127: =ROUND(Data!O127,1) -> 0.6 | E127: =ROUND(Data!AA127,1) -> -4.6 | F127: =Data!BN127 -> 74.6 | G127: =Data!N127 -> 2 | H127: =Data!BE127 -> 629 | I127: =IF(H127>H126,ROUND((H127-H126)*I$1,1),0) -> 1.2 | J127: =Data!BR127 -> 4.6 | K127: =ROUND(J127*L$3,1) -> 4.8 | M127: =J127+M126 -> 98.2 | N127: =K127+N126 -> 322.4 | P127: =(R126+K127)/H127 -> 0.40190779 | Q127: =IF(P127>Q$1,Q$1,P127) -> 0.4 | R127: =Q127*H127 -> 251.6 | S127: =R127-R126 -> 3.6 | T127: =K127-S127 -> 1.2
A128: =A127+1 -> 38839 | B128: 122 | C128: =ROUND(Data!BI128,2) -> 18.11 | D128: =ROUND(Data!O128,1) -> 6.2 | E128: =ROUND(Data!AA128,1) -> -5.7 | F128: =Data!BN128 -> 38.7 | G128: =Data!N128 -> 0 | H128: =Data!BE128 -> 614 | I128: =IF(H128>H127,ROUND((H128-H127)*I$1,1),0) -> 0 | J128: =Data!BR128 -> 0 | K128: =ROUND(J128*L$3,1) -> 0 | M128: =J128+M127 -> 98.2 | N128: =K128+N127 -> 322.4 | P128: =(R127+K128)/H128 -> 0.40977199 | Q128: =IF(P128>Q$1,Q$1,P128) -> 0.4 | R128: =Q128*H128 -> 245.6 | S128: =R128-R127 -> -6 | T128: =K128-S128 -> 6
A129: =A128+1 -> 38840 | B129: 123 | C129: =ROUND(Data!BI129,2) -> 26.82 | D129: =ROUND(Data!O129,1) -> 10.2 | E129: =ROUND(Data!AA129,1) -> -8.5 | F129: =Data!BN129 -> 21.3 | G129: =Data!N129 -> 0 | H129: =Data!BE129 -> 567 | I129: =IF(H129>H128,ROUND((H129-H128)*I$1,1),0) -> 0 | J129: =Data!BR129 -> 0 | K129: =ROUND(J129*L$3,1) -> 0 | M129: =J129+M128 -> 98.2 | N129: =K129+N128 -> 322.4 | P129: =(R128+K129)/H129 -> 0.43315697 | Q129: =IF(P129>Q$1,Q$1,P129) -> 0.4 | R129: =Q129*H129 -> 226.8 | S129: =R129-R128 -> -18.8 | T129: =K129-S129 -> 18.8
A130: =A129+1 -> 38841 | B130: 124 | C130: =ROUND(Data!BI130,2) -> 26.36 | D130: =ROUND(Data!O130,1) -> 12.8 | E130: =ROUND(Data!AA130,1) -> -6.4 | F130: =Data!BN130 -> 23.7 | G130: =Data!N130 -> 0 | H130: =Data!BE130 -> 541 | I130: =IF(H130>H129,ROUND((H130-H129)*I$1,1),0) -> 0 | J130: =Data!BR130 -> 0 | K130: =ROUND(J130*L$3,1) -> 0 | M130: =J130+M129 -> 98.2 | N130: =K130+N129 -> 322.4 | P130: =(R129+K130)/H130 -> 0.41922366 | Q130: =IF(P130>Q$1,Q$1,P130) -> 0.4 | R130: =Q130*H130 -> 216.4 | S130: =R130-R129 -> -10.4 | T130: =K130-S130 -> 10.4
A131: =A130+1 -> 38842 | B131: 125 | C131: =ROUND(Data!BI131,2) -> 23.21 | D131: =ROUND(Data!O131,1) -> 14.3 | E131: =ROUND(Data!AA131,1) -> -2.9 | F131: =Data!BN131 -> 23.2 | G131: =Data!N131 -> 0 | H131: =Data!BE131 -> 481 | I131: =IF(H131>H130,ROUND((H131-H130)*I$1,1),0) -> 0 | J131: =Data!BR131 -> 0 | K131: =ROUND(J131*L$3,1) -> 0 | M131: =J131+M130 -> 98.2 | N131: =K131+N130 -> 322.4 | P131: =(R130+K131)/H131 -> 0.44989605 | Q131: =IF(P131>Q$1,Q$1,P131) -> 0.4 | R131: =Q131*H131 -> 192.4 | S131: =R131-R130 -> -24 | T131: =K131-S131 -> 24
A132: =A131+1 -> 38843 | B132: 126 | C132: =ROUND(Data!BI132,2) -> 16.26 | D132: =ROUND(Data!O132,1) -> 8.1 | E132: =ROUND(Data!AA132,1) -> -1.1 | F132: =Data!BN132 -> 40.7 | G132: =Data!N132 -> 0 | H132: =Data!BE132 -> 474 | I132: =IF(H132>H131,ROUND((H132-H131)*I$1,1),0) -> 0 | J132: =Data!BR132 -> 0.2 | K132: =ROUND(J132*L$3,1) -> 0.2 | M132: =J132+M131 -> 98.4 | N132: =K132+N131 -> 322.6 | P132: =(R131+K132)/H132 -> 0.40632911 | Q132: =IF(P132>Q$1,Q$1,P132) -> 0.4 | R132: =Q132*H132 -> 189.6 | S132: =R132-R131 -> -2.8 | T132: =K132-S132 -> 3
A133: =A132+1 -> 38844 | B133: 127 | C133: =ROUND(Data!BI133,2) -> 15.53 | D133: =ROUND(Data!O133,1) -> 6.9 | E133: =ROUND(Data!AA133,1) -> -2.7 | F133: =Data!BN133 -> 48.5 | G133: =Data!N133 -> 0 | H133: =Data!BE133 -> 438 | I133: =IF(H133>H132,ROUND((H133-H132)*I$1,1),0) -> 0 | J133: =Data!BR133 -> 0.8 | K133: =ROUND(J133*L$3,1) -> 0.8 | M133: =J133+M132 -> 99.2 | N133: =K133+N132 -> 323.4 | P133: =(R132+K133)/H133 -> 0.4347032 | Q133: =IF(P133>Q$1,Q$1,P133) -> 0.4 | R133: =Q133*H133 -> 175.2 | S133: =R133-R132 -> -14.4 | T133: =K133-S133 -> 15.2
A134: =A133+1 -> 38845 | B134: 128 | C134: =ROUND(Data!BI134,2) -> 21.23 | D134: =ROUND(Data!O134,1) -> 3.1 | E134: =ROUND(Data!AA134,1) -> -5.8 | F134: =Data!BN134 -> 38.7 | G134: =Data!N134 -> 4 | H134: =Data!BE134 -> 448 | I134: =IF(H134>H133,ROUND((H134-H133)*I$1,1),0) -> 1.3 | J134: =Data!BR134 -> 1.6 | K134: =G134 -> 4 | M134: =J134+M133 -> 100.8 | N134: =K134+N133 -> 327.4 | P134: =(R133+K134)/H134 -> 0.4 | Q134: =IF(P134>Q$1,Q$1,P134) -> 0.4 | R134: =Q134*H134 -> 179.2 | S134: =R134-R133 -> 4 | T134: =K134-S134 -> 0
A135: =A134+1 -> 38846 | B135: 129 | C135: =ROUND(Data!BI135,2) -> 24.47 | D135: =ROUND(Data!O135,1) -> 6.7 | E135: =ROUND(Data!AA135,1) -> -8.9 | F135: =Data!BN135 -> 29.4 | G135: =Data!N135 -> 0 | H135: =Data!BE135 -> 424 | I135: =IF(H135>H134,ROUND((H135-H134)*I$1,1),0) -> 0 | J135: =Data!BR135 -> 0 | K135: =G135 -> 0 | M135: =J135+M134 -> 100.8 | N135: =K135+N134 -> 327.4 | P135: =(R134+K135)/H135 -> 0.42264151 | Q135: =IF(P135>Q$1,Q$1,P135) -> 0.4 | R135: =Q135*H135 -> 169.6 | S135: =R135-R134 -> -9.6 | T135: =K135-S135 -> 9.6
A136: =A135+1 -> 38847 | B136: 130 | C136: =ROUND(Data!BI136,2) -> 21.31 | D136: =ROUND(Data!O136,1) -> 9.8 | E136: =ROUND(Data!AA136,1) -> -6.9 | F136: =Data!BN136 -> 27.3 | G136: =Data!N136 -> 0 | H136: =Data!BE136 -> 394 | I136: =IF(H136>H135,ROUND((H136-H135)*I$1,1),0) -> 0 | J136: =Data!BR136 -> 0 | K136: =G136 -> 0 | M136: =J136+M135 -> 100.8 | N136: =K136+N135 -> 327.4 | P136: =(R135+K136)/H136 -> 0.43045685 | Q136: =IF(P136>Q$1,Q$1,P136) -> 0.4 | R136: =Q136*H136 -> 157.6 | S136: =R136-R135 -> -12 | T136: =K136-S136 -> 12
A137: =A136+1 -> 38848 | B137: 131 | C137: =ROUND(Data!BI137,2) -> 12.91 | D137: =ROUND(Data!O137,1) -> 10.7 | E137: =ROUND(Data!AA137,1) -> -2 | F137: =Data!BN137 -> 34.3 | G137: =Data!N137 -> 3 | H137: =Data!BE137 -> 365 | I137: =IF(H137>H136,ROUND((H137-H136)*I$1,1),0) -> 0 | J137: =Data!BR137 -> 4 | K137: =G137 -> 3 | M137: =J137+M136 -> 104.8 | N137: =K137+N136 -> 330.4 | P137: =(R136+K137)/H137 -> 0.44 | Q137: =IF(P137>Q$1,Q$1,P137) -> 0.4 | R137: =Q137*H137 -> 146 | S137: =R137-R136 -> -11.6 | T137: =K137-S137 -> 14.6
A138: =A137+1 -> 38849 | B138: 132 | C138: =ROUND(Data!BI138,2) -> 19.28 | D138: =ROUND(Data!O138,1) -> 4 | E138: =ROUND(Data!AA138,1) -> -3.2 | F138: =Data!BN138 -> 44.7 | G138: =Data!N138 -> 0 | H138: =Data!BE138 -> 286 | I138: =IF(H138>H137,ROUND((H138-H137)*I$1,1),0) -> 0 | J138: =Data!BR138 -> 0.6 | K138: =G138 -> 0 | M138: =J138+M137 -> 105.4 | N138: =K138+N137 -> 330.4 | P138: =(R137+K138)/H138 -> 0.51048951 | Q138: =IF(P138>Q$1,Q$1,P138) -> 0.4 | R138: =Q138*H138 -> 114.4 | S138: =R138-R137 -> -31.6 | T138: =K138-S138 -> 31.6
A139: =A138+1 -> 38850 | B139: 133 | C139: =ROUND(Data!BI139,2) -> 24.41 | D139: =ROUND(Data!O139,1) -> 9.7 | E139: =ROUND(Data!AA139,1) -> -6.1 | F139: =Data!BN139 -> 33.5 | G139: =Data!N139 -> 0 | H139: =Data!BE139 -> 326 | I139: =IF(H139>H138,ROUND((H139-H138)*I$1,1),0) -> 5.2 | J139: =Data!BR139 -> 0 | K139: =G139 -> 0 | M139: =J139+M138 -> 105.4 | N139: =K139+N138 -> 330.4 | P139: =(R138+K139)/H139 -> 0.35092025 | Q139: =IF(P139>Q$1,Q$1,P139) -> 0.35092025 | R139: =Q139*H139 -> 114.4 | S139: =R139-R138 -> 0 | T139: =K139-S139 -> 0
A140: =A139+1 -> 38851 | B140: 134 | C140: =ROUND(Data!BI140,2) -> 27.52 | D140: =ROUND(Data!O140,1) -> 16.1 | E140: =ROUND(Data!AA140,1) -> -4.3 | F140: =Data!BN140 -> 22.6 | G140: =Data!N140 -> 0 | H140: =Data!BE140 -> 269 | I140: =IF(H140>H139,ROUND((H140-H139)*I$1,1),0) -> 0 | J140: =Data!BR140 -> 0 | K140: =G140 -> 0 | M140: =J140+M139 -> 105.4 | N140: =K140+N139 -> 330.4 | P140: =(R139+K140)/H140 -> 0.42527881 | Q140: =IF(P140>Q$1,Q$1,P140) -> 0.4 | R140: =Q140*H140 -> 107.6 | S140: =R140-R139 -> -6.8 | T140: =K140-S140 -> 6.8
A141: =A140+1 -> 38852 | B141: 135 | C141: =ROUND(Data!BI141,2) -> 30.17 | D141: =ROUND(Data!O141,1) -> 22.4 | E141: =ROUND(Data!AA141,1) -> -1.3 | F141: =Data!BN141 -> 19.9 | G141: =Data!N141 -> 0 | H141: =Data!BE141 -> 180 | I141: =IF(H141>H140,ROUND((H141-H140)*I$1,1),0) -> 0 | J141: =Data!BR141 -> 0 | K141: =G141 -> 0 | M141: =J141+M140 -> 105.4 | N141: =K141+N140 -> 330.4 | P141: =(R140+K141)/H141 -> 0.59777778 | Q141: =IF(P141>Q$1,Q$1,P141) -> 0.4 | R141: =Q141*H141 -> 72 | S141: =R141-R140 -> -35.6 | T141: =K141-S141 -> 35.6
A142: =A141+1 -> 38853 | B142: 136 | C142: =ROUND(Data!BI142,2) -> 29.93 | D142: =ROUND(Data!O142,1) -> 24.5 | E142: =ROUND(Data!AA142,1) -> 2.1 | F142: =Data!BN142 -> 19.9 | G142: =Data!N142 -> 0 | H142: =Data!BE142 -> 37 | I142: =IF(H142>H141,ROUND((H142-H141)*I$1,1),0) -> 0 | J142: =Data!BR142 -> 0 | K142: =G142 -> 0 | M142: =J142+M141 -> 105.4 | N142: =K142+N141 -> 330.4 | P142: =(R141+K142)/H142 -> 1.9459459 | Q142: =IF(P142>Q$1,Q$1,P142) -> 0.4 | R142: =Q142*H142 -> 14.8 | S142: =R142-R141 -> -57.2 | T142: =K142-S142 -> 57.2
A143: =A142+1 -> 38854 | B143: 137 | C143: =ROUND(Data!BI143,2) -> 25.22 | D143: =ROUND(Data!O143,1) -> 24.5 | E143: =ROUND(Data!AA143,1) -> 1.5 | F143: =Data!BN143 -> 23.7 | G143: =Data!N143 -> 0 | H143: =Data!BE143 -> 0 | I143: =IF(H143>H142,ROUND((H143-H142)*I$1,1),0) -> 0 | J143: =Data!BR143 -> 1.2 | K143: =G143 -> 0 | M143: =J143+M142 -> 106.6 | N143: =K143+N142 -> 330.4 | P143: 1 | Q143: =IF(P143>Q$1,Q$1,P143) -> 0.4 | R143: =Q143*H143 -> 0 | S143: =R143-R142 -> -14.8 | T143: =K143-S143 -> 14.8
A144: =A143+1 -> 38855 | B144: 138 | C144: =ROUND(Data!BI144,2) -> 28.13 | D144: =ROUND(Data!O144,1) -> 22.3 | E144: =ROUND(Data!AA144,1) -> 2.4 | F144: =Data!BN144 -> 22.7 | G144: =Data!N144 -> 0 | H144: =Data!BE144 -> 0 | I144: =IF(H144>H143,ROUND((H144-H143)*I$1,1),0) -> 0 | J144: =Data!BR144 -> 0 | K144: =G144 -> 0 | M144: =J144+M143 -> 106.6 | N144: =K144+N143 -> 330.4
A145: =A144+1 -> 38856 | B145: 139 | C145: =ROUND(Data!BI145,2) -> 23.87 | D145: =ROUND(Data!O145,1) -> 21 | E145: =ROUND(Data!AA145,1) -> 0.6 | F145: =Data!BN145 -> 20.4 | G145: =Data!N145 -> 0 | H145: =Data!BE145 -> 0 | I145: =IF(H145>H144,ROUND((H145-H144)*I$1,1),0) -> 0 | J145: =Data!BR145 -> 0 | K145: =G145 -> 0 | M145: =J145+M144 -> 106.6 | N145: =K145+N144 -> 330.4
A146: =A145+1 -> 38857 | B146: 140 | C146: =ROUND(Data!BI146,2) -> 4.19 | D146: =ROUND(Data!O146,1) -> 9.2 | E146: =ROUND(Data!AA146,1) -> 4 | F146: =Data!BN146 -> 78.6 | G146: =Data!N146 -> 16 | H146: =Data!BE146 -> 0 | I146: =IF(H146>H145,ROUND((H146-H145)*I$1,1),0) -> 0 | J146: =Data!BR146 -> 13.4 | K146: =G146 -> 16 | M146: =J146+M145 -> 120 | N146: =K146+N145 -> 346.4
A147: =A146+1 -> 38858 | B147: 141 | C147: =ROUND(Data!BI147,2) -> 23.6 | D147: =ROUND(Data!O147,1) -> 14.4 | E147: =ROUND(Data!AA147,1) -> -0.2 | F147: =Data!BN147 -> 43.7 | G147: =Data!N147 -> 1 | H147: =Data!BE147 -> 0 | I147: =IF(H147>H146,ROUND((H147-H146)*I$1,1),0) -> 0 | J147: =Data!BR147 -> 1 | K147: =G147 -> 1 | M147: =J147+M146 -> 121 | N147: =K147+N146 -> 347.4
A148: =A147+1 -> 38859 | B148: 142 | C148: =ROUND(Data!BI148,2) -> 15.3 | D148: =ROUND(Data!O148,1) -> 15.9 | E148: =ROUND(Data!AA148,1) -> 2 | F148: =Data!BN148 -> 47.5 | G148: =Data!N148 -> 5 | H148: =Data!BE148 -> 0 | I148: =IF(H148>H147,ROUND((H148-H147)*I$1,1),0) -> 0 | J148: =Data!BR148 -> 10 | K148: =G148 -> 5 | M148: =J148+M147 -> 131 | N148: =K148+N147 -> 352.4
A149: =A148+1 -> 38860 | B149: 143 | C149: =ROUND(Data!BI149,2) -> 19.17 | D149: =ROUND(Data!O149,1) -> 12.1 | E149: =ROUND(Data!AA149,1) -> 1 | F149: =Data!BN149 -> 50.6 | G149: =Data!N149 -> 8 | H149: =Data!BE149 -> 0 | I149: =IF(H149>H148,ROUND((H149-H148)*I$1,1),0) -> 0 | J149: =Data!BR149 -> 6 | K149: =G149 -> 8 | M149: =J149+M148 -> 137 | N149: =K149+N148 -> 360.4
A150: =A149+1 -> 38861 | B150: 144 | C150: =ROUND(Data!BI150,2) -> 7.75 | D150: =ROUND(Data!O150,1) -> 8.2 | E150: =ROUND(Data!AA150,1) -> -0.1 | F150: =Data!BN150 -> 78 | G150: =Data!N150 -> 20 | H150: =Data!BE150 -> 0 | I150: =IF(H150>H149,ROUND((H150-H149)*I$1,1),0) -> 0 | J150: =Data!BR150 -> 14.8 | K150: =G150 -> 20 | M150: =J150+M149 -> 151.8 | N150: =K150+N149 -> 380.4
A151: =A150+1 -> 38862 | B151: 145 | C151: =ROUND(Data!BI151,2) -> 14.06 | D151: =ROUND(Data!O151,1) -> 6.9 | E151: =ROUND(Data!AA151,1) -> -0.6 | F151: =Data!BN151 -> 64.5 | G151: =Data!N151 -> 1 | H151: =Data!BE151 -> 0 | I151: =IF(H151>H150,ROUND((H151-H150)*I$1,1),0) -> 0 | J151: =Data!BR151 -> 0.2 | K151: =G151 -> 1 | M151: =J151+M150 -> 152 | N151: =K151+N150 -> 381.4
A152: =A151+1 -> 38863 | B152: 146 | C152: =ROUND(Data!BI152,2) -> 8.33 | D152: =ROUND(Data!O152,1) -> 6.2 | E152: =ROUND(Data!AA152,1) -> 0.1 | F152: =Data!BN152 -> 79.4 | G152: =Data!N152 -> 11 | H152: =Data!BE152 -> 0 | I152: =IF(H152>H151,ROUND((H152-H151)*I$1,1),0) -> 0 | J152: =Data!BR152 -> 4 | K152: =G152 -> 11 | M152: =J152+M151 -> 156 | N152: =K152+N151 -> 392.4
A153: =A152+1 -> 38864 | B153: 147 | C153: =ROUND(Data!BI153,2) -> 12.7 | D153: =ROUND(Data!O153,1) -> 8.8 | E153: =ROUND(Data!AA153,1) -> -0.5 | F153: =Data!BN153 -> 62.7 | G153: =Data!N153 -> 5 | H153: =Data!BE153 -> 0 | I153: =IF(H153>H152,ROUND((H153-H152)*I$1,1),0) -> 0 | J153: =Data!BR153 -> 3.8 | K153: =G153 -> 5 | M153: =J153+M152 -> 159.8 | N153: =K153+N152 -> 397.4
A154: =A153+1 -> 38865 | B154: 148 | C154: =ROUND(Data!BI154,2) -> 17.08 | D154: =ROUND(Data!O154,1) -> 11.1 | E154: =ROUND(Data!AA154,1) -> -1.2 | F154: =Data!BN154 -> 48.3 | G154: =Data!N154 -> 0 | H154: =Data!BE154 -> 0 | I154: =IF(H154>H153,ROUND((H154-H153)*I$1,1),0) -> 0 | J154: =Data!BR154 -> 0 | K154: =G154 -> 0 | M154: =J154+M153 -> 159.8 | N154: =K154+N153 -> 397.4
A155: =A154+1 -> 38866 | B155: 149 | C155: =ROUND(Data!BI155,2) -> 12.31 | D155: =ROUND(Data!O155,1) -> 8.8 | E155: =ROUND(Data!AA155,1) -> -0.8 | F155: =Data!BN155 -> 73.1 | G155: =Data!N155 -> 3 | H155: =Data!BE155 -> 0 | I155: =IF(H155>H154,ROUND((H155-H154)*I$1,1),0) -> 0 | J155: =Data!BR155 -> 3.6 | K155: =G155 -> 3 | M155: =J155+M154 -> 163.4 | N155: =K155+N154 -> 400.4
... A305: =A304+1 -> 39016 | B305: 299 | C305: =ROUND(Data!BI305,2) -> 1.08 | D305: =ROUND(Data!O305,1) -> 3.1 | E305: =ROUND(Data!AA305,1) -> -0.3 | F305: =Data!BN305 -> 74.8 | G305: =Data!N305 -> 1 | H305: =Data!BE305 -> 0 | I305: =IF(H305>H304,ROUND((H305-H304)*I$1,1),0) -> 0 | J305: =Data!BR305 -> 4 | K305: =G305 -> 1 | M305: =J305+M304 -> 420 | N305: =K305+N304 -> 721.4
A306: =A305+1 -> 39017 | B306: 300 | C306: =ROUND(Data!BI306,2) -> 4.52 | D306: =ROUND(Data!O306,1) -> 7.1 | E306: =ROUND(Data!AA306,1) -> 2.4 | F306: =Data!BN306 -> 71.1 | G306: =Data!N306 -> 2 | H306: =Data!BE306 -> 0 | I306: =IF(H306>H305,ROUND((H306-H305)*I$1,1),0) -> 0 | J306: =Data!BR306 -> 1.8 | K306: =G306 -> 2 | M306: =J306+M305 -> 421.8 | N306: =K306+N305 -> 723.4 | P306: 1 | R306: =Q306*H306 -> 0
A307: =A306+1 -> 39018 | B307: 301 | C307: =ROUND(Data!BI307,2) -> 3.58 | D307: =ROUND(Data!O307,1) -> 5 | E307: =ROUND(Data!AA307,1) -> 1.4 | F307: =Data!BN307 -> 68.2 | G307: =Data!N307 -> 0 | H307: =Data!BE307 -> 60 | I307: =IF(H307>H306,ROUND((H307-H306)*I$1,1),0) -> 7.8 | J307: =Data!BR307 -> 0.8 | K307: =I307 -> 7.8 | M307: =J307+M306 -> 422.6 | N307: =K307+N306 -> 731.2 | P307: =(R306+K307)/H307 -> 0.13 | Q307: =IF(P307>Q$1,Q$1,P307) -> 0.13 | R307: =Q307*H307 -> 7.8 | S307: =R307-R306 -> 7.8 | T307: =K307-S307 -> 0
A308: =A307+1 -> 39019 | B308: 302 | C308: =ROUND(Data!BI308,2) -> 0.68 | D308: =ROUND(Data!O308,1) -> 1.4 | E308: =ROUND(Data!AA308,1) -> -11.2 | F308: =Data!BN308 -> 91.7 | G308: =Data!N308 -> 0 | H308: =Data!BE308 -> 115 | I308: =IF(H308>H307,ROUND((H308-H307)*I$1,1),0) -> 7.2 | J308: =Data!BR308 -> 1.4 | K308: =I308 -> 7.2 | M308: =J308+M307 -> 424 | N308: =K308+N307 -> 738.4 | P308: =(R307+K308)/H308 -> 0.13043478 | Q308: =IF(P308>Q$1,Q$1,P308) -> 0.13043478 | R308: =Q308*H308 -> 15 | S308: =R308-R307 -> 7.2 | T308: =K308-S308 -> 0
A309: =A308+1 -> 39020 | B309: 303 | C309: =ROUND(Data!BI309,2) -> 3.5 | D309: =ROUND(Data!O309,1) -> -7.4 | E309: =ROUND(Data!AA309,1) -> -18.1 | F309: =Data!BN309 -> 77.6 | G309: =Data!N309 -> 0 | H309: =Data!BE309 -> 90 | I309: =IF(H309>H308,ROUND((H309-H308)*I$1,1),0) -> 0 | J309: =Data!BR309 -> 3.2 | K309: =I309 -> 0 | M309: =J309+M308 -> 427.2 | N309: =K309+N308 -> 738.4 | P309: =(R308+K309)/H309 -> 0.16666667 | Q309: =IF(P309>Q$1,Q$1,P309) -> 0.16666667 | R309: =Q309*H309 -> 15 | S309: =R309-R308 -> 0 | T309: =K309-S309 -> 0
A310: =A309+1 -> 39021 | B310: 304 | C310: =ROUND(Data!BI310,2) -> 3.25 | D310: =ROUND(Data!O310,1) -> -7.3 | E310: =ROUND(Data!AA310,1) -> -17.7 | F310: =Data!BN310 -> 66.8 | G310: =Data!N310 -> 0 | H310: =Data!BE310 -> 88 | I310: =IF(H310>H309,ROUND((H310-H309)*I$1,1),0) -> 0 | J310: =Data!BR310 -> 0.2 | K310: =I310 -> 0 | M310: =J310+M309 -> 427.4 | N310: =K310+N309 -> 738.4 | P310: =(R309+K310)/H310 -> 0.17045455 | Q310: =IF(P310>Q$1,Q$1,P310) -> 0.17045455 | R310: =Q310*H310 -> 15 | S310: =R310-R309 -> 0 | T310: =K310-S310 -> 0
A311: =A310+1 -> 39022 | B311: 305 | C311: =ROUND(Data!BI311,2) -> 7.33 | D311: =ROUND(Data!O311,1) -> -1.5 | E311: =ROUND(Data!AA311,1) -> -18.9 | F311: =Data!BN311 -> 58.7 | G311: =Data!N311 -> 0 | H311: =Data!BE311 -> 90 | I311: =IF(H311>H310,ROUND((H311-H310)*I$1,1),0) -> 0.3 | J311: =Data!BR311 -> 1.8 | K311: =I311 -> 0.3 | M311: =J311+M310 -> 429.2 | N311: =K311+N310 -> 738.7 | P311: =(R310+K311)/H311 -> 0.17 | Q311: =IF(P311>Q$1,Q$1,P311) -> 0.17 | R311: =Q311*H311 -> 15.3 | S311: =R311-R310 -> 0.3 | T311: =K311-S311 -> -7.2164497e-16
A312: =A311+1 -> 39023 | B312: 306 | C312: =ROUND(Data!BI312,2) -> 2.46 | D312: =ROUND(Data!O312,1) -> -1.4 | E312: =ROUND(Data!AA312,1) -> -10.2 | F312: =Data!BN312 -> 42.8 | G312: =Data!N312 -> 0 | H312: =Data!BE312 -> 154 | I312: =IF(H312>H311,ROUND((H312-H311)*I$1,1),0) -> 8.3 | J312: =Data!BR312 -> 0 | K312: =I312 -> 8.3 | M312: =J312+M311 -> 429.2 | N312: =K312+N311 -> 747 | P312: =(R311+K312)/H312 -> 0.15324675 | Q312: =IF(P312>Q$1,Q$1,P312) -> 0.15324675 | R312: =Q312*H312 -> 23.6 | S312: =R312-R311 -> 8.3 | T312: =K312-S312 -> 0
A313: =A312+1 -> 39024 | B313: 307 | C313: =ROUND(Data!BI313,2) -> 0.23 | D313: =ROUND(Data!O313,1) -> 1.5 | E313: =ROUND(Data!AA313,1) -> -4.1 | F313: =Data!BN313 -> 92.8 | G313: =Data!N313 -> 0 | H313: =Data!BE313 -> 245 | I313: =IF(H313>H312,ROUND((H313-H312)*I$1,1),0) -> 11.8 | J313: =Data!BR313 -> 0 | K313: =ROUND(J313*L$3,1) -> 0 | M313: =J313+M312 -> 429.2 | N313: =K313+N312 -> 747 | P313: =(R312+K313)/H313 -> 0.096326531 | Q313: =IF(P313>Q$1,Q$1,P313) -> 0.096326531 | R313: =Q313*H313 -> 23.6 | S313: =R313-R312 -> 0 | T313: =K313-S313 -> 0
A314: =A313+1 -> 39025 | B314: 308 | C314: =ROUND(Data!BI314,2) -> 0.84 | D314: =ROUND(Data!O314,1) -> 3.3 | E314: =ROUND(Data!AA314,1) -> -0.1 | F314: =Data!BN314 -> 81.2 | G314: =Data!N314 -> 4 | H314: =Data!BE314 -> 170 | I314: =IF(H314>H313,ROUND((H314-H313)*I$1,1),0) -> 0 | J314: =Data!BR314 -> 35.6 | K314: =ROUND(J314*L$3,1) -> 37.4 | M314: =J314+M313 -> 464.8 | N314: =K314+N313 -> 784.4 | P314: =(R313+K314)/H314 -> 0.35882353 | Q314: =IF(P314>Q$1,Q$1,P314) -> 0.35882353 | R314: =Q314*H314 -> 61 | S314: =R314-R313 -> 37.4 | T314: =K314-S314 -> 0
A315: =A314+1 -> 39026 | B315: 309 | C315: =ROUND(Data!BI315,2) -> 3.15 | D315: =ROUND(Data!O315,1) -> 4.3 | E315: =ROUND(Data!AA315,1) -> 0 | F315: =Data!BN315 -> 70.8 | G315: =Data!N315 -> 0 | H315: =Data!BE315 -> 100 | I315: =IF(H315>H314,ROUND((H315-H314)*I$1,1),0) -> 0 | J315: =Data!BR315 -> 7.8 | K315: =ROUND(J315*L$3,1) -> 8.2 | M315: =J315+M314 -> 472.6 | N315: =K315+N314 -> 792.6 | P315: =(R314+K315)/H315 -> 0.692 | Q315: =IF(P315>Q$1,Q$1,P315) -> 0.4 | R315: =Q315*H315 -> 40 | S315: =R315-R314 -> -21 | T315: =K315-S315 -> 29.2
A316: =A315+1 -> 39027 | B316: 310 | C316: =ROUND(Data!BI316,2) -> 0.83 | D316: =ROUND(Data!O316,1) -> 8.8 | E316: =ROUND(Data!AA316,1) -> 0.1 | F316: =Data!BN316 -> 74.1 | G316: =Data!N316 -> 4 | H316: =Data!BE316 -> 85 | I316: =IF(H316>H315,ROUND((H316-H315)*I$1,1),0) -> 0 | J316: =Data!BR316 -> 11.2 | K316: =ROUND(J316*L$3,1) -> 11.8 | M316: =J316+M315 -> 483.8 | N316: =K316+N315 -> 804.4 | P316: =(R315+K316)/H316 -> 0.60941176 | Q316: =IF(P316>Q$1,Q$1,P316) -> 0.4 | R316: =Q316*H316 -> 34 | S316: =R316-R315 -> -6 | T316: =K316-S316 -> 17.8
A317: =A316+1 -> 39028 | B317: 311 | C317: =ROUND(Data!BI317,2) -> 1.69 | D317: =ROUND(Data!O317,1) -> 6.8 | E317: =ROUND(Data!AA317,1) -> -0.5 | F317: =Data!BN317 -> 70.8 | G317: =Data!N317 -> 0 | H317: =Data!BE317 -> 58 | I317: =IF(H317>H316,ROUND((H317-H316)*I$1,1),0) -> 0 | J317: =Data!BR317 -> 2.2 | K317: =ROUND(J317*L$3,1) -> 2.3 | M317: =J317+M316 -> 486 | N317: =K317+N316 -> 806.7 | P317: =(R316+K317)/H317 -> 0.62586207 | Q317: =IF(P317>Q$1,Q$1,P317) -> 0.4 | R317: =Q317*H317 -> 23.2 | S317: =R317-R316 -> -10.8 | T317: =K317-S317 -> 13.1
A318: =A317+1 -> 39029 | B318: 312 | C318: =ROUND(Data!BI318,2) -> 1.92 | D318: =ROUND(Data!O318,1) -> -0.5 | E318: =ROUND(Data!AA318,1) -> -6.5 | F318: =Data!BN318 -> 73.4 | G318: =Data!N318 -> 0 | H318: =Data!BE318 -> 58 | I318: =IF(H318>H317,ROUND((H318-H317)*I$1,1),0) -> 0 | J318: =Data!BR318 -> 0 | K318: =ROUND(J318*L$3,1) -> 0 | M318: =J318+M317 -> 486 | N318: =K318+N317 -> 806.7 | P318: =(R317+K318)/H318 -> 0.4 | Q318: =IF(P318>Q$1,Q$1,P318) -> 0.4 | R318: =Q318*H318 -> 23.2 | S318: =R318-R317 -> 0 | T318: =K318-S318 -> 0
A319: =A318+1 -> 39030 | B319: 313 | C319: =ROUND(Data!BI319,2) -> 1.32 | D319: =ROUND(Data!O319,1) -> -2.7 | E319: =ROUND(Data!AA319,1) -> -10 | F319: =Data!BN319 -> 78.1 | G319: =Data!N319 -> 0 | H319: =Data!BE319 -> 87 | I319: =IF(H319>H318,ROUND((H319-H318)*I$1,1),0) -> 3.8 | J319: =Data!BR319 -> 1.8 | K319: =ROUND(J319*L$3,1) -> 1.9 | M319: =J319+M318 -> 487.8 | N319: =K319+N318 -> 808.6 | P319: =(R318+K319)/H319 -> 0.28850575 | Q319: =IF(P319>Q$1,Q$1,P319) -> 0.28850575 | R319: =Q319*H319 -> 25.1 | S319: =R319-R318 -> 1.9 | T319: =K319-S319 -> 0
A320: =A319+1 -> 39031 | B320: 314 | C320: =ROUND(Data!BI320,2) -> 0.4 | D320: =ROUND(Data!O320,1) -> -3.1 | E320: =ROUND(Data!AA320,1) -> -4.9 | F320: =Data!BN320 -> 76.2 | G320: =Data!N320 -> 0 | H320: =Data!BE320 -> 150 | I320: =IF(H320>H319,ROUND((H320-H319)*I$1,1),0) -> 8.2 | J320: =Data!BR320 -> 0 | K320: =ROUND(J320*L$3,1) -> 0 | M320: =J320+M319 -> 487.8 | N320: =K320+N319 -> 808.6 | P320: =(R319+K320)/H320 -> 0.16733333 | Q320: =IF(P320>Q$1,Q$1,P320) -> 0.16733333 | R320: =Q320*H320 -> 25.1 | S320: =R320-R319 -> 0 | T320: =K320-S320 -> 0
A321: =A320+1 -> 39032 | B321: 315 | C321: =ROUND(Data!BI321,2) -> 0.78 | D321: =ROUND(Data!O321,1) -> -3 | E321: =ROUND(Data!AA321,1) -> -4.6 | F321: =Data!BN321 -> 87.7 | G321: =Data!N321 -> 0 | H321: =Data!BE321 -> 247 | I321: =IF(H321>H320,ROUND((H321-H320)*I$1,1),0) -> 12.6 | J321: =Data!BR321 -> 2.6 | K321: =I321 -> 12.6 | M321: =J321+M320 -> 490.4 | N321: =K321+N320 -> 821.2 | P321: =(R320+K321)/H321 -> 0.15263158 | Q321: =IF(P321>Q$1,Q$1,P321) -> 0.15263158 | R321: =Q321*H321 -> 37.7 | S321: =R321-R320 -> 12.6 | T321: =K321-S321 -> 0
A322: =A321+1 -> 39033 | B322: 316 | C322: =ROUND(Data!BI322,2) -> 0.49 | D322: =ROUND(Data!O322,1) -> -1.9 | E322: =ROUND(Data!AA322,1) -> -4.4 | F322: =Data!BN322 -> 81.8 | G322: =Data!N322 -> 0 | H322: =Data!BE322 -> 300 | I322: =IF(H322>H321,ROUND((H322-H321)*I$1,1),0) -> 6.9 | J322: =Data!BR322 -> 0 | K322: =I322 -> 6.9 | M322: =J322+M321 -> 490.4 | N322: =K322+N321 -> 828.1 | P322: =(R321+K322)/H322 -> 0.14866667 | Q322: =IF(P322>Q$1,Q$1,P322) -> 0.14866667 | R322: =Q322*H322 -> 44.6 | S322: =R322-R321 -> 6.9 | T322: =K322-S322 -> 0
A323: =A322+1 -> 39034 | B323: 317 | C323: =ROUND(Data!BI323,2) -> 1.72 | D323: =ROUND(Data!O323,1) -> -3.1 | E323: =ROUND(Data!AA323,1) -> -6 | F323: =Data!BN323 -> 95.3 | G323: =Data!N323 -> 0 | H323: =Data!BE323 -> 350 | I323: =IF(H323>H322,ROUND((H323-H322)*I$1,1),0) -> 6.5 | J323: =Data!BR323 -> 0.4 | K323: =I323 -> 6.5 | M323: =J323+M322 -> 490.8 | N323: =K323+N322 -> 834.6 | P323: =(R322+K323)/H323 -> 0.146 | Q323: =IF(P323>Q$1,Q$1,P323) -> 0.146 | R323: =Q323*H323 -> 51.1 | S323: =R323-R322 -> 6.5 | T323: =K323-S323 -> 7.1054274e-15
A324: =A323+1 -> 39035 | B324: 318 | C324: =ROUND(Data!BI324,2) -> 1.81 | D324: =ROUND(Data!O324,1) -> -3.4 | E324: =ROUND(Data!AA324,1) -> -12.4 | F324: =Data!BN324 -> 73.5 | G324: =Data!N324 -> 0 | H324: =Data!BE324 -> 414 | I324: =IF(H324>H323,ROUND((H324-H323)*I$1,1),0) -> 8.3 | J324: =Data!BR324 -> 0.4 | K324: =I324 -> 8.3 | M324: =J324+M323 -> 491.2 | N324: =K324+N323 -> 842.9 | P324: =(R323+K324)/H324 -> 0.14347826 | Q324: =IF(P324>Q$1,Q$1,P324) -> 0.14347826 | R324: =Q324*H324 -> 59.4 | S324: =R324-R323 -> 8.3 | T324: =K324-S324 -> 0
A325: =A324+1 -> 39036 | B325: 319 | C325: =ROUND(Data!BI325,2) -> 1.39 | D325: =ROUND(Data!O325,1) -> 1.6 | E325: =ROUND(Data!AA325,1) -> -4.8 | F325: =Data!BN325 -> 75.7 | G325: =Data!N325 -> 0 | H325: =Data!BE325 -> 455 | I325: =IF(H325>H324,ROUND((H325-H324)*I$1,1),0) -> 5.3 | J325: =Data!BR325 -> 10.6 | K325: =I325 -> 5.3 | M325: =J325+M324 -> 501.8 | N325: =K325+N324 -> 848.2 | P325: =(R324+K325)/H325 -> 0.1421978 | Q325: =IF(P325>Q$1,Q$1,P325) -> 0.1421978 | R325: =Q325*H325 -> 64.7 | S325: =R325-R324 -> 5.3 | T325: =K325-S325 -> 0
A326: =A325+1 -> 39037 | B326: 320 | C326: =ROUND(Data!BI326,2) -> 5.6 | D326: =ROUND(Data!O326,1) -> 1 | E326: =ROUND(Data!AA326,1) -> -6.9 | F326: =Data!BN326 -> 60.8 | G326: =Data!N326 -> 0 | H326: =Data!BE326 -> 430 | I326: =IF(H326>H325,ROUND((H326-H325)*I$1,1),0) -> 0 | J326: =Data!BR326 -> 5.2 | K326: =I326 -> 0 | M326: =J326+M325 -> 507 | N326: =K326+N325 -> 848.2 | P326: =(R325+K326)/H326 -> 0.15046512 | Q326: =IF(P326>Q$1,Q$1,P326) -> 0.15046512 | R326: =Q326*H326 -> 64.7 | S326: =R326-R325 -> 0 | T326: =K326-S326 -> 0
A327: =A326+1 -> 39038 | B327: 321 | C327: =ROUND(Data!BI327,2) -> 2.79 | D327: =ROUND(Data!O327,1) -> -1.3 | E327: =ROUND(Data!AA327,1) -> -6.7 | F327: =Data!BN327 -> 64.3 | G327: =Data!N327 -> 0 | H327: =Data!BE327 -> 404 | I327: =IF(H327>H326,ROUND((H327-H326)*I$1,1),0) -> 0 | J327: =Data!BR327 -> 0.4 | K327: =I327 -> 0 | M327: =J327+M326 -> 507.4 | N327: =K327+N326 -> 848.2 | P327: =(R326+K327)/H327 -> 0.16014851 | Q327: =IF(P327>Q$1,Q$1,P327) -> 0.16014851 | R327: =Q327*H327 -> 64.7 | S327: =R327-R326 -> 0 | T327: =K327-S327 -> 0
A328: =A327+1 -> 39039 | B328: 322 | C328: =ROUND(Data!BI328,2) -> 3.11 | D328: =ROUND(Data!O328,1) -> 0.3 | E328: =ROUND(Data!AA328,1) -> -4.8 | F328: =Data!BN328 -> 60.8 | G328: =Data!N328 -> 0 | H328: =Data!BE328 -> 398 | I328: =IF(H328>H327,ROUND((H328-H327)*I$1,1),0) -> 0 | J328: =Data!BR328 -> 0.8 | K328: =I328 -> 0 | M328: =J328+M327 -> 508.2 | N328: =K328+N327 -> 848.2 | P328: =(R327+K328)/H328 -> 0.16256281 | Q328: =IF(P328>Q$1,Q$1,P328) -> 0.16256281 | R328: =Q328*H328 -> 64.7 | S328: =R328-R327 -> 0 | T328: =K328-S328 -> 0
A329: =A328+1 -> 39040 | B329: 323 | C329: =ROUND(Data!BI329,2) -> 1.39 | D329: =ROUND(Data!O329,1) -> 3.7 | E329: =ROUND(Data!AA329,1) -> -4.1 | F329: =Data!BN329 -> 54.7 | G329: =Data!N329 -> 1 | H329: =Data!BE329 -> 359 | I329: =IF(H329>H328,ROUND((H329-H328)*I$1,1),0) -> 0 | J329: =Data!BR329 -> 7.6 | K329: =ROUND(J329*L$3,1) -> 8 | M329: =J329+M328 -> 515.8 | N329: =K329+N328 -> 856.2 | P329: =(R328+K329)/H329 -> 0.20250696 | Q329: =IF(P329>Q$1,Q$1,P329) -> 0.20250696 | R329: =Q329*H329 -> 72.7 | S329: =R329-R328 -> 8 | T329: =K329-S329 -> 0
A330: =A329+1 -> 39041 | B330: 324 | C330: =ROUND(Data!BI330,2) -> 5.3 | D330: =ROUND(Data!O330,1) -> 1.5 | E330: =ROUND(Data!AA330,1) -> -8.2 | F330: =Data!BN330 -> 56.4 | G330: =Data!N330 -> 0 | H330: =Data!BE330 -> 329 | I330: =IF(H330>H329,ROUND((H330-H329)*I$1,1),0) -> 0 | J330: =Data!BR330 -> 0 | K330: =I330 -> 0 | M330: =J330+M329 -> 515.8 | N330: =K330+N329 -> 856.2 | P330: =(R329+K330)/H330 -> 0.22097264 | Q330: =IF(P330>Q$1,Q$1,P330) -> 0.22097264 | R330: =Q330*H330 -> 72.7 | S330: =R330-R329 -> 0 | T330: =K330-S330 -> 0
A331: =A330+1 -> 39042 | B331: 325 | C331: =ROUND(Data!BI331,2) -> 0.86 | D331: =ROUND(Data!O331,1) -> 0.1 | E331: =ROUND(Data!AA331,1) -> -3.4 | F331: =Data!BN331 -> 70.5 | G331: =Data!N331 -> 0 | H331: =Data!BE331 -> 448 | I331: =IF(H331>H330,ROUND((H331-H330)*I$1,1),0) -> 15.5 | J331: =Data!BR331 -> 2 | K331: =I331 -> 15.5 | M331: =J331+M330 -> 517.8 | N331: =K331+N330 -> 871.7 | P331: =(R330+K331)/H331 -> 0.196875 | Q331: =IF(P331>Q$1,Q$1,P331) -> 0.196875 | R331: =Q331*H331 -> 88.2 | S331: =R331-R330 -> 15.5 | T331: =K331-S331 -> 0
...

Sheet Data
A1: Sicamous base station 2006 | E1: RH, Solar and PAR new calibrations added col BL onwards | M1: Removed -6999 indicating bad data | BE1: 3496 | BH1: =2.02 -> 2.02 | BI1: Recalibrated 30/07/07 | BL1: Rh_adjustment, 2/08/07) | BM1: 1.59
A2: Last edit 18/04/25 | E2: PAR 5 to 10% low | J2: Empty cell indicates no data | BE2: 3510 | BI2: 0.98 | BJ2: 1.1 | BL2: 111 | BM2: -76.7 | BT2: Summary
C3: Total | D3: Total | E3: Avg. | F3: Avg. | G3: Avg. | H3: Avg. | I3: Avg. | J3: Avg. | K3: Avg. | L3: Avg. | M3: Avg. | N3: Total | O3: Max. | P3: Time | Q3: Max. | R3: Time | S3: Max. | T3: Max. | U3: Max. | V3: Max. | W3: Max. | X3: Max. | Y3: Max. | Z3: Time | AA3: Min. | AB3: Time | AC3: Min. | AD3: Time | AE3: Min. | AF3: Min. | AG3: Min. | AH3: Min. | AI3: Min. | AJ3: Min. | AK3: Wind Rose: | BI3: Revised | BL3: 99 | BM3: 0.88 | BP3: Used Rhcor | CT3: Midnight
C4: Solar | D4: PAR | E4: Ta 6m | F4: RH | G4: Ta 3m | H4: Ta 1.5m | I4: Ta 0.25m | J4: Tsoil_Duff | K4: Tsoil_0.15 | L4: Tsoil_0.5 | M4: Wind | N4: Rain | O4: Ta 6m | P4: Ta 6m | Q4: RH | R4: RH | S4: Ta 3m | T4: Ta 1.5m | U4: Ta 0.25m | V4: Tsoil_Duff | W4: Tsoil_0.15 | X4: Tsoil_0.5 | Y4: Wind | Z4: Max_Wind | AA4: Ta 6m | AB4: Ta 6m | AC4: RH | AD4: RH | AE4: Ta 3m | AF4: Ta 1.5m | AG4: Ta 0.25m | AH4: Tsoil_Duff | AI4: Tsoil_0.15 | AJ4: Tsoil_0.5 | AS4: Distance | AT4: Distance | AV4: Tlogger | AW4: Tpanel | AX4: Tlogger | AY4: Tpanel | AZ4: Tlogger | BA4: Tpanel | BB4: BATT. | BC4: ID | BD4: Comments | BE4: Snow Depth | BG4: Solarmax | BH4: PARmax | BI4: Solar | BJ4: PAR | BM4: -7 | BO4: Vapres | BP4: VPDx | BR4: FWS | BT4: Solar | BU4: PAR | BV4: Ta6Ave | BW4: Ta3Ave | BX4: Ta15Ave | BY4: Ta025Ave | BZ4: TdufAve | CA4: Ts015Ave | CB4: Ts05Ave | CC4: RH6Ave | CD4: Ta6Max | CE4: Ta3Max | CF4: Ta15Max | CG4: Ta025Max | CH4: TdufMax | CI4: Ts015Max | CJ4: Ts05Max | CK4: RH6Max | CL4: Ta6Min | CM4: Ta3Min | CN4: Ta15Min | CO4: Ta025Min | CP4: TdufMin | CQ4: Ts015Min | CR4: Ts05Min | CS4: RH6Min | CT4: SnowD | CU4: Precipitation | CV4: Wind | CW4: WindX | CX4: Vapres | CY4: vpdX | CZ4: BatV
A5: Date | B5: Doy | C5: MJ/m2/d | D5: mol/m2/d | E5: C | F5: % | G5: C | H5: C | I5: C | J5: C | K5: C | L5: C | M5: m/s | N5: mm | O5: C | P5: PST | Q5: % | R5: PST | S5: C | T5: C | U5: C | V5: C | W5: C | X5: C | Y5: m/s | Z5: PST | AA5: C | AB5: PST | AC5: % | AD5: PST | AE5: C | AF5: C | AG5: C | AH5: C | AI5: C | AJ5: C | AK5: N--NE | AL5: NE--E | AM5: E--SE | AN5: SE--S | AO5: S--SW | AP5: SW--W | AQ5: W--NW | AR5: NW--N | AS5: Max | AT5: Min | AU5: Avg | AV5: Avg | AW5: Avg | AX5: Max | AY5: Max | AZ5: Min | BA5: Min | BB5: (V) | BG5: MJ/m2/d | BH5: mol/m2/d | BL5: RHMax | BM5: RHAvg | BN5: RHMin | BO5: kPa | BP5: kPa | BT5: MJ/m2/d | BU5: mol/m2/d | BV5: C | BW5: C | BX5: C | BY5: C | BZ5: C | CA5: C | CB5: C | CC5: % | CD5: C | CE5: C | CF5: C | CG5: C | CH5: C | CI5: C | CJ5: C | CK5: % | CL5: C | CM5: C | CN5: C | CO5: C | CP5: C | CQ5: C | CR5: C | CS5: % | CT5: mm | CU5: mm/d | CV5: m/s | CW5: m/s | CX5: kPa | CY5: kPa | CZ5: V
BE6: 583
A7: 38718 | B7: 1 | C7: 1.487 | D7: 3.172 | E7: -2.786 | F7: 101.6 | G7: -3.491 | H7: -3.775 | I7: -0.051 | J7: -0.449 | K7: -0.158 | L7: 0.806 | M7: 1.615 | N7: 0 | O7: -0.229 | P7: 1151 | Q7: 110.5 | R7: 326 | S7: 0.397 | T7: 0.369 | U7: 0.244 | V7: -0.252 | W7: 0.097 | X7: 1.054 | Y7: 4.65 | Z7: 2212 | AA7: -8.49 | AB7: 813 | AC7: 89.6 | AD7: 1629 | AE7: -10.26 | AF7: -11.66 | AG7: -0.276 | AH7: -0.701 | AI7: -0.383 | AJ7: 0.587 | AK7: 0.174 | AL7: 0.279 | AM7: 0.21 | AN7: 0.102 | AO7: 0.072 | AP7: 0.049 | AQ7: 0.036 | AR7: 0.078 | AS7: 2911 | AT7: 2901 | AU7: 2905 | AV7: -4.543 | AW7: -4.599 | AX7: -1.911 | AY7: -1.853 | AZ7: -10.36 | BA7: -10.7 | BB7: 13.03 | BC7: 2876 | BE7: =BE$2-AU7 -> 605 | BG7: 4.59 | BH7: =BG7*$BH$1 -> 9.2718 | BI7: =ROUND(C7*BI$2,2) -> 1.46 | BJ7: =ROUND(D7*BJ$2,2) -> 3.49 | BL7: =ROUND(IF(Q7>BL$2,100,IF(Q7>BL$3,BM$1*Q7+BM$2, Q7*BM$3+BM$4)),1) -> 99 | BM7: =ROUND(IF(F7>BL$2,100, IF(F7>BL$3,BM$1*F7+BM$2, F7*BM$3+BM$4)),1) -> 84.8 | BN7: =ROUND(IF(AC7>BL$2,100,IF(AC7>BL$3,BM$1*AC7+BM$2, AC7*BM$3+BM$4)),1) -> 71.8 | BO7: =ROUND((0.6105*(EXP((17.273*O7)/(O7+237.3))))*BN7/100,3) -> 0.431 | BP7: =ROUND((100-BN7)*BO7/BN7,3) -> 0.169 | BT7: =BI7 -> 1.46 | BU7: =BJ7 -> 3.49 | BV7: =ROUND(E7,1) -> -2.8 | BW7: =ROUND(G7,1) -> -3.5 | BX7: =ROUND(H7,1) -> -3.8 | BY7: =ROUND(I7,1) -> -0.1 | BZ7: =ROUND(J7,1) -> -0.4 | CA7: =ROUND(K7,1) -> -0.2 | CB7: =ROUND(L7,1) -> 0.8 | CC7: =ROUND(BM7,1) -> 84.8 | CD7: =ROUND(O7,1) -> -0.2 | CE7: =ROUND(S7,1) -> 0.4 | CF7: =ROUND(T7,1) -> 0.4 | CG7: =ROUND(U7,1) -> 0.2 | CH7: =ROUND(V7,1) -> -0.3 | CI7: =ROUND(W7,1) -> 0.1 | CJ7: =ROUND(X7,1) -> 1.1 | CK7: =ROUND(BL7,1) -> 99 | CL7: =ROUND(AA7,1) -> -8.5 | CM7: =ROUND(AE7,1) -> -10.3 | CN7: =ROUND(AF7,1) -> -11.7 | CO7: =ROUND(AG7,1) -> -0.3 | CP7: =ROUND(AH7,1) -> -0.7 | CQ7: =ROUND(AI7,1) -> -0.4 | CR7: =ROUND(AJ7,1) -> 0.6 | CS7: =ROUND(BN7,1) -> 71.8 | CT7: =BE7 -> 605 | CU7: =PPTest!K7 -> 2.9 | CV7: =ROUND(M7,2) -> 1.62 | CW7: =ROUND(Y7,2) -> 4.65 | CX7: =BO7 -> 0.431 | CY7: =BP7 -> 0.169 | CZ7: =BB7 -> 13.03
A8: =A7+1 -> 38719 | B8: 2 | C8: 3.239 | D8: 6.016 | E8: -1.613 | F8: 97.1 | G8: -2.173 | H8: -2.357 | I8: -0.049 | J8: -0.439 | K8: -0.172 | L8: 0.802 | M8: 1.315 | N8: 0 | O8: 1.079 | P8: 1217 | Q8: 110 | R8: 2254 | S8: 3.066 | T8: 3.527 | U8: 0.23 | V8: -0.178 | W8: 0.071 | X8: 1.049 | Y8: 4.65 | Z8: 229 | AA8: -3.864 | AB8: 845 | AC8: 77.4 | AD8: 1216 | AE8: -5.8 | AF8: -6.711 | AG8: -0.285 | AH8: -0.699 | AI8: -0.391 | AJ8: 0.584 | AK8: 0.14 | AL8: 0.272 | AM8: 0.197 | AN8: 0.097 | AO8: 0.087 | AP8: 0.094 | AQ8: 0.053 | AR8: 0.06 | AS8: 2929 | AT8: 2920 | AU8: 2924 | AV8: -2.957 | AW8: -3.026 | AX8: -0.304 | AY8: 0.28 | AZ8: -5.566 | BA8: -5.912 | BB8: 13.01 | BC8: 2876 | BE8: =BE$2-AU8 -> 586 | BG8: 4.63 | BH8: =BG8*$BH$1 -> 9.3526 | BI8: =ROUND(C8*BI$2,2) -> 3.17 | BJ8: =ROUND(D8*BJ$2,2) -> 6.62 | BL8: =ROUND(IF(Q8>BL$2,100,IF(Q8>BL$3,BM$1*Q8+BM$2, Q8*BM$3+BM$4)),1) -> 98.2 | BM8: =ROUND(IF(F8>BL$2,100, IF(F8>BL$3,BM$1*F8+BM$2, F8*BM$3+BM$4)),1) -> 78.4 | BN8: =ROUND(IF(AC8>BL$2,100,IF(AC8>BL$3,BM$1*AC8+BM$2, AC8*BM$3+BM$4)),1) -> 61.1 | BO8: =ROUND((0.6105*(EXP((17.273*O8)/(O8+237.3))))*BN8/100,3) -> 0.403 | BP8: =ROUND((100-BN8)*BO8/BN8,3) -> 0.257 | BT8: =BI8 -> 3.17 | BU8: =BJ8 -> 6.62 | BV8: =ROUND(E8,1) -> -1.6 | BW8: =ROUND(G8,1) -> -2.2 | BX8: =ROUND(H8,1) -> -2.4 | BY8: =ROUND(I8,1) -> 0 | BZ8: =ROUND(J8,1) -> -0.4 | CA8: =ROUND(K8,1) -> -0.2 | CB8: =ROUND(L8,1) -> 0.8 | CC8: =ROUND(BM8,1) -> 78.4 | CD8: =ROUND(O8,1) -> 1.1 | CE8: =ROUND(S8,1) -> 3.1 | CF8: =ROUND(T8,1) -> 3.5 | CG8: =ROUND(U8,1) -> 0.2 | CH8: =ROUND(V8,1) -> -0.2 | CI8: =ROUND(W8,1) -> 0.1 | CJ8: =ROUND(X8,1) -> 1 | CK8: =ROUND(BL8,1) -> 98.2 | CL8: =ROUND(AA8,1) -> -3.9 | CM8: =ROUND(AE8,1) -> -5.8 | CN8: =ROUND(AF8,1) -> -6.7 | CO8: =ROUND(AG8,1) -> -0.3 | CP8: =ROUND(AH8,1) -> -0.7 | CQ8: =ROUND(AI8,1) -> -0.4 | CR8: =ROUND(AJ8,1) -> 0.6 | CS8: =ROUND(BN8,1) -> 61.1 | CT8: =BE8 -> 586 | CU8: =PPTest!K8 -> 0 | CV8: =ROUND(M8,2) -> 1.32 | CW8: =ROUND(Y8,2) -> 4.65 | CX8: =BO8 -> 0.403 | CY8: =BP8 -> 0.257 | CZ8: =BB8 -> 13.01
A9: =A8+1 -> 38720 | B9: 3 | C9: 1.853 | D9: 2.304 | E9: -3.32 | F9: 103.8 | G9: -3.726 | H9: -3.799 | I9: -0.052 | J9: -0.478 | K9: -0.201 | L9: 0.774 | M9: 1.204 | N9: 0 | O9: -1.052 | P9: 1249 | Q9: 111 | R9: 416 | S9: 0.09 | T9: 0.284 | U9: 0.071 | V9: -0.359 | W9: -0.088 | X9: 0.876 | Y9: 3.187 | Z9: 1849 | AA9: -5.446 | AB9: 1658 | AC9: 79.3 | AD9: 1320 | AE9: -7 | AF9: -7.76 | AG9: -0.436 | AH9: -0.868 | AI9: -0.55 | AJ9: 0.426 | AK9: 0.083 | AL9: 0.104 | AM9: 0.115 | AN9: 0.074 | AO9: 0.147 | AP9: 0.261 | AQ9: 0.122 | AR9: 0.094 | AS9: 2836 | AT9: 2835 | AU9: 2835 | AV9: -3.914 | AW9: -3.977 | AX9: -1.911 | AY9: -1.64 | AZ9: -6.389 | BA9: -6.723 | BB9: 13.11 | BC9: 2876 | BE9: =BE$2-AU9 -> 675 | BG9: 4.67 | BH9: =BG9*$BH$1 -> 9.4334 | BI9: =ROUND(C9*BI$2,2) -> 1.82 | BJ9: =ROUND(D9*BJ$2,2) -> 2.53 | BL9: =ROUND(IF(Q9>BL$2,100,IF(Q9>BL$3,BM$1*Q9+BM$2, Q9*BM$3+BM$4)),1) -> 99.8 | BM9: =ROUND(IF(F9>BL$2,100, IF(F9>BL$3,BM$1*F9+BM$2, F9*BM$3+BM$4)),1) -> 88.3 | BN9: =ROUND(IF(AC9>BL$2,100,IF(AC9>BL$3,BM$1*AC9+BM$2, AC9*BM$3+BM$4)),1) -> 62.8 | BO9: =ROUND((0.6105*(EXP((17.273*O9)/(O9+237.3))))*BN9/100,3) -> 0.355 | BP9: =ROUND((100-BN9)*BO9/BN9,3) -> 0.21 | BT9: =BI9 -> 1.82 | BU9: =BJ9 -> 2.53 | BV9: =ROUND(E9,1) -> -3.3 | BW9: =ROUND(G9,1) -> -3.7 | BX9: =ROUND(H9,1) -> -3.8 | BY9: =ROUND(I9,1) -> -0.1 | BZ9: =ROUND(J9,1) -> -0.5 | CA9: =ROUND(K9,1) -> -0.2 | CB9: =ROUND(L9,1) -> 0.8 | CC9: =ROUND(BM9,1) -> 88.3 | CD9: =ROUND(O9,1) -> -1.1 | CE9: =ROUND(S9,1) -> 0.1 | CF9: =ROUND(T9,1) -> 0.3 | CG9: =ROUND(U9,1) -> 0.1 | CH9: =ROUND(V9,1) -> -0.4 | CI9: =ROUND(W9,1) -> -0.1 | CJ9: =ROUND(X9,1) -> 0.9 | CK9: =ROUND(BL9,1) -> 99.8 | CL9: =ROUND(AA9,1) -> -5.4 | CM9: =ROUND(AE9,1) -> -7 | CN9: =ROUND(AF9,1) -> -7.8 | CO9: =ROUND(AG9,1) -> -0.4 | CP9: =ROUND(AH9,1) -> -0.9 | CQ9: =ROUND(AI9,1) -> -0.6 | CR9: =ROUND(AJ9,1) -> 0.4 | CS9: =ROUND(BN9,1) -> 62.8 | CT9: =BE9 -> 675 | CU9: =PPTest!K9 -> 11.6 | CV9: =ROUND(M9,2) -> 1.2 | CW9: =ROUND(Y9,2) -> 3.19 | CX9: =BO9 -> 0.355 | CY9: =BP9 -> 0.21 | CZ9: =BB9 -> 13.11
A10: =A9+1 -> 38721 | B10: 4 | C10: 2.784 | D10: 3.342 | E10: -2.952 | F10: 99.2 | G10: -3.539 | H10: -3.74 | I10: -0.047 | J10: -0.529 | K10: -0.207 | L10: 0.777 | M10: 1.429 | N10: 0 | O10: 0.347 | P10: 1326 | Q10: 110.6 | R10: 506 | S10: 1.591 | T10: 1.483 | U10: 0.19 | V10: -0.322 | W10: 0.019 | X10: 0.995 | Y10: 4.53 | Z10: 2240 | AA10: -5.863 | AB10: 559 | AC10: 82.5 | AD10: 1251 | AE10: -8.25 | AF10: -9.32 | AG10: -0.386 | AH10: -0.85 | AI10: -0.522 | AJ10: 0.465 | AK10: 0.104 | AL10: 0.105 | AM10: 0.111 | AN10: 0.097 | AO10: 0.212 | AP10: 0.212 | AQ10: 0.093 | AR10: 0.066 | AS10: 2854 | AT10: 2844 | AU10: 2849 | AV10: -4.405 | AW10: -4.455 | AX10: -1.292 | AY10: -0.925 | AZ10: -7.07 | BA10: -7.48 | BB10: 13.1 | BC10: 2876 | BE10: =BE$2-AU10 -> 661 | BG10: 4.72 | BH10: =BG10*$BH$1 -> 9.5344 | BI10: =ROUND(C10*BI$2,2) -> 2.73 | BJ10: =ROUND(D10*BJ$2,2) -> 3.68 | BL10: =ROUND(IF(Q10>BL$2,100,IF(Q10>BL$3,BM$1*Q10+BM$2, Q10*BM$3+BM$4)),1) -> 99.2 | BM10: =ROUND(IF(F10>BL$2,100, IF(F10>BL$3,BM$1*F10+BM$2, F10*BM$3+BM$4)),1) -> 81 | BN10: =ROUND(IF(AC10>BL$2,100,IF(AC10>BL$3,BM$1*AC10+BM$2, AC10*BM$3+BM$4)),1) -> 65.6 | BO10: =ROUND((0.6105*(EXP((17.273*O10)/(O10+237.3))))*BN10/100,3) -> 0.411 | BP10: =ROUND((100-BN10)*BO10/BN10,3) -> 0.216 | BT10: =BI10 -> 2.73 | BU10: =BJ10 -> 3.68 | BV10: =ROUND(E10,1) -> -3 | BW10: =ROUND(G10,1) -> -3.5 | BX10: =ROUND(H10,1) -> -3.7 | BY10: =ROUND(I10,1) -> 0 | BZ10: =ROUND(J10,1) -> -0.5 | CA10: =ROUND(K10,1) -> -0.2 | CB10: =ROUND(L10,1) -> 0.8 | CC10: =ROUND(BM10,1) -> 81 | CD10: =ROUND(O10,1) -> 0.3 | CE10: =ROUND(S10,1) -> 1.6 | CF10: =ROUND(T10,1) -> 1.5 | CG10: =ROUND(U10,1) -> 0.2 | CH10: =ROUND(V10,1) -> -0.3 | CI10: =ROUND(W10,1) -> 0 | CJ10: =ROUND(X10,1) -> 1 | CK10: =ROUND(BL10,1) -> 99.2 | CL10: =ROUND(AA10,1) -> -5.9 | CM10: =ROUND(AE10,1) -> -8.3 | CN10: =ROUND(AF10,1) -> -9.3 | CO10: =ROUND(AG10,1) -> -0.4 | CP10: =ROUND(AH10,1) -> -0.9 | CQ10: =ROUND(AI10,1) -> -0.5 | CR10: =ROUND(AJ10,1) -> 0.5 | CS10: =ROUND(BN10,1) -> 65.6 | CT10: =BE10 -> 661 | CU10: =PPTest!K10 -> 0 | CV10: =ROUND(M10,2) -> 1.43 | CW10: =ROUND(Y10,2) -> 4.53 | CX10: =BO10 -> 0.411 | CY10: =BP10 -> 0.216 | CZ10: =BB10 -> 13.1
A11: =A10+1 -> 38722 | B11: 5 | C11: 0.655 | D11: 1.219 | E11: -0.771 | F11: 99.1 | G11: -1.235 | H11: -1.322 | I11: -0.014 | J11: -0.427 | K11: -0.163 | L11: 0.823 | M11: 1.827 | N11: 0 | O11: 1.334 | P11: 1447 | Q11: 110.5 | R11: 2344 | S11: 1.017 | T11: 0.989 | U11: 0.077 | V11: -0.331 | W11: -0.093 | X11: 0.882 | Y11: 5.488 | Z11: 807 | AA11: -2.931 | AB11: 10 | AC11: 84.1 | AD11: 635 | AE11: -3.468 | AF11: -3.547 | AG11: -0.141 | AH11: -0.523 | AI11: -0.214 | AJ11: 0.769 | AK11: 0.165 | AL11: 0.128 | AM11: 0.083 | AN11: 0.048 | AO11: 0.095 | AP11: 0.184 | AQ11: 0.152 | AR11: 0.144 | AS11: 2870 | AT11: 2862 | AU11: 2866 | AV11: -1.68 | AW11: -1.69 | AX11: -0.243 | AY11: -0.176 | AZ11: -3.439 | BA11: -3.51 | BB11: 12.7 | BC11: 2876 | BE11: =BE$2-AU11 -> 644 | BG11: 4.76 | BH11: =BG11*$BH$1 -> 9.6152 | BI11: =ROUND(C11*BI$2,2) -> 0.64 | BJ11: =ROUND(D11*BJ$2,2) -> 1.34 | BL11: =ROUND(IF(Q11>BL$2,100,IF(Q11>BL$3,BM$1*Q11+BM$2, Q11*BM$3+BM$4)),1) -> 99 | BM11: =ROUND(IF(F11>BL$2,100, IF(F11>BL$3,BM$1*F11+BM$2, F11*BM$3+BM$4)),1) -> 80.9 | BN11: =ROUND(IF(AC11>BL$2,100,IF(AC11>BL$3,BM$1*AC11+BM$2, AC11*BM$3+BM$4)),1) -> 67 | BO11: =ROUND((0.6105*(EXP((17.273*O11)/(O11+237.3))))*BN11/100,3) -> 0.451 | BP11: =ROUND((100-BN11)*BO11/BN11,3) -> 0.222 | BT11: =BI11 -> 0.64 | BU11: =BJ11 -> 1.34 | BV11: =ROUND(E11,1) -> -0.8 | BW11: =ROUND(G11,1) -> -1.2 | BX11: =ROUND(H11,1) -> -1.3 | BY11: =ROUND(I11,1) -> 0 | BZ11: =ROUND(J11,1) -> -0.4 | CA11: =ROUND(K11,1) -> -0.2 | CB11: =ROUND(L11,1) -> 0.8 | CC11: =ROUND(BM11,1) -> 80.9 | CD11: =ROUND(O11,1) -> 1.3 | CE11: =ROUND(S11,1) -> 1 | CF11: =ROUND(T11,1) -> 1 | CG11: =ROUND(U11,1) -> 0.1 | CH11: =ROUND(V11,1) -> -0.3 | CI11: =ROUND(W11,1) -> -0.1 | CJ11: =ROUND(X11,1) -> 0.9 | CK11: =ROUND(BL11,1) -> 99 | CL11: =ROUND(AA11,1) -> -2.9 | CM11: =ROUND(AE11,1) -> -3.5 | CN11: =ROUND(AF11,1) -> -3.5 | CO11: =ROUND(AG11,1) -> -0.1 | CP11: =ROUND(AH11,1) -> -0.5 | CQ11: =ROUND(AI11,1) -> -0.2 | CR11: =ROUND(AJ11,1) -> 0.8 | CS11: =ROUND(BN11,1) -> 67 | CT11: =BE11 -> 644 | CU11: =PPTest!K11 -> 0 | CV11: =ROUND(M11,2) -> 1.83 | CW11: =ROUND(Y11,2) -> 5.49 | CX11: =BO11 -> 0.451 | CY11: =BP11 -> 0.222 | CZ11: =BB11 -> 12.7
A12: =A11+1 -> 38723 | B12: 6 | C12: 1.552 | D12: 2.814 | E12: 0.365 | F12: 108.5 | G12: -0.042 | H12: -0.092 | I12: 0.09 | J12: -0.295 | K12: -0.116 | L12: 0.842 | M12: 1.392 | N12: 0 | O12: 1.87 | P12: 1105 | Q12: 111 | R12: 324 | S12: 2.144 | T12: 2.245 | U12: 0.167 | V12: -0.206 | W12: -0.031 | X12: 0.933 | Y12: 4.277 | Z12: 1627 | AA12: -1.781 | AB12: 315 | AC12: 104.3 | AD12: 1638 | AE12: -2.241 | AF12: -2.218 | AG12: -0.014 | AH12: -0.406 | AI12: -0.196 | AJ12: 0.779 | AK12: 0.055 | AL12: 0.069 | AM12: 0.044 | AN12: 0.062 | AO12: 0.175 | AP12: 0.292 | AQ12: 0.222 | AR12: 0.082 | AS12: 2868 | AT12: 2862 | AU12: 2865 | AV12: -0.214 | AW12: -0.231 | AX12: 1.074 | AY12: 1.172 | AZ12: -1.642 | BA12: -1.557 | BB12: 12.8 | BC12: 2876 | BE12: =BE$2-AU12 -> 645 | BG12: 4.82 | BH12: =BG12*$BH$1 -> 9.7364 | BI12: =ROUND(C12*BI$2,2) -> 1.52 | BJ12: =ROUND(D12*BJ$2,2) -> 3.1 | BL12: =ROUND(IF(Q12>BL$2,100,IF(Q12>BL$3,BM$1*Q12+BM$2, Q12*BM$3+BM$4)),1) -> 99.8 | BM12: =ROUND(IF(F12>BL$2,100, IF(F12>BL$3,BM$1*F12+BM$2, F12*BM$3+BM$4)),1) -> 95.8 | BN12: =ROUND(IF(AC12>BL$2,100,IF(AC12>BL$3,BM$1*AC12+BM$2, AC12*BM$3+BM$4)),1) -> 89.1 | BO12: =ROUND((0.6105*(EXP((17.273*O12)/(O12+237.3))))*BN12/100,3) -> 0.623 | BP12: =ROUND((100-BN12)*BO12/BN12,3) -> 0.076 | BT12: =BI12 -> 1.52 | BU12: =BJ12 -> 3.1 | BV12: =ROUND(E12,1) -> 0.4 | BW12: =ROUND(G12,1) -> 0 | BX12: =ROUND(H12,1) -> -0.1 | BY12: =ROUND(I12,1) -> 0.1 | BZ12: =ROUND(J12,1) -> -0.3 | CA12: =ROUND(K12,1) -> -0.1 | CB12: =ROUND(L12,1) -> 0.8 | CC12: =ROUND(BM12,1) -> 95.8 | CD12: =ROUND(O12,1) -> 1.9 | CE12: =ROUND(S12,1) -> 2.1 | CF12: =ROUND(T12,1) -> 2.2 | CG12: =ROUND(U12,1) -> 0.2 | CH12: =ROUND(V12,1) -> -0.2 | CI12: =ROUND(W12,1) -> 0 | CJ12: =ROUND(X12,1) -> 0.9 | CK12: =ROUND(BL12,1) -> 99.8 | CL12: =ROUND(AA12,1) -> -1.8 | CM12: =ROUND(AE12,1) -> -2.2 | CN12: =ROUND(AF12,1) -> -2.2 | CO12: =ROUND(AG12,1) -> 0 | CP12: =ROUND(AH12,1) -> -0.4 | CQ12: =ROUND(AI12,1) -> -0.2 | CR12: =ROUND(AJ12,1) -> 0.8 | CS12: =ROUND(BN12,1) -> 89.1 | CT12: =BE12 -> 645 | CU12: =PPTest!K12 -> 0.1 | CV12: =ROUND(M12,2) -> 1.39 | CW12: =ROUND(Y12,2) -> 4.28 | CX12: =BO12 -> 0.623 | CY12: =BP12 -> 0.076 | CZ12: =BB12 -> 12.8
A13: =A12+1 -> 38724 | B13: 7 | C13: 2.295 | D13: 3.38 | E13: -2.588 | F13: 110.1 | G13: -3.247 | H13: -3.427 | I13: 0.066 | J13: -0.372 | K13: -0.17 | L13: 0.784 | M13: 0.747 | N13: 0 | O13: -0.056 | P13: 2 | Q13: 111.2 | R13: 702 | S13: -0.49 | T13: -0.456 | U13: 0.34 | V13: -0.132 | W13: 0.067 | X13: 1.02 | Y13: 2.322 | Z13: 1513 | AA13: -6.528 | AB13: 901 | AC13: 105.5 | AD13: 957 | AE13: -8.66 | AF13: -10.2 | AG13: -0.231 | AH13: -0.674 | AI13: -0.436 | AJ13: 0.529 | AK13: 0.071 | AL13: 0.303 | AM13: 0.256 | AN13: 0.058 | AO13: 0.137 | AP13: 0.114 | AQ13: 0.04 | AR13: 0.02 | AS13: 2844 | AT13: 2841 | AU13: 2843 | AV13: -3.38 | AW13: -3.498 | AX13: -0.325 | AY13: -0.455 | AZ13: -8.53 | BA13: -9 | BB13: 13.02 | BC13: 2876 | BE13: =BE$2-AU13 -> 667 | BG13: 4.87 | BH13: =BG13*$BH$1 -> 9.8374 | BI13: =ROUND(C13*BI$2,2) -> 2.25 | BJ13: =ROUND(D13*BJ$2,2) -> 3.72 | BL13: =ROUND(IF(Q13>BL$2,100,IF(Q13>BL$3,BM$1*Q13+BM$2, Q13*BM$3+BM$4)),1) -> 100 | BM13: =ROUND(IF(F13>BL$2,100, IF(F13>BL$3,BM$1*F13+BM$2, F13*BM$3+BM$4)),1) -> 98.4 | BN13: =ROUND(IF(AC13>BL$2,100,IF(AC13>BL$3,BM$1*AC13+BM$2, AC13*BM$3+BM$4)),1) -> 91 | BO13: =ROUND((0.6105*(EXP((17.273*O13)/(O13+237.3))))*BN13/100,3) -> 0.553 | BP13: =ROUND((100-BN13)*BO13/BN13,3) -> 0.055 | BT13: =BI13 -> 2.25 | BU13: =BJ13 -> 3.72 | BV13: =ROUND(E13,1) -> -2.6 | BW13: =ROUND(G13,1) -> -3.2 | BX13: =ROUND(H13,1) -> -3.4 | BY13: =ROUND(I13,1) -> 0.1 | BZ13: =ROUND(J13,1) -> -0.4 | CA13: =ROUND(K13,1) -> -0.2 | CB13: =ROUND(L13,1) -> 0.8 | CC13: =ROUND(BM13,1) -> 98.4 | CD13: =ROUND(O13,1) -> -0.1 | CE13: =ROUND(S13,1) -> -0.5 | CF13: =ROUND(T13,1) -> -0.5 | CG13: =ROUND(U13,1) -> 0.3 | CH13: =ROUND(V13,1) -> -0.1 | CI13: =ROUND(W13,1) -> 0.1 | CJ13: =ROUND(X13,1) -> 1 | CK13: =ROUND(BL13,1) -> 100 | CL13: =ROUND(AA13,1) -> -6.5 | CM13: =ROUND(AE13,1) -> -8.7 | CN13: =ROUND(AF13,1) -> -10.2 | CO13: =ROUND(AG13,1) -> -0.2 | CP13: =ROUND(AH13,1) -> -0.7 | CQ13: =ROUND(AI13,1) -> -0.4 | CR13: =ROUND(AJ13,1) -> 0.5 | CS13: =ROUND(BN13,1) -> 91 | CT13: =BE13 -> 667 | CU13: =PPTest!K13 -> 2.9 | CV13: =ROUND(M13,2) -> 0.75 | CW13: =ROUND(Y13,2) -> 2.32 | CX13: =BO13 -> 0.553 | CY13: =BP13 -> 0.055 | CZ13: =BB13 -> 13.02
A14: =A13+1 -> 38725 | B14: 8 | C14: 0.564 | D14: 0.987 | E14: -3.071 | F14: 105.8 | G14: -3.489 | H14: -3.512 | I14: 0.131 | J14: -0.43 | K14: -0.168 | L14: 0.794 | M14: 1.387 | N14: 0 | O14: -1.036 | P14: 1340 | Q14: 111.1 | R14: 7 | S14: 0.08 | T14: 0.488 | U14: 0.265 | V14: -0.27 | W14: -0.043 | X14: 0.921 | Y14: 4.996 | Z14: 2249 | AA14: -4.344 | AB14: 1741 | AC14: 94.8 | AD14: 1341 | AE14: -5.748 | AF14: -6.544 | AG14: -0.058 | AH14: -0.6 | AI14: -0.322 | AJ14: 0.643 | AK14: 0.022 | AL14: 0.026 | AM14: 0.058 | AN14: 0.064 | AO14: 0.24 | AP14: 0.422 | AQ14: 0.145 | AR14: 0.024 | AS14: 2831 | AT14: 2830 | AU14: 2830 | AV14: -3.512 | AW14: -3.584 | AX14: -1.683 | AY14: -1.417 | AZ14: -5.524 | BA14: -5.73 | BB14: 13.01 | BC14: 2876 | BE14: =BE$2-AU14 -> 680 | BG14: 4.93 | BH14: =BG14*$BH$1 -> 9.9586 | BI14: =ROUND(C14*BI$2,2) -> 0.55 | BJ14: =ROUND(D14*BJ$2,2) -> 1.09 | BL14: =ROUND(IF(Q14>BL$2,100,IF(Q14>BL$3,BM$1*Q14+BM$2, Q14*BM$3+BM$4)),1) -> 100 | BM14: =ROUND(IF(F14>BL$2,100, IF(F14>BL$3,BM$1*F14+BM$2, F14*BM$3+BM$4)),1) -> 91.5 | BN14: =ROUND(IF(AC14>BL$2,100,IF(AC14>BL$3,BM$1*AC14+BM$2, AC14*BM$3+BM$4)),1) -> 76.4 | BO14: =ROUND((0.6105*(EXP((17.273*O14)/(O14+237.3))))*BN14/100,3) -> 0.432 | BP14: =ROUND((100-BN14)*BO14/BN14,3) -> 0.133 | BT14: =BI14 -> 0.55 | BU14: =BJ14 -> 1.09 | BV14: =ROUND(E14,1) -> -3.1 | BW14: =ROUND(G14,1) -> -3.5 | BX14: =ROUND(H14,1) -> -3.5 | BY14: =ROUND(I14,1) -> 0.1 | BZ14: =ROUND(J14,1) -> -0.4 | CA14: =ROUND(K14,1) -> -0.2 | CB14: =ROUND(L14,1) -> 0.8 | CC14: =ROUND(BM14,1) -> 91.5 | CD14: =ROUND(O14,1) -> -1 | CE14: =ROUND(S14,1) -> 0.1 | CF14: =ROUND(T14,1) -> 0.5 | CG14: =ROUND(U14,1) -> 0.3 | CH14: =ROUND(V14,1) -> -0.3 | CI14: =ROUND(W14,1) -> 0 | CJ14: =ROUND(X14,1) -> 0.9 | CK14: =ROUND(BL14,1) -> 100 | CL14: =ROUND(AA14,1) -> -4.3 | CM14: =ROUND(AE14,1) -> -5.7 | CN14: =ROUND(AF14,1) -> -6.5 | CO14: =ROUND(AG14,1) -> -0.1 | CP14: =ROUND(AH14,1) -> -0.6 | CQ14: =ROUND(AI14,1) -> -0.3 | CR14: =ROUND(AJ14,1) -> 0.6 | CS14: =ROUND(BN14,1) -> 76.4 | CT14: =BE14 -> 680 | CU14: =PPTest!K14 -> 1.7 | CV14: =ROUND(M14,2) -> 1.39 | CW14: =ROUND(Y14,2) -> 5 | CX14: =BO14 -> 0.432 | CY14: =BP14 -> 0.133 | CZ14: =BB14 -> 13.01
A15: =A14+1 -> 38726 | B15: 9 | C15: 0.156 | D15: 0.258 | E15: -2.615 | F15: 107.3 | G15: -3.029 | H15: -3.076 | I15: 0.097 | J15: -0.469 | K15: -0.174 | L15: 0.801 | M15: 1.484 | N15: 0 | O15: -1.45 | P15: 906 | Q15: 111.1 | R15: 2055 | S15: -1.623 | T15: -1.634 | U15: 0.17 | V15: -0.398 | W15: -0.117 | X15: 0.859 | Y15: 5.408 | Z15: 442 | AA15: -3.77 | AB15: 39 | AC15: 99.5 | AD15: 9 | AE15: -4.355 | AF15: -4.875 | AG15: -0.031 | AH15: -0.584 | AI15: -0.3 | AJ15: 0.687 | AK15: 0.061 | AL15: 0.039 | AM15: 0.065 | AN15: 0.062 | AO15: 0.174 | AP15: 0.238 | AQ15: 0.237 | AR15: 0.124 | AS15: 2726 | AT15: 2710 | AU15: 2717 | AV15: -3.242 | AW15: -3.273 | AX15: -2.325 | AY15: -2.355 | AZ15: -4.225 | BA15: -4.229 | BB15: 12.65 | BC15: 2876 | BE15: =BE$2-AU15 -> 793 | BG15: 4.99 | BH15: =BG15*$BH$1 -> 10.0798 | BI15: =ROUND(C15*BI$2,2) -> 0.15 | BJ15: =ROUND(D15*BJ$2,2) -> 0.28 | BL15: =ROUND(IF(Q15>BL$2,100,IF(Q15>BL$3,BM$1*Q15+BM$2, Q15*BM$3+BM$4)),1) -> 100 | BM15: =ROUND(IF(F15>BL$2,100, IF(F15>BL$3,BM$1*F15+BM$2, F15*BM$3+BM$4)),1) -> 93.9 | BN15: =ROUND(IF(AC15>BL$2,100,IF(AC15>BL$3,BM$1*AC15+BM$2, AC15*BM$3+BM$4)),1) -> 81.5 | BO15: =ROUND((0.6105*(EXP((17.273*O15)/(O15+237.3))))*BN15/100,3) -> 0.447 | BP15: =ROUND((100-BN15)*BO15/BN15,3) -> 0.101 | BT15: =BI15 -> 0.15 | BU15: =BJ15 -> 0.28 | BV15: =ROUND(E15,1) -> -2.6 | BW15: =ROUND(G15,1) -> -3 | BX15: =ROUND(H15,1) -> -3.1 | BY15: =ROUND(I15,1) -> 0.1 | BZ15: =ROUND(J15,1) -> -0.5 | CA15: =ROUND(K15,1) -> -0.2 | CB15: =ROUND(L15,1) -> 0.8 | CC15: =ROUND(BM15,1) -> 93.9 | CD15: =ROUND(O15,1) -> -1.5 | CE15: =ROUND(S15,1) -> -1.6 | CF15: =ROUND(T15,1) -> -1.6 | CG15: =ROUND(U15,1) -> 0.2 | CH15: =ROUND(V15,1) -> -0.4 | CI15: =ROUND(W15,1) -> -0.1 | CJ15: =ROUND(X15,1) -> 0.9 | CK15: =ROUND(BL15,1) -> 100 | CL15: =ROUND(AA15,1) -> -3.8 | CM15: =ROUND(AE15,1) -> -4.4 | CN15: =ROUND(AF15,1) -> -4.9 | CO15: =ROUND(AG15,1) -> 0 | CP15: =ROUND(AH15,1) -> -0.6 | CQ15: =ROUND(AI15,1) -> -0.3 | CR15: =ROUND(AJ15,1) -> 0.7 | CS15: =ROUND(BN15,1) -> 81.5 | CT15: =BE15 -> 793 | CU15: =PPTest!K15 -> 14.7 | CV15: =ROUND(M15,2) -> 1.48 | CW15: =ROUND(Y15,2) -> 5.41 | CX15: =BO15 -> 0.447 | CY15: =BP15 -> 0.101 | CZ15: =BB15 -> 12.65
A16: =A15+1 -> 38727 | B16: 10 | C16: 0.201 | D16: 0.396 | E16: -1.888 | F16: 108.5 | G16: -2.305 | H16: -2.422 | I16: 0.131 | J16: -0.403 | K16: -0.169 | L16: 0.802 | M16: 1.614 | N16: 0 | O16: -0.072 | P16: 1017 | Q16: 111 | R16: 538 | S16: -0.074 | T16: -0.292 | U16: 0.22 | V16: -0.315 | W16: -0.098 | X16: 0.876 | Y16: 6.113 | Z16: 1205 | AA16: -4.248 | AB16: 2316 | AC16: 99.9 | AD16: 1707 | AE16: -4.99 | AF16: -5.381 | AG16: 0.021 | AH16: -0.509 | AI16: -0.282 | AJ16: 0.687 | AK16: 0.219 | AL16: 0.102 | AM16: 0.067 | AN16: 0.047 | AO16: 0.178 | AP16: 0.239 | AQ16: 0.102 | AR16: 0.046 | AS16: 2632 | AT16: 2631 | AU16: 2631 | AV16: -2.36 | AW16: -2.46 | AX16: -0.842 | AY16: -0.816 | AZ16: -4.601 | BA16: -4.749 | BB16: 12.59 | BC16: 2876 | BE16: =BE$2-AU16 -> 879 | BG16: 5.06 | BH16: =BG16*$BH$1 -> 10.2212 | BI16: =ROUND(C16*BI$2,2) -> 0.2 | BJ16: =ROUND(D16*BJ$2,2) -> 0.44 | BL16: =ROUND(IF(Q16>BL$2,100,IF(Q16>BL$3,BM$1*Q16+BM$2, Q16*BM$3+BM$4)),1) -> 99.8 | BM16: =ROUND(IF(F16>BL$2,100, IF(F16>BL$3,BM$1*F16+BM$2, F16*BM$3+BM$4)),1) -> 95.8 | BN16: =ROUND(IF(AC16>BL$2,100,IF(AC16>BL$3,BM$1*AC16+BM$2, AC16*BM$3+BM$4)),1) -> 82.1 | BO16: =ROUND((0.6105*(EXP((17.273*O16)/(O16+237.3))))*BN16/100,3) -> 0.499 | BP16: =ROUND((100-BN16)*BO16/BN16,3) -> 0.109 | BT16: =BI16 -> 0.2 | BU16: =BJ16 -> 0.44 | BV16: =ROUND(E16,1) -> -1.9 | BW16: =ROUND(G16,1) -> -2.3 | BX16: =ROUND(H16,1) -> -2.4 | BY16: =ROUND(I16,1) -> 0.1 | BZ16: =ROUND(J16,1) -> -0.4 | CA16: =ROUND(K16,1) -> -0.2 | CB16: =ROUND(L16,1) -> 0.8 | CC16: =ROUND(BM16,1) -> 95.8 | CD16: =ROUND(O16,1) -> -0.1 | CE16: =ROUND(S16,1) -> -0.1 | CF16: =ROUND(T16,1) -> -0.3 | CG16: =ROUND(U16,1) -> 0.2 | CH16: =ROUND(V16,1) -> -0.3 | CI16: =ROUND(W16,1) -> -0.1 | CJ16: =ROUND(X16,1) -> 0.9 | CK16: =ROUND(BL16,1) -> 99.8 | CL16: =ROUND(AA16,1) -> -4.2 | CM16: =ROUND(AE16,1) -> -5 | CN16: =ROUND(AF16,1) -> -5.4 | CO16: =ROUND(AG16,1) -> 0 | CP16: =ROUND(AH16,1) -> -0.5 | CQ16: =ROUND(AI16,1) -> -0.3 | CR16: =ROUND(AJ16,1) -> 0.7 | CS16: =ROUND(BN16,1) -> 82.1 | CT16: =BE16 -> 879 | CU16: =PPTest!K16 -> 11.2 | CV16: =ROUND(M16,2) -> 1.61 | CW16: =ROUND(Y16,2) -> 6.11 | CX16: =BO16 -> 0.499 | CY16: =BP16 -> 0.109 | CZ16: =BB16 -> 12.59
A17: =A16+1 -> 38728 | B17: 11 | C17: 0.572 | D17: 0.916 | E17: -3.181 | F17: 108 | G17: -3.508 | H17: -3.543 | I17: 0.147 | J17: -0.426 | K17: -0.167 | L17: 0.799 | M17: 1.956 | N17: 0 | O17: -1.731 | P17: 1220 | Q17: 111.1 | R17: 549 | S17: -0.859 | T17: -0.721 | U17: 0.21 | V17: -0.363 | W17: -0.105 | X17: 0.848 | Y17: 5.089 | Z17: 1235 | AA17: -3.986 | AB17: 454 | AC17: 99.1 | AD17: 1222 | AE17: -4.48 | AF17: -4.764 | AG17: 0.092 | AH17: -0.484 | AI17: -0.211 | AJ17: 0.756 | AK17: 0.028 | AL17: 0.117 | AM17: 0.051 | AN17: 0.013 | AO17: 0.228 | AP17: 0.459 | AQ17: 0.092 | AR17: 0.01 | AS17: 6999 | AT17: 6999 | AU17: 6999 | AV17: -3.384 | AW17: -3.444 | AX17: -2.511 | AY17: -2.494 | AZ17: -4.601 | BA17: -4.681 | BB17: 12.93 | BC17: 2876 | BE17: 920 | BG17: 5.13 | BH17: =BG17*$BH$1 -> 10.3626 | BI17: =ROUND(C17*BI$2,2) -> 0.56 | BJ17: =ROUND(D17*BJ$2,2) -> 1.01 | BL17: =ROUND(IF(Q17>BL$2,100,IF(Q17>BL$3,BM$1*Q17+BM$2, Q17*BM$3+BM$4)),1) -> 100 | BM17: =ROUND(IF(F17>BL$2,100, IF(F17>BL$3,BM$1*F17+BM$2, F17*BM$3+BM$4)),1) -> 95 | BN17: =ROUND(IF(AC17>BL$2,100,IF(AC17>BL$3,BM$1*AC17+BM$2, AC17*BM$3+BM$4)),1) -> 80.9 | BO17: =ROUND((0.6105*(EXP((17.273*O17)/(O17+237.3))))*BN17/100,3) -> 0.435 | BP17: =ROUND((100-BN17)*BO17/BN17,3) -> 0.103 | BT17: =BI17 -> 0.56 | BU17: =BJ17 -> 1.01 | BV17: =ROUND(E17,1) -> -3.2 | BW17: =ROUND(G17,1) -> -3.5 | BX17: =ROUND(H17,1) -> -3.5 | BY17: =ROUND(I17,1) -> 0.1 | BZ17: =ROUND(J17,1) -> -0.4 | CA17: =ROUND(K17,1) -> -0.2 | CB17: =ROUND(L17,1) -> 0.8 | CC17: =ROUND(BM17,1) -> 95 | CD17: =ROUND(O17,1) -> -1.7 | CE17: =ROUND(S17,1) -> -0.9 | CF17: =ROUND(T17,1) -> -0.7 | CG17: =ROUND(U17,1) -> 0.2 | CH17: =ROUND(V17,1) -> -0.4 | CI17: =ROUND(W17,1) -> -0.1 | CJ17: =ROUND(X17,1) -> 0.8 | CK17: =ROUND(BL17,1) -> 100 | CL17: =ROUND(AA17,1) -> -4 | CM17: =ROUND(AE17,1) -> -4.5 | CN17: =ROUND(AF17,1) -> -4.8 | CO17: =ROUND(AG17,1) -> 0.1 | CP17: =ROUND(AH17,1) -> -0.5 | CQ17: =ROUND(AI17,1) -> -0.2 | CR17: =ROUND(AJ17,1) -> 0.8 | CS17: =ROUND(BN17,1) -> 80.9 | CT17: =BE17 -> 920 | CU17: =PPTest!K17 -> 5.3 | CV17: =ROUND(M17,2) -> 1.96 | CW17: =ROUND(Y17,2) -> 5.09 | CX17: =BO17 -> 0.435 | CY17: =BP17 -> 0.103 | CZ17: =BB17 -> 12.93
A18: =A17+1 -> 38729 | B18: 12 | C18: 0.534 | D18: 0.88 | E18: -3.847 | F18: 108.3 | G18: -3.973 | H18: -4.061 | I18: 0.142 | J18: -0.472 | K18: -0.186 | L18: 0.787 | M18: 0.487 | N18: 0 | O18: -2.781 | P18: 1103 | Q18: 110.4 | R18: 426 | S18: -2.173 | T18: -2.546 | U18: 0.213 | V18: -0.417 | W18: -0.137 | X18: 0.837 | Y18: 2.508 | Z18: 12 | AA18: -4.241 | AB18: 1855 | AC18: 101.6 | AD18: 1432 | AE18: -4.715 | AF18: -5.093 | AG18: 0.065 | AH18: -0.532 | AI18: -0.245 | AJ18: 0.732 | AK18: 0.072 | AL18: 0.073 | AM18: 0.072 | AN18: 0.057 | AO18: 0.207 | AP18: 0.304 | AQ18: 0.125 | AR18: 0.091 | AS18: 6999 | AT18: 2519 | AU18: =AT18 -> 2519 | AV18: -3.755 | AW18: -3.861 | AX18: -3.047 | AY18: -3.052 | AZ18: -4.205 | BA18: -4.295 | BB18: 12.9 | BC18: 2876 | BE18: =BE$2-AU18 -> 991 | BG18: 5.2 | BH18: =BG18*$BH$1 -> 10.504 | BI18: =ROUND(C18*BI$2,2) -> 0.52 | BJ18: =ROUND(D18*BJ$2,2) -> 0.97 | BL18: =ROUND(IF(Q18>BL$2,100,IF(Q18>BL$3,BM$1*Q18+BM$2, Q18*BM$3+BM$4)),1) -> 98.8 | BM18: =ROUND(IF(F18>BL$2,100, IF(F18>BL$3,BM$1*F18+BM$2, F18*BM$3+BM$4)),1) -> 95.5 | BN18: =ROUND(IF(AC18>BL$2,100,IF(AC18>BL$3,BM$1*AC18+BM$2, AC18*BM$3+BM$4)),1) -> 84.8 | BO18: =ROUND((0.6105*(EXP((17.273*O18)/(O18+237.3))))*BN18/100,3) -> 0.422 | BP18: =ROUND((100-BN18)*BO18/BN18,3) -> 0.076 | BT18: =BI18 -> 0.52 | BU18: =BJ18 -> 0.97 | BV18: =ROUND(E18,1) -> -3.8 | BW18: =ROUND(G18,1) -> -4 | BX18: =ROUND(H18,1) -> -4.1 | BY18: =ROUND(I18,1) -> 0.1 | BZ18: =ROUND(J18,1) -> -0.5 | CA18: =ROUND(K18,1) -> -0.2 | CB18: =ROUND(L18,1) -> 0.8 | CC18: =ROUND(BM18,1) -> 95.5 | CD18: =ROUND(O18,1) -> -2.8 | CE18: =ROUND(S18,1) -> -2.2 | CF18: =ROUND(T18,1) -> -2.5 | CG18: =ROUND(U18,1) -> 0.2 | CH18: =ROUND(V18,1) -> -0.4 | CI18: =ROUND(W18,1) -> -0.1 | CJ18: =ROUND(X18,1) -> 0.8 | CK18: =ROUND(BL18,1) -> 98.8 | CL18: =ROUND(AA18,1) -> -4.2 | CM18: =ROUND(AE18,1) -> -4.7 | CN18: =ROUND(AF18,1) -> -5.1 | CO18: =ROUND(AG18,1) -> 0.1 | CP18: =ROUND(AH18,1) -> -0.5 | CQ18: =ROUND(AI18,1) -> -0.2 | CR18: =ROUND(AJ18,1) -> 0.7 | CS18: =ROUND(BN18,1) -> 84.8 | CT18: =BE18 -> 991 | CU18: =PPTest!K18 -> 9.2 | CV18: =ROUND(M18,2) -> 0.49 | CW18: =ROUND(Y18,2) -> 2.51 | CX18: =BO18 -> 0.422 | CY18: =BP18 -> 0.076 | CZ18: =BB18 -> 12.9
A19: =A18+1 -> 38730 | B19: 13 | C19: 0.639 | D19: 1.054 | E19: -1.579 | F19: 109.3 | G19: -1.702 | H19: -1.799 | I19: 0.174 | J19: -0.409 | K19: -0.158 | L19: 0.813 | M19: 0.899 | N19: 0 | O19: 0.419 | P19: 1339 | Q19: 111 | R19: 2208 | S19: 0.648 | T19: 0.671 | U19: 0.234 | V19: -0.344 | W19: -0.097 | X19: 0.869 | Y19: 3.652 | Z19: 1353 | AA19: -3.639 | AB19: 1 | AC19: 103.3 | AD19: 1338 | AE19: -3.781 | AF19: -3.793 | AG19: 0.042 | AH19: -0.51 | AI19: -0.205 | AJ19: 0.774 | AK19: 0.08 | AL19: 0.052 | AM19: 0.053 | AN19: 0.065 | AO19: 0.16 | AP19: 0.271 | AQ19: 0.197 | AR19: 0.122 | AS19: 2583 | AT19: 2580 | AU19: 2581 | AV19: -2.089 | AW19: -2.074 | AX19: -0.718 | AY19: -0.686 | AZ19: -4.059 | BA19: -4.079 | BB19: 12.93 | BC19: 2876 | BE19: =BE$2-AU19 -> 929 | BG19: 5.27 | BH19: =BG19*$BH$1 -> 10.6454 | BI19: =ROUND(C19*BI$2,2) -> 0.63 | BJ19: =ROUND(D19*BJ$2,2) -> 1.16 | BL19: =ROUND(IF(Q19>BL$2,100,IF(Q19>BL$3,BM$1*Q19+BM$2, Q19*BM$3+BM$4)),1) -> 99.8 | BM19: =ROUND(IF(F19>BL$2,100, IF(F19>BL$3,BM$1*F19+BM$2, F19*BM$3+BM$4)),1) -> 97.1 | BN19: =ROUND(IF(AC19>BL$2,100,IF(AC19>BL$3,BM$1*AC19+BM$2, AC19*BM$3+BM$4)),1) -> 87.5 | BO19: =ROUND((0.6105*(EXP((17.273*O19)/(O19+237.3))))*BN19/100,3) -> 0.551 | BP19: =ROUND((100-BN19)*BO19/BN19,3) -> 0.079 | BT19: =BI19 -> 0.63 | BU19: =BJ19 -> 1.16 | BV19: =ROUND(E19,1) -> -1.6 | BW19: =ROUND(G19,1) -> -1.7 | BX19: =ROUND(H19,1) -> -1.8 | BY19: =ROUND(I19,1) -> 0.2 | BZ19: =ROUND(J19,1) -> -0.4 | CA19: =ROUND(K19,1) -> -0.2 | CB19: =ROUND(L19,1) -> 0.8 | CC19: =ROUND(BM19,1) -> 97.1 | CD19: =ROUND(O19,1) -> 0.4 | CE19: =ROUND(S19,1) -> 0.6 | CF19: =ROUND(T19,1) -> 0.7 | CG19: =ROUND(U19,1) -> 0.2 | CH19: =ROUND(V19,1) -> -0.3 | CI19: =ROUND(W19,1) -> -0.1 | CJ19: =ROUND(X19,1) -> 0.9 | CK19: =ROUND(BL19,1) -> 99.8 | CL19: =ROUND(AA19,1) -> -3.6 | CM19: =ROUND(AE19,1) -> -3.8 | CN19: =ROUND(AF19,1) -> -3.8 | CO19: =ROUND(AG19,1) -> 0 | CP19: =ROUND(AH19,1) -> -0.5 | CQ19: =ROUND(AI19,1) -> -0.2 | CR19: =ROUND(AJ19,1) -> 0.8 | CS19: =ROUND(BN19,1) -> 87.5 | CT19: =BE19 -> 929 | CU19: =PPTest!K19 -> 0 | CV19: =ROUND(M19,2) -> 0.9 | CW19: =ROUND(Y19,2) -> 3.65 | CX19: =BO19 -> 0.551 | CY19: =BP19 -> 0.079 | CZ19: =BB19 -> 12.93
A20: =A19+1 -> 38731 | B20: 14 | C20: 1.044 | D20: 1.381 | E20: -2.777 | F20: 110 | G20: -3.249 | H20: -3.444 | I20: 0.18 | J20: -0.395 | K20: -0.169 | L20: 0.785 | M20: 0.931 | N20: 0 | O20: -1.371 | P20: 135 | Q20: 111.2 | R20: 2327 | S20: -1.169 | T20: -1.202 | U20: 0.274 | V20: -0.325 | W20: -0.089 | X20: 0.852 | Y20: 3.267 | Z20: 149 | AA20: -4.514 | AB20: 828 | AC20: 105.3 | AD20: 1154 | AE20: -6.183 | AF20: -7.54 | AG20: 0.058 | AH20: -0.505 | AI20: -0.272 | AJ20: 0.682 | AK20: 0.049 | AL20: 0.102 | AM20: 0.083 | AN20: 0.05 | AO20: 0.222 | AP20: 0.358 | AQ20: 0.107 | AR20: 0.028 | AS20: 2615 | AT20: 2614 | AU20: 2614 | AV20: -2.69 | AW20: -2.81 | AX20: -1.58 | AY20: -1.641 | AZ20: -4.184 | BA20: -4.408 | BB20: 13.01 | BC20: 2876 | BE20: =BE$2-AU20 -> 896 | BG20: 5.36 | BH20: =BG20*$BH$1 -> 10.8272 | BI20: =ROUND(C20*BI$2,2) -> 1.02 | BJ20: =ROUND(D20*BJ$2,2) -> 1.52 | BL20: =ROUND(IF(Q20>BL$2,100,IF(Q20>BL$3,BM$1*Q20+BM$2, Q20*BM$3+BM$4)),1) -> 100 | BM20: =ROUND(IF(F20>BL$2,100, IF(F20>BL$3,BM$1*F20+BM$2, F20*BM$3+BM$4)),1) -> 98.2 | BN20: =ROUND(IF(AC20>BL$2,100,IF(AC20>BL$3,BM$1*AC20+BM$2, AC20*BM$3+BM$4)),1) -> 90.7 | BO20: =ROUND((0.6105*(EXP((17.273*O20)/(O20+237.3))))*BN20/100,3) -> 0.501 | BP20: =ROUND((100-BN20)*BO20/BN20,3) -> 0.051 | BT20: =BI20 -> 1.02 | BU20: =BJ20 -> 1.52 | BV20: =ROUND(E20,1) -> -2.8 | BW20: =ROUND(G20,1) -> -3.2 | BX20: =ROUND(H20,1) -> -3.4 | BY20: =ROUND(I20,1) -> 0.2 | BZ20: =ROUND(J20,1) -> -0.4 | CA20: =ROUND(K20,1) -> -0.2 | CB20: =ROUND(L20,1) -> 0.8 | CC20: =ROUND(BM20,1) -> 98.2 | CD20: =ROUND(O20,1) -> -1.4 | CE20: =ROUND(S20,1) -> -1.2 | CF20: =ROUND(T20,1) -> -1.2 | CG20: =ROUND(U20,1) -> 0.3 | CH20: =ROUND(V20,1) -> -0.3 | CI20: =ROUND(W20,1) -> -0.1 | CJ20: =ROUND(X20,1) -> 0.9 | CK20: =ROUND(BL20,1) -> 100 | CL20: =ROUND(AA20,1) -> -4.5 | CM20: =ROUND(AE20,1) -> -6.2 | CN20: =ROUND(AF20,1) -> -7.5 | CO20: =ROUND(AG20,1) -> 0.1 | CP20: =ROUND(AH20,1) -> -0.5 | CQ20: =ROUND(AI20,1) -> -0.3 | CR20: =ROUND(AJ20,1) -> 0.7 | CS20: =ROUND(BN20,1) -> 90.7 | CT20: =BE20 -> 896 | CU20: =PPTest!K20 -> 0 | CV20: =ROUND(M20,2) -> 0.93 | CW20: =ROUND(Y20,2) -> 3.27 | CX20: =BO20 -> 0.501 | CY20: =BP20 -> 0.051 | CZ20: =BB20 -> 13.01
A21: =A20+1 -> 38732 | B21: 15 | C21: 0.779 | D21: 1.079 | E21: -7.21 | F21: 109 | G21: -7.76 | H21: -7.94 | I21: 0.105 | J21: -0.563 | K21: -0.223 | L21: 0.74 | M21: 1.657 | N21: 0 | O21: -4.137 | P21: 1 | Q21: 110.6 | R21: 34 | S21: -4.51 | T21: -4.384 | U21: 0.179 | V21: -0.408 | W21: -0.156 | X21: 0.803 | Y21: 3.479 | Z21: 1251 | AA21: -14 | AB21: 2359 | AC21: 106.4 | AD21: 2354 | AE21: -16.09 | AF21: -17.33 | AG21: -0.122 | AH21: -0.907 | AI21: -0.429 | AJ21: 0.57 | AK21: 0.017 | AL21: 0.173 | AM21: 0.101 | AN21: 0.007 | AO21: 0.163 | AP21: 0.435 | AQ21: 0.097 | AR21: 0.007 | AS21: 6999 | AT21: 2574 | AU21: =AT21 -> 2574 | AV21: -5.706 | AW21: -5.951 | AX21: -3.481 | AY21: -3.631 | AZ21: -9.14 | BA21: -10.11 | BB21: 12.97 | BC21: 2876 | BE21: =BE$2-AU21 -> 936 | BG21: 5.44 | BH21: =BG21*$BH$1 -> 10.9888 | BI21: =ROUND(C21*BI$2,2) -> 0.76 | BJ21: =ROUND(D21*BJ$2,2) -> 1.19 | BL21: =ROUND(IF(Q21>BL$2,100,IF(Q21>BL$3,BM$1*Q21+BM$2, Q21*BM$3+BM$4)),1) -> 99.2 | BM21: =ROUND(IF(F21>BL$2,100, IF(F21>BL$3,BM$1*F21+BM$2, F21*BM$3+BM$4)),1) -> 96.6 | BN21: =ROUND(IF(AC21>BL$2,100,IF(AC21>BL$3,BM$1*AC21+BM$2, AC21*BM$3+BM$4)),1) -> 92.5 | BO21: =ROUND((0.6105*(EXP((17.273*O21)/(O21+237.3))))*BN21/100,3) -> 0.416 | BP21: =ROUND((100-BN21)*BO21/BN21,3) -> 0.034 | BT21: =BI21 -> 0.76 | BU21: =BJ21 -> 1.19 | BV21: =ROUND(E21,1) -> -7.2 | BW21: =ROUND(G21,1) -> -7.8 | BX21: =ROUND(H21,1) -> -7.9 | BY21: =ROUND(I21,1) -> 0.1 | BZ21: =ROUND(J21,1) -> -0.6 | CA21: =ROUND(K21,1) -> -0.2 | CB21: =ROUND(L21,1) -> 0.7 | CC21: =ROUND(BM21,1) -> 96.6 | CD21: =ROUND(O21,1) -> -4.1 | CE21: =ROUND(S21,1) -> -4.5 | CF21: =ROUND(T21,1) -> -4.4 | CG21: =ROUND(U21,1) -> 0.2 | CH21: =ROUND(V21,1) -> -0.4 | CI21: =ROUND(W21,1) -> -0.2 | CJ21: =ROUND(X21,1) -> 0.8 | CK21: =ROUND(BL21,1) -> 99.2 | CL21: =ROUND(AA21,1) -> -14 | CM21: =ROUND(AE21,1) -> -16.1 | CN21: =ROUND(AF21,1) -> -17.3 | CO21: =ROUND(AG21,1) -> -0.1 | CP21: =ROUND(AH21,1) -> -0.9 | CQ21: =ROUND(AI21,1) -> -0.4 | CR21: =ROUND(AJ21,1) -> 0.6 | CS21: =ROUND(BN21,1) -> 92.5 | CT21: =BE21 -> 936 | CU21: =PPTest!K21 -> 5.2 | CV21: =ROUND(M21,2) -> 1.66 | CW21: =ROUND(Y21,2) -> 3.48 | CX21: =BO21 -> 0.416 | CY21: =BP21 -> 0.034 | CZ21: =BB21 -> 12.97
A22: =A21+1 -> 38733 | B22: 16 | C22: 0.909 | D22: 1.297 | E22: -6.868 | F22: 108.2 | G22: -6.895 | H22: -6.988 | I22: 0.088 | J22: -0.695 | K22: -0.232 | L22: 0.77 | M22: 1.478 | N22: 0 | O22: -4.616 | P22: 2359 | Q22: 109.4 | R22: 216 | S22: -4.138 | T22: -4.138 | U22: 0.187 | V22: -0.633 | W22: -0.137 | X22: 0.835 | Y22: 4.53 | Z22: 2248 | AA22: -14.09 | AB22: 5 | AC22: 105.9 | AD22: 1718 | AE22: -15.9 | AF22: -16.43 | AG22: -0.124 | AH22: -0.885 | AI22: -0.407 | AJ22: 0.581 | AK22: 0.065 | AL22: 0.083 | AM22: 0.099 | AN22: 0.116 | AO22: 0.204 | AP22: 0.199 | AQ22: 0.147 | AR22: 0.087 | AS22: 2541 | AT22: 2539 | AU22: 2539 | AV22: -6.606 | AW22: -6.664 | AX22: -4.894 | AY22: -4.944 | AZ22: -10.29 | BA22: -10.73 | BB22: 13.03 | BC22: 2876 | BE22: =BE$2-AU22 -> 971 | BG22: 5.53 | BH22: =BG22*$BH$1 -> 11.1706 | BI22: =ROUND(C22*BI$2,2) -> 0.89 | BJ22: =ROUND(D22*BJ$2,2) -> 1.43 | BL22: =ROUND(IF(Q22>BL$2,100,IF(Q22>BL$3,BM$1*Q22+BM$2, Q22*BM$3+BM$4)),1) -> 97.2 | BM22: =ROUND(IF(F22>BL$2,100, IF(F22>BL$3,BM$1*F22+BM$2, F22*BM$3+BM$4)),1) -> 95.3 | BN22: =ROUND(IF(AC22>BL$2,100,IF(AC22>BL$3,BM$1*AC22+BM$2, AC22*BM$3+BM$4)),1) -> 91.7 | BO22: =ROUND((0.6105*(EXP((17.273*O22)/(O22+237.3))))*BN22/100,3) -> 0.397 | BP22: =ROUND((100-BN22)*BO22/BN22,3) -> 0.036 | BT22: =BI22 -> 0.89 | BU22: =BJ22 -> 1.43 | BV22: =ROUND(E22,1) -> -6.9 | BW22: =ROUND(G22,1) -> -6.9 | BX22: =ROUND(H22,1) -> -7 | BY22: =ROUND(I22,1) -> 0.1 | BZ22: =ROUND(J22,1) -> -0.7 | CA22: =ROUND(K22,1) -> -0.2 | CB22: =ROUND(L22,1) -> 0.8 | CC22: =ROUND(BM22,1) -> 95.3 | CD22: =ROUND(O22,1) -> -4.6 | CE22: =ROUND(S22,1) -> -4.1 | CF22: =ROUND(T22,1) -> -4.1 | CG22: =ROUND(U22,1) -> 0.2 | CH22: =ROUND(V22,1) -> -0.6 | CI22: =ROUND(W22,1) -> -0.1 | CJ22: =ROUND(X22,1) -> 0.8 | CK22: =ROUND(BL22,1) -> 97.2 | CL22: =ROUND(AA22,1) -> -14.1 | CM22: =ROUND(AE22,1) -> -15.9 | CN22: =ROUND(AF22,1) -> -16.4 | CO22: =ROUND(AG22,1) -> -0.1 | CP22: =ROUND(AH22,1) -> -0.9 | CQ22: =ROUND(AI22,1) -> -0.4 | CR22: =ROUND(AJ22,1) -> 0.6 | CS22: =ROUND(BN22,1) -> 91.7 | CT22: =BE22 -> 971 | CU22: =PPTest!K22 -> 4.6 | CV22: =ROUND(M22,2) -> 1.48 | CW22: =ROUND(Y22,2) -> 4.53 | CX22: =BO22 -> 0.397 | CY22: =BP22 -> 0.036 | CZ22: =BB22 -> 13.03
A23: =A22+1 -> 38734 | B23: 17 | C23: 3.756 | D23: 5.175 | E23: -2.73 | F23: 98.6 | G23: -3.047 | H23: -3.146 | I23: 0.09 | J23: -0.582 | K23: -0.235 | L23: 0.775 | M23: 2.102 | N23: 0 | O23: 1.164 | P23: 1340 | Q23: 109.6 | R23: 331 | S23: 2.124 | T23: 1.931 | U23: 0.232 | V23: -0.449 | W23: -0.132 | X23: 0.867 | Y23: 5.222 | Z23: 435 | AA23: -4.995 | AB23: 42 | AC23: 71.3 | AD23: 1334 | AE23: -5.282 | AF23: -5.491 | AG23: -0.055 | AH23: -0.683 | AI23: -0.281 | AJ23: 0.729 | AK23: 0.015 | AL23: 0.012 | AM23: 0.033 | AN23: 0.072 | AO23: 0.284 | AP23: 0.408 | AQ23: 0.146 | AR23: 0.029 | AS23: 2581 | AT23: 2580 | AU23: 2581 | AV23: -3.532 | AW23: -3.545 | AX23: -1.766 | AY23: -1.509 | AZ23: -4.894 | BA23: -4.965 | BB23: 13.08 | BC23: 2876 | BE23: =BE$2-AU23 -> 929 | BG23: 5.63 | BH23: =BG23*$BH$1 -> 11.3726 | BI23: =ROUND(C23*BI$2,2) -> 3.68 | BJ23: =ROUND(D23*BJ$2,2) -> 5.69 | BL23: =ROUND(IF(Q23>BL$2,100,IF(Q23>BL$3,BM$1*Q23+BM$2, Q23*BM$3+BM$4)),1) -> 97.6 | BM23: =ROUND(IF(F23>BL$2,100, IF(F23>BL$3,BM$1*F23+BM$2, F23*BM$3+BM$4)),1) -> 79.8 | BN23: =ROUND(IF(AC23>BL$2,100,IF(AC23>BL$3,BM$1*AC23+BM$2, AC23*BM$3+BM$4)),1) -> 55.7 | BO23: =ROUND((0.6105*(EXP((17.273*O23)/(O23+237.3))))*BN23/100,3) -> 0.37 | BP23: =ROUND((100-BN23)*BO23/BN23,3) -> 0.294 | BT23: =BI23 -> 3.68 | BU23: =BJ23 -> 5.69 | BV23: =ROUND(E23,1) -> -2.7 | BW23: =ROUND(G23,1) -> -3 | BX23: =ROUND(H23,1) -> -3.1 | BY23: =ROUND(I23,1) -> 0.1 | BZ23: =ROUND(J23,1) -> -0.6 | CA23: =ROUND(K23,1) -> -0.2 | CB23: =ROUND(L23,1) -> 0.8 | CC23: =ROUND(BM23,1) -> 79.8 | CD23: =ROUND(O23,1) -> 1.2 | CE23: =ROUND(S23,1) -> 2.1 | CF23: =ROUND(T23,1) -> 1.9 | CG23: =ROUND(U23,1) -> 0.2 | CH23: =ROUND(V23,1) -> -0.4 | CI23: =ROUND(W23,1) -> -0.1 | CJ23: =ROUND(X23,1) -> 0.9 | CK23: =ROUND(BL23,1) -> 97.6 | CL23: =ROUND(AA23,1) -> -5 | CM23: =ROUND(AE23,1) -> -5.3 | CN23: =ROUND(AF23,1) -> -5.5 | CO23: =ROUND(AG23,1) -> -0.1 | CP23: =ROUND(AH23,1) -> -0.7 | CQ23: =ROUND(AI23,1) -> -0.3 | CR23: =ROUND(AJ23,1) -> 0.7 | CS23: =ROUND(BN23,1) -> 55.7 | CT23: =BE23 -> 929 | CU23: =PPTest!K23 -> 0 | CV23: =ROUND(M23,2) -> 2.1 | CW23: =ROUND(Y23,2) -> 5.22 | CX23: =BO23 -> 0.37 | CY23: =BP23 -> 0.294 | CZ23: =BB23 -> 13.08
A24: =A23+1 -> 38735 | B24: 18 | C24: 0.963 | D24: 1.481 | E24: -6.561 | F24: 108.5 | G24: -7.41 | H24: -7.87 | I24: 0.038 | J24: -0.639 | K24: -0.287 | L24: 0.707 | M24: 1.364 | N24: 0 | O24: -3.173 | P24: 1127 | Q24: 110.6 | R24: 927 | S24: -2.911 | T24: -2.972 | U24: 0.162 | V24: -0.473 | W24: -0.189 | X24: 0.801 | Y24: 3.253 | Z24: 1533 | AA24: -15.72 | AB24: 2345 | AC24: 104.1 | AD24: 1548 | AE24: -17.33 | AF24: -18.57 | AG24: -0.242 | AH24: -0.965 | AI24: -0.549 | AJ24: 0.44 | AK24: 0.008 | AL24: 0.218 | AM24: 0.081 | AN24: 0.005 | AO24: 0.125 | AP24: 0.424 | AQ24: 0.131 | AR24: 0.008 | AS24: 2632 | AT24: 2627 | AU24: 2630 | AV24: -5.32 | AW24: -5.698 | AX24: -3.232 | AY24: -3.294 | AZ24: -13.13 | BA24: -13.71 | BB24: 12.93 | BC24: 2876 | BE24: =BE$2-AU24 -> 880 | BG24: 5.72 | BH24: =BG24*$BH$1 -> 11.5544 | BI24: =ROUND(C24*BI$2,2) -> 0.94 | BJ24: =ROUND(D24*BJ$2,2) -> 1.63 | BL24: =ROUND(IF(Q24>BL$2,100,IF(Q24>BL$3,BM$1*Q24+BM$2, Q24*BM$3+BM$4)),1) -> 99.2 | BM24: =ROUND(IF(F24>BL$2,100, IF(F24>BL$3,BM$1*F24+BM$2, F24*BM$3+BM$4)),1) -> 95.8 | BN24: =ROUND(IF(AC24>BL$2,100,IF(AC24>BL$3,BM$1*AC24+BM$2, AC24*BM$3+BM$4)),1) -> 88.8 | BO24: =ROUND((0.6105*(EXP((17.273*O24)/(O24+237.3))))*BN24/100,3) -> 0.429 | BP24: =ROUND((100-BN24)*BO24/BN24,3) -> 0.054 | BT24: =BI24 -> 0.94 | BU24: =BJ24 -> 1.63 | BV24: =ROUND(E24,1) -> -6.6 | BW24: =ROUND(G24,1) -> -7.4 | BX24: =ROUND(H24,1) -> -7.9 | BY24: =ROUND(I24,1) -> 0 | BZ24: =ROUND(J24,1) -> -0.6 | CA24: =ROUND(K24,1) -> -0.3 | CB24: =ROUND(L24,1) -> 0.7 | CC24: =ROUND(BM24,1) -> 95.8 | CD24: =ROUND(O24,1) -> -3.2 | CE24: =ROUND(S24,1) -> -2.9 | CF24: =ROUND(T24,1) -> -3 | CG24: =ROUND(U24,1) -> 0.2 | CH24: =ROUND(V24,1) -> -0.5 | CI24: =ROUND(W24,1) -> -0.2 | CJ24: =ROUND(X24,1) -> 0.8 | CK24: =ROUND(BL24,1) -> 99.2 | CL24: =ROUND(AA24,1) -> -15.7 | CM24: =ROUND(AE24,1) -> -17.3 | CN24: =ROUND(AF24,1) -> -18.6 | CO24: =ROUND(AG24,1) -> -0.2 | CP24: =ROUND(AH24,1) -> -1 | CQ24: =ROUND(AI24,1) -> -0.5 | CR24: =ROUND(AJ24,1) -> 0.4 | CS24: =ROUND(BN24,1) -> 88.8 | CT24: =BE24 -> 880 | CU24: =PPTest!K24 -> 0 | CV24: =ROUND(M24,2) -> 1.36 | CW24: =ROUND(Y24,2) -> 3.25 | CX24: =BO24 -> 0.429 | CY24: =BP24 -> 0.054 | CZ24: =BB24 -> 12.93
A25: =A24+1 -> 38736 | B25: 19 | C25: 1.013 | D25: 2.341 | E25: -8.87 | F25: 105.8 | G25: -9.45 | H25: -9.66 | I25: 0.022 | J25: -0.884 | K25: -0.298 | L25: 0.757 | M25: 0.881 | N25: 0 | O25: -4.532 | P25: 1151 | Q25: 109.9 | R25: 954 | S25: -5.005 | T25: -5.108 | U25: 0.16 | V25: -0.757 | W25: -0.202 | X25: 0.853 | Y25: 3.213 | Z25: 1733 | AA25: -15.73 | AB25: 217 | AC25: 97.4 | AD25: 1225 | AE25: -17.5 | AF25: -18.24 | AG25: -0.128 | AH25: -1.064 | AI25: -0.381 | AJ25: 0.653 | AK25: 0.036 | AL25: 0.406 | AM25: 0.108 | AN25: 0.024 | AO25: 0.119 | AP25: 0.221 | AQ25: 0.072 | AR25: 0.015 | AS25: 2635 | AT25: 2626 | AU25: 2630 | AV25: -8.92 | AW25: -9 | AX25: -5.882 | AY25: -5.966 | AZ25: -13.47 | BA25: -13.98 | BB25: 13.07 | BC25: 2876 | BE25: =BE$2-AU25 -> 880 | BG25: 5.82 | BH25: =BG25*$BH$1 -> 11.7564 | BI25: =ROUND(C25*BI$2,2) -> 0.99 | BJ25: =ROUND(D25*BJ$2,2) -> 2.58 | BL25: =ROUND(IF(Q25>BL$2,100,IF(Q25>BL$3,BM$1*Q25+BM$2, Q25*BM$3+BM$4)),1) -> 98 | BM25: =ROUND(IF(F25>BL$2,100, IF(F25>BL$3,BM$1*F25+BM$2, F25*BM$3+BM$4)),1) -> 91.5 | BN25: =ROUND(IF(AC25>BL$2,100,IF(AC25>BL$3,BM$1*AC25+BM$2, AC25*BM$3+BM$4)),1) -> 78.7 | BO25: =ROUND((0.6105*(EXP((17.273*O25)/(O25+237.3))))*BN25/100,3) -> 0.343 | BP25: =ROUND((100-BN25)*BO25/BN25,3) -> 0.093 | BT25: =BI25 -> 0.99 | BU25: =BJ25 -> 2.58 | BV25: =ROUND(E25,1) -> -8.9 | BW25: =ROUND(G25,1) -> -9.5 | BX25: =ROUND(H25,1) -> -9.7 | BY25: =ROUND(I25,1) -> 0 | BZ25: =ROUND(J25,1) -> -0.9 | CA25: =ROUND(K25,1) -> -0.3 | CB25: =ROUND(L25,1) -> 0.8 | CC25: =ROUND(BM25,1) -> 91.5 | CD25: =ROUND(O25,1) -> -4.5 | CE25: =ROUND(S25,1) -> -5 | CF25: =ROUND(T25,1) -> -5.1 | CG25: =ROUND(U25,1) -> 0.2 | CH25: =ROUND(V25,1) -> -0.8 | CI25: =ROUND(W25,1) -> -0.2 | CJ25: =ROUND(X25,1) -> 0.9 | CK25: =ROUND(BL25,1) -> 98 | CL25: =ROUND(AA25,1) -> -15.7 | CM25: =ROUND(AE25,1) -> -17.5 | CN25: =ROUND(AF25,1) -> -18.2 | CO25: =ROUND(AG25,1) -> -0.1 | CP25: =ROUND(AH25,1) -> -1.1 | CQ25: =ROUND(AI25,1) -> -0.4 | CR25: =ROUND(AJ25,1) -> 0.7 | CS25: =ROUND(BN25,1) -> 78.7 | CT25: =BE25 -> 880 | CU25: =PPTest!K25 -> 0 | CV25: =ROUND(M25,2) -> 0.88 | CW25: =ROUND(Y25,2) -> 3.21 | CX25: =BO25 -> 0.343 | CY25: =BP25 -> 0.093 | CZ25: =BB25 -> 13.07
A26: =A25+1 -> 38737 | B26: 20 | C26: 0.328 | D26: 0.647 | E26: -6.105 | F26: 108.8 | G26: -6.448 | H26: -6.455 | I26: -0.002 | J26: -0.736 | K26: -0.317 | L26: 0.746 | M26: 1.233 | N26: 0 | O26: -4.973 | P26: 1247 | Q26: 110.6 | R26: 1404 | S26: -4.961 | T26: -4.938 | U26: 0.063 | V26: -0.677 | W26: -0.28 | X26: 0.787 | Y26: 3.04 | Z26: 2122 | AA26: -7.11 | AB26: 0 | AC26: 102.9 | AD26: 641 | AE26: -7.51 | AF26: -7.47 | AG26: -0.08 | AH26: -0.818 | AI26: -0.357 | AJ26: 0.693 | AK26: 0.093 | AL26: 0.128 | AM26: 0.092 | AN26: 0.023 | AO26: 0.159 | AP26: 0.355 | AQ26: 0.103 | AR26: 0.047 | AS26: 2558 | AT26: 2557 | AU26: 2557 | AV26: -5.345 | AW26: -5.488 | AX26: -4.768 | AY26: -4.86 | AZ26: -6.05 | BA26: -6.233 | BB26: 12.84 | BC26: 2876 | BE26: =BE$2-AU26 -> 953 | BG26: 5.92 | BH26: =BG26*$BH$1 -> 11.9584 | BI26: =ROUND(C26*BI$2,2) -> 0.32 | BJ26: =ROUND(D26*BJ$2,2) -> 0.71 | BL26: =ROUND(IF(Q26>BL$2,100,IF(Q26>BL$3,BM$1*Q26+BM$2, Q26*BM$3+BM$4)),1) -> 99.2 | BM26: =ROUND(IF(F26>BL$2,100, IF(F26>BL$3,BM$1*F26+BM$2, F26*BM$3+BM$4)),1) -> 96.3 | BN26: =ROUND(IF(AC26>BL$2,100,IF(AC26>BL$3,BM$1*AC26+BM$2, AC26*BM$3+BM$4)),1) -> 86.9 | BO26: =ROUND((0.6105*(EXP((17.273*O26)/(O26+237.3))))*BN26/100,3) -> 0.367 | BP26: =ROUND((100-BN26)*BO26/BN26,3) -> 0.055 | BT26: =BI26 -> 0.32 | BU26: =BJ26 -> 0.71 | BV26: =ROUND(E26,1) -> -6.1 | BW26: =ROUND(G26,1) -> -6.4 | BX26: =ROUND(H26,1) -> -6.5 | BY26: =ROUND(I26,1) -> 0 | BZ26: =ROUND(J26,1) -> -0.7 | CA26: =ROUND(K26,1) -> -0.3 | CB26: =ROUND(L26,1) -> 0.7 | CC26: =ROUND(BM26,1) -> 96.3 | CD26: =ROUND(O26,1) -> -5 | CE26: =ROUND(S26,1) -> -5 | CF26: =ROUND(T26,1) -> -4.9 | CG26: =ROUND(U26,1) -> 0.1 | CH26: =ROUND(V26,1) -> -0.7 | CI26: =ROUND(W26,1) -> -0.3 | CJ26: =ROUND(X26,1) -> 0.8 | CK26: =ROUND(BL26,1) -> 99.2 | CL26: =ROUND(AA26,1) -> -7.1 | CM26: =ROUND(AE26,1) -> -7.5 | CN26: =ROUND(AF26,1) -> -7.5 | CO26: =ROUND(AG26,1) -> -0.1 | CP26: =ROUND(AH26,1) -> -0.8 | CQ26: =ROUND(AI26,1) -> -0.4 | CR26: =ROUND(AJ26,1) -> 0.7 | CS26: =ROUND(BN26,1) -> 86.9 | CT26: =BE26 -> 953 | CU26: =PPTest!K26 -> 9.5 | CV26: =ROUND(M26,2) -> 1.23 | CW26: =ROUND(Y26,2) -> 3.04 | CX26: =BO26 -> 0.367 | CY26: =BP26 -> 0.055 | CZ26: =BB26 -> 12.84
A27: =A26+1 -> 38738 | B27: 21 | C27: 1.525 | D27: 2.808 | E27: -8.54 | F27: 107.1 | G27: -9.17 | H27: -9.44 | I27: -0.029 | J27: -0.813 | K27: -0.334 | L27: 0.733 | M27: 1.117 | N27: 0 | O27: -3.518 | P27: 1303 | Q27: 109.4 | R27: 925 | S27: -2.559 | T27: -1.503 | U27: 0.083 | V27: -0.653 | W27: -0.25 | X27: 0.813 | Y27: 2.482 | Z27: 228 | AA27: -15.4 | AB27: 2010 | AC27: 96.3 | AD27: 1502 | AE27: -16.89 | AF27: -18.34 | AG27: -0.254 | AH27: -1.078 | AI27: -0.527 | AJ27: 0.552 | AK27: 0.063 | AL27: 0.264 | AM27: 0.219 | AN27: 0.03 | AO27: 0.13 | AP27: 0.203 | AQ27: 0.067 | AR27: 0.024 | AS27: 2593 | AT27: 2590 | AU27: 2592 | AV27: -6.184 | AW27: -6.417 | AX27: -3.894 | AY27: -3.742 | AZ27: -9.09 | BA27: -9.62 | BB27: 13.13 | BC27: 2876 | BE27: =BE$2-AU27 -> 918 | BG27: 6.02 | BH27: =BG27*$BH$1 -> 12.1604 | BI27: =ROUND(C27*BI$2,2) -> 1.49 | BJ27: =ROUND(D27*BJ$2,2) -> 3.09 | BL27: =ROUND(IF(Q27>BL$2,100,IF(Q27>BL$3,BM$1*Q27+BM$2, Q27*BM$3+BM$4)),1) -> 97.2 | BM27: =ROUND(IF(F27>BL$2,100, IF(F27>BL$3,BM$1*F27+BM$2, F27*BM$3+BM$4)),1) -> 93.6 | BN27: =ROUND(IF(AC27>BL$2,100,IF(AC27>BL$3,BM$1*AC27+BM$2, AC27*BM$3+BM$4)),1) -> 77.7 | BO27: =ROUND((0.6105*(EXP((17.273*O27)/(O27+237.3))))*BN27/100,3) -> 0.366 | BP27: =ROUND((100-BN27)*BO27/BN27,3) -> 0.105 | BT27: =BI27 -> 1.49 | BU27: =BJ27 -> 3.09 | BV27: =ROUND(E27,1) -> -8.5 | BW27: =ROUND(G27,1) -> -9.2 | BX27: =ROUND(H27,1) -> -9.4 | BY27: =ROUND(I27,1) -> 0 | BZ27: =ROUND(J27,1) -> -0.8 | CA27: =ROUND(K27,1) -> -0.3 | CB27: =ROUND(L27,1) -> 0.7 | CC27: =ROUND(BM27,1) -> 93.6 | CD27: =ROUND(O27,1) -> -3.5 | CE27: =ROUND(S27,1) -> -2.6 | CF27: =ROUND(T27,1) -> -1.5 | CG27: =ROUND(U27,1) -> 0.1 | CH27: =ROUND(V27,1) -> -0.7 | CI27: =ROUND(W27,1) -> -0.3 | CJ27: =ROUND(X27,1) -> 0.8 | CK27: =ROUND(BL27,1) -> 97.2 | CL27: =ROUND(AA27,1) -> -15.4 | CM27: =ROUND(AE27,1) -> -16.9 | CN27: =ROUND(AF27,1) -> -18.3 | CO27: =ROUND(AG27,1) -> -0.3 | CP27: =ROUND(AH27,1) -> -1.1 | CQ27: =ROUND(AI27,1) -> -0.5 | CR27: =ROUND(AJ27,1) -> 0.6 | CS27: =ROUND(BN27,1) -> 77.7 | CT27: =BE27 -> 918 | CU27: =PPTest!K27 -> 0 | CV27: =ROUND(M27,2) -> 1.12 | CW27: =ROUND(Y27,2) -> 2.48 | CX27: =BO27 -> 0.366 | CY27: =BP27 -> 0.105 | CZ27: =BB27 -> 13.13
A28: =A27+1 -> 38739 | B28: 22 | C28: 0.492 | D28: 0.94 | E28: -3.702 | F28: 107.7 | G28: -4.026 | H28: -4.103 | I28: 0.003 | J28: -0.743 | K28: -0.326 | L28: 0.759 | M28: 1.813 | N28: 0 | O28: -1.665 | P28: 2240 | Q28: 109.9 | R28: 11 | S28: -1.59 | T28: -1.727 | U28: 0.051 | V28: -0.578 | W28: -0.267 | X28: 0.807 | Y28: 5.993 | Z28: 2129 | AA28: -8.74 | AB28: 1 | AC28: 103.2 | AD28: 1415 | AE28: -9.14 | AF28: -9.12 | AG28: -0.067 | AH28: -0.953 | AI28: -0.385 | AJ28: 0.723 | AK28: 0.026 | AL28: 0.043 | AM28: 0.043 | AN28: 0.057 | AO28: 0.297 | AP28: 0.398 | AQ28: 0.103 | AR28: 0.033 | AS28: 2560 | AT28: 2556 | AU28: 2558 | AV28: -4.506 | AW28: -4.497 | AX28: -2.718 | AY28: -2.754 | AZ28: -8.16 | BA28: -8.25 | BB28: 13.01 | BC28: 2876 | BE28: =BE$2-AU28 -> 952 | BG28: 6.13 | BH28: =BG28*$BH$1 -> 12.3826 | BI28: =ROUND(C28*BI$2,2) -> 0.48 | BJ28: =ROUND(D28*BJ$2,2) -> 1.03 | BL28: =ROUND(IF(Q28>BL$2,100,IF(Q28>BL$3,BM$1*Q28+BM$2, Q28*BM$3+BM$4)),1) -> 98 | BM28: =ROUND(IF(F28>BL$2,100, IF(F28>BL$3,BM$1*F28+BM$2, F28*BM$3+BM$4)),1) -> 94.5 | BN28: =ROUND(IF(AC28>BL$2,100,IF(AC28>BL$3,BM$1*AC28+BM$2, AC28*BM$3+BM$4)),1) -> 87.4 | BO28: =ROUND((0.6105*(EXP((17.273*O28)/(O28+237.3))))*BN28/100,3) -> 0.472 | BP28: =ROUND((100-BN28)*BO28/BN28,3) -> 0.068 | BT28: =BI28 -> 0.48 | BU28: =BJ28 -> 1.03 | BV28: =ROUND(E28,1) -> -3.7 | BW28: =ROUND(G28,1) -> -4 | BX28: =ROUND(H28,1) -> -4.1 | BY28: =ROUND(I28,1) -> 0 | BZ28: =ROUND(J28,1) -> -0.7 | CA28: =ROUND(K28,1) -> -0.3 | CB28: =ROUND(L28,1) -> 0.8 | CC28: =ROUND(BM28,1) -> 94.5 | CD28: =ROUND(O28,1) -> -1.7 | CE28: =ROUND(S28,1) -> -1.6 | CF28: =ROUND(T28,1) -> -1.7 | CG28: =ROUND(U28,1) -> 0.1 | CH28: =ROUND(V28,1) -> -0.6 | CI28: =ROUND(W28,1) -> -0.3 | CJ28: =ROUND(X28,1) -> 0.8 | CK28: =ROUND(BL28,1) -> 98 | CL28: =ROUND(AA28,1) -> -8.7 | CM28: =ROUND(AE28,1) -> -9.1 | CN28: =ROUND(AF28,1) -> -9.1 | CO28: =ROUND(AG28,1) -> -0.1 | CP28: =ROUND(AH28,1) -> -1 | CQ28: =ROUND(AI28,1) -> -0.4 | CR28: =ROUND(AJ28,1) -> 0.7 | CS28: =ROUND(BN28,1) -> 87.4 | CT28: =BE28 -> 952 | CU28: =PPTest!K28 -> 4.4 | CV28: =ROUND(M28,2) -> 1.81 | CW28: =ROUND(Y28,2) -> 5.99 | CX28: =BO28 -> 0.472 | CY28: =BP28 -> 0.068 | CZ28: =BB28 -> 13.01
A29: =A28+1 -> 38740 | B29: 23 | C29: 1.777 | D29: 3.838 | E29: -0.017 | F29: 101.4 | G29: -0.548 | H29: -0.758 | I29: 0.065 | J29: -0.483 | K29: -0.239 | L29: 0.775 | M29: 2.571 | N29: 0 | O29: 2.245 | P29: 1300 | Q29: 109.4 | R29: 2357 | S29: 3.74 | T29: 4.444 | U29: 0.147 | V29: -0.375 | W29: -0.174 | X29: 0.829 | Y29: 5.115 | Z29: 28 | AA29: -3.336 | AB29: 2358 | AC29: 92.8 | AD29: 1300 | AE29: -4.794 | AF29: -7.11 | AG29: -0.032 | AH29: -0.63 | AI29: -0.358 | AJ29: 0.649 | AK29: 0.011 | AL29: 0.023 | AM29: 0.028 | AN29: 0.031 | AO29: 0.343 | AP29: 0.486 | AQ29: 0.07 | AR29: 0.008 | AS29: 2590 | AT29: 2587 | AU29: 2588 | AV29: -1.484 | AW29: -1.469 | AX29: -0.284 | AY29: -0.233 | AZ29: -2.718 | BA29: -2.755 | BB29: 13.09 | BC29: 2876 | BE29: =BE$2-AU29 -> 922 | BG29: 6.25 | BH29: =BG29*$BH$1 -> 12.625 | BI29: =ROUND(C29*BI$2,2) -> 1.74 | BJ29: =ROUND(D29*BJ$2,2) -> 4.22 | BL29: =ROUND(IF(Q29>BL$2,100,IF(Q29>BL$3,BM$1*Q29+BM$2, Q29*BM$3+BM$4)),1) -> 97.2 | BM29: =ROUND(IF(F29>BL$2,100, IF(F29>BL$3,BM$1*F29+BM$2, F29*BM$3+BM$4)),1) -> 84.5 | BN29: =ROUND(IF(AC29>BL$2,100,IF(AC29>BL$3,BM$1*AC29+BM$2, AC29*BM$3+BM$4)),1) -> 74.7 | BO29: =ROUND((0.6105*(EXP((17.273*O29)/(O29+237.3))))*BN29/100,3) -> 0.536 | BP29: =ROUND((100-BN29)*BO29/BN29,3) -> 0.182 | BT29: =BI29 -> 1.74 | BU29: =BJ29 -> 4.22 | BV29: =ROUND(E29,1) -> 0 | BW29: =ROUND(G29,1) -> -0.5 | BX29: =ROUND(H29,1) -> -0.8 | BY29: =ROUND(I29,1) -> 0.1 | BZ29: =ROUND(J29,1) -> -0.5 | CA29: =ROUND(K29,1) -> -0.2 | CB29: =ROUND(L29,1) -> 0.8 | CC29: =ROUND(BM29,1) -> 84.5 | CD29: =ROUND(O29,1) -> 2.2 | CE29: =ROUND(S29,1) -> 3.7 | CF29: =ROUND(T29,1) -> 4.4 | CG29: =ROUND(U29,1) -> 0.1 | CH29: =ROUND(V29,1) -> -0.4 | CI29: =ROUND(W29,1) -> -0.2 | CJ29: =ROUND(X29,1) -> 0.8 | CK29: =ROUND(BL29,1) -> 97.2 | CL29: =ROUND(AA29,1) -> -3.3 | CM29: =ROUND(AE29,1) -> -4.8 | CN29: =ROUND(AF29,1) -> -7.1 | CO29: =ROUND(AG29,1) -> 0 | CP29: =ROUND(AH29,1) -> -0.6 | CQ29: =ROUND(AI29,1) -> -0.4 | CR29: =ROUND(AJ29,1) -> 0.6 | CS29: =ROUND(BN29,1) -> 74.7 | CT29: =BE29 -> 922 | CU29: =PPTest!K29 -> 0 | CV29: =ROUND(M29,2) -> 2.57 | CW29: =ROUND(Y29,2) -> 5.12 | CX29: =BO29 -> 0.536 | CY29: =BP29 -> 0.182 | CZ29: =BB29 -> 13.09
A30: =A29+1 -> 38741 | B30: 24 | C30: 3.565 | D30: 6.351 | E30: -1.28 | F30: 104.7 | G30: -2.18 | H30: -2.75 | I30: 0.124 | J30: -0.462 | K30: -0.233 | L30: 0.752 | M30: 1.369 | N30: 0 | O30: 4.368 | P30: 1355 | Q30: 111.2 | R30: 749 | S30: 4.824 | T30: 4.188 | U30: 0.249 | V30: -0.362 | W30: -0.137 | X30: 0.85 | Y30: 3.812 | Z30: 2320 | AA30: -5.088 | AB30: 207 | AC30: 84.9 | AD30: 2359 | AE30: -6.352 | AF30: -8.05 | AG30: -0.013 | AH30: -0.577 | AI30: -0.349 | AJ30: 0.66 | AK30: 0.129 | AL30: 0.363 | AM30: 0.212 | AN30: 0.071 | AO30: 0.074 | AP30: 0.054 | AQ30: 0.034 | AR30: 0.063 | AS30: 2607 | AT30: 2602 | AU30: 2604 | AV30: -2.71 | AW30: -2.845 | AX30: -0.532 | AY30: -0.444 | AZ30: -4.165 | BA30: -4.427 | BB30: 13.1 | BC30: 2876 | BE30: =BE$2-AU30 -> 906 | BG30: 6.36 | BH30: =BG30*$BH$1 -> 12.8472 | BI30: =ROUND(C30*BI$2,2) -> 3.49 | BJ30: =ROUND(D30*BJ$2,2) -> 6.99 | BL30: =ROUND(IF(Q30>BL$2,100,IF(Q30>BL$3,BM$1*Q30+BM$2, Q30*BM$3+BM$4)),1) -> 100 | BM30: =ROUND(IF(F30>BL$2,100, IF(F30>BL$3,BM$1*F30+BM$2, F30*BM$3+BM$4)),1) -> 89.8 | BN30: =ROUND(IF(AC30>BL$2,100,IF(AC30>BL$3,BM$1*AC30+BM$2, AC30*BM$3+BM$4)),1) -> 67.7 | BO30: =ROUND((0.6105*(EXP((17.273*O30)/(O30+237.3))))*BN30/100,3) -> 0.565 | BP30: =ROUND((100-BN30)*BO30/BN30,3) -> 0.27 | BT30: =BI30 -> 3.49 | BU30: =BJ30 -> 6.99 | BV30: =ROUND(E30,1) -> -1.3 | BW30: =ROUND(G30,1) -> -2.2 | BX30: =ROUND(H30,1) -> -2.8 | BY30: =ROUND(I30,1) -> 0.1 | BZ30: =ROUND(J30,1) -> -0.5 | CA30: =ROUND(K30,1) -> -0.2 | CB30: =ROUND(L30,1) -> 0.8 | CC30: =ROUND(BM30,1) -> 89.8 | CD30: =ROUND(O30,1) -> 4.4 | CE30: =ROUND(S30,1) -> 4.8 | CF30: =ROUND(T30,1) -> 4.2 | CG30: =ROUND(U30,1) -> 0.2 | CH30: =ROUND(V30,1) -> -0.4 | CI30: =ROUND(W30,1) -> -0.1 | CJ30: =ROUND(X30,1) -> 0.9 | CK30: =ROUND(BL30,1) -> 100 | CL30: =ROUND(AA30,1) -> -5.1 | CM30: =ROUND(AE30,1) -> -6.4 | CN30: =ROUND(AF30,1) -> -8.1 | CO30: =ROUND(AG30,1) -> 0 | CP30: =ROUND(AH30,1) -> -0.6 | CQ30: =ROUND(AI30,1) -> -0.3 | CR30: =ROUND(AJ30,1) -> 0.7 | CS30: =ROUND(BN30,1) -> 67.7 | CT30: =BE30 -> 906 | CU30: =PPTest!K30 -> 0 | CV30: =ROUND(M30,2) -> 1.37 | CW30: =ROUND(Y30,2) -> 3.81 | CX30: =BO30 -> 0.565 | CY30: =BP30 -> 0.27 | CZ30: =BB30 -> 13.1
A31: =A30+1 -> 38742 | B31: 25 | C31: 7.4 | D31: 12.72 | E31: -0.975 | F31: 96.7 | G31: -1.97 | H31: -2.603 | I31: 0.135 | J31: -0.494 | K31: -0.227 | L31: 0.754 | M31: 1.566 | N31: 1 | O31: 4.106 | P31: 1343 | Q31: 111.4 | R31: 738 | S31: 6.019 | T31: 5.35 | U31: 0.298 | V31: -0.366 | W31: -0.085 | X31: 0.891 | Y31: 4.996 | Z31: 1231 | AA31: -7.17 | AB31: 728 | AC31: 71.6 | AD31: 1343 | AE31: -10.3 | AF31: -11.74 | AG31: -0.051 | AH31: -0.679 | AI31: -0.399 | AJ31: 0.587 | AK31: 0.078 | AL31: 0.125 | AM31: 0.111 | AN31: 0.103 | AO31: 0.135 | AP31: 0.165 | AQ31: 0.154 | AR31: 0.128 | AS31: 2638 | AT31: 2635 | AU31: 2637 | AV31: -3.215 | AW31: -3.263 | AX31: -0.325 | AY31: -0.084 | AZ31: -7.73 | BA31: -8.12 | BB31: 13.13 | BC31: 2876 | BE31: =BE$2-AU31 -> 873 | BG31: 6.48 | BH31: =BG31*$BH$1 -> 13.0896 | BI31: =ROUND(C31*BI$2,2) -> 7.25 | BJ31: =ROUND(D31*BJ$2,2) -> 13.99 | BL31: =ROUND(IF(Q31>BL$2,100,IF(Q31>BL$3,BM$1*Q31+BM$2, Q31*BM$3+BM$4)),1) -> 100 | BM31: =ROUND(IF(F31>BL$2,100, IF(F31>BL$3,BM$1*F31+BM$2, F31*BM$3+BM$4)),1) -> 78.1 | BN31: =ROUND(IF(AC31>BL$2,100,IF(AC31>BL$3,BM$1*AC31+BM$2, AC31*BM$3+BM$4)),1) -> 56 | BO31: =ROUND((0.6105*(EXP((17.273*O31)/(O31+237.3))))*BN31/100,3) -> 0.459 | BP31: =ROUND((100-BN31)*BO31/BN31,3) -> 0.361 | BT31: =BI31 -> 7.25 | BU31: =BJ31 -> 13.99 | BV31: =ROUND(E31,1) -> -1 | BW31: =ROUND(G31,1) -> -2 | BX31: =ROUND(H31,1) -> -2.6 | BY31: =ROUND(I31,1) -> 0.1 | BZ31: =ROUND(J31,1) -> -0.5 | CA31: =ROUND(K31,1) -> -0.2 | CB31: =ROUND(L31,1) -> 0.8 | CC31: =ROUND(BM31,1) -> 78.1 | CD31: =ROUND(O31,1) -> 4.1 | CE31: =ROUND(S31,1) -> 6 | CF31: =ROUND(T31,1) -> 5.4 | CG31: =ROUND(U31,1) -> 0.3 | CH31: =ROUND(V31,1) -> -0.4 | CI31: =ROUND(W31,1) -> -0.1 | CJ31: =ROUND(X31,1) -> 0.9 | CK31: =ROUND(BL31,1) -> 100 | CL31: =ROUND(AA31,1) -> -7.2 | CM31: =ROUND(AE31,1) -> -10.3 | CN31: =ROUND(AF31,1) -> -11.7 | CO31: =ROUND(AG31,1) -> -0.1 | CP31: =ROUND(AH31,1) -> -0.7 | CQ31: =ROUND(AI31,1) -> -0.4 | CR31: =ROUND(AJ31,1) -> 0.6 | CS31: =ROUND(BN31,1) -> 56 | CT31: =BE31 -> 873 | CU31: =PPTest!K31 -> 0 | CV31: =ROUND(M31,2) -> 1.57 | CW31: =ROUND(Y31,2) -> 5 | CX31: =BO31 -> 0.459 | CY31: =BP31 -> 0.361 | CZ31: =BB31 -> 13.13
A32: =A31+1 -> 38743 | B32: 26 | C32: 3.678 | D32: 6.562 | E32: -3.606 | F32: 96.7 | G32: -4.054 | H32: -4.149 | I32: 0.101 | J32: -0.52 | K32: -0.245 | L32: 0.734 | M32: 2.017 | N32: 0 | O32: -0.845 | P32: 1125 | Q32: 109.3 | R32: 3 | S32: 0.884 | T32: 0.828 | U32: 0.193 | V32: -0.437 | W32: -0.164 | X32: 0.811 | Y32: 5.288 | Z32: 842 | AA32: -5.322 | AB32: 2034 | AC32: 78.3 | AD32: 1141 | AE32: -7.05 | AF32: -8.4 | AG32: -0.024 | AH32: -0.637 | AI32: -0.327 | AJ32: 0.66 | AK32: 0.019 | AL32: 0.021 | AM32: 0.036 | AN32: 0.062 | AO32: 0.249 | AP32: 0.387 | AQ32: 0.171 | AR32: 0.056 | AS32: 6999 | AT32: 2655 | AU32: =AT32 -> 2655 | AV32: -3.874 | AW32: -4.036 | AX32: -2.138 | AY32: -2.346 | AZ32: -5.146 | BA32: -5.428 | BB32: 13.06 | BC32: 2876 | BE32: =BE$2-AU32 -> 855 | BG32: 6.61 | BH32: =BG32*$BH$1 -> 13.3522 | BI32: =ROUND(C32*BI$2,2) -> 3.6 | BJ32: =ROUND(D32*BJ$2,2) -> 7.22 | BL32: =ROUND(IF(Q32>BL$2,100,IF(Q32>BL$3,BM$1*Q32+BM$2, Q32*BM$3+BM$4)),1) -> 97.1 | BM32: =ROUND(IF(F32>BL$2,100, IF(F32>BL$3,BM$1*F32+BM$2, F32*BM$3+BM$4)),1) -> 78.1 | BN32: =ROUND(IF(AC32>BL$2,100,IF(AC32>BL$3,BM$1*AC32+BM$2, AC32*BM$3+BM$4)),1) -> 61.9 | BO32: =ROUND((0.6105*(EXP((17.273*O32)/(O32+237.3))))*BN32/100,3) -> 0.355 | BP32: =ROUND((100-BN32)*BO32/BN32,3) -> 0.219 | BT32: =BI32 -> 3.6 | BU32: =BJ32 -> 7.22 | BV32: =ROUND(E32,1) -> -3.6 | BW32: =ROUND(G32,1) -> -4.1 | BX32: =ROUND(H32,1) -> -4.1 | BY32: =ROUND(I32,1) -> 0.1 | BZ32: =ROUND(J32,1) -> -0.5 | CA32: =ROUND(K32,1) -> -0.2 | CB32: =ROUND(L32,1) -> 0.7 | CC32: =ROUND(BM32,1) -> 78.1 | CD32: =ROUND(O32,1) -> -0.8 | CE32: =ROUND(S32,1) -> 0.9 | CF32: =ROUND(T32,1) -> 0.8 | CG32: =ROUND(U32,1) -> 0.2 | CH32: =ROUND(V32,1) -> -0.4 | CI32: =ROUND(W32,1) -> -0.2 | CJ32: =ROUND(X32,1) -> 0.8 | CK32: =ROUND(BL32,1) -> 97.1 | CL32: =ROUND(AA32,1) -> -5.3 | CM32: =ROUND(AE32,1) -> -7.1 | CN32: =ROUND(AF32,1) -> -8.4 | CO32: =ROUND(AG32,1) -> 0 | CP32: =ROUND(AH32,1) -> -0.6 | CQ32: =ROUND(AI32,1) -> -0.3 | CR32: =ROUND(AJ32,1) -> 0.7 | CS32: =ROUND(BN32,1) -> 61.9 | CT32: =BE32 -> 855 | CU32: =PPTest!K32 -> 0 | CV32: =ROUND(M32,2) -> 2.02 | CW32: =ROUND(Y32,2) -> 5.29 | CX32: =BO32 -> 0.355 | CY32: =BP32 -> 0.219 | CZ32: =BB32 -> 13.06
A33: =A32+1 -> 38744 | B33: 27 | C33: 3.751 | D33: 6.431 | E33: -4.964 | F33: 98.7 | G33: -5.507 | H33: -5.73 | I33: 0.089 | J33: -0.625 | K33: -0.275 | L33: 0.724 | M33: 1.538 | N33: 0 | O33: -1.562 | P33: 1259 | Q33: 108.4 | R33: 132 | S33: 0.062 | T33: 0.062 | U33: 0.169 | V33: -0.531 | W33: -0.191 | X33: 0.799 | Y33: 3.945 | Z33: 2349 | AA33: -8.45 | AB33: 1755 | AC33: 77.9 | AD33: 1304 | AE33: -10.79 | AF33: -12.49 | AG33: -0.177 | AH33: -0.881 | AI33: -0.523 | AJ33: 0.493 | AK33: 0.034 | AL33: 0.053 | AM33: 0.122 | AN33: 0.13 | AO33: 0.245 | AP33: 0.274 | AQ33: 0.101 | AR33: 0.041 | AS33: 2618 | AT33: 2615 | AU33: 2616 | AV33: -5.096 | AW33: -5.249 | AX33: -3.564 | AY33: -3.461 | AZ33: -6.895 | BA33: -7.27 | BB33: 13.1 | BC33: 2876 | BE33: =BE$2-AU33 -> 894 | BG33: 6.74 | BH33: =BG33*$BH$1 -> 13.6148 | BI33: =ROUND(C33*BI$2,2) -> 3.68 | BJ33: =ROUND(D33*BJ$2,2) -> 7.07 | BL33: =ROUND(IF(Q33>BL$2,100,IF(Q33>BL$3,BM$1*Q33+BM$2, Q33*BM$3+BM$4)),1) -> 95.7 | BM33: =ROUND(IF(F33>BL$2,100, IF(F33>BL$3,BM$1*F33+BM$2, F33*BM$3+BM$4)),1) -> 79.9 | BN33: =ROUND(IF(AC33>BL$2,100,IF(AC33>BL$3,BM$1*AC33+BM$2, AC33*BM$3+BM$4)),1) -> 61.6 | BO33: =ROUND((0.6105*(EXP((17.273*O33)/(O33+237.3))))*BN33/100,3) -> 0.335 | BP33: =ROUND((100-BN33)*BO33/BN33,3) -> 0.209 | BT33: =BI33 -> 3.68 | BU33: =BJ33 -> 7.07 | BV33: =ROUND(E33,1) -> -5 | BW33: =ROUND(G33,1) -> -5.5 | BX33: =ROUND(H33,1) -> -5.7 | BY33: =ROUND(I33,1) -> 0.1 | BZ33: =ROUND(J33,1) -> -0.6 | CA33: =ROUND(K33,1) -> -0.3 | CB33: =ROUND(L33,1) -> 0.7 | CC33: =ROUND(BM33,1) -> 79.9 | CD33: =ROUND(O33,1) -> -1.6 | CE33: =ROUND(S33,1) -> 0.1 | CF33: =ROUND(T33,1) -> 0.1 | CG33: =ROUND(U33,1) -> 0.2 | CH33: =ROUND(V33,1) -> -0.5 | CI33: =ROUND(W33,1) -> -0.2 | CJ33: =ROUND(X33,1) -> 0.8 | CK33: =ROUND(BL33,1) -> 95.7 | CL33: =ROUND(AA33,1) -> -8.5 | CM33: =ROUND(AE33,1) -> -10.8 | CN33: =ROUND(AF33,1) -> -12.5 | CO33: =ROUND(AG33,1) -> -0.2 | CP33: =ROUND(AH33,1) -> -0.9 | CQ33: =ROUND(AI33,1) -> -0.5 | CR33: =ROUND(AJ33,1) -> 0.5 | CS33: =ROUND(BN33,1) -> 61.6 | CT33: =BE33 -> 894 | CU33: =PPTest!K33 -> 5.1 | CV33: =ROUND(M33,2) -> 1.54 | CW33: =ROUND(Y33,2) -> 3.95 | CX33: =BO33 -> 0.335 | CY33: =BP33 -> 0.209 | CZ33: =BB33 -> 13.1
A34: =A33+1 -> 38745 | B34: 28 | C34: 1.679 | D34: 2.872 | E34: -5.018 | F34: 106.7 | G34: -5.211 | H34: -5.334 | I34: 0.037 | J34: -0.663 | K34: -0.3 | L34: 0.731 | M34: 2.159 | N34: 0 | O34: -2.715 | P34: 1255 | Q34: 109.8 | R34: 912 | S34: 0.623 | T34: 0.068 | U34: 0.11 | V34: -0.602 | W34: -0.253 | X34: 0.775 | Y34: 6.831 | Z34: 1434 | AA34: -5.931 | AB34: 453 | AC34: 98.9 | AD34: 19 | AE34: -7.2 | AF34: -8.11 | AG34: -0.096 | AH34: -0.722 | AI34: -0.368 | AJ34: 0.668 | AK34: 0.132 | AL34: 0.124 | AM34: 0.099 | AN34: 0.056 | AO34: 0.177 | AP34: 0.248 | AQ34: 0.087 | AR34: 0.076 | AS34: 2475 | AT34: 2473 | AU34: 2473 | AV34: -4.288 | AW34: -4.466 | AX34: -3.294 | AY34: -3.34 | AZ34: -5.65 | BA34: -5.74 | BB34: 13.05 | BC34: 2876 | BE34: =BE$2-AU34 -> 1037 | BG34: 6.87 | BH34: =BG34*$BH$1 -> 13.8774 | BI34: =ROUND(C34*BI$2,2) -> 1.65 | BJ34: =ROUND(D34*BJ$2,2) -> 3.16 | BL34: =ROUND(IF(Q34>BL$2,100,IF(Q34>BL$3,BM$1*Q34+BM$2, Q34*BM$3+BM$4)),1) -> 97.9 | BM34: =ROUND(IF(F34>BL$2,100, IF(F34>BL$3,BM$1*F34+BM$2, F34*BM$3+BM$4)),1) -> 93 | BN34: =ROUND(IF(AC34>BL$2,100,IF(AC34>BL$3,BM$1*AC34+BM$2, AC34*BM$3+BM$4)),1) -> 80 | BO34: =ROUND((0.6105*(EXP((17.273*O34)/(O34+237.3))))*BN34/100,3) -> 0.4 | BP34: =ROUND((100-BN34)*BO34/BN34,3) -> 0.1 | BT34: =BI34 -> 1.65 | BU34: =BJ34 -> 3.16 | BV34: =ROUND(E34,1) -> -5 | BW34: =ROUND(G34,1) -> -5.2 | BX34: =ROUND(H34,1) -> -5.3 | BY34: =ROUND(I34,1) -> 0 | BZ34: =ROUND(J34,1) -> -0.7 | CA34: =ROUND(K34,1) -> -0.3 | CB34: =ROUND(L34,1) -> 0.7 | CC34: =ROUND(BM34,1) -> 93 | CD34: =ROUND(O34,1) -> -2.7 | CE34: =ROUND(S34,1) -> 0.6 | CF34: =ROUND(T34,1) -> 0.1 | CG34: =ROUND(U34,1) -> 0.1 | CH34: =ROUND(V34,1) -> -0.6 | CI34: =ROUND(W34,1) -> -0.3 | CJ34: =ROUND(X34,1) -> 0.8 | CK34: =ROUND(BL34,1) -> 97.9 | CL34: =ROUND(AA34,1) -> -5.9 | CM34: =ROUND(AE34,1) -> -7.2 | CN34: =ROUND(AF34,1) -> -8.1 | CO34: =ROUND(AG34,1) -> -0.1 | CP34: =ROUND(AH34,1) -> -0.7 | CQ34: =ROUND(AI34,1) -> -0.4 | CR34: =ROUND(AJ34,1) -> 0.7 | CS34: =ROUND(BN34,1) -> 80 | CT34: =BE34 -> 1037 | CU34: =PPTest!K34 -> 18.6 | CV34: =ROUND(M34,2) -> 2.16 | CW34: =ROUND(Y34,2) -> 6.83 | CX34: =BO34 -> 0.4 | CY34: =BP34 -> 0.1 | CZ34: =BB34 -> 13.05
A35: =A34+1 -> 38746 | B35: 29 | C35: 2.557 | D35: 4.99 | E35: -5.902 | F35: 104.2 | G35: -6.374 | H35: -6.665 | I35: 0.026 | J35: -0.725 | K35: -0.323 | L35: 0.73 | M35: 1.721 | N35: 0 | O35: -3.713 | P35: 1405 | Q35: 110 | R35: 2344 | S35: -3.559 | T35: -3.7 | U35: 0.107 | V35: -0.644 | W35: -0.262 | X35: 0.79 | Y35: 5.647 | Z35: 2320 | AA35: -12.46 | AB35: 707 | AC35: 87.5 | AD35: 1411 | AE35: -14.25 | AF35: -17.19 | AG35: -0.143 | AH35: -0.851 | AI35: -0.435 | AJ35: 0.609 | AK35: 0.16 | AL35: 0.215 | AM35: 0.122 | AN35: 0.053 | AO35: 0.132 | AP35: 0.17 | AQ35: 0.08 | AR35: 0.069 | AS35: 2376 | AT35: 2373 | AU35: 2375 | AV35: -4.793 | AW35: -4.947 | AX35: -2.944 | AY35: -3.072 | AZ35: -7.26 | BA35: -7.58 | BB35: 13.05 | BC35: 2876 | BE35: =BE$2-AU35 -> 1135 | BG35: 7 | BH35: =BG35*$BH$1 -> 14.14 | BI35: =ROUND(C35*BI$2,2) -> 2.51 | BJ35: =ROUND(D35*BJ$2,2) -> 5.49 | BL35: =ROUND(IF(Q35>BL$2,100,IF(Q35>BL$3,BM$1*Q35+BM$2, Q35*BM$3+BM$4)),1) -> 98.2 | BM35: =ROUND(IF(F35>BL$2,100, IF(F35>BL$3,BM$1*F35+BM$2, F35*BM$3+BM$4)),1) -> 89 | BN35: =ROUND(IF(AC35>BL$2,100,IF(AC35>BL$3,BM$1*AC35+BM$2, AC35*BM$3+BM$4)),1) -> 70 | BO35: =ROUND((0.6105*(EXP((17.273*O35)/(O35+237.3))))*BN35/100,3) -> 0.325 | BP35: =ROUND((100-BN35)*BO35/BN35,3) -> 0.139 | BT35: =BI35 -> 2.51 | BU35: =BJ35 -> 5.49 | BV35: =ROUND(E35,1) -> -5.9 | BW35: =ROUND(G35,1) -> -6.4 | BX35: =ROUND(H35,1) -> -6.7 | BY35: =ROUND(I35,1) -> 0 | BZ35: =ROUND(J35,1) -> -0.7 | CA35: =ROUND(K35,1) -> -0.3 | CB35: =ROUND(L35,1) -> 0.7 | CC35: =ROUND(BM35,1) -> 89 | CD35: =ROUND(O35,1) -> -3.7 | CE35: =ROUND(S35,1) -> -3.6 | CF35: =ROUND(T35,1) -> -3.7 | CG35: =ROUND(U35,1) -> 0.1 | CH35: =ROUND(V35,1) -> -0.6 | CI35: =ROUND(W35,1) -> -0.3 | CJ35: =ROUND(X35,1) -> 0.8 | CK35: =ROUND(BL35,1) -> 98.2 | CL35: =ROUND(AA35,1) -> -12.5 | CM35: =ROUND(AE35,1) -> -14.3 | CN35: =ROUND(AF35,1) -> -17.2 | CO35: =ROUND(AG35,1) -> -0.1 | CP35: =ROUND(AH35,1) -> -0.9 | CQ35: =ROUND(AI35,1) -> -0.4 | CR35: =ROUND(AJ35,1) -> 0.6 | CS35: =ROUND(BN35,1) -> 70 | CT35: =BE35 -> 1135 | CU35: =PPTest!K35 -> 12.7 | CV35: =ROUND(M35,2) -> 1.72 | CW35: =ROUND(Y35,2) -> 5.65 | CX35: =BO35 -> 0.325 | CY35: =BP35 -> 0.139 | CZ35: =BB35 -> 13.05
A36: =A35+1 -> 38747 | B36: 30 | C36: 0.409 | D36: 0.749 | E36: -2.924 | F36: 109.6 | G36: -3.211 | H36: -3.354 | I36: 0.056 | J36: -0.576 | K36: -0.283 | L36: 0.75 | M36: 2.16 | N36: 0 | O36: -1.044 | P36: 1038 | Q36: 111 | R36: 849 | S36: -1.08 | T36: -0.934 | U36: 0.109 | V36: -0.475 | W36: -0.232 | X36: 0.781 | Y36: 6.592 | Z36: 11 | AA36: -7.39 | AB36: 0 | AC36: 103.7 | AD36: 2307 | AE36: -9.12 | AF36: -10.74 | AG36: -0.16 | AH36: -0.703 | AI36: -0.344 | AJ36: 0.711 | AK36: 0.025 | AL36: 0.028 | AM36: 0.02 | AN36: 0.042 | AO36: 0.213 | AP36: 0.419 | AQ36: 0.21 | AR36: 0.042 | AS36: 2396 | AT36: 2390 | AU36: 2392 | AV36: -2.322 | AW36: -2.421 | AX36: -1.828 | AY36: -1.919 | AZ36: -2.945 | BA36: -3.081 | BB36: 12.87 | BC36: 2876 | BE36: =BE$2-AU36 -> 1118 | BG36: 7.14 | BH36: =BG36*$BH$1 -> 14.4228 | BI36: =ROUND(C36*BI$2,2) -> 0.4 | BJ36: =ROUND(D36*BJ$2,2) -> 0.82 | BL36: =ROUND(IF(Q36>BL$2,100,IF(Q36>BL$3,BM$1*Q36+BM$2, Q36*BM$3+BM$4)),1) -> 99.8 | BM36: =ROUND(IF(F36>BL$2,100, IF(F36>BL$3,BM$1*F36+BM$2, F36*BM$3+BM$4)),1) -> 97.6 | BN36: =ROUND(IF(AC36>BL$2,100,IF(AC36>BL$3,BM$1*AC36+BM$2, AC36*BM$3+BM$4)),1) -> 88.2 | BO36: =ROUND((0.6105*(EXP((17.273*O36)/(O36+237.3))))*BN36/100,3) -> 0.499 | BP36: =ROUND((100-BN36)*BO36/BN36,3) -> 0.067 | BT36: =BI36 -> 0.4 | BU36: =BJ36 -> 0.82 | BV36: =ROUND(E36,1) -> -2.9 | BW36: =ROUND(G36,1) -> -3.2 | BX36: =ROUND(H36,1) -> -3.4 | BY36: =ROUND(I36,1) -> 0.1 | BZ36: =ROUND(J36,1) -> -0.6 | CA36: =ROUND(K36,1) -> -0.3 | CB36: =ROUND(L36,1) -> 0.8 | CC36: =ROUND(BM36,1) -> 97.6 | CD36: =ROUND(O36,1) -> -1 | CE36: =ROUND(S36,1) -> -1.1 | CF36: =ROUND(T36,1) -> -0.9 | CG36: =ROUND(U36,1) -> 0.1 | CH36: =ROUND(V36,1) -> -0.5 | CI36: =ROUND(W36,1) -> -0.2 | CJ36: =ROUND(X36,1) -> 0.8 | CK36: =ROUND(BL36,1) -> 99.8 | CL36: =ROUND(AA36,1) -> -7.4 | CM36: =ROUND(AE36,1) -> -9.1 | CN36: =ROUND(AF36,1) -> -10.7 | CO36: =ROUND(AG36,1) -> -0.2 | CP36: =ROUND(AH36,1) -> -0.7 | CQ36: =ROUND(AI36,1) -> -0.3 | CR36: =ROUND(AJ36,1) -> 0.7 | CS36: =ROUND(BN36,1) -> 88.2 | CT36: =BE36 -> 1118 | CU36: =PPTest!K36 -> 0 | CV36: =ROUND(M36,2) -> 2.16 | CW36: =ROUND(Y36,2) -> 6.59 | CX36: =BO36 -> 0.499 | CY36: =BP36 -> 0.067 | CZ36: =BB36 -> 12.87
A37: =A36+1 -> 38748 | B37: 31 | C37: 0.664 | D37: 1.21 | E37: -4.687 | F37: 104.7 | G37: -4.898 | H37: -5.031 | I37: 0.081 | J37: -0.532 | K37: -0.245 | L37: 0.755 | M37: 2.159 | N37: 0 | O37: -3.617 | P37: 1116 | Q37: 110.1 | R37: 2344 | S37: -3.288 | T37: -3.356 | U37: 0.131 | V37: -0.483 | W37: -0.206 | X37: 0.797 | Y37: 5.687 | Z37: 2217 | AA37: -7.47 | AB37: 6 | AC37: 95.3 | AD37: 1036 | AE37: -8.68 | AF37: -10.25 | AG37: -0.059 | AH37: -0.565 | AI37: -0.277 | AJ37: 0.716 | AK37: 0.078 | AL37: 0.044 | AM37: 0.082 | AN37: 0.077 | AO37: 0.259 | AP37: 0.287 | AQ37: 0.101 | AR37: 0.072 | AS37: 2247 | AT37: 2245 | AU37: 2246 | AV37: -1.642 | AW37: -1.74 | AX37: -1.417 | AY37: -1.52 | AZ37: -1.87 | BA37: -2.004 | BB37: 12.95 | BC37: 2876 | BE37: =BE$2-AU37 -> 1264 | BG37: 7.28 | BH37: =BG37*$BH$1 -> 14.7056 | BI37: =ROUND(C37*BI$2,2) -> 0.65 | BJ37: =ROUND(D37*BJ$2,2) -> 1.33 | BL37: =ROUND(IF(Q37>BL$2,100,IF(Q37>BL$3,BM$1*Q37+BM$2, Q37*BM$3+BM$4)),1) -> 98.4 | BM37: =ROUND(IF(F37>BL$2,100, IF(F37>BL$3,BM$1*F37+BM$2, F37*BM$3+BM$4)),1) -> 89.8 | BN37: =ROUND(IF(AC37>BL$2,100,IF(AC37>BL$3,BM$1*AC37+BM$2, AC37*BM$3+BM$4)),1) -> 76.9 | BO37: =ROUND((0.6105*(EXP((17.273*O37)/(O37+237.3))))*BN37/100,3) -> 0.359 | BP37: =ROUND((100-BN37)*BO37/BN37,3) -> 0.108 | BT37: =BI37 -> 0.65 | BU37: =BJ37 -> 1.33 | BV37: =ROUND(E37,1) -> -4.7 | BW37: =ROUND(G37,1) -> -4.9 | BX37: =ROUND(H37,1) -> -5 | BY37: =ROUND(I37,1) -> 0.1 | BZ37: =ROUND(J37,1) -> -0.5 | CA37: =ROUND(K37,1) -> -0.2 | CB37: =ROUND(L37,1) -> 0.8 | CC37: =ROUND(BM37,1) -> 89.8 | CD37: =ROUND(O37,1) -> -3.6 | CE37: =ROUND(S37,1) -> -3.3 | CF37: =ROUND(T37,1) -> -3.4 | CG37: =ROUND(U37,1) -> 0.1 | CH37: =ROUND(V37,1) -> -0.5 | CI37: =ROUND(W37,1) -> -0.2 | CJ37: =ROUND(X37,1) -> 0.8 | CK37: =ROUND(BL37,1) -> 98.4 | CL37: =ROUND(AA37,1) -> -7.5 | CM37: =ROUND(AE37,1) -> -8.7 | CN37: =ROUND(AF37,1) -> -10.3 | CO37: =ROUND(AG37,1) -> -0.1 | CP37: =ROUND(AH37,1) -> -0.6 | CQ37: =ROUND(AI37,1) -> -0.3 | CR37: =ROUND(AJ37,1) -> 0.7 | CS37: =ROUND(BN37,1) -> 76.9 | CT37: =BE37 -> 1264 | CU37: =PPTest!K37 -> 19 | CV37: =ROUND(M37,2) -> 2.16 | CW37: =ROUND(Y37,2) -> 5.69 | CX37: =BO37 -> 0.359 | CY37: =BP37 -> 0.108 | CZ37: =BB37 -> 12.95
A38: =A37+1 -> 38749 | B38: 32 | C38: 1.512 | D38: 3.186 | E38: -3.173 | F38: 102.8 | G38: -3.475 | H38: -3.779 | I38: 0.088 | J38: -0.507 | K38: -0.24 | L38: 0.756 | M38: 2.57 | N38: 0 | O38: -0.721 | P38: 1429 | Q38: 110.3 | R38: 201 | S38: -0.556 | T38: -0.261 | U38: 0.146 | V38: -0.461 | W38: -0.2 | X38: 0.787 | Y38: 6.392 | Z38: 1107 | AA38: -5.357 | AB38: 2008 | AC38: 90.7 | AD38: 1924 | AE38: -7.33 | AF38: -9.07 | AG38: 0 | AH38: -0.567 | AI38: -0.283 | AJ38: 0.712 | AK38: 0.018 | AL38: 0.031 | AM38: 0.042 | AN38: 0.071 | AO38: 0.29 | AP38: 0.4 | AQ38: 0.119 | AR38: 0.029 | AS38: 2334 | AT38: 2331 | AU38: 2334 | AV38: -1.259 | AW38: -1.347 | AX38: -1.048 | AY38: -1.121 | AZ38: -1.46 | BA38: -1.578 | BB38: 13.06 | BC38: 2876 | BE38: =BE$2-AU38 -> 1176 | BG38: 7.43 | BH38: =BG38*$BH$1 -> 15.0086 | BI38: =ROUND(C38*BI$2,2) -> 1.48 | BJ38: =ROUND(D38*BJ$2,2) -> 3.5 | BL38: =ROUND(IF(Q38>BL$2,100,IF(Q38>BL$3,BM$1*Q38+BM$2, Q38*BM$3+BM$4)),1) -> 98.7 | BM38: =ROUND(IF(F38>BL$2,100, IF(F38>BL$3,BM$1*F38+BM$2, F38*BM$3+BM$4)),1) -> 86.8 | BN38: =ROUND(IF(AC38>BL$2,100,IF(AC38>BL$3,BM$1*AC38+BM$2, AC38*BM$3+BM$4)),1) -> 72.8 | BO38: =ROUND((0.6105*(EXP((17.273*O38)/(O38+237.3))))*BN38/100,3) -> 0.422 | BP38: =ROUND((100-BN38)*BO38/BN38,3) -> 0.158 | BT38: =BI38 -> 1.48 | BU38: =BJ38 -> 3.5 | BV38: =ROUND(E38,1) -> -3.2 | BW38: =ROUND(G38,1) -> -3.5 | BX38: =ROUND(H38,1) -> -3.8 | BY38: =ROUND(I38,1) -> 0.1 | BZ38: =ROUND(J38,1) -> -0.5 | CA38: =ROUND(K38,1) -> -0.2 | CB38: =ROUND(L38,1) -> 0.8 | CC38: =ROUND(BM38,1) -> 86.8 | CD38: =ROUND(O38,1) -> -0.7 | CE38: =ROUND(S38,1) -> -0.6 | CF38: =ROUND(T38,1) -> -0.3 | CG38: =ROUND(U38,1) -> 0.1 | CH38: =ROUND(V38,1) -> -0.5 | CI38: =ROUND(W38,1) -> -0.2 | CJ38: =ROUND(X38,1) -> 0.8 | CK38: =ROUND(BL38,1) -> 98.7 | CL38: =ROUND(AA38,1) -> -5.4 | CM38: =ROUND(AE38,1) -> -7.3 | CN38: =ROUND(AF38,1) -> -9.1 | CO38: =ROUND(AG38,1) -> 0 | CP38: =ROUND(AH38,1) -> -0.6 | CQ38: =ROUND(AI38,1) -> -0.3 | CR38: =ROUND(AJ38,1) -> 0.7 | CS38: =ROUND(BN38,1) -> 72.8 | CT38: =BE38 -> 1176 | CU38: =PPTest!K38 -> 0 | CV38: =ROUND(M38,2) -> 2.57 | CW38: =ROUND(Y38,2) -> 6.39 | CX38: =BO38 -> 0.422 | CY38: =BP38 -> 0.158 | CZ38: =BB38 -> 13.06
A39: =A38+1 -> 38750 | B39: 33 | C39: 0.806 | D39: 1.374 | E39: -3.429 | F39: 105.3 | G39: -4.04 | H39: -4.598 | I39: 0.145 | J39: -0.447 | K39: -0.225 | L39: 0.752 | M39: 1.481 | N39: 0 | O39: -0.695 | P39: 1223 | Q39: 110.2 | R39: 625 | S39: 0.238 | T39: 1.261 | U39: 0.193 | V39: -0.407 | W39: -0.191 | X39: 0.781 | Y39: 4.264 | Z39: 1650 | AA39: -7.99 | AB39: 2354 | AC39: 96.3 | AD39: 1837 | AE39: -9.91 | AF39: -12.18 | AG39: 0.091 | AH39: -0.506 | AI39: -0.268 | AJ39: 0.719 | AK39: 0.037 | AL39: 0.073 | AM39: 0.069 | AN39: 0.037 | AO39: 0.209 | AP39: 0.338 | AQ39: 0.168 | AR39: 0.068 | AS39: 2324 | AT39: 2316 | AU39: 2321 | AV39: -1.25 | AW39: -1.335 | AX39: -1.047 | AY39: -1.111 | AZ39: -1.46 | BA39: -1.56 | BB39: 13.08 | BC39: 2876 | BE39: =BE$2-AU39 -> 1189 | BG39: 7.59 | BH39: =BG39*$BH$1 -> 15.3318 | BI39: =ROUND(C39*BI$2,2) -> 0.79 | BJ39: =ROUND(D39*BJ$2,2) -> 1.51 | BL39: =ROUND(IF(Q39>BL$2,100,IF(Q39>BL$3,BM$1*Q39+BM$2, Q39*BM$3+BM$4)),1) -> 98.5 | BM39: =ROUND(IF(F39>BL$2,100, IF(F39>BL$3,BM$1*F39+BM$2, F39*BM$3+BM$4)),1) -> 90.7 | BN39: =ROUND(IF(AC39>BL$2,100,IF(AC39>BL$3,BM$1*AC39+BM$2, AC39*BM$3+BM$4)),1) -> 77.7 | BO39: =ROUND((0.6105*(EXP((17.273*O39)/(O39+237.3))))*BN39/100,3) -> 0.451 | BP39: =ROUND((100-BN39)*BO39/BN39,3) -> 0.129 | BT39: =BI39 -> 0.79 | BU39: =BJ39 -> 1.51 | BV39: =ROUND(E39,1) -> -3.4 | BW39: =ROUND(G39,1) -> -4 | BX39: =ROUND(H39,1) -> -4.6 | BY39: =ROUND(I39,1) -> 0.1 | BZ39: =ROUND(J39,1) -> -0.4 | CA39: =ROUND(K39,1) -> -0.2 | CB39: =ROUND(L39,1) -> 0.8 | CC39: =ROUND(BM39,1) -> 90.7 | CD39: =ROUND(O39,1) -> -0.7 | CE39: =ROUND(S39,1) -> 0.2 | CF39: =ROUND(T39,1) -> 1.3 | CG39: =ROUND(U39,1) -> 0.2 | CH39: =ROUND(V39,1) -> -0.4 | CI39: =ROUND(W39,1) -> -0.2 | CJ39: =ROUND(X39,1) -> 0.8 | CK39: =ROUND(BL39,1) -> 98.5 | CL39: =ROUND(AA39,1) -> -8 | CM39: =ROUND(AE39,1) -> -9.9 | CN39: =ROUND(AF39,1) -> -12.2 | CO39: =ROUND(AG39,1) -> 0.1 | CP39: =ROUND(AH39,1) -> -0.5 | CQ39: =ROUND(AI39,1) -> -0.3 | CR39: =ROUND(AJ39,1) -> 0.7 | CS39: =ROUND(BN39,1) -> 77.7 | CT39: =BE39 -> 1189 | CU39: =PPTest!K39 -> 1.7 | CV39: =ROUND(M39,2) -> 1.48 | CW39: =ROUND(Y39,2) -> 4.26 | CX39: =BO39 -> 0.451 | CY39: =BP39 -> 0.129 | CZ39: =BB39 -> 13.08
A40: =A39+1 -> 38751 | B40: 34 | C40: 2.002 | D40: 2.816 | E40: -2.963 | F40: 100 | G40: -3.44 | H40: -3.846 | I40: 0.155 | J40: -0.469 | K40: -0.223 | L40: 0.751 | M40: 1.786 | N40: 0 | O40: -0.278 | P40: 1110 | Q40: 109.6 | R40: 27 | S40: 1.225 | T40: 0.411 | U40: 0.199 | V40: -0.42 | W40: -0.182 | X40: 0.782 | Y40: 4.902 | Z40: 2219 | AA40: -8.11 | AB40: 107 | AC40: 78.7 | AD40: 1106 | AE40: -10.5 | AF40: -11.85 | AG40: 0.082 | AH40: -0.525 | AI40: -0.262 | AJ40: 0.712 | AK40: 0.164 | AL40: 0.122 | AM40: 0.075 | AN40: 0.074 | AO40: 0.189 | AP40: 0.232 | AQ40: 0.071 | AR40: 0.073 | AS40: 2325 | AT40: 2322 | AU40: 2323 | AV40: -1.157 | AW40: -1.245 | AX40: -1.027 | AY40: -1.102 | AZ40: -1.296 | BA40: -1.41 | BB40: 13.1 | BC40: 2876 | BE40: =BE$2-AU40 -> 1187 | BG40: 7.74 | BH40: =BG40*$BH$1 -> 15.6348 | BI40: =ROUND(C40*BI$2,2) -> 1.96 | BJ40: =ROUND(D40*BJ$2,2) -> 3.1 | BL40: =ROUND(IF(Q40>BL$2,100,IF(Q40>BL$3,BM$1*Q40+BM$2, Q40*BM$3+BM$4)),1) -> 97.6 | BM40: =ROUND(IF(F40>BL$2,100, IF(F40>BL$3,BM$1*F40+BM$2, F40*BM$3+BM$4)),1) -> 82.3 | BN40: =ROUND(IF(AC40>BL$2,100,IF(AC40>BL$3,BM$1*AC40+BM$2, AC40*BM$3+BM$4)),1) -> 62.3 | BO40: =ROUND((0.6105*(EXP((17.273*O40)/(O40+237.3))))*BN40/100,3) -> 0.373 | BP40: =ROUND((100-BN40)*BO40/BN40,3) -> 0.226 | BT40: =BI40 -> 1.96 | BU40: =BJ40 -> 3.1 | BV40: =ROUND(E40,1) -> -3 | BW40: =ROUND(G40,1) -> -3.4 | BX40: =ROUND(H40,1) -> -3.8 | BY40: =ROUND(I40,1) -> 0.2 | BZ40: =ROUND(J40,1) -> -0.5 | CA40: =ROUND(K40,1) -> -0.2 | CB40: =ROUND(L40,1) -> 0.8 | CC40: =ROUND(BM40,1) -> 82.3 | CD40: =ROUND(O40,1) -> -0.3 | CE40: =ROUND(S40,1) -> 1.2 | CF40: =ROUND(T40,1) -> 0.4 | CG40: =ROUND(U40,1) -> 0.2 | CH40: =ROUND(V40,1) -> -0.4 | CI40: =ROUND(W40,1) -> -0.2 | CJ40: =ROUND(X40,1) -> 0.8 | CK40: =ROUND(BL40,1) -> 97.6 | CL40: =ROUND(AA40,1) -> -8.1 | CM40: =ROUND(AE40,1) -> -10.5 | CN40: =ROUND(AF40,1) -> -11.9 | CO40: =ROUND(AG40,1) -> 0.1 | CP40: =ROUND(AH40,1) -> -0.5 | CQ40: =ROUND(AI40,1) -> -0.3 | CR40: =ROUND(AJ40,1) -> 0.7 | CS40: =ROUND(BN40,1) -> 62.3 | CT40: =BE40 -> 1187 | CU40: =PPTest!K40 -> 0 | CV40: =ROUND(M40,2) -> 1.79 | CW40: =ROUND(Y40,2) -> 4.9 | CX40: =BO40 -> 0.373 | CY40: =BP40 -> 0.226 | CZ40: =BB40 -> 13.1
A41: =A40+1 -> 38752 | B41: 35 | C41: 1.036 | D41: 0.965 | E41: -1.662 | F41: 108.3 | G41: -1.857 | H41: -1.983 | I41: 0.174 | J41: -0.407 | K41: -0.21 | L41: 0.751 | M41: 2.222 | N41: 0 | O41: 0.464 | P41: 954 | Q41: 110.9 | R41: 721 | S41: 2.389 | T41: -0.008 | U41: 0.227 | V41: -0.358 | W41: -0.174 | X41: 0.781 | Y41: 6.565 | Z41: 1642 | AA41: -3.703 | AB41: 2311 | AC41: 98.2 | AD41: 156 | AE41: -4.05 | AF41: -3.9 | AG41: 0.055 | AH41: -0.466 | AI41: -0.251 | AJ41: 0.72 | AK41: 0.083 | AL41: 0.058 | AM41: 0.044 | AN41: 0.057 | AO41: 0.206 | AP41: 0.319 | AQ41: 0.135 | AR41: 0.098 | AS41: 2260 | AT41: 2257 | AU41: 2258 | AV41: -0.891 | AW41: -0.963 | AX41: -0.676 | AY41: -0.734 | AZ41: -1.089 | BA41: -1.178 | BB41: 13.02 | BC41: 2876 | BE41: =BE$2-AU41 -> 1252 | BG41: 7.9 | BH41: =BG41*$BH$1 -> 15.958 | BI41: =ROUND(C41*BI$2,2) -> 1.02 | BJ41: =ROUND(D41*BJ$2,2) -> 1.06 | BL41: =ROUND(IF(Q41>BL$2,100,IF(Q41>BL$3,BM$1*Q41+BM$2, Q41*BM$3+BM$4)),1) -> 99.6 | BM41: =ROUND(IF(F41>BL$2,100, IF(F41>BL$3,BM$1*F41+BM$2, F41*BM$3+BM$4)),1) -> 95.5 | BN41: =ROUND(IF(AC41>BL$2,100,IF(AC41>BL$3,BM$1*AC41+BM$2, AC41*BM$3+BM$4)),1) -> 79.4 | BO41: =ROUND((0.6105*(EXP((17.273*O41)/(O41+237.3))))*BN41/100,3) -> 0.501 | BP41: =ROUND((100-BN41)*BO41/BN41,3) -> 0.13 | BT41: =BI41 -> 1.02 | BU41: =BJ41 -> 1.06 | BV41: =ROUND(E41,1) -> -1.7 | BW41: =ROUND(G41,1) -> -1.9 | BX41: =ROUND(H41,1) -> -2 | BY41: =ROUND(I41,1) -> 0.2 | BZ41: =ROUND(J41,1) -> -0.4 | CA41: =ROUND(K41,1) -> -0.2 | CB41: =ROUND(L41,1) -> 0.8 | CC41: =ROUND(BM41,1) -> 95.5 | CD41: =ROUND(O41,1) -> 0.5 | CE41: =ROUND(S41,1) -> 2.4 | CF41: =ROUND(T41,1) -> 0 | CG41: =ROUND(U41,1) -> 0.2 | CH41: =ROUND(V41,1) -> -0.4 | CI41: =ROUND(W41,1) -> -0.2 | CJ41: =ROUND(X41,1) -> 0.8 | CK41: =ROUND(BL41,1) -> 99.6 | CL41: =ROUND(AA41,1) -> -3.7 | CM41: =ROUND(AE41,1) -> -4.1 | CN41: =ROUND(AF41,1) -> -3.9 | CO41: =ROUND(AG41,1) -> 0.1 | CP41: =ROUND(AH41,1) -> -0.5 | CQ41: =ROUND(AI41,1) -> -0.3 | CR41: =ROUND(AJ41,1) -> 0.7 | CS41: =ROUND(BN41,1) -> 79.4 | CT41: =BE41 -> 1252 | CU41: =PPTest!K41 -> 8.5 | CV41: =ROUND(M41,2) -> 2.22 | CW41: =ROUND(Y41,2) -> 6.57 | CX41: =BO41 -> 0.501 | CY41: =BP41 -> 0.13 | CZ41: =BB41 -> 13.02
A42: =A41+1 -> 38753 | B42: 36 | C42: 2.116 | D42: 2.74 | E42: -5.628 | F42: 109 | G42: -5.981 | H42: -4.616 | I42: 0.165 | J42: -0.42 | K42: -0.195 | L42: 0.747 | M42: 1.78 | N42: 0 | O42: -2.703 | P42: 1520 | Q42: 110.6 | R42: 217 | S42: -1.487 | T42: 0.264 | U42: 0.22 | V42: -0.38 | W42: -0.164 | X42: 0.777 | Y42: 3.825 | Z42: 937 | AA42: -11.78 | AB42: 2313 | AC42: 102.9 | AD42: 1524 | AE42: -13.05 | AF42: -9.62 | AG42: 0.035 | AH42: -0.533 | AI42: -0.23 | AJ42: 0.713 | AK42: 0.014 | AL42: 0.172 | AM42: 0.135 | AN42: 0.003 | AO42: 0.124 | AP42: 0.382 | AQ42: 0.14 | AR42: 0.031 | AS42: 2305 | AT42: 2302 | AU42: 2304 | AV42: -0.743 | AW42: -0.814 | AX42: -0.614 | AY42: -0.668 | AZ42: -0.842 | BA42: -0.919 | BB42: 13.11 | BC42: 2876 | BE42: =BE$2-AU42 -> 1206 | BG42: 8.06 | BH42: =BG42*$BH$1 -> 16.2812 | BI42: =ROUND(C42*BI$2,2) -> 2.07 | BJ42: =ROUND(D42*BJ$2,2) -> 3.01 | BL42: =ROUND(IF(Q42>BL$2,100,IF(Q42>BL$3,BM$1*Q42+BM$2, Q42*BM$3+BM$4)),1) -> 99.2 | BM42: =ROUND(IF(F42>BL$2,100, IF(F42>BL$3,BM$1*F42+BM$2, F42*BM$3+BM$4)),1) -> 96.6 | BN42: =ROUND(IF(AC42>BL$2,100,IF(AC42>BL$3,BM$1*AC42+BM$2, AC42*BM$3+BM$4)),1) -> 86.9 | BO42: =ROUND((0.6105*(EXP((17.273*O42)/(O42+237.3))))*BN42/100,3) -> 0.435 | BP42: =ROUND((100-BN42)*BO42/BN42,3) -> 0.066 | BT42: =BI42 -> 2.07 | BU42: =BJ42 -> 3.01 | BV42: =ROUND(E42,1) -> -5.6 | BW42: =ROUND(G42,1) -> -6 | BX42: =ROUND(H42,1) -> -4.6 | BY42: =ROUND(I42,1) -> 0.2 | BZ42: =ROUND(J42,1) -> -0.4 | CA42: =ROUND(K42,1) -> -0.2 | CB42: =ROUND(L42,1) -> 0.7 | CC42: =ROUND(BM42,1) -> 96.6 | CD42: =ROUND(O42,1) -> -2.7 | CE42: =ROUND(S42,1) -> -1.5 | CF42: =ROUND(T42,1) -> 0.3 | CG42: =ROUND(U42,1) -> 0.2 | CH42: =ROUND(V42,1) -> -0.4 | CI42: =ROUND(W42,1) -> -0.2 | CJ42: =ROUND(X42,1) -> 0.8 | CK42: =ROUND(BL42,1) -> 99.2 | CL42: =ROUND(AA42,1) -> -11.8 | CM42: =ROUND(AE42,1) -> -13.1 | CN42: =ROUND(AF42,1) -> -9.6 | CO42: =ROUND(AG42,1) -> 0 | CP42: =ROUND(AH42,1) -> -0.5 | CQ42: =ROUND(AI42,1) -> -0.2 | CR42: =ROUND(AJ42,1) -> 0.7 | CS42: =ROUND(BN42,1) -> 86.9 | CT42: =BE42 -> 1206 | CU42: =PPTest!K42 -> 0 | CV42: =ROUND(M42,2) -> 1.78 | CW42: =ROUND(Y42,2) -> 3.83 | CX42: =BO42 -> 0.435 | CY42: =BP42 -> 0.066 | CZ42: =BB42 -> 13.11
A43: =A42+1 -> 38754 | B43: 37 | C43: 1.502 | D43: 2.086 | E43: -6.434 | F43: 108.1 | G43: -6.973 | H43: -5.834 | I43: 0.114 | J43: -0.559 | K43: -0.233 | L43: 0.743 | M43: 1.19 | N43: 0 | O43: -1.568 | P43: 1257 | Q43: 110.9 | R43: 1937 | S43: -0.876 | T43: -0.074 | U43: 0.196 | V43: -0.488 | W43: -0.173 | X43: 0.773 | Y43: 2.854 | Z43: 1538 | AA43: -11.66 | AB43: 10 | AC43: 101.9 | AD43: 1510 | AE43: -13 | AF43: -10.47 | AG43: 0.012 | AH43: -0.621 | AI43: -0.298 | AJ43: 0.709 | AK43: 0.115 | AL43: 0.341 | AM43: 0.186 | AN43: 0.032 | AO43: 0.062 | AP43: 0.133 | AQ43: 0.069 | AR43: 0.061 | AS43: 2337 | AT43: 2335 | AU43: 2336 | AV43: -0.909 | AW43: -1.007 | AX43: -0.718 | AY43: -0.807 | AZ43: -0.986 | BA43: -1.114 | BB43: 13.12 | BC43: 2876 | BE43: =BE$2-AU43 -> 1174 | BG43: 8.23 | BH43: =BG43*$BH$1 -> 16.6246 | BI43: =ROUND(C43*BI$2,2) -> 1.47 | BJ43: =ROUND(D43*BJ$2,2) -> 2.29 | BL43: =ROUND(IF(Q43>BL$2,100,IF(Q43>BL$3,BM$1*Q43+BM$2, Q43*BM$3+BM$4)),1) -> 99.6 | BM43: =ROUND(IF(F43>BL$2,100, IF(F43>BL$3,BM$1*F43+BM$2, F43*BM$3+BM$4)),1) -> 95.2 | BN43: =ROUND(IF(AC43>BL$2,100,IF(AC43>BL$3,BM$1*AC43+BM$2, AC43*BM$3+BM$4)),1) -> 85.3 | BO43: =ROUND((0.6105*(EXP((17.273*O43)/(O43+237.3))))*BN43/100,3) -> 0.464 | BP43: =ROUND((100-BN43)*BO43/BN43,3) -> 0.08 | BT43: =BI43 -> 1.47 | BU43: =BJ43 -> 2.29 | BV43: =ROUND(E43,1) -> -6.4 | BW43: =ROUND(G43,1) -> -7 | BX43: =ROUND(H43,1) -> -5.8 | BY43: =ROUND(I43,1) -> 0.1 | BZ43: =ROUND(J43,1) -> -0.6 | CA43: =ROUND(K43,1) -> -0.2 | CB43: =ROUND(L43,1) -> 0.7 | CC43: =ROUND(BM43,1) -> 95.2 | CD43: =ROUND(O43,1) -> -1.6 | CE43: =ROUND(S43,1) -> -0.9 | CF43: =ROUND(T43,1) -> -0.1 | CG43: =ROUND(U43,1) -> 0.2 | CH43: =ROUND(V43,1) -> -0.5 | CI43: =ROUND(W43,1) -> -0.2 | CJ43: =ROUND(X43,1) -> 0.8 | CK43: =ROUND(BL43,1) -> 99.6 | CL43: =ROUND(AA43,1) -> -11.7 | CM43: =ROUND(AE43,1) -> -13 | CN43: =ROUND(AF43,1) -> -10.5 | CO43: =ROUND(AG43,1) -> 0 | CP43: =ROUND(AH43,1) -> -0.6 | CQ43: =ROUND(AI43,1) -> -0.3 | CR43: =ROUND(AJ43,1) -> 0.7 | CS43: =ROUND(BN43,1) -> 85.3 | CT43: =BE43 -> 1174 | CU43: =PPTest!K43 -> 0 | CV43: =ROUND(M43,2) -> 1.19 | CW43: =ROUND(Y43,2) -> 2.85 | CX43: =BO43 -> 0.464 | CY43: =BP43 -> 0.08 | CZ43: =BB43 -> 13.12
A44: =A43+1 -> 38755 | B44: 38 | C44: 1.705 | D44: 1.832 | E44: -5.257 | F44: 107.9 | G44: -5.8 | H44: -5.606 | I44: 0.117 | J44: -0.595 | K44: -0.277 | L44: 0.738 | M44: 1.194 | N44: 0 | O44: -0.76 | P44: 1112 | Q44: 110.2 | R44: 2207 | S44: 0.443 | T44: -1.15 | U44: 0.184 | V44: -0.507 | W44: -0.234 | X44: 0.767 | Y44: 2.362 | Z44: 1116 | AA44: -10.89 | AB44: 12 | AC44: 100.8 | AD44: 1245 | AE44: -12.72 | AF44: -10.19 | AG44: 0.008 | AH44: -0.667 | AI44: -0.311 | AJ44: 0.707 | AK44: 0.144 | AL44: 0.36 | AM44: 0.292 | AN44: 0.04 | AO44: 0.064 | AP44: 0.059 | AQ44: 0.016 | AR44: 0.026 | AS44: 2360 | AT44: 2359 | AU44: 2360 | AV44: -1.113 | AW44: -1.22 | AX44: -0.986 | AY44: -1.084 | AZ44: -1.234 | BA44: -1.354 | BB44: 13.07 | BC44: 2876 | BE44: =BE$2-AU44 -> 1150 | BG44: 8.4 | BH44: =BG44*$BH$1 -> 16.968 | BI44: =ROUND(C44*BI$2,2) -> 1.67 | BJ44: =ROUND(D44*BJ$2,2) -> 2.02 | BL44: =ROUND(IF(Q44>BL$2,100,IF(Q44>BL$3,BM$1*Q44+BM$2, Q44*BM$3+BM$4)),1) -> 98.5 | BM44: =ROUND(IF(F44>BL$2,100, IF(F44>BL$3,BM$1*F44+BM$2, F44*BM$3+BM$4)),1) -> 94.9 | BN44: =ROUND(IF(AC44>BL$2,100,IF(AC44>BL$3,BM$1*AC44+BM$2, AC44*BM$3+BM$4)),1) -> 83.6 | BO44: =ROUND((0.6105*(EXP((17.273*O44)/(O44+237.3))))*BN44/100,3) -> 0.483 | BP44: =ROUND((100-BN44)*BO44/BN44,3) -> 0.095 | BT44: =BI44 -> 1.67 | BU44: =BJ44 -> 2.02 | BV44: =ROUND(E44,1) -> -5.3 | BW44: =ROUND(G44,1) -> -5.8 | BX44: =ROUND(H44,1) -> -5.6 | BY44: =ROUND(I44,1) -> 0.1 | BZ44: =ROUND(J44,1) -> -0.6 | CA44: =ROUND(K44,1) -> -0.3 | CB44: =ROUND(L44,1) -> 0.7 | CC44: =ROUND(BM44,1) -> 94.9 | CD44: =ROUND(O44,1) -> -0.8 | CE44: =ROUND(S44,1) -> 0.4 | CF44: =ROUND(T44,1) -> -1.2 | CG44: =ROUND(U44,1) -> 0.2 | CH44: =ROUND(V44,1) -> -0.5 | CI44: =ROUND(W44,1) -> -0.2 | CJ44: =ROUND(X44,1) -> 0.8 | CK44: =ROUND(BL44,1) -> 98.5 | CL44: =ROUND(AA44,1) -> -10.9 | CM44: =ROUND(AE44,1) -> -12.7 | CN44: =ROUND(AF44,1) -> -10.2 | CO44: =ROUND(AG44,1) -> 0 | CP44: =ROUND(AH44,1) -> -0.7 | CQ44: =ROUND(AI44,1) -> -0.3 | CR44: =ROUND(AJ44,1) -> 0.7 | CS44: =ROUND(BN44,1) -> 83.6 | CT44: =BE44 -> 1150 | CU44: =PPTest!K44 -> 0 | CV44: =ROUND(M44,2) -> 1.19 | CW44: =ROUND(Y44,2) -> 2.36 | CX44: =BO44 -> 0.483 | CY44: =BP44 -> 0.095 | CZ44: =BB44 -> 13.07
A45: =A44+1 -> 38756 | B45: 39 | C45: 4.073 | D45: 3.896 | E45: -4.713 | F45: 104.2 | G45: -5.304 | H45: -5.219 | I45: 0.116 | J45: -0.507 | K45: -0.255 | L45: 0.736 | M45: 1.598 | N45: 0 | O45: -0.37 | P45: 1004 | Q45: 110.1 | R45: 6 | S45: 0.128 | T45: 0.341 | U45: 0.194 | V45: -0.461 | W45: -0.218 | X45: 0.767 | Y45: 4.676 | Z45: 1305 | AA45: -11.79 | AB45: 2252 | AC45: 86.8 | AD45: 1737 | AE45: -13.85 | AF45: -11.54 | AG45: -0.054 | AH45: -0.617 | AI45: -0.299 | AJ45: 0.707 | AK45: 0.072 | AL45: 0.139 | AM45: 0.113 | AN45: 0.075 | AO45: 0.193 | AP45: 0.271 | AQ45: 0.087 | AR45: 0.049 | AS45: 6999 | AT45: 2389 | AU45: 6759 | AV45: -1.142 | AW45: -1.234 | AX45: -0.945 | AY45: -1.02 | AZ45: -1.296 | BA45: -1.412 | BB45: 13.12 | BC45: 2876 | BE45: 1100 | BG45: 8.57 | BH45: =BG45*$BH$1 -> 17.3114 | BI45: =ROUND(C45*BI$2,2) -> 3.99 | BJ45: =ROUND(D45*BJ$2,2) -> 4.29 | BL45: =ROUND(IF(Q45>BL$2,100,IF(Q45>BL$3,BM$1*Q45+BM$2, Q45*BM$3+BM$4)),1) -> 98.4 | BM45: =ROUND(IF(F45>BL$2,100, IF(F45>BL$3,BM$1*F45+BM$2, F45*BM$3+BM$4)),1) -> 89 | BN45: =ROUND(IF(AC45>BL$2,100,IF(AC45>BL$3,BM$1*AC45+BM$2, AC45*BM$3+BM$4)),1) -> 69.4 | BO45: =ROUND((0.6105*(EXP((17.273*O45)/(O45+237.3))))*BN45/100,3) -> 0.412 | BP45: =ROUND((100-BN45)*BO45/BN45,3) -> 0.182 | BT45: =BI45 -> 3.99 | BU45: =BJ45 -> 4.29 | BV45: =ROUND(E45,1) -> -4.7 | BW45: =ROUND(G45,1) -> -5.3 | BX45: =ROUND(H45,1) -> -5.2 | BY45: =ROUND(I45,1) -> 0.1 | BZ45: =ROUND(J45,1) -> -0.5 | CA45: =ROUND(K45,1) -> -0.3 | CB45: =ROUND(L45,1) -> 0.7 | CC45: =ROUND(BM45,1) -> 89 | CD45: =ROUND(O45,1) -> -0.4 | CE45: =ROUND(S45,1) -> 0.1 | CF45: =ROUND(T45,1) -> 0.3 | CG45: =ROUND(U45,1) -> 0.2 | CH45: =ROUND(V45,1) -> -0.5 | CI45: =ROUND(W45,1) -> -0.2 | CJ45: =ROUND(X45,1) -> 0.8 | CK45: =ROUND(BL45,1) -> 98.4 | CL45: =ROUND(AA45,1) -> -11.8 | CM45: =ROUND(AE45,1) -> -13.9 | CN45: =ROUND(AF45,1) -> -11.5 | CO45: =ROUND(AG45,1) -> -0.1 | CP45: =ROUND(AH45,1) -> -0.6 | CQ45: =ROUND(AI45,1) -> -0.3 | CR45: =ROUND(AJ45,1) -> 0.7 | CS45: =ROUND(BN45,1) -> 69.4 | CT45: =BE45 -> 1100 | CU45: =PPTest!K45 -> 0 | CV45: =ROUND(M45,2) -> 1.6 | CW45: =ROUND(Y45,2) -> 4.68 | CX45: =BO45 -> 0.412 | CY45: =BP45 -> 0.182 | CZ45: =BB45 -> 13.12
A46: =A45+1 -> 38757 | B46: 40 | C46: 12.11 | D46: 11.11 | E46: -11.98 | F46: 98.3 | G46: -13.32 | H46: -11.43 | I46: -0.168 | J46: -0.851 | K46: -0.319 | L46: 0.733 | M46: 1.582 | N46: 0 | O46: -3.984 | P46: 1452 | Q46: 110.2 | R46: 606 | S46: -2.196 | T46: 1.806 | U46: 0.003 | V46: -0.585 | W46: -0.222 | X46: 0.764 | Y46: 3.413 | Z46: 1351 | AA46: -20.58 | AB46: 2338 | AC46: 72.7 | AD46: 1249 | AE46: -22.17 | AF46: -19.5 | AG46: -0.472 | AH46: -1.098 | AI46: -0.397 | AJ46: 0.697 | AK46: 0.055 | AL46: 0.227 | AM46: 0.351 | AN46: 0.038 | AO46: 0.086 | AP46: 0.106 | AQ46: 0.058 | AR46: 0.079 | AS46: 6999 | AT46: 6999 | AU46: 6999 | AV46: -1.078 | AW46: -1.181 | AX46: -0.986 | AY46: -1.056 | AZ46: -1.131 | BA46: -1.254 | BB46: 13.14 | BC46: 2876 | BD46: Influence of snow | BE46: 1075 | BG46: 8.75 | BH46: =BG46*$BH$1 -> 17.675 | BI46: 8.75 | BJ46: 17.675 | BL46: =ROUND(IF(Q46>BL$2,100,IF(Q46>BL$3,BM$1*Q46+BM$2, Q46*BM$3+BM$4)),1) -> 98.5 | BM46: =ROUND(IF(F46>BL$2,100, IF(F46>BL$3,BM$1*F46+BM$2, F46*BM$3+BM$4)),1) -> 79.5 | BN46: =ROUND(IF(AC46>BL$2,100,IF(AC46>BL$3,BM$1*AC46+BM$2, AC46*BM$3+BM$4)),1) -> 57 | BO46: =ROUND((0.6105*(EXP((17.273*O46)/(O46+237.3))))*BN46/100,3) -> 0.259 | BP46: =ROUND((100-BN46)*BO46/BN46,3) -> 0.195 | BT46: =BI46 -> 8.75 | BU46: =BJ46 -> 17.675 | BV46: =ROUND(E46,1) -> -12 | BW46: =ROUND(G46,1) -> -13.3 | BX46: =ROUND(H46,1) -> -11.4 | BY46: =ROUND(I46,1) -> -0.2 | BZ46: =ROUND(J46,1) -> -0.9 | CA46: =ROUND(K46,1) -> -0.3 | CB46: =ROUND(L46,1) -> 0.7 | CC46: =ROUND(BM46,1) -> 79.5 | CD46: =ROUND(O46,1) -> -4 | CE46: =ROUND(S46,1) -> -2.2 | CF46: =ROUND(T46,1) -> 1.8 | CG46: =ROUND(U46,1) -> 0 | CH46: =ROUND(V46,1) -> -0.6 | CI46: =ROUND(W46,1) -> -0.2 | CJ46: =ROUND(X46,1) -> 0.8 | CK46: =ROUND(BL46,1) -> 98.5 | CL46: =ROUND(AA46,1) -> -20.6 | CM46: =ROUND(AE46,1) -> -22.2 | CN46: =ROUND(AF46,1) -> -19.5 | CO46: =ROUND(AG46,1) -> -0.5 | CP46: =ROUND(AH46,1) -> -1.1 | CQ46: =ROUND(AI46,1) -> -0.4 | CR46: =ROUND(AJ46,1) -> 0.7 | CS46: =ROUND(BN46,1) -> 57 | CT46: =BE46 -> 1075 | CU46: =PPTest!K46 -> 0 | CV46: =ROUND(M46,2) -> 1.58 | CW46: =ROUND(Y46,2) -> 3.41 | CX46: =BO46 -> 0.259 | CY46: =BP46 -> 0.195 | CZ46: =BB46 -> 13.14
A47: =A46+1 -> 38758 | B47: 41 | C47: 19.07 | D47: 22.15 | E47: -13.63 | F47: 90.4 | G47: -14.64 | H47: -13.92 | I47: -0.303 | J47: -1.25 | K47: -0.477 | L47: 0.727 | M47: 1.883 | N47: 0 | O47: -0.463 | P47: 1429 | Q47: 106.2 | R47: 2148 | S47: 1.755 | T47: 2.092 | U47: -0.137 | V47: -1.066 | W47: -0.362 | X47: 0.766 | Y47: 2.921 | Z47: 447 | AA47: -22.39 | AB47: 725 | AC47: 44.88 | AD47: 1357 | AE47: -23.53 | AF47: -20.04 | AG47: -0.647 | AH47: -1.442 | AI47: -0.563 | AJ47: 0.693 | AK47: 0.013 | AL47: 0.295 | AM47: 0.506 | AN47: 0.026 | AO47: 0.086 | AP47: 0.069 | AQ47: 0.001 | AR47: 0.003 | AS47: 6999 | AT47: 2446 | AU47: =AT47 -> 2446 | AV47: -1.249 | AW47: -1.384 | AX47: -1.11 | AY47: -1.224 | AZ47: -1.42 | BA47: -1.586 | BB47: 13.15 | BC47: 2876 | BD47: Influence of snow | BE47: =BE$2-AU47 -> 1064 | BG47: 8.93 | BH47: =BG47*$BH$1 -> 18.0386 | BI47: 8.93 | BJ47: 18.0386 | BL47: =ROUND(IF(Q47>BL$2,100,IF(Q47>BL$3,BM$1*Q47+BM$2, Q47*BM$3+BM$4)),1) -> 92.2 | BM47: =ROUND(IF(F47>BL$2,100, IF(F47>BL$3,BM$1*F47+BM$2, F47*BM$3+BM$4)),1) -> 72.6 | BN47: =ROUND(IF(AC47>BL$2,100,IF(AC47>BL$3,BM$1*AC47+BM$2, AC47*BM$3+BM$4)),1) -> 32.5 | BO47: =ROUND((0.6105*(EXP((17.273*O47)/(O47+237.3))))*BN47/100,3) -> 0.192 | BP47: =ROUND((100-BN47)*BO47/BN47,3) -> 0.399 | BT47: =BI47 -> 8.93 | BU47: =BJ47 -> 18.0386 | BV47: =ROUND(E47,1) -> -13.6 | BW47: =ROUND(G47,1) -> -14.6 | BX47: =ROUND(H47,1) -> -13.9 | BY47: =ROUND(I47,1) -> -0.3 | BZ47: =ROUND(J47,1) -> -1.3 | CA47: =ROUND(K47,1) -> -0.5 | CB47: =ROUND(L47,1) -> 0.7 | CC47: =ROUND(BM47,1) -> 72.6 | CD47: =ROUND(O47,1) -> -0.5 | CE47: =ROUND(S47,1) -> 1.8 | CF47: =ROUND(T47,1) -> 2.1 | CG47: =ROUND(U47,1) -> -0.1 | CH47: =ROUND(V47,1) -> -1.1 | CI47: =ROUND(W47,1) -> -0.4 | CJ47: =ROUND(X47,1) -> 0.8 | CK47: =ROUND(BL47,1) -> 92.2 | CL47: =ROUND(AA47,1) -> -22.4 | CM47: =ROUND(AE47,1) -> -23.5 | CN47: =ROUND(AF47,1) -> -20 | CO47: =ROUND(AG47,1) -> -0.6 | CP47: =ROUND(AH47,1) -> -1.4 | CQ47: =ROUND(AI47,1) -> -0.6 | CR47: =ROUND(AJ47,1) -> 0.7 | CS47: =ROUND(BN47,1) -> 32.5 | CT47: =BE47 -> 1064 | CU47: =PPTest!K47 -> 0 | CV47: =ROUND(M47,2) -> 1.88 | CW47: =ROUND(Y47,2) -> 2.92 | CX47: =BO47 -> 0.192 | CY47: =BP47 -> 0.399 | CZ47: =BB47 -> 13.15
A48: =A47+1 -> 38759 | B48: 42 | C48: 12.12 | D48: 18.8 | E48: -9.66 | F48: 93 | G48: -10.74 | H48: -11.85 | I48: -0.276 | J48: -1.262 | K48: -0.566 | L48: 0.719 | M48: 1.668 | N48: 0 | O48: 5.867 | P48: 1254 | Q48: 109.6 | R48: 1921 | S48: 7.32 | T48: 4.981 | U48: -0.174 | V48: -1.078 | W48: -0.508 | X48: 0.75 | Y48: 3.426 | Z48: 1434 | AA48: -17.34 | AB48: 201 | AC48: 40.8 | AD48: 1252 | AE48: -18.61 | AF48: -18.96 | AG48: -0.513 | AH48: -1.448 | AI48: -0.62 | AJ48: 0.689 | AK48: 0.01 | AL48: 0.304 | AM48: 0.438 | AN48: 0.028 | AO48: 0.1 | AP48: 0.117 | AQ48: 0.003 | AR48: 0 | AS48: 6999 | AT48: 2451 | AU48: =AT48 -> 2451 | AV48: -1.58 | AW48: -1.732 | AX48: -1.417 | AY48: -1.575 | AZ48: -1.704 | BA48: -1.865 | BB48: 13.15 | BC48: 2876 | BD48: Influence of snow | BE48: =BE$2-AU48 -> 1059 | BG48: 9.12 | BH48: =BG48*$BH$1 -> 18.4224 | BI48: 9.12 | BJ48: 18.4224 | BL48: =ROUND(IF(Q48>BL$2,100,IF(Q48>BL$3,BM$1*Q48+BM$2, Q48*BM$3+BM$4)),1) -> 97.6 | BM48: =ROUND(IF(F48>BL$2,100, IF(F48>BL$3,BM$1*F48+BM$2, F48*BM$3+BM$4)),1) -> 74.8 | BN48: =ROUND(IF(AC48>BL$2,100,IF(AC48>BL$3,BM$1*AC48+BM$2, AC48*BM$3+BM$4)),1) -> 28.9 | BO48: =ROUND((0.6105*(EXP((17.273*O48)/(O48+237.3))))*BN48/100,3) -> 0.268 | BP48: =ROUND((100-BN48)*BO48/BN48,3) -> 0.659 | BT48: =BI48 -> 9.12 | BU48: =BJ48 -> 18.4224 | BV48: =ROUND(E48,1) -> -9.7 | BW48: =ROUND(G48,1) -> -10.7 | BX48: =ROUND(H48,1) -> -11.9 | BY48: =ROUND(I48,1) -> -0.3 | BZ48: =ROUND(J48,1) -> -1.3 | CA48: =ROUND(K48,1) -> -0.6 | CB48: =ROUND(L48,1) -> 0.7 | CC48: =ROUND(BM48,1) -> 74.8 | CD48: =ROUND(O48,1) -> 5.9 | CE48: =ROUND(S48,1) -> 7.3 | CF48: =ROUND(T48,1) -> 5 | CG48: =ROUND(U48,1) -> -0.2 | CH48: =ROUND(V48,1) -> -1.1 | CI48: =ROUND(W48,1) -> -0.5 | CJ48: =ROUND(X48,1) -> 0.8 | CK48: =ROUND(BL48,1) -> 97.6 | CL48: =ROUND(AA48,1) -> -17.3 | CM48: =ROUND(AE48,1) -> -18.6 | CN48: =ROUND(AF48,1) -> -19 | CO48: =ROUND(AG48,1) -> -0.5 | CP48: =ROUND(AH48,1) -> -1.4 | CQ48: =ROUND(AI48,1) -> -0.6 | CR48: =ROUND(AJ48,1) -> 0.7 | CS48: =ROUND(BN48,1) -> 28.9 | CT48: =BE48 -> 1059 | CU48: =PPTest!K48 -> 0 | CV48: =ROUND(M48,2) -> 1.67 | CW48: =ROUND(Y48,2) -> 3.43 | CX48: =BO48 -> 0.268 | CY48: =BP48 -> 0.659 | CZ48: =BB48 -> 13.15
A49: =A48+1 -> 38760 | B49: 43 | C49: 9.11 | D49: 16.04 | E49: -6.711 | F49: 94.2 | G49: -7.44 | H49: -7.98 | I49: -0.223 | J49: -1.067 | K49: -0.539 | L49: 0.712 | M49: 1.57 | N49: 1 | O49: 4.126 | P49: 1544 | Q49: 109.2 | R49: 2119 | S49: 3.988 | T49: 3.901 | U49: -0.167 | V49: -0.906 | W49: -0.457 | X49: 0.745 | Y49: 3.479 | Z49: 1224 | AA49: -14.78 | AB49: 55 | AC49: 51.05 | AD49: 1541 | AE49: -16.06 | AF49: -16.78 | AG49: -0.367 | AH49: -1.243 | AI49: -0.6 | AJ49: 0.675 | AK49: 0.029 | AL49: 0.362 | AM49: 0.34 | AN49: 0.019 | AO49: 0.104 | AP49: 0.134 | AQ49: 0.008 | AR49: 0.003 | AS49: 6999 | AT49: 6999 | AU49: 6999 | AV49: -1.85 | AW49: -1.996 | AX49: -1.684 | AY49: -1.808 | AZ49: -2.056 | BA49: -2.236 | BB49: 13.14 | BC49: 2876 | BE49: 1080 | BG49: 9.31 | BH49: =BG49*$BH$1 -> 18.8062 | BI49: =ROUND(C49*BI$2,2) -> 8.93 | BJ49: =ROUND(D49*BJ$2,2) -> 17.64 | BL49: =ROUND(IF(Q49>BL$2,100,IF(Q49>BL$3,BM$1*Q49+BM$2, Q49*BM$3+BM$4)),1) -> 96.9 | BM49: =ROUND(IF(F49>BL$2,100, IF(F49>BL$3,BM$1*F49+BM$2, F49*BM$3+BM$4)),1) -> 75.9 | BN49: =ROUND(IF(AC49>BL$2,100,IF(AC49>BL$3,BM$1*AC49+BM$2, AC49*BM$3+BM$4)),1) -> 37.9 | BO49: =ROUND((0.6105*(EXP((17.273*O49)/(O49+237.3))))*BN49/100,3) -> 0.311 | BP49: =ROUND((100-BN49)*BO49/BN49,3) -> 0.51 | BT49: =BI49 -> 8.93 | BU49: =BJ49 -> 17.64 | BV49: =ROUND(E49,1) -> -6.7 | BW49: =ROUND(G49,1) -> -7.4 | BX49: =ROUND(H49,1) -> -8 | BY49: =ROUND(I49,1) -> -0.2 | BZ49: =ROUND(J49,1) -> -1.1 | CA49: =ROUND(K49,1) -> -0.5 | CB49: =ROUND(L49,1) -> 0.7 | CC49: =ROUND(BM49,1) -> 75.9 | CD49: =ROUND(O49,1) -> 4.1 | CE49: =ROUND(S49,1) -> 4 | CF49: =ROUND(T49,1) -> 3.9 | CG49: =ROUND(U49,1) -> -0.2 | CH49: =ROUND(V49,1) -> -0.9 | CI49: =ROUND(W49,1) -> -0.5 | CJ49: =ROUND(X49,1) -> 0.7 | CK49: =ROUND(BL49,1) -> 96.9 | CL49: =ROUND(AA49,1) -> -14.8 | CM49: =ROUND(AE49,1) -> -16.1 | CN49: =ROUND(AF49,1) -> -16.8 | CO49: =ROUND(AG49,1) -> -0.4 | CP49: =ROUND(AH49,1) -> -1.2 | CQ49: =ROUND(AI49,1) -> -0.6 | CR49: =ROUND(AJ49,1) -> 0.7 | CS49: =ROUND(BN49,1) -> 37.9 | CT49: =BE49 -> 1080 | CU49: =PPTest!K49 -> 2.7 | CV49: =ROUND(M49,2) -> 1.57 | CW49: =ROUND(Y49,2) -> 3.48 | CX49: =BO49 -> 0.311 | CY49: =BP49 -> 0.51 | CZ49: =BB49 -> 13.14
A50: =A49+1 -> 38761 | B50: 44 | C50: 1.37 | D50: 2.336 | E50: -6.644 | F50: 108 | G50: -7.1 | H50: -7.36 | I50: -0.219 | J50: -0.832 | K50: -0.449 | L50: 0.705 | M50: 1.5 | N50: 0 | O50: -3.728 | P50: 435 | Q50: 111 | R50: 628 | S50: -4.115 | T50: -4.117 | U50: -0.158 | V50: -0.761 | W50: -0.389 | X50: 0.738 | Y50: 3.759 | Z50: 1207 | AA50: -10.82 | AB50: 2112 | AC50: 100.5 | AD50: 1201 | AE50: -12.47 | AF50: -14.15 | AG50: -0.346 | AH50: -0.971 | AI50: -0.505 | AJ50: 0.671 | AK50: 0.047 | AL50: 0.072 | AM50: 0.065 | AN50: 0.05 | AO50: 0.187 | AP50: 0.425 | AQ50: 0.122 | AR50: 0.032 | AS50: 6999 | AT50: 2401 | AU50: =AT50 -> 2401 | AV50: -2.063 | AW50: -2.196 | AX50: -1.911 | AY50: -2.058 | AZ50: -2.221 | BA50: -2.365 | BB50: 13.1 | BC50: 2876 | BE50: =BE$2-AU50 -> 1109 | BG50: 9.5 | BH50: =BG50*$BH$1 -> 19.19 | BI50: =ROUND(C50*BI$2,2) -> 1.34 | BJ50: =ROUND(D50*BJ$2,2) -> 2.57 | BL50: =ROUND(IF(Q50>BL$2,100,IF(Q50>BL$3,BM$1*Q50+BM$2, Q50*BM$3+BM$4)),1) -> 99.8 | BM50: =ROUND(IF(F50>BL$2,100, IF(F50>BL$3,BM$1*F50+BM$2, F50*BM$3+BM$4)),1) -> 95 | BN50: =ROUND(IF(AC50>BL$2,100,IF(AC50>BL$3,BM$1*AC50+BM$2, AC50*BM$3+BM$4)),1) -> 83.1 | BO50: =ROUND((0.6105*(EXP((17.273*O50)/(O50+237.3))))*BN50/100,3) -> 0.385 | BP50: =ROUND((100-BN50)*BO50/BN50,3) -> 0.078 | BT50: =BI50 -> 1.34 | BU50: =BJ50 -> 2.57 | BV50: =ROUND(E50,1) -> -6.6 | BW50: =ROUND(G50,1) -> -7.1 | BX50: =ROUND(H50,1) -> -7.4 | BY50: =ROUND(I50,1) -> -0.2 | BZ50: =ROUND(J50,1) -> -0.8 | CA50: =ROUND(K50,1) -> -0.4 | CB50: =ROUND(L50,1) -> 0.7 | CC50: =ROUND(BM50,1) -> 95 | CD50: =ROUND(O50,1) -> -3.7 | CE50: =ROUND(S50,1) -> -4.1 | CF50: =ROUND(T50,1) -> -4.1 | CG50: =ROUND(U50,1) -> -0.2 | CH50: =ROUND(V50,1) -> -0.8 | CI50: =ROUND(W50,1) -> -0.4 | CJ50: =ROUND(X50,1) -> 0.7 | CK50: =ROUND(BL50,1) -> 99.8 | CL50: =ROUND(AA50,1) -> -10.8 | CM50: =ROUND(AE50,1) -> -12.5 | CN50: =ROUND(AF50,1) -> -14.2 | CO50: =ROUND(AG50,1) -> -0.3 | CP50: =ROUND(AH50,1) -> -1 | CQ50: =ROUND(AI50,1) -> -0.5 | CR50: =ROUND(AJ50,1) -> 0.7 | CS50: =ROUND(BN50,1) -> 83.1 | CT50: =BE50 -> 1109 | CU50: =PPTest!K50 -> 3.8 | CV50: =ROUND(M50,2) -> 1.5 | CW50: =ROUND(Y50,2) -> 3.76 | CX50: =BO50 -> 0.385 | CY50: =BP50 -> 0.078 | CZ50: =BB50 -> 13.1
A51: =A50+1 -> 38762 | B51: 45 | C51: 2.353 | D51: 4.035 | E51: -11.25 | F51: 104.5 | G51: -11.86 | H51: -12.28 | I51: -0.363 | J51: -0.931 | K51: -0.45 | L51: 0.701 | M51: 1.322 | N51: 0 | O51: -5.14 | P51: 1455 | Q51: 108.5 | R51: 1 | S51: -2.606 | T51: -2.721 | U51: -0.196 | V51: -0.836 | W51: -0.394 | X51: 0.729 | Y51: 3.014 | Z51: 22 | AA51: -20.49 | AB51: 0 | AC51: 82.8 | AD51: 1534 | AE51: -21.97 | AF51: -22.8 | AG51: -0.891 | AH51: -1.3 | AI51: -0.516 | AJ51: 0.665 | AK51: 0.045 | AL51: 0.182 | AM51: 0.192 | AN51: 0.03 | AO51: 0.161 | AP51: 0.27 | AQ51: 0.084 | AR51: 0.035 | AS51: 6999 | AT51: 2439 | AU51: =AT51 -> 2439 | AV51: -1.918 | AW51: -2.035 | AX51: -1.725 | AY51: -1.827 | AZ51: -2.076 | BA51: -2.218 | BB51: 13.15 | BC51: 2876 | BE51: =BE$2-AU51 -> 1071 | BG51: 9.69 | BH51: =BG51*$BH$1 -> 19.5738 | BI51: =ROUND(C51*BI$2,2) -> 2.31 | BJ51: =ROUND(D51*BJ$2,2) -> 4.44 | BL51: =ROUND(IF(Q51>BL$2,100,IF(Q51>BL$3,BM$1*Q51+BM$2, Q51*BM$3+BM$4)),1) -> 95.8 | BM51: =ROUND(IF(F51>BL$2,100, IF(F51>BL$3,BM$1*F51+BM$2, F51*BM$3+BM$4)),1) -> 89.5 | BN51: =ROUND(IF(AC51>BL$2,100,IF(AC51>BL$3,BM$1*AC51+BM$2, AC51*BM$3+BM$4)),1) -> 65.9 | BO51: =ROUND((0.6105*(EXP((17.273*O51)/(O51+237.3))))*BN51/100,3) -> 0.274 | BP51: =ROUND((100-BN51)*BO51/BN51,3) -> 0.142 | BT51: =BI51 -> 2.31 | BU51: =BJ51 -> 4.44 | BV51: =ROUND(E51,1) -> -11.3 | BW51: =ROUND(G51,1) -> -11.9 | BX51: =ROUND(H51,1) -> -12.3 | BY51: =ROUND(I51,1) -> -0.4 | BZ51: =ROUND(J51,1) -> -0.9 | CA51: =ROUND(K51,1) -> -0.5 | CB51: =ROUND(L51,1) -> 0.7 | CC51: =ROUND(BM51,1) -> 89.5 | CD51: =ROUND(O51,1) -> -5.1 | CE51: =ROUND(S51,1) -> -2.6 | CF51: =ROUND(T51,1) -> -2.7 | CG51: =ROUND(U51,1) -> -0.2 | CH51: =ROUND(V51,1) -> -0.8 | CI51: =ROUND(W51,1) -> -0.4 | CJ51: =ROUND(X51,1) -> 0.7 | CK51: =ROUND(BL51,1) -> 95.8 | CL51: =ROUND(AA51,1) -> -20.5 | CM51: =ROUND(AE51,1) -> -22 | CN51: =ROUND(AF51,1) -> -22.8 | CO51: =ROUND(AG51,1) -> -0.9 | CP51: =ROUND(AH51,1) -> -1.3 | CQ51: =ROUND(AI51,1) -> -0.5 | CR51: =ROUND(AJ51,1) -> 0.7 | CS51: =ROUND(BN51,1) -> 65.9 | CT51: =BE51 -> 1071 | CU51: =PPTest!K51 -> 0 | CV51: =ROUND(M51,2) -> 1.32 | CW51: =ROUND(Y51,2) -> 3.01 | CX51: =BO51 -> 0.274 | CY51: =BP51 -> 0.142 | CZ51: =BB51 -> 13.15
A52: =A51+1 -> 38763 | B52: 46 | C52: 3.263 | D52: 5.464 | E52: -16.4 | F52: 100.5 | G52: -17.2 | H52: -17.64 | I52: -0.875 | J52: -1.615 | K52: -0.668 | L52: 0.698 | M52: 1.641 | N52: 0 | O52: -7.69 | P52: 1556 | Q52: 108.5 | R52: 2226 | S52: -8.05 | T52: -7.41 | U52: -0.32 | V52: -1.288 | W52: -0.485 | X52: 0.734 | Y52: 3.293 | Z52: 1703 | AA52: -24.4 | AB52: 700 | AC52: 84.7 | AD52: 1552 | AE52: -25.4 | AF52: -25.84 | AG52: -1.579 | AH52: -1.865 | AI52: -0.758 | AJ52: 0.666 | AK52: 0.057 | AL52: 0.314 | AM52: 0.228 | AN52: 0.049 | AO52: 0.124 | AP52: 0.137 | AQ52: 0.042 | AR52: 0.048 | AS52: 6999 | AT52: 6999 | AU52: 6999 | AV52: -1.693 | AW52: -1.822 | AX52: -1.642 | AY52: -1.752 | AZ52: -1.725 | BA52: -1.875 | BB52: 13.18 | BC52: 2876 | BE52: 1070 | BG52: 9.89 | BH52: =BG52*$BH$1 -> 19.9778 | BI52: =ROUND(C52*BI$2,2) -> 3.2 | BJ52: =ROUND(D52*BJ$2,2) -> 6.01 | BL52: =ROUND(IF(Q52>BL$2,100,IF(Q52>BL$3,BM$1*Q52+BM$2, Q52*BM$3+BM$4)),1) -> 95.8 | BM52: =ROUND(IF(F52>BL$2,100, IF(F52>BL$3,BM$1*F52+BM$2, F52*BM$3+BM$4)),1) -> 83.1 | BN52: =ROUND(IF(AC52>BL$2,100,IF(AC52>BL$3,BM$1*AC52+BM$2, AC52*BM$3+BM$4)),1) -> 67.5 | BO52: =ROUND((0.6105*(EXP((17.273*O52)/(O52+237.3))))*BN52/100,3) -> 0.231 | BP52: =ROUND((100-BN52)*BO52/BN52,3) -> 0.111 | BT52: =BI52 -> 3.2 | BU52: =BJ52 -> 6.01 | BV52: =ROUND(E52,1) -> -16.4 | BW52: =ROUND(G52,1) -> -17.2 | BX52: =ROUND(H52,1) -> -17.6 | BY52: =ROUND(I52,1) -> -0.9 | BZ52: =ROUND(J52,1) -> -1.6 | CA52: =ROUND(K52,1) -> -0.7 | CB52: =ROUND(L52,1) -> 0.7 | CC52: =ROUND(BM52,1) -> 83.1 | CD52: =ROUND(O52,1) -> -7.7 | CE52: =ROUND(S52,1) -> -8.1 | CF52: =ROUND(T52,1) -> -7.4 | CG52: =ROUND(U52,1) -> -0.3 | CH52: =ROUND(V52,1) -> -1.3 | CI52: =ROUND(W52,1) -> -0.5 | CJ52: =ROUND(X52,1) -> 0.7 | CK52: =ROUND(BL52,1) -> 95.8 | CL52: =ROUND(AA52,1) -> -24.4 | CM52: =ROUND(AE52,1) -> -25.4 | CN52: =ROUND(AF52,1) -> -25.8 | CO52: =ROUND(AG52,1) -> -1.6 | CP52: =ROUND(AH52,1) -> -1.9 | CQ52: =ROUND(AI52,1) -> -0.8 | CR52: =ROUND(AJ52,1) -> 0.7 | CS52: =ROUND(BN52,1) -> 67.5 | CT52: =BE52 -> 1070 | CU52: =PPTest!K52 -> 0 | CV52: =ROUND(M52,2) -> 1.64 | CW52: =ROUND(Y52,2) -> 3.29 | CX52: =BO52 -> 0.231 | CY52: =BP52 -> 0.111 | CZ52: =BB52 -> 13.18
A53: =A52+1 -> 38764 | B53: 47 | C53: 7.15 | D53: 8.36 | E53: -18.87 | F53: 74.8 | G53: -19.66 | H53: -20.25 | I53: -1.183 | J53: -1.933 | K53: -0.869 | L53: 0.691 | M53: 2.429 | N53: 0 | O53: -11.1 | P53: 1308 | Q53: 104.1 | R53: 137 | S53: -9.51 | T53: -7.76 | U53: -0.565 | V53: -1.663 | W53: -0.731 | X53: 0.724 | Y53: 5.873 | Z53: 1024 | AA53: -26.18 | AB53: 620 | AC53: 43.21 | AD53: 1304 | AE53: -28.07 | AF53: -29.43 | AG53: -2.04 | AH53: -2.248 | AI53: -0.951 | AJ53: 0.657 | AK53: 0.143 | AL53: 0.528 | AM53: 0.31 | AN53: 0.006 | AO53: 0 | AP53: 0 | AQ53: 0.001 | AR53: 0.012 | AS53: 2471 | AT53: 2436 | AU53: 2443 | AV53: -1.763 | AW53: -1.923 | AX53: -1.622 | AY53: -1.744 | AZ53: -2.056 | BA53: -2.246 | BB53: 13.17 | BC53: 2876 | BE53: =BE$2-AU53 -> 1067 | BG53: 10.09 | BH53: =BG53*$BH$1 -> 20.3818 | BI53: =ROUND(C53*BI$2,2) -> 7.01 | BJ53: =ROUND(D53*BJ$2,2) -> 9.2 | BL53: =ROUND(IF(Q53>BL$2,100,IF(Q53>BL$3,BM$1*Q53+BM$2, Q53*BM$3+BM$4)),1) -> 88.8 | BM53: =ROUND(IF(F53>BL$2,100, IF(F53>BL$3,BM$1*F53+BM$2, F53*BM$3+BM$4)),1) -> 58.8 | BN53: =ROUND(IF(AC53>BL$2,100,IF(AC53>BL$3,BM$1*AC53+BM$2, AC53*BM$3+BM$4)),1) -> 31 | BO53: =ROUND((0.6105*(EXP((17.273*O53)/(O53+237.3))))*BN53/100,3) -> 0.081 | BP53: =ROUND((100-BN53)*BO53/BN53,3) -> 0.18 | BT53: =BI53 -> 7.01 | BU53: =BJ53 -> 9.2 | BV53: =ROUND(E53,1) -> -18.9 | BW53: =ROUND(G53,1) -> -19.7 | BX53: =ROUND(H53,1) -> -20.3 | BY53: =ROUND(I53,1) -> -1.2 | BZ53: =ROUND(J53,1) -> -1.9 | CA53: =ROUND(K53,1) -> -0.9 | CB53: =ROUND(L53,1) -> 0.7 | CC53: =ROUND(BM53,1) -> 58.8 | CD53: =ROUND(O53,1) -> -11.1 | CE53: =ROUND(S53,1) -> -9.5 | CF53: =ROUND(T53,1) -> -7.8 | CG53: =ROUND(U53,1) -> -0.6 | CH53: =ROUND(V53,1) -> -1.7 | CI53: =ROUND(W53,1) -> -0.7 | CJ53: =ROUND(X53,1) -> 0.7 | CK53: =ROUND(BL53,1) -> 88.8 | CL53: =ROUND(AA53,1) -> -26.2 | CM53: =ROUND(AE53,1) -> -28.1 | CN53: =ROUND(AF53,1) -> -29.4 | CO53: =ROUND(AG53,1) -> -2 | CP53: =ROUND(AH53,1) -> -2.2 | CQ53: =ROUND(AI53,1) -> -1 | CR53: =ROUND(AJ53,1) -> 0.7 | CS53: =ROUND(BN53,1) -> 31 | CT53: =BE53 -> 1067 | CU53: =PPTest!K53 -> 0 | CV53: =ROUND(M53,2) -> 2.43 | CW53: =ROUND(Y53,2) -> 5.87 | CX53: =BO53 -> 0.081 | CY53: =BP53 -> 0.18 | CZ53: =BB53 -> 13.17
A54: =A53+1 -> 38765 | B54: 48 | C54: 11.26 | D54: 18.95 | E54: -20.15 | F54: 73.2 | G54: -20.91 | H54: -21.67 | I54: -1.489 | J54: -2.391 | K54: -1.102 | L54: 0.683 | M54: 2.079 | N54: 0 | O54: -7.82 | P54: 1413 | Q54: 98.5 | R54: 2325 | S54: -5.622 | T54: -5.119 | U54: -0.616 | V54: -2.07 | W54: -0.917 | X54: 0.726 | Y54: 3.586 | Z54: 1328 | AA54: -29.73 | AB54: 652 | AC54: 23.71 | AD54: 1347 | AE54: -30.96 | AF54: -31.3 | AG54: -2.498 | AH54: -2.759 | AI54: -1.224 | AJ54: 0.644 | AK54: 0.119 | AL54: 0.46 | AM54: 0.383 | AN54: 0.004 | AO54: 0.003 | AP54: 0 | AQ54: 0.002 | AR54: 0.029 | AS54: 2448 | AT54: 2443 | AU54: 2445 | AV54: -2.263 | AW54: -2.476 | AX54: -2.035 | AY54: -2.226 | AZ54: -2.532 | BA54: -2.792 | BB54: 13.18 | BC54: 2876 | BE54: =BE$2-AU54 -> 1065 | BG54: 10.3 | BH54: =BG54*$BH$1 -> 20.806 | BI54: =ROUND(C54*BI$2,2) -> 11.03 | BJ54: =ROUND(D54*BJ$2,2) -> 20.85 | BL54: =ROUND(IF(Q54>BL$2,100,IF(Q54>BL$3,BM$1*Q54+BM$2, Q54*BM$3+BM$4)),1) -> 79.7 | BM54: =ROUND(IF(F54>BL$2,100, IF(F54>BL$3,BM$1*F54+BM$2, F54*BM$3+BM$4)),1) -> 57.4 | BN54: =ROUND(IF(AC54>BL$2,100,IF(AC54>BL$3,BM$1*AC54+BM$2, AC54*BM$3+BM$4)),1) -> 13.9 | BO54: =ROUND((0.6105*(EXP((17.273*O54)/(O54+237.3))))*BN54/100,3) -> 0.047 | BP54: =ROUND((100-BN54)*BO54/BN54,3) -> 0.291 | BT54: =BI54 -> 11.03 | BU54: =BJ54 -> 20.85 | BV54: =ROUND(E54,1) -> -20.2 | BW54: =ROUND(G54,1) -> -20.9 | BX54: =ROUND(H54,1) -> -21.7 | BY54: =ROUND(I54,1) -> -1.5 | BZ54: =ROUND(J54,1) -> -2.4 | CA54: =ROUND(K54,1) -> -1.1 | CB54: =ROUND(L54,1) -> 0.7 | CC54: =ROUND(BM54,1) -> 57.4 | CD54: =ROUND(O54,1) -> -7.8 | CE54: =ROUND(S54,1) -> -5.6 | CF54: =ROUND(T54,1) -> -5.1 | CG54: =ROUND(U54,1) -> -0.6 | CH54: =ROUND(V54,1) -> -2.1 | CI54: =ROUND(W54,1) -> -0.9 | CJ54: =ROUND(X54,1) -> 0.7 | CK54: =ROUND(BL54,1) -> 79.7 | CL54: =ROUND(AA54,1) -> -29.7 | CM54: =ROUND(AE54,1) -> -31 | CN54: =ROUND(AF54,1) -> -31.3 | CO54: =ROUND(AG54,1) -> -2.5 | CP54: =ROUND(AH54,1) -> -2.8 | CQ54: =ROUND(AI54,1) -> -1.2 | CR54: =ROUND(AJ54,1) -> 0.6 | CS54: =ROUND(BN54,1) -> 13.9 | CT54: =BE54 -> 1065 | CU54: =PPTest!K54 -> 0 | CV54: =ROUND(M54,2) -> 2.08 | CW54: =ROUND(Y54,2) -> 3.59 | CX54: =BO54 -> 0.047 | CY54: =BP54 -> 0.291 | CZ54: =BB54 -> 13.18
A55: =A54+1 -> 38766 | B55: 49 | C55: 11.11 | D55: 19.44 | E55: -18.46 | F55: 84.7 | G55: -18.96 | H55: -19.59 | I55: -1.49 | J55: -2.51 | K55: -1.233 | L55: 0.674 | M55: 1.926 | N55: 0 | O55: -7.59 | P55: 1430 | Q55: 102.4 | R55: 2257 | S55: -5.891 | T55: -4.081 | U55: -0.67 | V55: -2.161 | W55: -1.122 | X55: 0.716 | Y55: 3.014 | Z55: 1220 | AA55: -27.16 | AB55: 447 | AC55: 45.55 | AD55: 1114 | AE55: -27.93 | AF55: -28.46 | AG55: -2.697 | AH55: -2.851 | AI55: -1.343 | AJ55: 0.632 | AK55: 0.003 | AL55: 0.308 | AM55: 0.387 | AN55: 0.009 | AO55: 0.127 | AP55: 0.157 | AQ55: 0.008 | AR55: 0 | AS55: 2459 | AT55: 2449 | AU55: 2453 | AV55: -2.536 | AW55: -2.741 | AX55: -2.283 | AY55: -2.393 | AZ55: -2.739 | BA55: -2.979 | BB55: 13.19 | BC55: 2876 | BE55: =BE$2-AU55 -> 1057 | BG55: 10.5 | BH55: =BG55*$BH$1 -> 21.21 | BI55: =ROUND(C55*BI$2,2) -> 10.89 | BJ55: =ROUND(D55*BJ$2,2) -> 21.38 | BL55: =ROUND(IF(Q55>BL$2,100,IF(Q55>BL$3,BM$1*Q55+BM$2, Q55*BM$3+BM$4)),1) -> 86.1 | BM55: =ROUND(IF(F55>BL$2,100, IF(F55>BL$3,BM$1*F55+BM$2, F55*BM$3+BM$4)),1) -> 67.5 | BN55: =ROUND(IF(AC55>BL$2,100,IF(AC55>BL$3,BM$1*AC55+BM$2, AC55*BM$3+BM$4)),1) -> 33.1 | BO55: =ROUND((0.6105*(EXP((17.273*O55)/(O55+237.3))))*BN55/100,3) -> 0.114 | BP55: =ROUND((100-BN55)*BO55/BN55,3) -> 0.23 | BT55: =BI55 -> 10.89 | BU55: =BJ55 -> 21.38 | BV55: =ROUND(E55,1) -> -18.5 | BW55: =ROUND(G55,1) -> -19 | BX55: =ROUND(H55,1) -> -19.6 | BY55: =ROUND(I55,1) -> -1.5 | BZ55: =ROUND(J55,1) -> -2.5 | CA55: =ROUND(K55,1) -> -1.2 | CB55: =ROUND(L55,1) -> 0.7 | CC55: =ROUND(BM55,1) -> 67.5 | CD55: =ROUND(O55,1) -> -7.6 | CE55: =ROUND(S55,1) -> -5.9 | CF55: =ROUND(T55,1) -> -4.1 | CG55: =ROUND(U55,1) -> -0.7 | CH55: =ROUND(V55,1) -> -2.2 | CI55: =ROUND(W55,1) -> -1.1 | CJ55: =ROUND(X55,1) -> 0.7 | CK55: =ROUND(BL55,1) -> 86.1 | CL55: =ROUND(AA55,1) -> -27.2 | CM55: =ROUND(AE55,1) -> -27.9 | CN55: =ROUND(AF55,1) -> -28.5 | CO55: =ROUND(AG55,1) -> -2.7 | CP55: =ROUND(AH55,1) -> -2.9 | CQ55: =ROUND(AI55,1) -> -1.3 | CR55: =ROUND(AJ55,1) -> 0.6 | CS55: =ROUND(BN55,1) -> 33.1 | CT55: =BE55 -> 1057 | CU55: =PPTest!K55 -> 0 | CV55: =ROUND(M55,2) -> 1.93 | CW55: =ROUND(Y55,2) -> 3.01 | CX55: =BO55 -> 0.114 | CY55: =BP55 -> 0.23 | CZ55: =BB55 -> 13.19
A56: =A55+1 -> 38767 | B56: 50 | C56: 7.25 | D56: 13.23 | E56: -15.75 | F56: 89.5 | G56: -16.12 | H56: -16.32 | I56: -1.407 | J56: -2.427 | K56: -1.263 | L56: 0.664 | M56: 1.624 | N56: 0 | O56: -8.44 | P56: 1602 | Q56: 102.1 | R56: 405 | S56: -7.31 | T56: -6.45 | U56: -0.731 | V56: -1.868 | W56: -1.097 | X56: 0.702 | Y56: 3.12 | Z56: 1240 | AA56: -25.62 | AB56: 507 | AC56: 61.57 | AD56: 1149 | AE56: -26.56 | AF56: -26.88 | AG56: -2.668 | AH56: -2.874 | AI56: -1.397 | AJ56: 0.623 | AK56: 0.019 | AL56: 0.345 | AM56: 0.297 | AN56: 0.008 | AO56: 0.081 | AP56: 0.199 | AQ56: 0.046 | AR56: 0.005 | AS56: 2456 | AT56: 2455 | AU56: 2455 | AV56: -2.864 | AW56: -3.066 | AX56: -2.656 | AY56: -2.792 | AZ56: -3.132 | BA56: -3.324 | BB56: 13.16 | BC56: 2876 | BE56: =BE$2-AU56 -> 1055 | BG56: 10.72 | BH56: =BG56*$BH$1 -> 21.6544 | BI56: =ROUND(C56*BI$2,2) -> 7.11 | BJ56: =ROUND(D56*BJ$2,2) -> 14.55 | BL56: =ROUND(IF(Q56>BL$2,100,IF(Q56>BL$3,BM$1*Q56+BM$2, Q56*BM$3+BM$4)),1) -> 85.6 | BM56: =ROUND(IF(F56>BL$2,100, IF(F56>BL$3,BM$1*F56+BM$2, F56*BM$3+BM$4)),1) -> 71.8 | BN56: =ROUND(IF(AC56>BL$2,100,IF(AC56>BL$3,BM$1*AC56+BM$2, AC56*BM$3+BM$4)),1) -> 47.2 | BO56: =ROUND((0.6105*(EXP((17.273*O56)/(O56+237.3))))*BN56/100,3) -> 0.152 | BP56: =ROUND((100-BN56)*BO56/BN56,3) -> 0.17 | BT56: =BI56 -> 7.11 | BU56: =BJ56 -> 14.55 | BV56: =ROUND(E56,1) -> -15.8 | BW56: =ROUND(G56,1) -> -16.1 | BX56: =ROUND(H56,1) -> -16.3 | BY56: =ROUND(I56,1) -> -1.4 | BZ56: =ROUND(J56,1) -> -2.4 | CA56: =ROUND(K56,1) -> -1.3 | CB56: =ROUND(L56,1) -> 0.7 | CC56: =ROUND(BM56,1) -> 71.8 | CD56: =ROUND(O56,1) -> -8.4 | CE56: =ROUND(S56,1) -> -7.3 | CF56: =ROUND(T56,1) -> -6.5 | CG56: =ROUND(U56,1) -> -0.7 | CH56: =ROUND(V56,1) -> -1.9 | CI56: =ROUND(W56,1) -> -1.1 | CJ56: =ROUND(X56,1) -> 0.7 | CK56: =ROUND(BL56,1) -> 85.6 | CL56: =ROUND(AA56,1) -> -25.6 | CM56: =ROUND(AE56,1) -> -26.6 | CN56: =ROUND(AF56,1) -> -26.9 | CO56: =ROUND(AG56,1) -> -2.7 | CP56: =ROUND(AH56,1) -> -2.9 | CQ56: =ROUND(AI56,1) -> -1.4 | CR56: =ROUND(AJ56,1) -> 0.6 | CS56: =ROUND(BN56,1) -> 47.2 | CT56: =BE56 -> 1055 | CU56: =PPTest!K56 -> 0 | CV56: =ROUND(M56,2) -> 1.62 | CW56: =ROUND(Y56,2) -> 3.12 | CX56: =BO56 -> 0.152 | CY56: =BP56 -> 0.17 | CZ56: =BB56 -> 13.16
A57: =A56+1 -> 38768 | B57: 51 | C57: 2.708 | D57: 5.569 | E57: -9.62 | F57: 105.9 | G57: -9.9 | H57: -9.87 | I57: -0.805 | J57: -1.627 | K57: -0.986 | L57: 0.651 | M57: 1.598 | N57: 0 | O57: -6.86 | P57: 2347 | Q57: 109.2 | R57: 2337 | S57: -7.17 | T57: -7.2 | U57: -0.655 | V57: -1.337 | W57: -0.839 | X57: 0.694 | Y57: 3.825 | Z57: 1233 | AA57: -14.21 | AB57: 310 | AC57: 100.3 | AD57: 55 | AE57: -15.33 | AF57: -16.79 | AG57: -1.096 | AH57: -1.898 | AI57: -1.125 | AJ57: 0.612 | AK57: 0.031 | AL57: 0.133 | AM57: 0.1 | AN57: 0.01 | AO57: 0.128 | AP57: 0.454 | AQ57: 0.129 | AR57: 0.014 | AS57: 6999 | AT57: 2424 | AU57: =AT57 -> 2424 | AV57: -3.129 | AW57: -3.286 | AX57: -2.801 | AY57: -2.913 | AZ57: -3.337 | BA57: -3.538 | BB57: 13.13 | BC57: 2876 | BE57: =BE$2-AU57 -> 1086 | BG57: 10.93 | BH57: =BG57*$BH$1 -> 22.0786 | BI57: =ROUND(C57*BI$2,2) -> 2.65 | BJ57: =ROUND(D57*BJ$2,2) -> 6.13 | BL57: =ROUND(IF(Q57>BL$2,100,IF(Q57>BL$3,BM$1*Q57+BM$2, Q57*BM$3+BM$4)),1) -> 96.9 | BM57: =ROUND(IF(F57>BL$2,100, IF(F57>BL$3,BM$1*F57+BM$2, F57*BM$3+BM$4)),1) -> 91.7 | BN57: =ROUND(IF(AC57>BL$2,100,IF(AC57>BL$3,BM$1*AC57+BM$2, AC57*BM$3+BM$4)),1) -> 82.8 | BO57: =ROUND((0.6105*(EXP((17.273*O57)/(O57+237.3))))*BN57/100,3) -> 0.302 | BP57: =ROUND((100-BN57)*BO57/BN57,3) -> 0.063 | BT57: =BI57 -> 2.65 | BU57: =BJ57 -> 6.13 | BV57: =ROUND(E57,1) -> -9.6 | BW57: =ROUND(G57,1) -> -9.9 | BX57: =ROUND(H57,1) -> -9.9 | BY57: =ROUND(I57,1) -> -0.8 | BZ57: =ROUND(J57,1) -> -1.6 | CA57: =ROUND(K57,1) -> -1 | CB57: =ROUND(L57,1) -> 0.7 | CC57: =ROUND(BM57,1) -> 91.7 | CD57: =ROUND(O57,1) -> -6.9 | CE57: =ROUND(S57,1) -> -7.2 | CF57: =ROUND(T57,1) -> -7.2 | CG57: =ROUND(U57,1) -> -0.7 | CH57: =ROUND(V57,1) -> -1.3 | CI57: =ROUND(W57,1) -> -0.8 | CJ57: =ROUND(X57,1) -> 0.7 | CK57: =ROUND(BL57,1) -> 96.9 | CL57: =ROUND(AA57,1) -> -14.2 | CM57: =ROUND(AE57,1) -> -15.3 | CN57: =ROUND(AF57,1) -> -16.8 | CO57: =ROUND(AG57,1) -> -1.1 | CP57: =ROUND(AH57,1) -> -1.9 | CQ57: =ROUND(AI57,1) -> -1.1 | CR57: =ROUND(AJ57,1) -> 0.6 | CS57: =ROUND(BN57,1) -> 82.8 | CT57: =BE57 -> 1086 | CU57: =PPTest!K57 -> 4 | CV57: =ROUND(M57,2) -> 1.6 | CW57: =ROUND(Y57,2) -> 3.83 | CX57: =BO57 -> 0.302 | CY57: =BP57 -> 0.063 | CZ57: =BB57 -> 13.13
A58: =A57+1 -> 38769 | B58: 52 | C58: 2.379 | D58: 4.953 | E58: -6.032 | F58: 107.5 | G58: -6.272 | H58: -6.575 | I58: -0.684 | J58: -1.179 | K58: -0.769 | L58: 0.639 | M58: 2.139 | N58: 0 | O58: -4.271 | P58: 1800 | Q58: 109.9 | R58: 1654 | S58: -3.838 | T58: -4.496 | U58: -0.581 | V58: -1.014 | W58: -0.673 | X58: 0.677 | Y58: 4.503 | Z58: 2352 | AA58: -7.84 | AB58: 722 | AC58: 95.7 | AD58: 2355 | AE58: -8.19 | AF58: -8.01 | AG58: -0.839 | AH58: -1.356 | AI58: -0.885 | AJ58: 0.61 | AK58: 0.001 | AL58: 0.001 | AM58: 0.001 | AN58: 0.004 | AO58: 0.128 | AP58: 0.617 | AQ58: 0.233 | AR58: 0.015 | AS58: 2397 | AT58: 2395 | AU58: 2395 | AV58: -2.96 | AW58: -3.073 | AX58: -2.801 | AY58: -2.885 | AZ58: -3.193 | BA58: -3.342 | BB58: 13.07 | BC58: 2876 | BE58: =BE$2-AU58 -> 1115 | BG58: 11.14 | BH58: =BG58*$BH$1 -> 22.5028 | BI58: =ROUND(C58*BI$2,2) -> 2.33 | BJ58: =ROUND(D58*BJ$2,2) -> 5.45 | BL58: =ROUND(IF(Q58>BL$2,100,IF(Q58>BL$3,BM$1*Q58+BM$2, Q58*BM$3+BM$4)),1) -> 98 | BM58: =ROUND(IF(F58>BL$2,100, IF(F58>BL$3,BM$1*F58+BM$2, F58*BM$3+BM$4)),1) -> 94.2 | BN58: =ROUND(IF(AC58>BL$2,100,IF(AC58>BL$3,BM$1*AC58+BM$2, AC58*BM$3+BM$4)),1) -> 77.2 | BO58: =ROUND((0.6105*(EXP((17.273*O58)/(O58+237.3))))*BN58/100,3) -> 0.343 | BP58: =ROUND((100-BN58)*BO58/BN58,3) -> 0.101 | BT58: =BI58 -> 2.33 | BU58: =BJ58 -> 5.45 | BV58: =ROUND(E58,1) -> -6 | BW58: =ROUND(G58,1) -> -6.3 | BX58: =ROUND(H58,1) -> -6.6 | BY58: =ROUND(I58,1) -> -0.7 | BZ58: =ROUND(J58,1) -> -1.2 | CA58: =ROUND(K58,1) -> -0.8 | CB58: =ROUND(L58,1) -> 0.6 | CC58: =ROUND(BM58,1) -> 94.2 | CD58: =ROUND(O58,1) -> -4.3 | CE58: =ROUND(S58,1) -> -3.8 | CF58: =ROUND(T58,1) -> -4.5 | CG58: =ROUND(U58,1) -> -0.6 | CH58: =ROUND(V58,1) -> -1 | CI58: =ROUND(W58,1) -> -0.7 | CJ58: =ROUND(X58,1) -> 0.7 | CK58: =ROUND(BL58,1) -> 98 | CL58: =ROUND(AA58,1) -> -7.8 | CM58: =ROUND(AE58,1) -> -8.2 | CN58: =ROUND(AF58,1) -> -8 | CO58: =ROUND(AG58,1) -> -0.8 | CP58: =ROUND(AH58,1) -> -1.4 | CQ58: =ROUND(AI58,1) -> -0.9 | CR58: =ROUND(AJ58,1) -> 0.6 | CS58: =ROUND(BN58,1) -> 77.2 | CT58: =BE58 -> 1115 | CU58: =PPTest!K58 -> 3.8 | CV58: =ROUND(M58,2) -> 2.14 | CW58: =ROUND(Y58,2) -> 4.5 | CX58: =BO58 -> 0.343 | CY58: =BP58 -> 0.101 | CZ58: =BB58 -> 13.07
A59: =A58+1 -> 38770 | B59: 53 | C59: 7.07 | D59: 12.6 | E59: -6.278 | F59: 86.2 | G59: -6.557 | H59: -7.61 | I59: -0.789 | J59: -1.071 | K59: -0.651 | L59: 0.633 | M59: 2.301 | N59: 0 | O59: -4.583 | P59: 1128 | Q59: 109.4 | R59: 2339 | S59: -2.679 | T59: -4.368 | U59: -0.585 | V59: -0.985 | W59: -0.608 | X59: 0.667 | Y59: 6.884 | Z59: 336 | AA59: -7.94 | AB59: 1850 | AC59: 54.06 | AD59: 1129 | AE59: -8.63 | AF59: -11.44 | AG59: -1.273 | AH59: -1.152 | AI59: -0.712 | AJ59: 0.598 | AK59: 0.033 | AL59: 0.037 | AM59: 0.024 | AN59: 0.036 | AO59: 0.219 | AP59: 0.429 | AQ59: 0.183 | AR59: 0.038 | AS59: 6999 | AT59: 6999 | AU59: 6999 | AV59: -2.407 | AW59: -2.505 | AX59: -2.159 | AY59: -2.243 | AZ59: -2.822 | BA59: -2.96 | BB59: 13.15 | BC59: 2876 | BE59: 1200 | BG59: 11.37 | BH59: =BG59*$BH$1 -> 22.9674 | BI59: =ROUND(C59*BI$2,2) -> 6.93 | BJ59: =ROUND(D59*BJ$2,2) -> 13.86 | BL59: =ROUND(IF(Q59>BL$2,100,IF(Q59>BL$3,BM$1*Q59+BM$2, Q59*BM$3+BM$4)),1) -> 97.2 | BM59: =ROUND(IF(F59>BL$2,100, IF(F59>BL$3,BM$1*F59+BM$2, F59*BM$3+BM$4)),1) -> 68.9 | BN59: =ROUND(IF(AC59>BL$2,100,IF(AC59>BL$3,BM$1*AC59+BM$2, AC59*BM$3+BM$4)),1) -> 40.6 | BO59: =ROUND((0.6105*(EXP((17.273*O59)/(O59+237.3))))*BN59/100,3) -> 0.176 | BP59: =ROUND((100-BN59)*BO59/BN59,3) -> 0.257 | BT59: =BI59 -> 6.93 | BU59: =BJ59 -> 13.86 | BV59: =ROUND(E59,1) -> -6.3 | BW59: =ROUND(G59,1) -> -6.6 | BX59: =ROUND(H59,1) -> -7.6 | BY59: =ROUND(I59,1) -> -0.8 | BZ59: =ROUND(J59,1) -> -1.1 | CA59: =ROUND(K59,1) -> -0.7 | CB59: =ROUND(L59,1) -> 0.6 | CC59: =ROUND(BM59,1) -> 68.9 | CD59: =ROUND(O59,1) -> -4.6 | CE59: =ROUND(S59,1) -> -2.7 | CF59: =ROUND(T59,1) -> -4.4 | CG59: =ROUND(U59,1) -> -0.6 | CH59: =ROUND(V59,1) -> -1 | CI59: =ROUND(W59,1) -> -0.6 | CJ59: =ROUND(X59,1) -> 0.7 | CK59: =ROUND(BL59,1) -> 97.2 | CL59: =ROUND(AA59,1) -> -7.9 | CM59: =ROUND(AE59,1) -> -8.6 | CN59: =ROUND(AF59,1) -> -11.4 | CO59: =ROUND(AG59,1) -> -1.3 | CP59: =ROUND(AH59,1) -> -1.2 | CQ59: =ROUND(AI59,1) -> -0.7 | CR59: =ROUND(AJ59,1) -> 0.6 | CS59: =ROUND(BN59,1) -> 40.6 | CT59: =BE59 -> 1200 | CU59: =PPTest!K59 -> 11.1 | CV59: =ROUND(M59,2) -> 2.3 | CW59: =ROUND(Y59,2) -> 6.88 | CX59: =BO59 -> 0.176 | CY59: =BP59 -> 0.257 | CZ59: =BB59 -> 13.15
A60: =A59+1 -> 38771 | B60: 54 | C60: 1.395 | D60: 2.627 | E60: -8.15 | F60: 106.2 | G60: -8.43 | H60: -4.6 | I60: -0.709 | J60: -0.996 | K60: -0.621 | L60: 0.622 | M60: 1.406 | N60: 0 | O60: -5.81 | P60: 1155 | Q60: 109.2 | R60: 431 | S60: -5.38 | T60: -2.318 | U60: -0.572 | V60: -0.945 | W60: -0.58 | X60: 0.656 | Y60: 3.413 | Z60: 1917 | AA60: -11.51 | AB60: 0 | AC60: 87.4 | AD60: 1342 | AE60: -12.08 | AF60: -5.951 | AG60: -0.99 | AH60: -1.068 | AI60: -0.668 | AJ60: 0.592 | AK60: 0.015 | AL60: 0.015 | AM60: 0.019 | AN60: 0.024 | AO60: 0.218 | AP60: 0.476 | AQ60: 0.197 | AR60: 0.036 | AS60: 6999 | AT60: 2259 | AU60: =AT60 -> 2259 | AV60: -2.493 | AW60: -2.592 | AX60: -2.325 | AY60: -2.401 | AZ60: -2.615 | BA60: -2.737 | BB60: 13.17 | BC60: 2876 | BE60: =BE$2-AU60 -> 1251 | BG60: 11.59 | BH60: =BG60*$BH$1 -> 23.4118 | BI60: =ROUND(C60*BI$2,2) -> 1.37 | BJ60: =ROUND(D60*BJ$2,2) -> 2.89 | BL60: =ROUND(IF(Q60>BL$2,100,IF(Q60>BL$3,BM$1*Q60+BM$2, Q60*BM$3+BM$4)),1) -> 96.9 | BM60: =ROUND(IF(F60>BL$2,100, IF(F60>BL$3,BM$1*F60+BM$2, F60*BM$3+BM$4)),1) -> 92.2 | BN60: =ROUND(IF(AC60>BL$2,100,IF(AC60>BL$3,BM$1*AC60+BM$2, AC60*BM$3+BM$4)),1) -> 69.9 | BO60: =ROUND((0.6105*(EXP((17.273*O60)/(O60+237.3))))*BN60/100,3) -> 0.277 | BP60: =ROUND((100-BN60)*BO60/BN60,3) -> 0.119 | BT60: =BI60 -> 1.37 | BU60: =BJ60 -> 2.89 | BV60: =ROUND(E60,1) -> -8.2 | BW60: =ROUND(G60,1) -> -8.4 | BX60: =ROUND(H60,1) -> -4.6 | BY60: =ROUND(I60,1) -> -0.7 | BZ60: =ROUND(J60,1) -> -1 | CA60: =ROUND(K60,1) -> -0.6 | CB60: =ROUND(L60,1) -> 0.6 | CC60: =ROUND(BM60,1) -> 92.2 | CD60: =ROUND(O60,1) -> -5.8 | CE60: =ROUND(S60,1) -> -5.4 | CF60: =ROUND(T60,1) -> -2.3 | CG60: =ROUND(U60,1) -> -0.6 | CH60: =ROUND(V60,1) -> -0.9 | CI60: =ROUND(W60,1) -> -0.6 | CJ60: =ROUND(X60,1) -> 0.7 | CK60: =ROUND(BL60,1) -> 96.9 | CL60: =ROUND(AA60,1) -> -11.5 | CM60: =ROUND(AE60,1) -> -12.1 | CN60: =ROUND(AF60,1) -> -6 | CO60: =ROUND(AG60,1) -> -1 | CP60: =ROUND(AH60,1) -> -1.1 | CQ60: =ROUND(AI60,1) -> -0.7 | CR60: =ROUND(AJ60,1) -> 0.6 | CS60: =ROUND(BN60,1) -> 69.9 | CT60: =BE60 -> 1251 | CU60: =PPTest!K60 -> 6.6 | CV60: =ROUND(M60,2) -> 1.41 | CW60: =ROUND(Y60,2) -> 3.41 | CX60: =BO60 -> 0.277 | CY60: =BP60 -> 0.119 | CZ60: =BB60 -> 13.17
A61: =A60+1 -> 38772 | B61: 55 | C61: 4.475 | D61: 7.23 | E61: -16.11 | F61: 94.4 | G61: -16.93 | H61: -3.792 | I61: -1.817 | J61: -1.608 | K61: -0.778 | L61: 0.622 | M61: 1.591 | N61: 0 | O61: -7.93 | P61: 1540 | Q61: 106.8 | R61: 1 | S61: -5.743 | T61: 1.384 | U61: -0.88 | V61: -1.029 | W61: -0.594 | X61: 0.654 | Y61: 3.36 | Z61: 1313 | AA61: -24.64 | AB61: 2358 | AC61: 64.11 | AD61: 1321 | AE61: -25.68 | AF61: -5.513 | AG61: -3.035 | AH61: -2.166 | AI61: -0.983 | AJ61: 0.588 | AK61: 0.008 | AL61: 0.206 | AM61: 0.365 | AN61: 0.014 | AO61: 0.097 | AP61: 0.194 | AQ61: 0.092 | AR61: 0.024 | AS61: 6999 | AT61: 2290 | AU61: =AT61 -> 2290 | AV61: -1.996 | AW61: -2.086 | AX61: -1.725 | AY61: -1.827 | AZ61: -2.325 | BA61: -2.422 | BB61: 13.18 | BC61: 2876 | BE61: =BE$2-AU61 -> 1220 | BG61: 11.82 | BH61: =BG61*$BH$1 -> 23.8764 | BI61: =ROUND(C61*BI$2,2) -> 4.39 | BJ61: =ROUND(D61*BJ$2,2) -> 7.95 | BL61: =ROUND(IF(Q61>BL$2,100,IF(Q61>BL$3,BM$1*Q61+BM$2, Q61*BM$3+BM$4)),1) -> 93.1 | BM61: =ROUND(IF(F61>BL$2,100, IF(F61>BL$3,BM$1*F61+BM$2, F61*BM$3+BM$4)),1) -> 76.1 | BN61: =ROUND(IF(AC61>BL$2,100,IF(AC61>BL$3,BM$1*AC61+BM$2, AC61*BM$3+BM$4)),1) -> 49.4 | BO61: =ROUND((0.6105*(EXP((17.273*O61)/(O61+237.3))))*BN61/100,3) -> 0.166 | BP61: =ROUND((100-BN61)*BO61/BN61,3) -> 0.17 | BT61: =BI61 -> 4.39 | BU61: =BJ61 -> 7.95 | BV61: =ROUND(E61,1) -> -16.1 | BW61: =ROUND(G61,1) -> -16.9 | BX61: =ROUND(H61,1) -> -3.8 | BY61: =ROUND(I61,1) -> -1.8 | BZ61: =ROUND(J61,1) -> -1.6 | CA61: =ROUND(K61,1) -> -0.8 | CB61: =ROUND(L61,1) -> 0.6 | CC61: =ROUND(BM61,1) -> 76.1 | CD61: =ROUND(O61,1) -> -7.9 | CE61: =ROUND(S61,1) -> -5.7 | CF61: =ROUND(T61,1) -> 1.4 | CG61: =ROUND(U61,1) -> -0.9 | CH61: =ROUND(V61,1) -> -1 | CI61: =ROUND(W61,1) -> -0.6 | CJ61: =ROUND(X61,1) -> 0.7 | CK61: =ROUND(BL61,1) -> 93.1 | CL61: =ROUND(AA61,1) -> -24.6 | CM61: =ROUND(AE61,1) -> -25.7 | CN61: =ROUND(AF61,1) -> -5.5 | CO61: =ROUND(AG61,1) -> -3 | CP61: =ROUND(AH61,1) -> -2.2 | CQ61: =ROUND(AI61,1) -> -1 | CR61: =ROUND(AJ61,1) -> 0.6 | CS61: =ROUND(BN61,1) -> 49.4 | CT61: =BE61 -> 1220 | CU61: =PPTest!K61 -> 0 | CV61: =ROUND(M61,2) -> 1.59 | CW61: =ROUND(Y61,2) -> 3.36 | CX61: =BO61 -> 0.166 | CY61: =BP61 -> 0.17 | CZ61: =BB61 -> 13.18
A62: =A61+1 -> 38773 | B62: 56 | C62: 3.858 | D62: 4.799 | E62: -14.45 | F62: 90 | G62: -14.82 | H62: -3.839 | I62: -1.528 | J62: -2.274 | K62: -1.186 | L62: 0.617 | M62: 1.717 | N62: 0 | O62: -5.898 | P62: 1101 | Q62: 107.1 | R62: 2243 | S62: -4.014 | T62: -0.32 | U62: -0.701 | V62: -1.745 | W62: -0.944 | X62: 0.651 | Y62: 3.679 | Z62: 1212 | AA62: -26.1 | AB62: 456 | AC62: 52.12 | AD62: 1109 | AE62: -26.9 | AF62: -5.473 | AG62: -3.401 | AH62: -2.702 | AI62: -1.337 | AJ62: 0.581 | AK62: 0.109 | AL62: 0.273 | AM62: 0.386 | AN62: 0.074 | AO62: 0.049 | AP62: 0.042 | AQ62: 0.019 | AR62: 0.047 | AS62: 6999 | AT62: 2316 | AU62: =AT62 -> 2316 | AV62: -1.772 | AW62: -1.895 | AX62: -1.663 | AY62: -1.78 | AZ62: -1.973 | BA62: -2.124 | BB62: 13.16 | BC62: 2876 | BE62: =BE$2-AU62 -> 1194 | BG62: 12.04 | BH62: =BG62*$BH$1 -> 24.3208 | BI62: =ROUND(C62*BI$2,2) -> 3.78 | BJ62: =ROUND(D62*BJ$2,2) -> 5.28 | BL62: =ROUND(IF(Q62>BL$2,100,IF(Q62>BL$3,BM$1*Q62+BM$2, Q62*BM$3+BM$4)),1) -> 93.6 | BM62: =ROUND(IF(F62>BL$2,100, IF(F62>BL$3,BM$1*F62+BM$2, F62*BM$3+BM$4)),1) -> 72.2 | BN62: =ROUND(IF(AC62>BL$2,100,IF(AC62>BL$3,BM$1*AC62+BM$2, AC62*BM$3+BM$4)),1) -> 38.9 | BO62: =ROUND((0.6105*(EXP((17.273*O62)/(O62+237.3))))*BN62/100,3) -> 0.153 | BP62: =ROUND((100-BN62)*BO62/BN62,3) -> 0.24 | BT62: =BI62 -> 3.78 | BU62: =BJ62 -> 5.28 | BV62: =ROUND(E62,1) -> -14.5 | BW62: =ROUND(G62,1) -> -14.8 | BX62: =ROUND(H62,1) -> -3.8 | BY62: =ROUND(I62,1) -> -1.5 | BZ62: =ROUND(J62,1) -> -2.3 | CA62: =ROUND(K62,1) -> -1.2 | CB62: =ROUND(L62,1) -> 0.6 | CC62: =ROUND(BM62,1) -> 72.2 | CD62: =ROUND(O62,1) -> -5.9 | CE62: =ROUND(S62,1) -> -4 | CF62: =ROUND(T62,1) -> -0.3 | CG62: =ROUND(U62,1) -> -0.7 | CH62: =ROUND(V62,1) -> -1.7 | CI62: =ROUND(W62,1) -> -0.9 | CJ62: =ROUND(X62,1) -> 0.7 | CK62: =ROUND(BL62,1) -> 93.6 | CL62: =ROUND(AA62,1) -> -26.1 | CM62: =ROUND(AE62,1) -> -26.9 | CN62: =ROUND(AF62,1) -> -5.5 | CO62: =ROUND(AG62,1) -> -3.4 | CP62: =ROUND(AH62,1) -> -2.7 | CQ62: =ROUND(AI62,1) -> -1.3 | CR62: =ROUND(AJ62,1) -> 0.6 | CS62: =ROUND(BN62,1) -> 38.9 | CT62: =BE62 -> 1194 | CU62: =PPTest!K62 -> 0 | CV62: =ROUND(M62,2) -> 1.72 | CW62: =ROUND(Y62,2) -> 3.68 | CX62: =BO62 -> 0.153 | CY62: =BP62 -> 0.24 | CZ62: =BB62 -> 13.16
A63: =A62+1 -> 38774 | B63: 57 | C63: 0.676 | D63: 1.126 | E63: -4.882 | F63: 107 | G63: -5.183 | H63: -4.411 | I63: -0.648 | J63: -1.432 | K63: -0.968 | L63: 0.605 | M63: 1.171 | N63: 0 | O63: -0.546 | P63: 1542 | Q63: 109.7 | R63: 1811 | S63: -0.367 | T63: -2.985 | U63: -0.531 | V63: -1.154 | W63: -0.812 | X63: 0.637 | Y63: 2.894 | Z63: 2115 | AA63: -9.25 | AB63: 149 | AC63: 102.9 | AD63: 1535 | AE63: -9.57 | AF63: -5.807 | AG63: -1.035 | AH63: -1.773 | AI63: -1.142 | AJ63: 0.572 | AK63: 0.106 | AL63: 0.092 | AM63: 0.087 | AN63: 0.081 | AO63: 0.162 | AP63: 0.195 | AQ63: 0.135 | AR63: 0.141 | AS63: 6999 | AT63: 6999 | AU63: 6999 | AV63: -2.152 | AW63: -2.279 | AX63: -1.973 | AY63: -2.105 | AZ63: -2.242 | BA63: -2.376 | BB63: 13.1 | BC63: 2876 | BE63: 1180 | BG63: 12.27 | BH63: =BG63*$BH$1 -> 24.7854 | BI63: =ROUND(C63*BI$2,2) -> 0.66 | BJ63: =ROUND(D63*BJ$2,2) -> 1.24 | BL63: =ROUND(IF(Q63>BL$2,100,IF(Q63>BL$3,BM$1*Q63+BM$2, Q63*BM$3+BM$4)),1) -> 97.7 | BM63: =ROUND(IF(F63>BL$2,100, IF(F63>BL$3,BM$1*F63+BM$2, F63*BM$3+BM$4)),1) -> 93.4 | BN63: =ROUND(IF(AC63>BL$2,100,IF(AC63>BL$3,BM$1*AC63+BM$2, AC63*BM$3+BM$4)),1) -> 86.9 | BO63: =ROUND((0.6105*(EXP((17.273*O63)/(O63+237.3))))*BN63/100,3) -> 0.51 | BP63: =ROUND((100-BN63)*BO63/BN63,3) -> 0.077 | BT63: =BI63 -> 0.66 | BU63: =BJ63 -> 1.24 | BV63: =ROUND(E63,1) -> -4.9 | BW63: =ROUND(G63,1) -> -5.2 | BX63: =ROUND(H63,1) -> -4.4 | BY63: =ROUND(I63,1) -> -0.6 | BZ63: =ROUND(J63,1) -> -1.4 | CA63: =ROUND(K63,1) -> -1 | CB63: =ROUND(L63,1) -> 0.6 | CC63: =ROUND(BM63,1) -> 93.4 | CD63: =ROUND(O63,1) -> -0.5 | CE63: =ROUND(S63,1) -> -0.4 | CF63: =ROUND(T63,1) -> -3 | CG63: =ROUND(U63,1) -> -0.5 | CH63: =ROUND(V63,1) -> -1.2 | CI63: =ROUND(W63,1) -> -0.8 | CJ63: =ROUND(X63,1) -> 0.6 | CK63: =ROUND(BL63,1) -> 97.7 | CL63: =ROUND(AA63,1) -> -9.3 | CM63: =ROUND(AE63,1) -> -9.6 | CN63: =ROUND(AF63,1) -> -5.8 | CO63: =ROUND(AG63,1) -> -1 | CP63: =ROUND(AH63,1) -> -1.8 | CQ63: =ROUND(AI63,1) -> -1.1 | CR63: =ROUND(AJ63,1) -> 0.6 | CS63: =ROUND(BN63,1) -> 86.9 | CT63: =BE63 -> 1180 | CU63: =PPTest!K63 -> 0 | CV63: =ROUND(M63,2) -> 1.17 | CW63: =ROUND(Y63,2) -> 2.89 | CX63: =BO63 -> 0.51 | CY63: =BP63 -> 0.077 | CZ63: =BB63 -> 13.1
A64: =A63+1 -> 38775 | B64: 58 | C64: 8.18 | D64: 12.86 | E64: 1.731 | F64: 91.9 | G64: 1.262 | H64: -1.574 | I64: -0.511 | J64: -0.853 | K64: -0.705 | L64: 0.602 | M64: 2.901 | N64: 4 | O64: 4.714 | P64: 1244 | Q64: 109.1 | R64: 33 | S64: 5.867 | T64: 0.798 | U64: -0.36 | V64: -0.545 | W64: -0.568 | X64: 0.634 | Y64: 7.22 | Z64: 1032 | AA64: -1.308 | AB64: 1 | AC64: 76.8 | AD64: 1609 | AE64: -2.297 | AF64: -3.018 | AG64: -0.696 | AH64: -1.185 | AI64: -0.844 | AJ64: 0.565 | AK64: 0.049 | AL64: 0.052 | AM64: 0.063 | AN64: 0.08 | AO64: 0.264 | AP64: 0.297 | AQ64: 0.118 | AR64: 0.076 | AS64: 2343 | AT64: 2336 | AU64: 2338 | AV64: -1.796 | AW64: -1.879 | AX64: -1.395 | AY64: -1.455 | AZ64: -2.242 | BA64: -2.384 | BB64: 13.16 | BC64: 2876 | BE64: =BE$2-AU64 -> 1172 | BG64: 12.51 | BH64: =BG64*$BH$1 -> 25.2702 | BI64: =ROUND(C64*BI$2,2) -> 8.02 | BJ64: =ROUND(D64*BJ$2,2) -> 14.15 | BL64: =ROUND(IF(Q64>BL$2,100,IF(Q64>BL$3,BM$1*Q64+BM$2, Q64*BM$3+BM$4)),1) -> 96.8 | BM64: =ROUND(IF(F64>BL$2,100, IF(F64>BL$3,BM$1*F64+BM$2, F64*BM$3+BM$4)),1) -> 73.9 | BN64: =ROUND(IF(AC64>BL$2,100,IF(AC64>BL$3,BM$1*AC64+BM$2, AC64*BM$3+BM$4)),1) -> 60.6 | BO64: =ROUND((0.6105*(EXP((17.273*O64)/(O64+237.3))))*BN64/100,3) -> 0.518 | BP64: =ROUND((100-BN64)*BO64/BN64,3) -> 0.337 | BT64: =BI64 -> 8.02 | BU64: =BJ64 -> 14.15 | BV64: =ROUND(E64,1) -> 1.7 | BW64: =ROUND(G64,1) -> 1.3 | BX64: =ROUND(H64,1) -> -1.6 | BY64: =ROUND(I64,1) -> -0.5 | BZ64: =ROUND(J64,1) -> -0.9 | CA64: =ROUND(K64,1) -> -0.7 | CB64: =ROUND(L64,1) -> 0.6 | CC64: =ROUND(BM64,1) -> 73.9 | CD64: =ROUND(O64,1) -> 4.7 | CE64: =ROUND(S64,1) -> 5.9 | CF64: =ROUND(T64,1) -> 0.8 | CG64: =ROUND(U64,1) -> -0.4 | CH64: =ROUND(V64,1) -> -0.5 | CI64: =ROUND(W64,1) -> -0.6 | CJ64: =ROUND(X64,1) -> 0.6 | CK64: =ROUND(BL64,1) -> 96.8 | CL64: =ROUND(AA64,1) -> -1.3 | CM64: =ROUND(AE64,1) -> -2.3 | CN64: =ROUND(AF64,1) -> -3 | CO64: =ROUND(AG64,1) -> -0.7 | CP64: =ROUND(AH64,1) -> -1.2 | CQ64: =ROUND(AI64,1) -> -0.8 | CR64: =ROUND(AJ64,1) -> 0.6 | CS64: =ROUND(BN64,1) -> 60.6 | CT64: =BE64 -> 1172 | CU64: =PPTest!K64 -> 0 | CV64: =ROUND(M64,2) -> 2.9 | CW64: =ROUND(Y64,2) -> 7.22 | CX64: =BO64 -> 0.518 | CY64: =BP64 -> 0.337 | CZ64: =BB64 -> 13.16
A65: =A64+1 -> 38776 | B65: 59 | C65: 0.987 | D65: 2.143 | E65: -2.057 | F65: 107.3 | G65: -2.488 | H65: -2.084 | I65: -0.344 | J65: -0.543 | K65: -0.521 | L65: 0.592 | M65: 1.545 | N65: 0 | O65: 0.539 | P65: 9 | Q65: 111.1 | R65: 1919 | S65: 0.349 | T65: -0.829 | U65: -0.28 | V65: -0.508 | W65: -0.454 | X65: 0.621 | Y65: 4.969 | Z65: 2053 | AA65: -7.53 | AB65: 0 | AC65: 88 | AD65: 21 | AE65: -9.05 | AF65: -3.884 | AG65: -0.423 | AH65: -0.588 | AI65: -0.616 | AJ65: 0.558 | AK65: 0.083 | AL65: 0.253 | AM65: 0.118 | AN65: 0.018 | AO65: 0.138 | AP65: 0.285 | AQ65: 0.089 | AR65: 0.015 | AS65: 6999 | AT65: 2268 | AU65: =AT65 -> 2268 | AV65: -1.587 | AW65: -1.673 | AX65: -1.458 | AY65: -1.539 | AZ65: -1.684 | BA65: -1.791 | BB65: 13.13 | BC65: 2876 | BE65: =BE$2-AU65 -> 1242 | BG65: 12.75 | BH65: =BG65*$BH$1 -> 25.755 | BI65: =ROUND(C65*BI$2,2) -> 0.97 | BJ65: =ROUND(D65*BJ$2,2) -> 2.36 | BL65: =ROUND(IF(Q65>BL$2,100,IF(Q65>BL$3,BM$1*Q65+BM$2, Q65*BM$3+BM$4)),1) -> 100 | BM65: =ROUND(IF(F65>BL$2,100, IF(F65>BL$3,BM$1*F65+BM$2, F65*BM$3+BM$4)),1) -> 93.9 | BN65: =ROUND(IF(AC65>BL$2,100,IF(AC65>BL$3,BM$1*AC65+BM$2, AC65*BM$3+BM$4)),1) -> 70.4 | BO65: =ROUND((0.6105*(EXP((17.273*O65)/(O65+237.3))))*BN65/100,3) -> 0.447 | BP65: =ROUND((100-BN65)*BO65/BN65,3) -> 0.188 | BT65: =BI65 -> 0.97 | BU65: =BJ65 -> 2.36 | BV65: =ROUND(E65,1) -> -2.1 | BW65: =ROUND(G65,1) -> -2.5 | BX65: =ROUND(H65,1) -> -2.1 | BY65: =ROUND(I65,1) -> -0.3 | BZ65: =ROUND(J65,1) -> -0.5 | CA65: =ROUND(K65,1) -> -0.5 | CB65: =ROUND(L65,1) -> 0.6 | CC65: =ROUND(BM65,1) -> 93.9 | CD65: =ROUND(O65,1) -> 0.5 | CE65: =ROUND(S65,1) -> 0.3 | CF65: =ROUND(T65,1) -> -0.8 | CG65: =ROUND(U65,1) -> -0.3 | CH65: =ROUND(V65,1) -> -0.5 | CI65: =ROUND(W65,1) -> -0.5 | CJ65: =ROUND(X65,1) -> 0.6 | CK65: =ROUND(BL65,1) -> 100 | CL65: =ROUND(AA65,1) -> -7.5 | CM65: =ROUND(AE65,1) -> -9.1 | CN65: =ROUND(AF65,1) -> -3.9 | CO65: =ROUND(AG65,1) -> -0.4 | CP65: =ROUND(AH65,1) -> -0.6 | CQ65: =ROUND(AI65,1) -> -0.6 | CR65: =ROUND(AJ65,1) -> 0.6 | CS65: =ROUND(BN65,1) -> 70.4 | CT65: =BE65 -> 1242 | CU65: =PPTest!K65 -> 9.1 | CV65: =ROUND(M65,2) -> 1.55 | CW65: =ROUND(Y65,2) -> 4.97 | CX65: =BO65 -> 0.447 | CY65: =BP65 -> 0.188 | CZ65: =BB65 -> 13.13
A66: =A65+1 -> 38777 | B66: 60 | C66: 8.77 | D66: 13.31 | E66: -6.039 | F66: 99.7 | G66: -7.09 | H66: -3.205 | I66: -0.455 | J66: -0.81 | K66: -0.496 | L66: 0.588 | M66: 1.444 | N66: 0 | O66: 0.787 | P66: 1233 | Q66: 109.9 | R66: 41 | S66: 3.049 | T66: 0.193 | U66: -0.29 | V66: -0.533 | W66: -0.435 | X66: 0.621 | Y66: 4.264 | Z66: 1357 | AA66: -13.15 | AB66: 547 | AC66: 72.7 | AD66: 1246 | AE66: -15.42 | AF66: -5.612 | AG66: -0.816 | AH66: -0.952 | AI66: -0.558 | AJ66: 0.556 | AK66: 0.124 | AL66: 0.292 | AM66: 0.313 | AN66: 0.083 | AO66: 0.056 | AP66: 0.042 | AQ66: 0.031 | AR66: 0.061 | AS66: 2309 | AT66: 2288 | AU66: 2297 | AV66: -1.385 | AW66: -1.468 | AX66: -1.234 | AY66: -1.289 | AZ66: -1.5 | BA66: -1.595 | BB66: 13.19 | BC66: 2876 | BE66: =BE$2-AU66 -> 1213 | BG66: 12.98 | BH66: =BG66*$BH$1 -> 26.2196 | BI66: =ROUND(C66*BI$2,2) -> 8.59 | BJ66: =ROUND(D66*BJ$2,2) -> 14.64 | BL66: =ROUND(IF(Q66>BL$2,100,IF(Q66>BL$3,BM$1*Q66+BM$2, Q66*BM$3+BM$4)),1) -> 98 | BM66: =ROUND(IF(F66>BL$2,100, IF(F66>BL$3,BM$1*F66+BM$2, F66*BM$3+BM$4)),1) -> 81.8 | BN66: =ROUND(IF(AC66>BL$2,100,IF(AC66>BL$3,BM$1*AC66+BM$2, AC66*BM$3+BM$4)),1) -> 57 | BO66: =ROUND((0.6105*(EXP((17.273*O66)/(O66+237.3))))*BN66/100,3) -> 0.368 | BP66: =ROUND((100-BN66)*BO66/BN66,3) -> 0.278 | BT66: =BI66 -> 8.59 | BU66: =BJ66 -> 14.64 | BV66: =ROUND(E66,1) -> -6 | BW66: =ROUND(G66,1) -> -7.1 | BX66: =ROUND(H66,1) -> -3.2 | BY66: =ROUND(I66,1) -> -0.5 | BZ66: =ROUND(J66,1) -> -0.8 | CA66: =ROUND(K66,1) -> -0.5 | CB66: =ROUND(L66,1) -> 0.6 | CC66: =ROUND(BM66,1) -> 81.8 | CD66: =ROUND(O66,1) -> 0.8 | CE66: =ROUND(S66,1) -> 3 | CF66: =ROUND(T66,1) -> 0.2 | CG66: =ROUND(U66,1) -> -0.3 | CH66: =ROUND(V66,1) -> -0.5 | CI66: =ROUND(W66,1) -> -0.4 | CJ66: =ROUND(X66,1) -> 0.6 | CK66: =ROUND(BL66,1) -> 98 | CL66: =ROUND(AA66,1) -> -13.2 | CM66: =ROUND(AE66,1) -> -15.4 | CN66: =ROUND(AF66,1) -> -5.6 | CO66: =ROUND(AG66,1) -> -0.8 | CP66: =ROUND(AH66,1) -> -1 | CQ66: =ROUND(AI66,1) -> -0.6 | CR66: =ROUND(AJ66,1) -> 0.6 | CS66: =ROUND(BN66,1) -> 57 | CT66: =BE66 -> 1213 | CU66: =PPTest!K66 -> 0 | CV66: =ROUND(M66,2) -> 1.44 | CW66: =ROUND(Y66,2) -> 4.26 | CX66: =BO66 -> 0.368 | CY66: =BP66 -> 0.278 | CZ66: =BB66 -> 13.19
A67: =A66+1 -> 38778 | B67: 61 | C67: 6.327 | D67: 11.43 | E67: -4.09 | F67: 95.2 | G67: -4.887 | H67: -2.889 | I67: -0.362 | J67: -0.916 | K67: -0.558 | L67: 0.586 | M67: 2.011 | N67: 0 | O67: 3.677 | P67: 1315 | Q67: 110.8 | R67: 106 | S67: 4.515 | T67: -0.107 | U67: -0.268 | V67: -0.761 | W67: -0.503 | X67: 0.622 | Y67: 4.863 | Z67: 1430 | AA67: -11.87 | AB67: 0 | AC67: 57.2 | AD67: 1307 | AE67: -14.34 | AF67: -5.621 | AG67: -0.69 | AH67: -1.079 | AI67: -0.604 | AJ67: 0.552 | AK67: 0.181 | AL67: 0.431 | AM67: 0.18 | AN67: 0.035 | AO67: 0.044 | AP67: 0.076 | AQ67: 0.04 | AR67: 0.015 | AS67: 2259 | AT67: 2216 | AU67: 2224 | AV67: -1.328 | AW67: -1.432 | AX67: -1.294 | AY67: -1.371 | AZ67: -1.439 | BA67: -1.558 | BB67: 13.1 | BC67: 2876 | BE67: =BE$2-AU67 -> 1286 | BG67: 13.23 | BH67: =BG67*$BH$1 -> 26.7246 | BI67: =ROUND(C67*BI$2,2) -> 6.2 | BJ67: =ROUND(D67*BJ$2,2) -> 12.57 | BL67: =ROUND(IF(Q67>BL$2,100,IF(Q67>BL$3,BM$1*Q67+BM$2, Q67*BM$3+BM$4)),1) -> 99.5 | BM67: =ROUND(IF(F67>BL$2,100, IF(F67>BL$3,BM$1*F67+BM$2, F67*BM$3+BM$4)),1) -> 76.8 | BN67: =ROUND(IF(AC67>BL$2,100,IF(AC67>BL$3,BM$1*AC67+BM$2, AC67*BM$3+BM$4)),1) -> 43.3 | BO67: =ROUND((0.6105*(EXP((17.273*O67)/(O67+237.3))))*BN67/100,3) -> 0.344 | BP67: =ROUND((100-BN67)*BO67/BN67,3) -> 0.45 | BT67: =BI67 -> 6.2 | BU67: =BJ67 -> 12.57 | BV67: =ROUND(E67,1) -> -4.1 | BW67: =ROUND(G67,1) -> -4.9 | BX67: =ROUND(H67,1) -> -2.9 | BY67: =ROUND(I67,1) -> -0.4 | BZ67: =ROUND(J67,1) -> -0.9 | CA67: =ROUND(K67,1) -> -0.6 | CB67: =ROUND(L67,1) -> 0.6 | CC67: =ROUND(BM67,1) -> 76.8 | CD67: =ROUND(O67,1) -> 3.7 | CE67: =ROUND(S67,1) -> 4.5 | CF67: =ROUND(T67,1) -> -0.1 | CG67: =ROUND(U67,1) -> -0.3 | CH67: =ROUND(V67,1) -> -0.8 | CI67: =ROUND(W67,1) -> -0.5 | CJ67: =ROUND(X67,1) -> 0.6 | CK67: =ROUND(BL67,1) -> 99.5 | CL67: =ROUND(AA67,1) -> -11.9 | CM67: =ROUND(AE67,1) -> -14.3 | CN67: =ROUND(AF67,1) -> -5.6 | CO67: =ROUND(AG67,1) -> -0.7 | CP67: =ROUND(AH67,1) -> -1.1 | CQ67: =ROUND(AI67,1) -> -0.6 | CR67: =ROUND(AJ67,1) -> 0.6 | CS67: =ROUND(BN67,1) -> 43.3 | CT67: =BE67 -> 1286 | CU67: =PPTest!K67 -> 9.5 | CV67: =ROUND(M67,2) -> 2.01 | CW67: =ROUND(Y67,2) -> 4.86 | CX67: =BO67 -> 0.344 | CY67: =BP67 -> 0.45 | CZ67: =BB67 -> 13.1
A68: =A67+1 -> 38779 | B68: 62 | C68: 10.11 | D68: 20.94 | E68: -9.24 | F68: 94.7 | G68: -10.24 | H68: -2.41 | I68: -0.808 | J68: -1.239 | K68: -0.631 | L68: 0.585 | M68: 1.991 | N68: 0 | O68: 1.391 | P68: 1442 | Q68: 108.2 | R68: 30 | S68: 2.76 | T68: 2.193 | U68: -0.36 | V68: -0.888 | W68: -0.513 | X68: 0.614 | Y68: 3.759 | Z68: 1416 | AA68: -17.85 | AB68: 2322 | AC68: 58.54 | AD68: 1451 | AE68: -19.47 | AF68: -8.07 | AG68: -1.529 | AH68: -1.56 | AI68: -0.721 | AJ68: 0.552 | AK68: 0.118 | AL68: 0.507 | AM68: 0.371 | AN68: 0 | AO68: 0 | AP68: 0 | AQ68: 0 | AR68: 0.004 | AS68: 6999 | AT68: 2257 | AU68: =AT68 -> 2257 | AV68: -1.209 | AW68: -1.302 | AX68: -1.069 | AY68: -1.167 | AZ68: -1.419 | BA68: -1.53 | BB68: 13.18 | BC68: 2876 | BE68: =BE$2-AU68 -> 1253 | BG68: 13.47 | BH68: =BG68*$BH$1 -> 27.2094 | BI68: =ROUND(C68*BI$2,2) -> 9.91 | BJ68: =ROUND(D68*BJ$2,2) -> 23.03 | BL68: =ROUND(IF(Q68>BL$2,100,IF(Q68>BL$3,BM$1*Q68+BM$2, Q68*BM$3+BM$4)),1) -> 95.3 | BM68: =ROUND(IF(F68>BL$2,100, IF(F68>BL$3,BM$1*F68+BM$2, F68*BM$3+BM$4)),1) -> 76.3 | BN68: =ROUND(IF(AC68>BL$2,100,IF(AC68>BL$3,BM$1*AC68+BM$2, AC68*BM$3+BM$4)),1) -> 44.5 | BO68: =ROUND((0.6105*(EXP((17.273*O68)/(O68+237.3))))*BN68/100,3) -> 0.3 | BP68: =ROUND((100-BN68)*BO68/BN68,3) -> 0.374 | BT68: =BI68 -> 9.91 | BU68: =BJ68 -> 23.03 | BV68: =ROUND(E68,1) -> -9.2 | BW68: =ROUND(G68,1) -> -10.2 | BX68: =ROUND(H68,1) -> -2.4 | BY68: =ROUND(I68,1) -> -0.8 | BZ68: =ROUND(J68,1) -> -1.2 | CA68: =ROUND(K68,1) -> -0.6 | CB68: =ROUND(L68,1) -> 0.6 | CC68: =ROUND(BM68,1) -> 76.3 | CD68: =ROUND(O68,1) -> 1.4 | CE68: =ROUND(S68,1) -> 2.8 | CF68: =ROUND(T68,1) -> 2.2 | CG68: =ROUND(U68,1) -> -0.4 | CH68: =ROUND(V68,1) -> -0.9 | CI68: =ROUND(W68,1) -> -0.5 | CJ68: =ROUND(X68,1) -> 0.6 | CK68: =ROUND(BL68,1) -> 95.3 | CL68: =ROUND(AA68,1) -> -17.9 | CM68: =ROUND(AE68,1) -> -19.5 | CN68: =ROUND(AF68,1) -> -8.1 | CO68: =ROUND(AG68,1) -> -1.5 | CP68: =ROUND(AH68,1) -> -1.6 | CQ68: =ROUND(AI68,1) -> -0.7 | CR68: =ROUND(AJ68,1) -> 0.6 | CS68: =ROUND(BN68,1) -> 44.5 | CT68: =BE68 -> 1253 | CU68: =PPTest!K68 -> 0 | CV68: =ROUND(M68,2) -> 1.99 | CW68: =ROUND(Y68,2) -> 3.76 | CX68: =BO68 -> 0.3 | CY68: =BP68 -> 0.374 | CZ68: =BB68 -> 13.18
A69: =A68+1 -> 38780 | B69: 63 | C69: 14.24 | D69: 24.61 | E69: -8.58 | F69: 87 | G69: -9.36 | H69: -4.554 | I69: -0.879 | J69: -1.642 | K69: -0.833 | L69: 0.581 | M69: 1.925 | N69: 0 | O69: 2.281 | P69: 1540 | Q69: 107 | R69: 2227 | S69: 4.281 | T69: 4.02 | U69: -0.37 | V69: -1.402 | W69: -0.689 | X69: 0.609 | Y69: 3.998 | Z69: 1143 | AA69: -18.63 | AB69: 52 | AC69: 39.85 | AD69: 1326 | AE69: -20.35 | AF69: -8.5 | AG69: -1.649 | AH69: -1.858 | AI69: -0.92 | AJ69: 0.55 | AK69: 0.005 | AL69: 0.262 | AM69: 0.424 | AN69: 0.001 | AO69: 0.085 | AP69: 0.118 | AQ69: 0.087 | AR69: 0.018 | AS69: 2275 | AT69: 2272 | AU69: 2273 | AV69: -1.094 | AW69: -1.197 | AX69: -1.068 | AY69: -1.141 | AZ69: -1.151 | BA69: -1.271 | BB69: 13.18 | BC69: 2876 | BE69: =BE$2-AU69 -> 1237 | BG69: 13.71 | BH69: =BG69*$BH$1 -> 27.6942 | BI69: =ROUND(C69*BI$2,2) -> 13.96 | BJ69: =ROUND(D69*BJ$2,2) -> 27.07 | BL69: =ROUND(IF(Q69>BL$2,100,IF(Q69>BL$3,BM$1*Q69+BM$2, Q69*BM$3+BM$4)),1) -> 93.4 | BM69: =ROUND(IF(F69>BL$2,100, IF(F69>BL$3,BM$1*F69+BM$2, F69*BM$3+BM$4)),1) -> 69.6 | BN69: =ROUND(IF(AC69>BL$2,100,IF(AC69>BL$3,BM$1*AC69+BM$2, AC69*BM$3+BM$4)),1) -> 28.1 | BO69: =ROUND((0.6105*(EXP((17.273*O69)/(O69+237.3))))*BN69/100,3) -> 0.202 | BP69: =ROUND((100-BN69)*BO69/BN69,3) -> 0.517 | BT69: =BI69 -> 13.96 | BU69: =BJ69 -> 27.07 | BV69: =ROUND(E69,1) -> -8.6 | BW69: =ROUND(G69,1) -> -9.4 | BX69: =ROUND(H69,1) -> -4.6 | BY69: =ROUND(I69,1) -> -0.9 | BZ69: =ROUND(J69,1) -> -1.6 | CA69: =ROUND(K69,1) -> -0.8 | CB69: =ROUND(L69,1) -> 0.6 | CC69: =ROUND(BM69,1) -> 69.6 | CD69: =ROUND(O69,1) -> 2.3 | CE69: =ROUND(S69,1) -> 4.3 | CF69: =ROUND(T69,1) -> 4 | CG69: =ROUND(U69,1) -> -0.4 | CH69: =ROUND(V69,1) -> -1.4 | CI69: =ROUND(W69,1) -> -0.7 | CJ69: =ROUND(X69,1) -> 0.6 | CK69: =ROUND(BL69,1) -> 93.4 | CL69: =ROUND(AA69,1) -> -18.6 | CM69: =ROUND(AE69,1) -> -20.4 | CN69: =ROUND(AF69,1) -> -8.5 | CO69: =ROUND(AG69,1) -> -1.6 | CP69: =ROUND(AH69,1) -> -1.9 | CQ69: =ROUND(AI69,1) -> -0.9 | CR69: =ROUND(AJ69,1) -> 0.6 | CS69: =ROUND(BN69,1) -> 28.1 | CT69: =BE69 -> 1237 | CU69: =PPTest!K69 -> 0 | CV69: =ROUND(M69,2) -> 1.93 | CW69: =ROUND(Y69,2) -> 4 | CX69: =BO69 -> 0.202 | CY69: =BP69 -> 0.517 | CZ69: =BB69 -> 13.18
A70: =A69+1 -> 38781 | B70: 64 | C70: 7.84 | D70: 14.08 | E70: -3.94 | F70: 91.9 | G70: -4.596 | H70: -4.239 | I70: -0.562 | J70: -1.411 | K70: -0.859 | L70: 0.578 | M70: 1.836 | N70: 0 | O70: 1.947 | P70: 1150 | Q70: 110.2 | R70: 347 | S70: 3.079 | T70: 2.718 | U70: -0.366 | V70: -1.089 | W70: -0.752 | X70: 0.608 | Y70: 5.315 | Z70: 1116 | AA70: -14.41 | AB70: 257 | AC70: 54.59 | AD70: 1150 | AE70: -15.73 | AF70: -10.08 | AG70: -1.282 | AH70: -1.7 | AI70: -0.928 | AJ70: 0.547 | AK70: 0.152 | AL70: 0.255 | AM70: 0.224 | AN70: 0.07 | AO70: 0.067 | AP70: 0.083 | AQ70: 0.063 | AR70: 0.087 | AS70: 2229 | AT70: 2218 | AU70: 2220 | AV70: -1.184 | AW70: -1.3 | AX70: -1.088 | AY70: -1.187 | AZ70: -1.399 | BA70: -1.53 | BB70: 13.12 | BC70: 2876 | BE70: =BE$2-AU70 -> 1290 | BG70: 13.95 | BH70: =BG70*$BH$1 -> 28.179 | BI70: =ROUND(C70*BI$2,2) -> 7.68 | BJ70: =ROUND(D70*BJ$2,2) -> 15.49 | BL70: =ROUND(IF(Q70>BL$2,100,IF(Q70>BL$3,BM$1*Q70+BM$2, Q70*BM$3+BM$4)),1) -> 98.5 | BM70: =ROUND(IF(F70>BL$2,100, IF(F70>BL$3,BM$1*F70+BM$2, F70*BM$3+BM$4)),1) -> 73.9 | BN70: =ROUND(IF(AC70>BL$2,100,IF(AC70>BL$3,BM$1*AC70+BM$2, AC70*BM$3+BM$4)),1) -> 41 | BO70: =ROUND((0.6105*(EXP((17.273*O70)/(O70+237.3))))*BN70/100,3) -> 0.288 | BP70: =ROUND((100-BN70)*BO70/BN70,3) -> 0.414 | BT70: =BI70 -> 7.68 | BU70: =BJ70 -> 15.49 | BV70: =ROUND(E70,1) -> -3.9 | BW70: =ROUND(G70,1) -> -4.6 | BX70: =ROUND(H70,1) -> -4.2 | BY70: =ROUND(I70,1) -> -0.6 | BZ70: =ROUND(J70,1) -> -1.4 | CA70: =ROUND(K70,1) -> -0.9 | CB70: =ROUND(L70,1) -> 0.6 | CC70: =ROUND(BM70,1) -> 73.9 | CD70: =ROUND(O70,1) -> 1.9 | CE70: =ROUND(S70,1) -> 3.1 | CF70: =ROUND(T70,1) -> 2.7 | CG70: =ROUND(U70,1) -> -0.4 | CH70: =ROUND(V70,1) -> -1.1 | CI70: =ROUND(W70,1) -> -0.8 | CJ70: =ROUND(X70,1) -> 0.6 | CK70: =ROUND(BL70,1) -> 98.5 | CL70: =ROUND(AA70,1) -> -14.4 | CM70: =ROUND(AE70,1) -> -15.7 | CN70: =ROUND(AF70,1) -> -10.1 | CO70: =ROUND(AG70,1) -> -1.3 | CP70: =ROUND(AH70,1) -> -1.7 | CQ70: =ROUND(AI70,1) -> -0.9 | CR70: =ROUND(AJ70,1) -> 0.5 | CS70: =ROUND(BN70,1) -> 41 | CT70: =BE70 -> 1290 | CU70: =PPTest!K70 -> 6.9 | CV70: =ROUND(M70,2) -> 1.84 | CW70: =ROUND(Y70,2) -> 5.32 | CX70: =BO70 -> 0.288 | CY70: =BP70 -> 0.414 | CZ70: =BB70 -> 13.12
A71: =A70+1 -> 38782 | B71: 65 | C71: 7.11 | D71: 12.73 | E71: -0.751 | F71: 100.8 | G71: -1.251 | H71: -1.249 | I71: -0.353 | J71: -0.925 | K71: -0.676 | L71: 0.568 | M71: 1.402 | N71: 0 | O71: 3.454 | P71: 1316 | Q71: 110.4 | R71: 1815 | S71: 4.673 | T71: 1.405 | U71: -0.305 | V71: -0.774 | W71: -0.581 | X71: 0.599 | Y71: 4.583 | Z71: 1704 | AA71: -3.945 | AB71: 115 | AC71: 78.3 | AD71: 1312 | AE71: -5.317 | AF71: -3.346 | AG71: -0.436 | AH71: -1.11 | AI71: -0.79 | AJ71: 0.528 | AK71: 0.11 | AL71: 0.243 | AM71: 0.191 | AN71: 0.11 | AO71: 0.097 | AP71: 0.09 | AQ71: 0.087 | AR71: 0.072 | AS71: 2264 | AT71: 2259 | AU71: 2261 | AV71: -1.409 | AW71: -1.511 | AX71: -1.294 | AY71: -1.363 | AZ71: -1.541 | BA71: -1.663 | BB71: 13.16 | BC71: 2876 | BE71: =BE$2-AU71 -> 1249 | BG71: 14.21 | BH71: =BG71*$BH$1 -> 28.7042 | BI71: =ROUND(C71*BI$2,2) -> 6.97 | BJ71: =ROUND(D71*BJ$2,2) -> 14 | BL71: =ROUND(IF(Q71>BL$2,100,IF(Q71>BL$3,BM$1*Q71+BM$2, Q71*BM$3+BM$4)),1) -> 98.8 | BM71: =ROUND(IF(F71>BL$2,100, IF(F71>BL$3,BM$1*F71+BM$2, F71*BM$3+BM$4)),1) -> 83.6 | BN71: =ROUND(IF(AC71>BL$2,100,IF(AC71>BL$3,BM$1*AC71+BM$2, AC71*BM$3+BM$4)),1) -> 61.9 | BO71: =ROUND((0.6105*(EXP((17.273*O71)/(O71+237.3))))*BN71/100,3) -> 0.484 | BP71: =ROUND((100-BN71)*BO71/BN71,3) -> 0.298 | BT71: =BI71 -> 6.97 | BU71: =BJ71 -> 14 | BV71: =ROUND(E71,1) -> -0.8 | BW71: =ROUND(G71,1) -> -1.3 | BX71: =ROUND(H71,1) -> -1.2 | BY71: =ROUND(I71,1) -> -0.4 | BZ71: =ROUND(J71,1) -> -0.9 | CA71: =ROUND(K71,1) -> -0.7 | CB71: =ROUND(L71,1) -> 0.6 | CC71: =ROUND(BM71,1) -> 83.6 | CD71: =ROUND(O71,1) -> 3.5 | CE71: =ROUND(S71,1) -> 4.7 | CF71: =ROUND(T71,1) -> 1.4 | CG71: =ROUND(U71,1) -> -0.3 | CH71: =ROUND(V71,1) -> -0.8 | CI71: =ROUND(W71,1) -> -0.6 | CJ71: =ROUND(X71,1) -> 0.6 | CK71: =ROUND(BL71,1) -> 98.8 | CL71: =ROUND(AA71,1) -> -3.9 | CM71: =ROUND(AE71,1) -> -5.3 | CN71: =ROUND(AF71,1) -> -3.3 | CO71: =ROUND(AG71,1) -> -0.4 | CP71: =ROUND(AH71,1) -> -1.1 | CQ71: =ROUND(AI71,1) -> -0.8 | CR71: =ROUND(AJ71,1) -> 0.5 | CS71: =ROUND(BN71,1) -> 61.9 | CT71: =BE71 -> 1249 | CU71: =PPTest!K71 -> 0 | CV71: =ROUND(M71,2) -> 1.4 | CW71: =ROUND(Y71,2) -> 4.58 | CX71: =BO71 -> 0.484 | CY71: =BP71 -> 0.298 | CZ71: =BB71 -> 13.16
A72: =A71+1 -> 38783 | B72: 66 | C72: 7.16 | D72: 13.08 | E72: -2.474 | F72: 101.1 | G72: -2.936 | H72: -2.487 | I72: -0.35 | J72: -0.77 | K72: -0.562 | L72: 0.564 | M72: 1.849 | N72: 0 | O72: 1.159 | P72: 1409 | Q72: 110.6 | R72: 247 | S72: 3.023 | T72: 1.291 | U72: -0.286 | V72: -0.689 | W72: -0.508 | X72: 0.598 | Y72: 4.277 | Z72: 416 | AA72: -5.84 | AB72: 228 | AC72: 82.4 | AD72: 1416 | AE72: -7.81 | AF72: -4.147 | AG72: -0.512 | AH72: -0.844 | AI72: -0.613 | AJ72: 0.538 | AK72: 0.008 | AL72: 0.041 | AM72: 0.045 | AN72: 0.035 | AO72: 0.271 | AP72: 0.453 | AQ72: 0.131 | AR72: 0.017 | AS72: 2299 | AT72: 2291 | AU72: 2295 | AV72: -1.236 | AW72: -1.323 | AX72: -1.131 | AY72: -1.195 | AZ72: -1.337 | BA72: -1.431 | BB72: 13.18 | BC72: 2876 | BE72: =BE$2-AU72 -> 1215 | BG72: 14.45 | BH72: =BG72*$BH$1 -> 29.189 | BI72: =ROUND(C72*BI$2,2) -> 7.02 | BJ72: =ROUND(D72*BJ$2,2) -> 14.39 | BL72: =ROUND(IF(Q72>BL$2,100,IF(Q72>BL$3,BM$1*Q72+BM$2, Q72*BM$3+BM$4)),1) -> 99.2 | BM72: =ROUND(IF(F72>BL$2,100, IF(F72>BL$3,BM$1*F72+BM$2, F72*BM$3+BM$4)),1) -> 84 | BN72: =ROUND(IF(AC72>BL$2,100,IF(AC72>BL$3,BM$1*AC72+BM$2, AC72*BM$3+BM$4)),1) -> 65.5 | BO72: =ROUND((0.6105*(EXP((17.273*O72)/(O72+237.3))))*BN72/100,3) -> 0.435 | BP72: =ROUND((100-BN72)*BO72/BN72,3) -> 0.229 | BR72: 1 | BT72: =BI72 -> 7.02 | BU72: =BJ72 -> 14.39 | BV72: =ROUND(E72,1) -> -2.5 | BW72: =ROUND(G72,1) -> -2.9 | BX72: =ROUND(H72,1) -> -2.5 | BY72: =ROUND(I72,1) -> -0.4 | BZ72: =ROUND(J72,1) -> -0.8 | CA72: =ROUND(K72,1) -> -0.6 | CB72: =ROUND(L72,1) -> 0.6 | CC72: =ROUND(BM72,1) -> 84 | CD72: =ROUND(O72,1) -> 1.2 | CE72: =ROUND(S72,1) -> 3 | CF72: =ROUND(T72,1) -> 1.3 | CG72: =ROUND(U72,1) -> -0.3 | CH72: =ROUND(V72,1) -> -0.7 | CI72: =ROUND(W72,1) -> -0.5 | CJ72: =ROUND(X72,1) -> 0.6 | CK72: =ROUND(BL72,1) -> 99.2 | CL72: =ROUND(AA72,1) -> -5.8 | CM72: =ROUND(AE72,1) -> -7.8 | CN72: =ROUND(AF72,1) -> -4.1 | CO72: =ROUND(AG72,1) -> -0.5 | CP72: =ROUND(AH72,1) -> -0.8 | CQ72: =ROUND(AI72,1) -> -0.6 | CR72: =ROUND(AJ72,1) -> 0.5 | CS72: =ROUND(BN72,1) -> 65.5 | CT72: =BE72 -> 1215 | CU72: =PPTest!K72 -> 0 | CV72: =ROUND(M72,2) -> 1.85 | CW72: =ROUND(Y72,2) -> 4.28 | CX72: =BO72 -> 0.435 | CY72: =BP72 -> 0.229 | CZ72: =BB72 -> 13.18
